Z,ion_stage_0based,label,level_index,E_cm-1,g,provenance
6,3,C IV,1,0.000000,2.0,CMFGEN_21jun23
6,3,C IV,2,64484.000000,2.0,CMFGEN_21jun23
6,3,C IV,3,64591.700000,4.0,CMFGEN_21jun23
6,3,C IV,4,302849.000000,2.0,CMFGEN_21jun23
6,3,C IV,5,320050.100000,2.0,CMFGEN_21jun23
6,3,C IV,6,320081.700000,4.0,CMFGEN_21jun23
6,3,C IV,7,324879.800000,4.0,CMFGEN_21jun23
6,3,C IV,8,324890.300000,6.0,CMFGEN_21jun23
6,3,C IV,9,401348.100000,2.0,CMFGEN_21jun23
6,3,C IV,10,408311.400000,2.0,CMFGEN_21jun23
6,3,C IV,11,408324.200000,4.0,CMFGEN_21jun23
6,3,C IV,12,410336.100000,4.0,CMFGEN_21jun23
6,3,C IV,13,410340.100000,6.0,CMFGEN_21jun23
6,3,C IV,14,410434.200000,14.0,CMFGEN_21jun23
6,3,C IV,15,445368.500000,2.0,CMFGEN_21jun23
6,3,C IV,16,448859.500000,6.0,CMFGEN_21jun23
6,3,C IV,17,449889.100000,10.0,CMFGEN_21jun23
6,3,C IV,18,449948.400000,32.0,CMFGEN_21jun23
6,3,C IV,19,468784.000000,2.0,CMFGEN_21jun23
6,3,C IV,20,470777.000000,6.0,CMFGEN_21jun23
6,3,C IV,21,471370.900000,10.0,CMFGEN_21jun23
6,3,C IV,22,471406.800000,54.0,CMFGEN_21jun23
6,3,C IV,23,482819.899018,2.0,CMFGEN_21jun23
6,3,C IV,24,483954.208169,6.0,CMFGEN_21jun23
6,3,C IV,25,484329.048161,10.0,CMFGEN_21jun23
6,3,C IV,26,484350.452485,80.0,CMFGEN_21jun23
6,3,C IV,27,491726.453641,2.0,CMFGEN_21jun23
6,3,C IV,28,492482.558755,6.0,CMFGEN_21jun23
6,3,C IV,29,492733.397111,10.0,CMFGEN_21jun23
6,3,C IV,30,492747.735449,110.0,CMFGEN_21jun23
6,3,C IV,31,497789.784960,2.0,CMFGEN_21jun23
6,3,C IV,32,498318.763204,6.0,CMFGEN_21jun23
6,3,C IV,33,498494.784941,10.0,CMFGEN_21jun23
6,3,C IV,34,498504.854729,144.0,CMFGEN_21jun23
6,3,C IV,35,502102.867399,2.0,CMFGEN_21jun23
6,3,C IV,36,502487.298206,6.0,CMFGEN_21jun23
6,3,C IV,37,502615.530651,10.0,CMFGEN_21jun23
6,3,C IV,38,502622.871244,182.0,CMFGEN_21jun23
6,3,C IV,39,505279.825931,2.0,CMFGEN_21jun23
6,3,C IV,40,505567.923381,6.0,CMFGEN_21jun23
6,3,C IV,41,505664.212644,10.0,CMFGEN_21jun23
6,3,C IV,42,505669.727567,224.0,CMFGEN_21jun23
6,3,C IV,43,507687.283946,2.0,CMFGEN_21jun23
6,3,C IV,44,507908.724674,6.0,CMFGEN_21jun23
6,3,C IV,45,507982.857505,10.0,CMFGEN_21jun23
6,3,C IV,46,507987.105288,270.0,CMFGEN_21jun23
6,3,C IV,47,275000000.000000,0.1,CMFGEN_21jun23
6,3,C IV,48,277000000.000000,0.2,CMFGEN_21jun23
6,3,C IV,49,0.005600,0.0,CMFGEN_21jun23
6,3,C IV,50,4510000000.000000,0.1,CMFGEN_21jun23
6,3,C IV,51,4500000000.000000,0.1,CMFGEN_21jun23
6,3,C IV,52,439000.000000,0.0,CMFGEN_21jun23
6,3,C IV,53,439000.000000,0.0,CMFGEN_21jun23
6,3,C IV,54,0.004280,0.0,CMFGEN_21jun23
6,3,C IV,55,2200000000.000000,0.0,CMFGEN_21jun23
6,3,C IV,56,2200000000.000000,0.0,CMFGEN_21jun23
6,3,C IV,57,101000.000000,0.0,CMFGEN_21jun23
6,3,C IV,58,102000.000000,0.0,CMFGEN_21jun23
6,3,C IV,59,11.700000,0.0,CMFGEN_21jun23
6,3,C IV,60,0.002750,0.0,CMFGEN_21jun23
6,3,C IV,61,1140000000.000000,0.0,CMFGEN_21jun23
6,3,C IV,62,32600.000000,0.0,CMFGEN_21jun23
6,3,C IV,63,3.986000,0.0,CMFGEN_21jun23
6,3,C IV,64,701710000.000000,0.0,CMFGEN_21jun23
8,3,O IV,1,0.000000,2.0,CMFGEN_21jun23
8,3,O IV,2,385.900000,4.0,CMFGEN_21jun23
8,3,O IV,3,71439.800000,2.0,CMFGEN_21jun23
8,3,O IV,4,71570.100000,4.0,CMFGEN_21jun23
8,3,O IV,5,71755.500000,6.0,CMFGEN_21jun23
8,3,O IV,6,126936.300000,6.0,CMFGEN_21jun23
8,3,O IV,7,126950.200000,4.0,CMFGEN_21jun23
8,3,O IV,8,164366.400000,2.0,CMFGEN_21jun23
8,3,O IV,9,180480.800000,2.0,CMFGEN_21jun23
8,3,O IV,10,180724.200000,4.0,CMFGEN_21jun23
8,3,O IV,11,231537.500000,4.0,CMFGEN_21jun23
8,3,O IV,12,255155.900000,6.0,CMFGEN_21jun23
8,3,O IV,13,255184.900000,4.0,CMFGEN_21jun23
8,3,O IV,14,289015.400000,2.0,CMFGEN_21jun23
8,3,O IV,15,289023.500000,4.0,CMFGEN_21jun23
8,3,O IV,16,357614.300000,2.0,CMFGEN_21jun23
8,3,O IV,17,390161.200000,2.0,CMFGEN_21jun23
8,3,O IV,18,390248.000000,4.0,CMFGEN_21jun23
8,3,O IV,19,419533.900000,4.0,CMFGEN_21jun23
8,3,O IV,20,419550.600000,6.0,CMFGEN_21jun23
8,3,O IV,21,438849.000000,2.0,CMFGEN_21jun23
8,3,O IV,22,438983.900000,4.0,CMFGEN_21jun23
8,3,O IV,23,439230.900000,6.0,CMFGEN_21jun23
8,3,O IV,24,452806.600000,2.0,CMFGEN_21jun23
8,3,O IV,25,453071.500000,4.0,CMFGEN_21jun23
8,3,O IV,26,467229.300000,2.0,CMFGEN_21jun23
8,3,O IV,27,467344.900000,4.0,CMFGEN_21jun23
8,3,O IV,28,468337.400000,2.0,CMFGEN_21jun23
8,3,O IV,29,468414.900000,4.0,CMFGEN_21jun23
8,3,O IV,30,468550.600000,6.0,CMFGEN_21jun23
8,3,O IV,31,468760.000000,8.0,CMFGEN_21jun23
8,3,O IV,32,474478.100000,4.0,CMFGEN_21jun23
8,3,O IV,33,478848.600000,2.0,CMFGEN_21jun23
8,3,O IV,34,478942.900000,4.0,CMFGEN_21jun23
8,3,O IV,35,479072.000000,6.0,CMFGEN_21jun23
8,3,O IV,36,482666.100000,4.0,CMFGEN_21jun23
8,3,O IV,37,482921.600000,6.0,CMFGEN_21jun23
8,3,O IV,38,485821.700000,2.0,CMFGEN_21jun23
8,3,O IV,39,492890.900000,2.0,CMFGEN_21jun23
8,3,O IV,40,495169.000000,4.0,CMFGEN_21jun23
8,3,O IV,41,495246.100000,6.0,CMFGEN_21jun23
8,3,O IV,42,495359.600000,8.0,CMFGEN_21jun23
8,3,O IV,43,495512.900000,10.0,CMFGEN_21jun23
8,3,O IV,44,499767.200000,2.0,CMFGEN_21jun23
8,3,O IV,45,499795.700000,4.0,CMFGEN_21jun23
8,3,O IV,46,499842.600000,6.0,CMFGEN_21jun23
8,3,O IV,47,499907.000000,8.0,CMFGEN_21jun23
8,3,O IV,48,499994.900000,2.0,CMFGEN_21jun23
8,3,O IV,49,500037.800000,4.0,CMFGEN_21jun23
8,3,O IV,50,501509.200000,4.0,CMFGEN_21jun23
8,3,O IV,51,501564.400000,6.0,CMFGEN_21jun23
8,3,O IV,52,504095.700000,6.0,CMFGEN_21jun23
8,3,O IV,53,504208.900000,4.0,CMFGEN_21jun23
8,3,O IV,54,504282.300000,2.0,CMFGEN_21jun23
8,3,O IV,55,510569.700000,4.0,CMFGEN_21jun23
8,3,O IV,56,510574.100000,6.0,CMFGEN_21jun23
8,3,O IV,57,510744.900000,6.0,CMFGEN_21jun23
8,3,O IV,58,510977.200000,8.0,CMFGEN_21jun23
8,3,O IV,59,513187.200000,6.0,CMFGEN_21jun23
8,3,O IV,60,513198.300000,8.0,CMFGEN_21jun23
8,3,O IV,61,514220.400000,4.0,CMFGEN_21jun23
8,3,O IV,62,514371.300000,2.0,CMFGEN_21jun23
8,3,O IV,63,518699.000000,2.0,CMFGEN_21jun23
8,3,O IV,64,518709.000000,4.0,CMFGEN_21jun23
8,3,O IV,65,539368.000000,2.0,CMFGEN_21jun23
8,3,O IV,66,546803.400000,2.0,CMFGEN_21jun23
8,3,O IV,67,546818.700000,4.0,CMFGEN_21jun23
8,3,O IV,68,547326.000000,4.0,CMFGEN_21jun23
8,3,O IV,69,547355.000000,6.0,CMFGEN_21jun23
8,3,O IV,70,549792.000000,2.0,CMFGEN_21jun23
8,3,O IV,71,549855.000000,4.0,CMFGEN_21jun23
8,3,O IV,72,552029.600000,4.0,CMFGEN_21jun23
8,3,O IV,73,552032.300000,6.0,CMFGEN_21jun23
8,3,O IV,74,552495.100000,6.0,CMFGEN_21jun23
8,3,O IV,75,552495.100000,8.0,CMFGEN_21jun23
8,3,O IV,76,554001.600000,8.0,CMFGEN_21jun23
8,3,O IV,77,554001.600000,10.0,CMFGEN_21jun23
8,3,O IV,78,554464.000000,2.0,CMFGEN_21jun23
8,3,O IV,79,568901.000000,2.0,CMFGEN_21jun23
8,3,O IV,80,569036.000000,4.0,CMFGEN_21jun23
8,3,O IV,81,569283.000000,6.0,CMFGEN_21jun23
8,3,O IV,82,570750.000000,6.0,CMFGEN_21jun23
8,3,O IV,83,570797.000000,8.0,CMFGEN_21jun23
8,3,O IV,84,573696.000000,2.0,CMFGEN_21jun23
8,3,O IV,85,573901.000000,4.0,CMFGEN_21jun23
8,3,O IV,86,574368.700000,4.0,CMFGEN_21jun23
8,3,O IV,87,574368.700000,6.0,CMFGEN_21jun23
8,3,O IV,88,574807.700000,6.0,CMFGEN_21jun23
8,3,O IV,89,574807.700000,8.0,CMFGEN_21jun23
8,3,O IV,90,575202.000000,2.0,CMFGEN_21jun23
8,3,O IV,91,575375.000000,4.0,CMFGEN_21jun23
8,3,O IV,92,575507.400000,10.0,CMFGEN_21jun23
8,3,O IV,93,575507.400000,8.0,CMFGEN_21jun23
8,3,O IV,94,575819.000000,4.0,CMFGEN_21jun23
8,3,O IV,95,575853.000000,6.0,CMFGEN_21jun23
8,3,O IV,96,576853.000000,2.0,CMFGEN_21jun23
8,3,O IV,97,576997.000000,4.0,CMFGEN_21jun23
8,3,O IV,98,577209.000000,6.0,CMFGEN_21jun23
8,3,O IV,99,581721.000000,2.0,CMFGEN_21jun23
8,3,O IV,100,581743.000000,4.0,CMFGEN_21jun23
8,3,O IV,101,584541.000000,4.0,CMFGEN_21jun23
8,3,O IV,102,584761.000000,6.0,CMFGEN_21jun23
8,3,O IV,103,587850.000000,6.0,CMFGEN_21jun23
8,3,O IV,104,587850.000000,8.0,CMFGEN_21jun23
8,3,O IV,105,590069.000000,2.0,CMFGEN_21jun23
8,3,O IV,106,591899.000000,2.0,CMFGEN_21jun23
8,3,O IV,107,591899.000000,4.0,CMFGEN_21jun23
8,3,O IV,108,591962.000000,6.0,CMFGEN_21jun23
8,3,O IV,109,592046.000000,8.0,CMFGEN_21jun23
8,3,O IV,110,593273.000000,6.0,CMFGEN_21jun23
8,3,O IV,111,593406.000000,4.0,CMFGEN_21jun23
8,3,O IV,112,593473.000000,2.0,CMFGEN_21jun23
8,3,O IV,113,593627.000000,4.0,CMFGEN_21jun23
8,3,O IV,114,593708.000000,6.0,CMFGEN_21jun23
8,3,O IV,115,593948.700000,4.0,CMFGEN_21jun23
8,3,O IV,116,593961.900000,6.0,CMFGEN_21jun23
8,3,O IV,117,593992.800000,8.0,CMFGEN_21jun23
8,3,O IV,118,594019.000000,6.0,CMFGEN_21jun23
8,3,O IV,119,594044.900000,10.0,CMFGEN_21jun23
8,3,O IV,120,594074.000000,8.0,CMFGEN_21jun23
8,3,O IV,121,594340.000000,2.0,CMFGEN_21jun23
8,3,O IV,122,594538.000000,4.0,CMFGEN_21jun23
8,3,O IV,123,596295.000000,6.0,CMFGEN_21jun23
8,3,O IV,124,596330.000000,6.0,CMFGEN_21jun23
8,3,O IV,125,596331.000000,8.0,CMFGEN_21jun23
8,3,O IV,126,596402.000000,8.0,CMFGEN_21jun23
8,3,O IV,127,596444.000000,6.0,CMFGEN_21jun23
8,3,O IV,128,596475.000000,8.0,CMFGEN_21jun23
8,3,O IV,129,596510.000000,10.0,CMFGEN_21jun23
8,3,O IV,130,596512.400000,4.0,CMFGEN_21jun23
8,3,O IV,131,596566.200000,2.0,CMFGEN_21jun23
8,3,O IV,132,596631.900000,8.0,CMFGEN_21jun23
8,3,O IV,133,596655.000000,12.0,CMFGEN_21jun23
8,3,O IV,134,596658.300000,6.0,CMFGEN_21jun23
8,3,O IV,135,596798.200000,4.0,CMFGEN_21jun23
8,3,O IV,136,596847.600000,10.0,CMFGEN_21jun23
8,3,O IV,137,597256.000000,2.0,CMFGEN_21jun23
8,3,O IV,138,597720.000000,4.0,CMFGEN_21jun23
8,3,O IV,139,597869.000000,2.0,CMFGEN_21jun23
8,3,O IV,140,600092.000000,4.0,CMFGEN_21jun23
8,3,O IV,141,600106.000000,6.0,CMFGEN_21jun23
8,3,O IV,142,602920.000000,2.0,CMFGEN_21jun23
8,3,O IV,143,602962.000000,4.0,CMFGEN_21jun23
8,3,O IV,144,603077.000000,6.0,CMFGEN_21jun23
8,3,O IV,145,603227.000000,8.0,CMFGEN_21jun23
8,3,O IV,146,606530.000000,2.0,CMFGEN_21jun23
8,3,O IV,147,606578.000000,4.0,CMFGEN_21jun23
8,3,O IV,148,606694.000000,6.0,CMFGEN_21jun23
8,3,O IV,149,615431.000000,6.0,CMFGEN_21jun23
8,3,O IV,150,615460.000000,4.0,CMFGEN_21jun23
8,3,O IV,151,616881.000000,4.0,CMFGEN_21jun23
8,3,O IV,152,10706000.000000,0.0,CMFGEN_21jun23
8,3,O IV,153,21505000.000000,0.1,CMFGEN_21jun23
8,3,O IV,154,597100.000000,0.0,CMFGEN_21jun23
8,3,O IV,155,4571600.000000,0.0,CMFGEN_21jun23
8,3,O IV,156,6155500.000000,0.0,CMFGEN_21jun23
8,3,O IV,157,296600.000000,0.0,CMFGEN_21jun23
8,3,O IV,158,2423000.000000,0.0,CMFGEN_21jun23
8,3,O IV,159,2502000.000000,0.0,CMFGEN_21jun23
8,3,O IV,160,205260.000000,0.0,CMFGEN_21jun23
8,3,O IV,161,1467700.000000,0.0,CMFGEN_21jun23
8,3,O IV,162,1199300.000000,0.0,CMFGEN_21jun23
8,3,O IV,163,163450.000000,0.0,CMFGEN_21jun23
8,3,O IV,164,964640.000000,0.0,CMFGEN_21jun23
8,3,O IV,165,636140.000000,0.0,CMFGEN_21jun23
8,3,O IV,166,136160.000000,0.0,CMFGEN_21jun23
8,3,O IV,167,673260.000000,0.0,CMFGEN_21jun23
8,3,O IV,168,364960.000000,0.0,CMFGEN_21jun23
12,3,Mg IV,1,-0.000000,4.0,CMFGEN_21jun23
12,3,Mg IV,2,2228.000000,2.0,CMFGEN_21jun23
12,3,Mg IV,3,311532.000000,2.0,CMFGEN_21jun23
12,3,Mg IV,4,543720.400000,6.0,CMFGEN_21jun23
12,3,Mg IV,5,545137.600000,4.0,CMFGEN_21jun23
12,3,Mg IV,6,545955.400000,2.0,CMFGEN_21jun23
12,3,Mg IV,7,553666.100000,4.0,CMFGEN_21jun23
12,3,Mg IV,8,555341.900000,2.0,CMFGEN_21jun23
12,3,Mg IV,9,582562.400000,6.0,CMFGEN_21jun23
12,3,Mg IV,10,582578.400000,4.0,CMFGEN_21jun23
12,3,Mg IV,11,596521.800000,6.0,CMFGEN_21jun23
12,3,Mg IV,12,597065.700000,4.0,CMFGEN_21jun23
12,3,Mg IV,13,597583.600000,2.0,CMFGEN_21jun23
12,3,Mg IV,14,603138.100000,8.0,CMFGEN_21jun23
12,3,Mg IV,15,604003.100000,6.0,CMFGEN_21jun23
12,3,Mg IV,16,604662.900000,4.0,CMFGEN_21jun23
12,3,Mg IV,17,605033.500000,2.0,CMFGEN_21jun23
12,3,Mg IV,18,607891.700000,6.0,CMFGEN_21jun23
12,3,Mg IV,19,609305.800000,4.0,CMFGEN_21jun23
12,3,Mg IV,20,612232.400000,4.0,CMFGEN_21jun23
12,3,Mg IV,21,612501.600000,4.0,CMFGEN_21jun23
12,3,Mg IV,22,624109.600000,2.0,CMFGEN_21jun23
12,3,Mg IV,23,637879.700000,6.0,CMFGEN_21jun23
12,3,Mg IV,24,638112.900000,8.0,CMFGEN_21jun23
12,3,Mg IV,25,644643.400000,4.0,CMFGEN_21jun23
12,3,Mg IV,26,644786.400000,6.0,CMFGEN_21jun23
12,3,Mg IV,27,650061.600000,4.0,CMFGEN_21jun23
12,3,Mg IV,28,651093.900000,2.0,CMFGEN_21jun23
12,3,Mg IV,29,670786.100000,8.0,CMFGEN_21jun23
12,3,Mg IV,30,671028.800000,6.0,CMFGEN_21jun23
12,3,Mg IV,31,671324.100000,4.0,CMFGEN_21jun23
12,3,Mg IV,32,671569.400000,2.0,CMFGEN_21jun23
12,3,Mg IV,33,675370.200000,10.0,CMFGEN_21jun23
12,3,Mg IV,34,676075.300000,8.0,CMFGEN_21jun23
12,3,Mg IV,35,676826.400000,6.0,CMFGEN_21jun23
12,3,Mg IV,36,677363.900000,4.0,CMFGEN_21jun23
12,3,Mg IV,37,677451.900000,8.0,CMFGEN_21jun23
12,3,Mg IV,38,677980.000000,2.0,CMFGEN_21jun23
12,3,Mg IV,39,678395.100000,6.0,CMFGEN_21jun23
12,3,Mg IV,40,678428.300000,4.0,CMFGEN_21jun23
12,3,Mg IV,41,679100.800000,6.0,CMFGEN_21jun23
12,3,Mg IV,42,680033.700000,4.0,CMFGEN_21jun23
12,3,Mg IV,43,680493.200000,6.0,CMFGEN_21jun23
12,3,Mg IV,44,681023.300000,2.0,CMFGEN_21jun23
12,3,Mg IV,45,682472.800000,4.0,CMFGEN_21jun23
12,3,Mg IV,46,682851.300000,2.0,CMFGEN_21jun23
12,3,Mg IV,47,682889.500000,4.0,CMFGEN_21jun23
12,3,Mg IV,48,709068.100000,10.0,CMFGEN_21jun23
12,3,Mg IV,49,709071.200000,8.0,CMFGEN_21jun23
12,3,Mg IV,50,711632.700000,4.0,CMFGEN_21jun23
12,3,Mg IV,51,711880.500000,2.0,CMFGEN_21jun23
12,3,Mg IV,52,712124.500000,2.0,CMFGEN_21jun23
12,3,Mg IV,53,713411.000000,6.0,CMFGEN_21jun23
12,3,Mg IV,54,713682.500000,4.0,CMFGEN_21jun23
12,3,Mg IV,55,714336.400000,6.0,CMFGEN_21jun23
12,3,Mg IV,56,714352.800000,8.0,CMFGEN_21jun23
12,3,Mg IV,57,719784.800000,6.0,CMFGEN_21jun23
12,3,Mg IV,58,721043.600000,4.0,CMFGEN_21jun23
12,3,Mg IV,59,722001.800000,2.0,CMFGEN_21jun23
12,3,Mg IV,60,723267.300000,4.0,CMFGEN_21jun23
12,3,Mg IV,61,724816.300000,2.0,CMFGEN_21jun23
12,3,Mg IV,62,752931.700000,6.0,CMFGEN_21jun23
12,3,Mg IV,63,752997.400000,4.0,CMFGEN_21jun23
12,3,Mg IV,64,756866.100000,6.0,CMFGEN_21jun23
12,3,Mg IV,65,756875.800000,4.0,CMFGEN_21jun23
12,3,Mg IV,66,766800.000000,10.0,CMFGEN_21jun23
12,3,Mg IV,67,767000.000000,8.0,CMFGEN_21jun23
12,3,Mg IV,68,767339.000000,2.0,CMFGEN_21jun23
12,3,Mg IV,69,767489.000000,6.0,CMFGEN_21jun23
12,3,Mg IV,70,767780.000000,4.0,CMFGEN_21jun23
12,3,Mg IV,71,768294.000000,4.0,CMFGEN_21jun23
12,3,Mg IV,72,768539.000000,6.0,CMFGEN_21jun23
12,3,Mg IV,73,769356.000000,2.0,CMFGEN_21jun23
12,3,Mg IV,74,769421.000000,4.0,CMFGEN_21jun23
12,3,Mg IV,75,770075.000000,6.0,CMFGEN_21jun23
12,3,Mg IV,76,770948.000000,4.0,CMFGEN_21jun23
12,3,Mg IV,77,787100.000000,6.0,CMFGEN_21jun23
12,3,Mg IV,78,787315.000000,4.0,CMFGEN_21jun23
12,3,Mg IV,79,787500.000000,2.0,CMFGEN_21jun23
12,3,Mg IV,80,788632.000000,4.0,CMFGEN_21jun23
12,3,Mg IV,81,789881.000000,2.0,CMFGEN_21jun23
12,3,Mg IV,82,797056.000000,2.0,CMFGEN_21jun23
12,3,Mg IV,83,802244.000000,4.0,CMFGEN_21jun23
12,3,Mg IV,84,802306.000000,2.0,CMFGEN_21jun23
12,3,Mg IV,85,802954.000000,6.0,CMFGEN_21jun23
12,3,Mg IV,86,803054.000000,4.0,CMFGEN_21jun23
12,3,Mg IV,87,803754.000000,2.0,CMFGEN_21jun23
12,3,Mg IV,88,808965.000000,2.0,CMFGEN_21jun23
12,3,Mg IV,89,809127.000000,6.0,CMFGEN_21jun23
12,3,Mg IV,90,810249.000000,4.0,CMFGEN_21jun23
12,3,Mg IV,91,810366.000000,6.0,CMFGEN_21jun23
12,3,Mg IV,92,811254.000000,6.0,CMFGEN_21jun23
12,3,Mg IV,93,822734.000000,4.0,CMFGEN_21jun23
12,3,Mg IV,94,822734.000000,6.0,CMFGEN_21jun23
12,3,Mg IV,95,843034.000000,4.0,CMFGEN_21jun23
12,3,Mg IV,96,843974.000000,4.0,CMFGEN_21jun23
12,3,Mg IV,97,844036.000000,2.0,CMFGEN_21jun23
12,3,Mg IV,98,844306.000000,2.0,CMFGEN_21jun23
12,3,Mg IV,99,844424.000000,6.0,CMFGEN_21jun23
12,3,Mg IV,100,844424.000000,4.0,CMFGEN_21jun23
12,3,Mg IV,101,304400000.000000,0.2,CMFGEN_21jun23
12,3,Mg IV,102,213900000.000000,0.1,CMFGEN_21jun23
12,3,Mg IV,103,563200000.000000,0.3,CMFGEN_21jun23
12,3,Mg IV,104,125100000.000000,0.1,CMFGEN_21jun23
12,3,Mg IV,105,16090000.000000,0.0,CMFGEN_21jun23
12,3,Mg IV,106,2988000.000000,0.0,CMFGEN_21jun23
12,3,Mg IV,107,480300.000000,0.0,CMFGEN_21jun23
12,3,Mg IV,108,371800000.000000,0.1,CMFGEN_21jun23
12,3,Mg IV,109,6125000.000000,0.0,CMFGEN_21jun23
12,3,Mg IV,110,1040.000000,0.0,CMFGEN_21jun23
12,3,Mg IV,111,19380.000000,0.0,CMFGEN_21jun23
12,3,Mg IV,112,8691.000000,0.0,CMFGEN_21jun23
12,3,Mg IV,113,73510.000000,0.0,CMFGEN_21jun23
12,3,Mg IV,114,40640.000000,0.0,CMFGEN_21jun23
12,3,Mg IV,115,13370.000000,0.0,CMFGEN_21jun23
12,3,Mg IV,116,438800000.000000,0.0,CMFGEN_21jun23
12,3,Mg IV,117,216100000.000000,0.0,CMFGEN_21jun23
12,3,Mg IV,118,102000000.000000,0.0,CMFGEN_21jun23
12,3,Mg IV,119,2405000.000000,0.0,CMFGEN_21jun23
12,3,Mg IV,120,432200000.000000,0.0,CMFGEN_21jun23
12,3,Mg IV,121,148300000.000000,0.0,CMFGEN_21jun23
12,3,Mg IV,122,82930000.000000,0.0,CMFGEN_21jun23
12,3,Mg IV,123,1430000.000000,0.0,CMFGEN_21jun23
12,3,Mg IV,124,847300000.000000,0.0,CMFGEN_21jun23
12,3,Mg IV,125,92490000.000000,0.0,CMFGEN_21jun23
12,3,Mg IV,126,54360000.000000,0.0,CMFGEN_21jun23
12,3,Mg IV,127,860200.000000,0.0,CMFGEN_21jun23
12,3,Mg IV,128,3765000000.000000,0.1,CMFGEN_21jun23
12,3,Mg IV,129,59590000.000000,0.0,CMFGEN_21jun23
12,3,Mg IV,130,35950000.000000,0.0,CMFGEN_21jun23
12,3,Mg IV,131,203800000.000000,0.0,CMFGEN_21jun23
12,3,Mg IV,132,553600.000000,0.0,CMFGEN_21jun23
12,3,Mg IV,133,40160000.000000,0.0,CMFGEN_21jun23
12,3,Mg IV,134,1758000.000000,0.0,CMFGEN_21jun23
12,3,Mg IV,135,24620000.000000,0.0,CMFGEN_21jun23
12,3,Mg IV,136,374700.000000,0.0,CMFGEN_21jun23
12,3,Mg IV,137,762300.000000,0.0,CMFGEN_21jun23
12,3,Mg IV,138,28230000.000000,0.0,CMFGEN_21jun23
12,3,Mg IV,139,17440000.000000,0.0,CMFGEN_21jun23
12,3,Mg IV,140,264700.000000,0.0,CMFGEN_21jun23
12,3,Mg IV,141,2124000.000000,0.0,CMFGEN_21jun23
12,3,Mg IV,142,20580000.000000,0.0,CMFGEN_21jun23
12,3,Mg IV,143,12770000.000000,0.0,CMFGEN_21jun23
12,3,Mg IV,144,194300.000000,0.0,CMFGEN_21jun23
12,3,Mg IV,145,77140000.000000,0.1,CMFGEN_21jun23
12,3,Mg IV,146,54860000.000000,0.0,CMFGEN_21jun23
12,3,Mg IV,147,328900000.000000,0.1,CMFGEN_21jun23
12,3,Mg IV,148,424400000.000000,0.3,CMFGEN_21jun23
12,3,Mg IV,149,278600000.000000,0.1,CMFGEN_21jun23
12,3,Mg IV,150,77580000.000000,0.0,CMFGEN_21jun23
12,3,Mg IV,151,5334000.000000,0.0,CMFGEN_21jun23
12,3,Mg IV,152,773100.000000,0.0,CMFGEN_21jun23
12,3,Mg IV,153,282800000.000000,0.1,CMFGEN_21jun23
12,3,Mg IV,154,5942000.000000,0.0,CMFGEN_21jun23
12,3,Mg IV,155,130800.000000,0.0,CMFGEN_21jun23
12,3,Mg IV,156,2570.000000,0.0,CMFGEN_21jun23
12,3,Mg IV,157,57900.000000,0.0,CMFGEN_21jun23
12,3,Mg IV,158,842.500000,0.0,CMFGEN_21jun23
12,3,Mg IV,159,2716000.000000,0.0,CMFGEN_21jun23
12,3,Mg IV,160,805200.000000,0.0,CMFGEN_21jun23
12,3,Mg IV,161,92550.000000,0.0,CMFGEN_21jun23
12,3,Mg IV,162,280400.000000,0.0,CMFGEN_21jun23
12,3,Mg IV,163,288300000.000000,0.0,CMFGEN_21jun23
12,3,Mg IV,164,142000000.000000,0.0,CMFGEN_21jun23
12,3,Mg IV,165,67050000.000000,0.0,CMFGEN_21jun23
12,3,Mg IV,166,1583000.000000,0.0,CMFGEN_21jun23
12,3,Mg IV,167,284900000.000000,0.0,CMFGEN_21jun23
12,3,Mg IV,168,97740000.000000,0.0,CMFGEN_21jun23
12,3,Mg IV,169,54670000.000000,0.0,CMFGEN_21jun23
12,3,Mg IV,170,943000.000000,0.0,CMFGEN_21jun23
12,3,Mg IV,171,559200000.000000,0.0,CMFGEN_21jun23
12,3,Mg IV,172,61040000.000000,0.0,CMFGEN_21jun23
12,3,Mg IV,173,35880000.000000,0.0,CMFGEN_21jun23
12,3,Mg IV,174,567900.000000,0.0,CMFGEN_21jun23
12,3,Mg IV,175,2486000000.000000,0.1,CMFGEN_21jun23
12,3,Mg IV,176,39350000.000000,0.0,CMFGEN_21jun23
12,3,Mg IV,177,23740000.000000,0.0,CMFGEN_21jun23
12,3,Mg IV,178,134500000.000000,0.0,CMFGEN_21jun23
12,3,Mg IV,179,365600.000000,0.0,CMFGEN_21jun23
12,3,Mg IV,180,26520000.000000,0.0,CMFGEN_21jun23
12,3,Mg IV,181,1161000.000000,0.0,CMFGEN_21jun23
12,3,Mg IV,182,16260000.000000,0.0,CMFGEN_21jun23
12,3,Mg IV,183,247500.000000,0.0,CMFGEN_21jun23
12,3,Mg IV,184,503600.000000,0.0,CMFGEN_21jun23
12,3,Mg IV,185,18650000.000000,0.0,CMFGEN_21jun23
12,3,Mg IV,186,11520000.000000,0.0,CMFGEN_21jun23
12,3,Mg IV,187,174900.000000,0.0,CMFGEN_21jun23
12,3,Mg IV,188,1403000.000000,0.0,CMFGEN_21jun23
12,3,Mg IV,189,13600000.000000,0.0,CMFGEN_21jun23
12,3,Mg IV,190,8441000.000000,0.0,CMFGEN_21jun23
12,3,Mg IV,191,128400.000000,0.0,CMFGEN_21jun23
12,3,Mg IV,192,111500000.000000,0.1,CMFGEN_21jun23
12,3,Mg IV,193,48630000.000000,0.0,CMFGEN_21jun23
12,3,Mg IV,194,258900000.000000,0.2,CMFGEN_21jun23
12,3,Mg IV,195,478400000.000000,0.2,CMFGEN_21jun23
12,3,Mg IV,196,1316000.000000,0.0,CMFGEN_21jun23
12,3,Mg IV,197,156900000.000000,0.1,CMFGEN_21jun23
12,3,Mg IV,198,1072000.000000,0.0,CMFGEN_21jun23
12,3,Mg IV,199,190300.000000,0.0,CMFGEN_21jun23
12,3,Mg IV,200,19.370000,0.0,CMFGEN_21jun23
12,3,Mg IV,201,30700.000000,0.0,CMFGEN_21jun23
12,3,Mg IV,202,694200.000000,0.0,CMFGEN_21jun23
12,3,Mg IV,203,87510.000000,0.0,CMFGEN_21jun23
12,3,Mg IV,204,3465.000000,0.0,CMFGEN_21jun23
12,3,Mg IV,205,142900000.000000,0.0,CMFGEN_21jun23
12,3,Mg IV,206,70430000.000000,0.0,CMFGEN_21jun23
12,3,Mg IV,207,33250000.000000,0.0,CMFGEN_21jun23
12,3,Mg IV,208,785900.000000,0.0,CMFGEN_21jun23
12,3,Mg IV,209,141500000.000000,0.0,CMFGEN_21jun23
12,3,Mg IV,210,48550000.000000,0.0,CMFGEN_21jun23
12,3,Mg IV,211,27160000.000000,0.0,CMFGEN_21jun23
12,3,Mg IV,212,468600.000000,0.0,CMFGEN_21jun23
12,3,Mg IV,213,277900000.000000,0.0,CMFGEN_21jun23
12,3,Mg IV,214,30340000.000000,0.0,CMFGEN_21jun23
12,3,Mg IV,215,17830000.000000,0.0,CMFGEN_21jun23
12,3,Mg IV,216,282300.000000,0.0,CMFGEN_21jun23
12,3,Mg IV,217,1236000000.000000,0.1,CMFGEN_21jun23
12,3,Mg IV,218,19560000.000000,0.0,CMFGEN_21jun23
12,3,Mg IV,219,11800000.000000,0.0,CMFGEN_21jun23
12,3,Mg IV,220,66900000.000000,0.0,CMFGEN_21jun23
12,3,Mg IV,221,181800.000000,0.0,CMFGEN_21jun23
12,3,Mg IV,222,13190000.000000,0.0,CMFGEN_21jun23
12,3,Mg IV,223,577400.000000,0.0,CMFGEN_21jun23
12,3,Mg IV,224,8087000.000000,0.0,CMFGEN_21jun23
12,3,Mg IV,225,123100.000000,0.0,CMFGEN_21jun23
12,3,Mg IV,226,250500.000000,0.0,CMFGEN_21jun23
12,3,Mg IV,227,9278000.000000,0.0,CMFGEN_21jun23
12,3,Mg IV,228,5731000.000000,0.0,CMFGEN_21jun23
12,3,Mg IV,229,87000.000000,0.0,CMFGEN_21jun23
12,3,Mg IV,230,698000.000000,0.0,CMFGEN_21jun23
12,3,Mg IV,231,6765000.000000,0.0,CMFGEN_21jun23
12,3,Mg IV,232,4199000.000000,0.0,CMFGEN_21jun23
12,3,Mg IV,233,63850.000000,0.0,CMFGEN_21jun23
12,3,Mg IV,234,38500.000000,0.0,CMFGEN_21jun23
12,3,Mg IV,235,8335.000000,0.0,CMFGEN_21jun23
12,3,Mg IV,236,149300.000000,0.0,CMFGEN_21jun23
12,3,Mg IV,237,4524000.000000,0.0,CMFGEN_21jun23
12,3,Mg IV,238,48490.000000,0.0,CMFGEN_21jun23
12,3,Mg IV,239,30570.000000,0.0,CMFGEN_21jun23
12,3,Mg IV,240,441300000.000000,0.3,CMFGEN_21jun23
12,3,Mg IV,241,138600000.000000,0.1,CMFGEN_21jun23
12,3,Mg IV,242,5994000.000000,0.0,CMFGEN_21jun23
12,3,Mg IV,243,290200000.000000,0.1,CMFGEN_21jun23
12,3,Mg IV,244,3515000.000000,0.0,CMFGEN_21jun23
12,3,Mg IV,245,407300000.000000,0.1,CMFGEN_21jun23
12,3,Mg IV,246,10510.000000,0.0,CMFGEN_21jun23
12,3,Mg IV,247,6509000.000000,0.0,CMFGEN_21jun23
12,3,Mg IV,248,4394000.000000,0.0,CMFGEN_21jun23
12,3,Mg IV,249,571100000.000000,0.1,CMFGEN_21jun23
12,3,Mg IV,250,209600000.000000,0.0,CMFGEN_21jun23
12,3,Mg IV,251,21990000.000000,0.0,CMFGEN_21jun23
12,3,Mg IV,252,44690000.000000,0.0,CMFGEN_21jun23
12,3,Mg IV,253,306800000.000000,0.0,CMFGEN_21jun23
12,3,Mg IV,254,250500000.000000,0.0,CMFGEN_21jun23
12,3,Mg IV,255,76720000.000000,0.0,CMFGEN_21jun23
12,3,Mg IV,256,2862000.000000,0.0,CMFGEN_21jun23
12,3,Mg IV,257,203000000.000000,0.0,CMFGEN_21jun23
12,3,Mg IV,258,1385000.000000,0.0,CMFGEN_21jun23
12,3,Mg IV,259,203200000.000000,0.0,CMFGEN_21jun23
12,3,Mg IV,260,174800000.000000,0.0,CMFGEN_21jun23
12,3,Mg IV,261,23540000.000000,0.0,CMFGEN_21jun23
12,3,Mg IV,262,43950.000000,0.0,CMFGEN_21jun23
12,3,Mg IV,263,11110.000000,0.0,CMFGEN_21jun23
12,3,Mg IV,264,1671000.000000,0.0,CMFGEN_21jun23
12,3,Mg IV,265,116400000.000000,0.0,CMFGEN_21jun23
13,4,Al V,1,-0.000000,4.0,CMFGEN_21jun23
13,4,Al V,2,3442.000000,2.0,CMFGEN_21jun23
13,4,Al V,3,358816.000000,2.0,CMFGEN_21jun23
13,4,Al V,4,751840.100000,6.0,CMFGEN_21jun23
13,4,Al V,5,753989.500000,4.0,CMFGEN_21jun23
13,4,Al V,6,755237.400000,2.0,CMFGEN_21jun23
13,4,Al V,7,764250.400000,4.0,CMFGEN_21jun23
13,4,Al V,8,766792.200000,2.0,CMFGEN_21jun23
13,4,Al V,9,796622.400000,6.0,CMFGEN_21jun23
13,4,Al V,10,796652.900000,4.0,CMFGEN_21jun23
13,4,Al V,11,817364.900000,6.0,CMFGEN_21jun23
13,4,Al V,12,818136.300000,4.0,CMFGEN_21jun23
13,4,Al V,13,818961.600000,2.0,CMFGEN_21jun23
13,4,Al V,14,825757.000000,8.0,CMFGEN_21jun23
13,4,Al V,15,827025.000000,6.0,CMFGEN_21jun23
13,4,Al V,16,828035.100000,4.0,CMFGEN_21jun23
13,4,Al V,17,828586.100000,2.0,CMFGEN_21jun23
13,4,Al V,18,832017.600000,6.0,CMFGEN_21jun23
13,4,Al V,19,834084.700000,4.0,CMFGEN_21jun23
13,4,Al V,20,835033.300000,2.0,CMFGEN_21jun23
13,4,Al V,21,836937.400000,4.0,CMFGEN_21jun23
13,4,Al V,22,837646.200000,4.0,CMFGEN_21jun23
13,4,Al V,23,838117.800000,2.0,CMFGEN_21jun23
13,4,Al V,24,843914.000000,2.0,CMFGEN_21jun23
13,4,Al V,25,865368.900000,6.0,CMFGEN_21jun23
13,4,Al V,26,865784.900000,8.0,CMFGEN_21jun23
13,4,Al V,27,874026.000000,4.0,CMFGEN_21jun23
13,4,Al V,28,874280.100000,6.0,CMFGEN_21jun23
13,4,Al V,29,883559.000000,4.0,CMFGEN_21jun23
13,4,Al V,30,885194.000000,2.0,CMFGEN_21jun23
13,4,Al V,31,910974.600000,8.0,CMFGEN_21jun23
13,4,Al V,32,911329.200000,6.0,CMFGEN_21jun23
13,4,Al V,33,911780.000000,4.0,CMFGEN_21jun23
13,4,Al V,34,912162.700000,2.0,CMFGEN_21jun23
13,4,Al V,35,917403.000000,2.0,CMFGEN_21jun23
13,4,Al V,36,917463.000000,4.0,CMFGEN_21jun23
13,4,Al V,37,917612.000000,10.0,CMFGEN_21jun23
13,4,Al V,38,918757.000000,8.0,CMFGEN_21jun23
13,4,Al V,39,919901.000000,6.0,CMFGEN_21jun23
13,4,Al V,40,920675.000000,4.0,CMFGEN_21jun23
13,4,Al V,41,921075.000000,8.0,CMFGEN_21jun23
13,4,Al V,42,921415.400000,2.0,CMFGEN_21jun23
13,4,Al V,43,922132.800000,4.0,CMFGEN_21jun23
13,4,Al V,44,922610.000000,6.0,CMFGEN_21jun23
13,4,Al V,45,923227.200000,6.0,CMFGEN_21jun23
13,4,Al V,46,925432.000000,4.0,CMFGEN_21jun23
13,4,Al V,47,925894.000000,2.0,CMFGEN_21jun23
13,4,Al V,48,926388.000000,6.0,CMFGEN_21jun23
13,4,Al V,49,928408.000000,4.0,CMFGEN_21jun23
13,4,Al V,50,955751.000000,8.0,CMFGEN_21jun23
13,4,Al V,51,955755.000000,10.0,CMFGEN_21jun23
13,4,Al V,52,960415.000000,2.0,CMFGEN_21jun23
13,4,Al V,53,960868.000000,4.0,CMFGEN_21jun23
13,4,Al V,54,961638.000000,2.0,CMFGEN_21jun23
13,4,Al V,55,962631.000000,6.0,CMFGEN_21jun23
13,4,Al V,56,963319.000000,4.0,CMFGEN_21jun23
13,4,Al V,57,963354.000000,8.0,CMFGEN_21jun23
13,4,Al V,58,963359.000000,6.0,CMFGEN_21jun23
13,4,Al V,59,1001087.000000,6.0,CMFGEN_21jun23
13,4,Al V,60,1002927.000000,4.0,CMFGEN_21jun23
13,4,Al V,61,1004449.000000,2.0,CMFGEN_21jun23
13,4,Al V,62,1005790.000000,4.0,CMFGEN_21jun23
13,4,Al V,63,1007146.000000,6.0,CMFGEN_21jun23
13,4,Al V,64,1007290.000000,4.0,CMFGEN_21jun23
13,4,Al V,65,1008073.000000,2.0,CMFGEN_21jun23
13,4,Al V,66,1043490.000000,6.0,CMFGEN_21jun23
13,4,Al V,67,1043495.000000,4.0,CMFGEN_21jun23
13,4,Al V,68,1062400.000000,8.0,CMFGEN_21jun23
13,4,Al V,69,1062510.000000,6.0,CMFGEN_21jun23
13,4,Al V,70,1062820.000000,4.0,CMFGEN_21jun23
13,4,Al V,71,1063000.000000,2.0,CMFGEN_21jun23
13,4,Al V,72,1063400.000000,2.0,CMFGEN_21jun23
13,4,Al V,73,1063650.000000,4.0,CMFGEN_21jun23
13,4,Al V,74,1064050.000000,6.0,CMFGEN_21jun23
13,4,Al V,75,1065170.000000,2.0,CMFGEN_21jun23
13,4,Al V,76,1065460.000000,4.0,CMFGEN_21jun23
13,4,Al V,77,1066610.000000,6.0,CMFGEN_21jun23
13,4,Al V,78,1067770.000000,4.0,CMFGEN_21jun23
13,4,Al V,79,1089957.000000,2.0,CMFGEN_21jun23
13,4,Al V,80,1096180.000000,4.0,CMFGEN_21jun23
13,4,Al V,81,1098350.000000,2.0,CMFGEN_21jun23
13,4,Al V,82,1101400.000000,2.0,CMFGEN_21jun23
13,4,Al V,83,1102540.000000,2.0,CMFGEN_21jun23
13,4,Al V,84,1103000.000000,4.0,CMFGEN_21jun23
13,4,Al V,85,1103190.000000,6.0,CMFGEN_21jun23
13,4,Al V,86,1103380.000000,4.0,CMFGEN_21jun23
13,4,Al V,87,1127400.000000,8.0,CMFGEN_21jun23
13,4,Al V,88,1127550.000000,6.0,CMFGEN_21jun23
13,4,Al V,89,1127730.000000,4.0,CMFGEN_21jun23
13,4,Al V,90,1127900.000000,2.0,CMFGEN_21jun23
13,4,Al V,91,1129350.000000,4.0,CMFGEN_21jun23
13,4,Al V,92,1129350.000000,2.0,CMFGEN_21jun23
13,4,Al V,93,1130900.000000,6.0,CMFGEN_21jun23
13,4,Al V,94,1131650.000000,4.0,CMFGEN_21jun23
13,4,Al V,95,1149160.000000,6.0,CMFGEN_21jun23
13,4,Al V,96,1149260.000000,4.0,CMFGEN_21jun23
13,4,Al V,97,1163850.000000,4.0,CMFGEN_21jun23
13,4,Al V,98,1165450.000000,6.0,CMFGEN_21jun23
13,4,Al V,99,1167380.000000,2.0,CMFGEN_21jun23
13,4,Al V,100,1168000.000000,2.0,CMFGEN_21jun23
13,4,Al V,101,1168060.000000,4.0,CMFGEN_21jun23
13,4,Al V,102,0.238300,0.0,CMFGEN_21jun23
13,4,Al V,103,0.000001,0.0,CMFGEN_21jun23
13,4,Al V,104,0.433500,0.0,CMFGEN_21jun23
13,4,Al V,105,0.000004,0.0,CMFGEN_21jun23
13,4,Al V,106,4.980000,0.0,CMFGEN_21jun23
13,4,Al V,107,0.547700,0.0,CMFGEN_21jun23
13,4,Al V,108,429600000.000000,0.1,CMFGEN_21jun23
13,4,Al V,109,306900000.000000,0.1,CMFGEN_21jun23
13,4,Al V,110,788800000.000000,0.3,CMFGEN_21jun23
13,4,Al V,111,161200000.000000,0.0,CMFGEN_21jun23
13,4,Al V,112,18990000.000000,0.0,CMFGEN_21jun23
13,4,Al V,113,6402000.000000,0.0,CMFGEN_21jun23
13,4,Al V,114,1056000.000000,0.0,CMFGEN_21jun23
13,4,Al V,115,18710000.000000,0.0,CMFGEN_21jun23
13,4,Al V,116,509600000.000000,0.1,CMFGEN_21jun23
13,4,Al V,117,0.005703,0.0,CMFGEN_21jun23
13,4,Al V,118,2012.000000,0.0,CMFGEN_21jun23
13,4,Al V,119,47530.000000,0.0,CMFGEN_21jun23
13,4,Al V,120,24150.000000,0.0,CMFGEN_21jun23
13,4,Al V,121,196800.000000,0.0,CMFGEN_21jun23
13,4,Al V,122,184500.000000,0.0,CMFGEN_21jun23
13,4,Al V,123,48660.000000,0.0,CMFGEN_21jun23
13,4,Al V,124,1493000000.000000,0.1,CMFGEN_21jun23
13,4,Al V,125,658600000.000000,0.0,CMFGEN_21jun23
13,4,Al V,126,386100000.000000,0.0,CMFGEN_21jun23
13,4,Al V,127,5832000.000000,0.0,CMFGEN_21jun23
13,4,Al V,128,6023000000.000000,0.2,CMFGEN_21jun23
13,4,Al V,129,34900000.000000,0.0,CMFGEN_21jun23
13,4,Al V,130,425600000.000000,0.0,CMFGEN_21jun23
13,4,Al V,131,277000000.000000,0.0,CMFGEN_21jun23
13,4,Al V,132,3377000.000000,0.0,CMFGEN_21jun23
13,4,Al V,133,151700000.000000,0.0,CMFGEN_21jun23
13,4,Al V,134,259300000.000000,0.0,CMFGEN_21jun23
13,4,Al V,135,175200000.000000,0.0,CMFGEN_21jun23
13,4,Al V,136,2105000.000000,0.0,CMFGEN_21jun23
13,4,Al V,137,118100000.000000,0.0,CMFGEN_21jun23
13,4,Al V,138,165600000.000000,0.0,CMFGEN_21jun23
13,4,Al V,139,114100000.000000,0.0,CMFGEN_21jun23
13,4,Al V,140,1429000.000000,0.0,CMFGEN_21jun23
13,4,Al V,141,85410000.000000,0.0,CMFGEN_21jun23
13,4,Al V,142,111100000.000000,0.0,CMFGEN_21jun23
13,4,Al V,143,77570000.000000,0.0,CMFGEN_21jun23
13,4,Al V,144,1037000.000000,0.0,CMFGEN_21jun23
13,4,Al V,145,62140000.000000,0.0,CMFGEN_21jun23
13,4,Al V,146,77710000.000000,0.0,CMFGEN_21jun23
13,4,Al V,147,54830000.000000,0.0,CMFGEN_21jun23
13,4,Al V,148,791000.000000,0.0,CMFGEN_21jun23
13,4,Al V,149,45860000.000000,0.0,CMFGEN_21jun23
13,4,Al V,150,56190000.000000,0.0,CMFGEN_21jun23
13,4,Al V,151,40130000.000000,0.0,CMFGEN_21jun23
13,4,Al V,152,627900.000000,0.0,CMFGEN_21jun23
13,4,Al V,153,0.086090,0.0,CMFGEN_21jun23
13,4,Al V,154,0.171200,0.0,CMFGEN_21jun23
13,4,Al V,155,0.031620,0.0,CMFGEN_21jun23
13,4,Al V,156,0.597100,0.0,CMFGEN_21jun23
13,4,Al V,157,2.224000,0.0,CMFGEN_21jun23
13,4,Al V,158,95980000.000000,0.1,CMFGEN_21jun23
13,4,Al V,159,76080000.000000,0.0,CMFGEN_21jun23
13,4,Al V,160,454900000.000000,0.1,CMFGEN_21jun23
13,4,Al V,161,599200000.000000,0.3,CMFGEN_21jun23
13,4,Al V,162,384400000.000000,0.1,CMFGEN_21jun23
13,4,Al V,163,103700000.000000,0.0,CMFGEN_21jun23
13,4,Al V,164,11130000.000000,0.0,CMFGEN_21jun23
13,4,Al V,165,1152000.000000,0.0,CMFGEN_21jun23
13,4,Al V,166,809600.000000,0.0,CMFGEN_21jun23
13,4,Al V,167,11220000.000000,0.0,CMFGEN_21jun23
13,4,Al V,168,403700000.000000,0.1,CMFGEN_21jun23
13,4,Al V,169,1175000.000000,0.0,CMFGEN_21jun23
13,4,Al V,170,29.950000,0.0,CMFGEN_21jun23
13,4,Al V,171,5980.000000,0.0,CMFGEN_21jun23
13,4,Al V,172,156100.000000,0.0,CMFGEN_21jun23
13,4,Al V,173,2354.000000,0.0,CMFGEN_21jun23
13,4,Al V,174,7705000.000000,0.0,CMFGEN_21jun23
13,4,Al V,175,2033000.000000,0.0,CMFGEN_21jun23
13,4,Al V,176,271100.000000,0.0,CMFGEN_21jun23
13,4,Al V,177,801600.000000,0.0,CMFGEN_21jun23
13,4,Al V,178,979900000.000000,0.1,CMFGEN_21jun23
13,4,Al V,179,432300000.000000,0.0,CMFGEN_21jun23
13,4,Al V,180,253500000.000000,0.0,CMFGEN_21jun23
13,4,Al V,181,3836000.000000,0.0,CMFGEN_21jun23
13,4,Al V,182,3963000000.000000,0.2,CMFGEN_21jun23
13,4,Al V,183,22990000.000000,0.0,CMFGEN_21jun23
13,4,Al V,184,280300000.000000,0.0,CMFGEN_21jun23
13,4,Al V,185,182500000.000000,0.0,CMFGEN_21jun23
13,4,Al V,186,2226000.000000,0.0,CMFGEN_21jun23
13,4,Al V,187,100000000.000000,0.0,CMFGEN_21jun23
13,4,Al V,188,171000000.000000,0.0,CMFGEN_21jun23
13,4,Al V,189,115600000.000000,0.0,CMFGEN_21jun23
13,4,Al V,190,1389000.000000,0.0,CMFGEN_21jun23
13,4,Al V,191,77930000.000000,0.0,CMFGEN_21jun23
13,4,Al V,192,109300000.000000,0.0,CMFGEN_21jun23
13,4,Al V,193,75330000.000000,0.0,CMFGEN_21jun23
13,4,Al V,194,943400.000000,0.0,CMFGEN_21jun23
13,4,Al V,195,56380000.000000,0.0,CMFGEN_21jun23
13,4,Al V,196,73360000.000000,0.0,CMFGEN_21jun23
13,4,Al V,197,51210000.000000,0.0,CMFGEN_21jun23
13,4,Al V,198,684700.000000,0.0,CMFGEN_21jun23
13,4,Al V,199,41030000.000000,0.0,CMFGEN_21jun23
13,4,Al V,200,51320000.000000,0.0,CMFGEN_21jun23
13,4,Al V,201,36210000.000000,0.0,CMFGEN_21jun23
13,4,Al V,202,522400.000000,0.0,CMFGEN_21jun23
13,4,Al V,203,30290000.000000,0.0,CMFGEN_21jun23
13,4,Al V,204,37110000.000000,0.0,CMFGEN_21jun23
13,4,Al V,205,26500000.000000,0.0,CMFGEN_21jun23
13,4,Al V,206,414700.000000,0.0,CMFGEN_21jun23
13,4,Al V,207,0.081360,0.0,CMFGEN_21jun23
13,4,Al V,208,0.240600,0.0,CMFGEN_21jun23
13,4,Al V,209,0.000006,0.0,CMFGEN_21jun23
13,4,Al V,210,0.449300,0.0,CMFGEN_21jun23
13,4,Al V,211,140000000.000000,0.1,CMFGEN_21jun23
13,4,Al V,212,62570000.000000,0.0,CMFGEN_21jun23
13,4,Al V,213,366700000.000000,0.2,CMFGEN_21jun23
13,4,Al V,214,670400000.000000,0.2,CMFGEN_21jun23
13,4,Al V,215,2212000.000000,0.0,CMFGEN_21jun23
13,4,Al V,216,23420.000000,0.0,CMFGEN_21jun23
13,4,Al V,217,15210000.000000,0.0,CMFGEN_21jun23
13,4,Al V,218,216900000.000000,0.1,CMFGEN_21jun23
13,4,Al V,219,955300.000000,0.0,CMFGEN_21jun23
13,4,Al V,220,7.375000,0.0,CMFGEN_21jun23
13,4,Al V,221,32.510000,0.0,CMFGEN_21jun23
13,4,Al V,222,65680.000000,0.0,CMFGEN_21jun23
13,4,Al V,223,1756000.000000,0.0,CMFGEN_21jun23
13,4,Al V,224,259100.000000,0.0,CMFGEN_21jun23
13,4,Al V,225,6705.000000,0.0,CMFGEN_21jun23
13,4,Al V,226,485500000.000000,0.1,CMFGEN_21jun23
13,4,Al V,227,214200000.000000,0.0,CMFGEN_21jun23
13,4,Al V,228,125600000.000000,0.0,CMFGEN_21jun23
13,4,Al V,229,1903000.000000,0.0,CMFGEN_21jun23
13,4,Al V,230,1967000000.000000,0.2,CMFGEN_21jun23
13,4,Al V,231,11420000.000000,0.0,CMFGEN_21jun23
13,4,Al V,232,139200000.000000,0.0,CMFGEN_21jun23
13,4,Al V,233,90600000.000000,0.0,CMFGEN_21jun23
13,4,Al V,234,1106000.000000,0.0,CMFGEN_21jun23
13,4,Al V,235,49710000.000000,0.0,CMFGEN_21jun23
13,4,Al V,236,84980000.000000,0.0,CMFGEN_21jun23
13,4,Al V,237,57430000.000000,0.0,CMFGEN_21jun23
13,4,Al V,238,690100.000000,0.0,CMFGEN_21jun23
13,4,Al V,239,38740000.000000,0.0,CMFGEN_21jun23
13,4,Al V,240,54330000.000000,0.0,CMFGEN_21jun23
13,4,Al V,241,37450000.000000,0.0,CMFGEN_21jun23
13,4,Al V,242,469000.000000,0.0,CMFGEN_21jun23
13,4,Al V,243,28030000.000000,0.0,CMFGEN_21jun23
13,4,Al V,244,36470000.000000,0.0,CMFGEN_21jun23
13,4,Al V,245,25460000.000000,0.0,CMFGEN_21jun23
13,4,Al V,246,340400.000000,0.0,CMFGEN_21jun23
13,4,Al V,247,20400000.000000,0.0,CMFGEN_21jun23
13,4,Al V,248,25520000.000000,0.0,CMFGEN_21jun23
13,4,Al V,249,18000000.000000,0.0,CMFGEN_21jun23
13,4,Al V,250,259700.000000,0.0,CMFGEN_21jun23
13,4,Al V,251,15060000.000000,0.0,CMFGEN_21jun23
13,4,Al V,252,18460000.000000,0.0,CMFGEN_21jun23
13,4,Al V,253,13180000.000000,0.0,CMFGEN_21jun23
13,4,Al V,254,206200.000000,0.0,CMFGEN_21jun23
13,4,Al V,255,0.294300,0.0,CMFGEN_21jun23
13,4,Al V,256,0.938100,0.0,CMFGEN_21jun23
13,4,Al V,257,1.970000,0.0,CMFGEN_21jun23
13,4,Al V,258,112600.000000,0.0,CMFGEN_21jun23
13,4,Al V,259,25840.000000,0.0,CMFGEN_21jun23
13,4,Al V,260,374800.000000,0.0,CMFGEN_21jun23
13,4,Al V,261,9350000.000000,0.0,CMFGEN_21jun23
13,4,Al V,262,27380.000000,0.0,CMFGEN_21jun23
13,4,Al V,263,98290.000000,0.0,CMFGEN_21jun23
13,4,Al V,264,617300000.000000,0.3,CMFGEN_21jun23
13,4,Al V,265,244200000.000000,0.1,CMFGEN_21jun23
13,4,Al V,266,579600000.000000,0.1,CMFGEN_21jun23
13,4,Al V,267,309200000.000000,0.1,CMFGEN_21jun23
13,4,Al V,268,8300000.000000,0.0,CMFGEN_21jun23
13,4,Al V,269,79560000.000000,0.0,CMFGEN_21jun23
13,4,Al V,270,8.703000,0.0,CMFGEN_21jun23
13,4,Al V,271,33930.000000,0.0,CMFGEN_21jun23
13,4,Al V,272,11090000.000000,0.0,CMFGEN_21jun23
13,4,Al V,273,7370000.000000,0.0,CMFGEN_21jun23
13,4,Al V,274,959000000.000000,0.1,CMFGEN_21jun23
13,4,Al V,275,334100000.000000,0.0,CMFGEN_21jun23
13,4,Al V,276,41960000.000000,0.0,CMFGEN_21jun23
13,4,Al V,277,78290000.000000,0.0,CMFGEN_21jun23
13,4,Al V,278,906500000.000000,0.0,CMFGEN_21jun23
13,4,Al V,279,775800000.000000,0.0,CMFGEN_21jun23
13,4,Al V,280,371700000.000000,0.0,CMFGEN_21jun23
13,4,Al V,281,8365000.000000,0.0,CMFGEN_21jun23
13,4,Al V,282,804700000.000000,0.0,CMFGEN_21jun23
13,4,Al V,283,1658000.000000,0.0,CMFGEN_21jun23
14,5,Si VI,1,0.000000,4.0,CMFGEN_21jun23
14,5,Si VI,2,5090.000000,2.0,CMFGEN_21jun23
14,5,Si VI,3,406497.000000,2.0,CMFGEN_21jun23
14,5,Si VI,4,990516.000000,6.0,CMFGEN_21jun23
14,5,Si VI,5,993640.000000,4.0,CMFGEN_21jun23
14,5,Si VI,6,995470.000000,2.0,CMFGEN_21jun23
14,5,Si VI,7,1005430.000000,4.0,CMFGEN_21jun23
14,5,Si VI,8,1009118.000000,2.0,CMFGEN_21jun23
14,5,Si VI,9,1041416.000000,6.0,CMFGEN_21jun23
14,5,Si VI,10,1041472.000000,4.0,CMFGEN_21jun23
14,5,Si VI,11,1068813.000000,6.0,CMFGEN_21jun23
14,5,Si VI,12,1069854.000000,4.0,CMFGEN_21jun23
14,5,Si VI,13,1071129.000000,2.0,CMFGEN_21jun23
14,5,Si VI,14,1078935.000000,8.0,CMFGEN_21jun23
14,5,Si VI,15,1080700.000000,6.0,CMFGEN_21jun23
14,5,Si VI,16,1082215.000000,4.0,CMFGEN_21jun23
14,5,Si VI,17,1083003.000000,2.0,CMFGEN_21jun23
14,5,Si VI,18,1086796.000000,6.0,CMFGEN_21jun23
14,5,Si VI,19,1089547.000000,4.0,CMFGEN_21jun23
14,5,Si VI,20,1091800.000000,2.0,CMFGEN_21jun23
14,5,Si VI,21,1092171.000000,4.0,CMFGEN_21jun23
14,5,Si VI,22,1093752.000000,4.0,CMFGEN_21jun23
14,5,Si VI,23,1094449.000000,2.0,CMFGEN_21jun23
14,5,Si VI,24,1123540.000000,6.0,CMFGEN_21jun23
14,5,Si VI,25,1124219.000000,8.0,CMFGEN_21jun23
14,5,Si VI,26,1134081.000000,4.0,CMFGEN_21jun23
14,5,Si VI,27,1134496.000000,6.0,CMFGEN_21jun23
14,5,Si VI,28,1147901.000000,4.0,CMFGEN_21jun23
14,5,Si VI,29,1150282.000000,2.0,CMFGEN_21jun23
14,5,Si VI,30,1181167.000000,8.0,CMFGEN_21jun23
14,5,Si VI,31,1181649.000000,6.0,CMFGEN_21jun23
14,5,Si VI,32,1182311.000000,4.0,CMFGEN_21jun23
14,5,Si VI,33,1182894.000000,2.0,CMFGEN_21jun23
14,5,Si VI,34,1189844.000000,10.0,CMFGEN_21jun23
14,5,Si VI,35,1191541.000000,8.0,CMFGEN_21jun23
14,5,Si VI,36,1193223.000000,6.0,CMFGEN_21jun23
14,5,Si VI,37,1194327.000000,4.0,CMFGEN_21jun23
14,5,Si VI,38,1194899.000000,2.0,CMFGEN_21jun23
14,5,Si VI,39,1194987.000000,8.0,CMFGEN_21jun23
14,5,Si VI,40,1195984.000000,4.0,CMFGEN_21jun23
14,5,Si VI,41,1197151.000000,6.0,CMFGEN_21jun23
14,5,Si VI,42,1197727.000000,6.0,CMFGEN_21jun23
14,5,Si VI,43,1200710.000000,2.0,CMFGEN_21jun23
14,5,Si VI,44,1201100.000000,4.0,CMFGEN_21jun23
14,5,Si VI,45,1202960.000000,6.0,CMFGEN_21jun23
14,5,Si VI,46,1204740.000000,4.0,CMFGEN_21jun23
14,5,Si VI,47,1232500.000000,8.0,CMFGEN_21jun23
14,5,Si VI,48,1232671.000000,10.0,CMFGEN_21jun23
14,5,Si VI,49,1239190.000000,2.0,CMFGEN_21jun23
14,5,Si VI,50,1241050.000000,4.0,CMFGEN_21jun23
14,5,Si VI,51,1242186.000000,6.0,CMFGEN_21jun23
14,5,Si VI,52,1242390.000000,2.0,CMFGEN_21jun23
14,5,Si VI,53,1242649.000000,8.0,CMFGEN_21jun23
14,5,Si VI,54,1243020.000000,6.0,CMFGEN_21jun23
14,5,Si VI,55,1243860.000000,4.0,CMFGEN_21jun23
14,5,Si VI,56,1291510.000000,6.0,CMFGEN_21jun23
14,5,Si VI,57,1291790.000000,4.0,CMFGEN_21jun23
14,5,Si VI,58,1329900.000000,4.0,CMFGEN_21jun23
14,5,Si VI,59,1330000.000000,2.0,CMFGEN_21jun23
14,5,Si VI,60,1371820.000000,6.0,CMFGEN_21jun23
14,5,Si VI,61,1371900.000000,4.0,CMFGEN_21jun23
14,5,Si VI,62,1375840.000000,4.0,CMFGEN_21jun23
14,5,Si VI,63,1378830.000000,2.0,CMFGEN_21jun23
14,5,Si VI,64,1402490.000000,2.0,CMFGEN_21jun23
14,5,Si VI,65,1403050.000000,4.0,CMFGEN_21jun23
14,5,Si VI,66,1404170.000000,4.0,CMFGEN_21jun23
14,5,Si VI,67,1404870.000000,6.0,CMFGEN_21jun23
14,5,Si VI,68,1444340.000000,6.0,CMFGEN_21jun23
14,5,Si VI,69,1445010.000000,4.0,CMFGEN_21jun23
14,5,Si VI,70,1497430.000000,4.0,CMFGEN_21jun23
14,5,Si VI,71,1497630.000000,6.0,CMFGEN_21jun23
14,5,Si VI,72,503750000.000000,0.1,CMFGEN_21jun23
14,5,Si VI,73,336930000.000000,0.1,CMFGEN_21jun23
14,5,Si VI,74,1081700000.000000,0.3,CMFGEN_21jun23
14,5,Si VI,75,344350000.000000,0.1,CMFGEN_21jun23
14,5,Si VI,76,60333000.000000,0.0,CMFGEN_21jun23
14,5,Si VI,77,875840000.000000,0.1,CMFGEN_21jun23
14,5,Si VI,78,6894500000.000000,0.2,CMFGEN_21jun23
14,5,Si VI,79,1541100000.000000,0.1,CMFGEN_21jun23
14,5,Si VI,80,1014500000.000000,0.0,CMFGEN_21jun23
14,5,Si VI,81,2572300000.000000,0.1,CMFGEN_21jun23
14,5,Si VI,82,11903000.000000,0.0,CMFGEN_21jun23
14,5,Si VI,83,710960000.000000,0.0,CMFGEN_21jun23
14,5,Si VI,84,957900000.000000,0.0,CMFGEN_21jun23
14,5,Si VI,85,683150000.000000,0.0,CMFGEN_21jun23
14,5,Si VI,86,7912100.000000,0.0,CMFGEN_21jun23
14,5,Si VI,87,485870000.000000,0.0,CMFGEN_21jun23
14,5,Si VI,88,563940000.000000,0.0,CMFGEN_21jun23
14,5,Si VI,89,426130000.000000,0.0,CMFGEN_21jun23
14,5,Si VI,90,11779000.000000,0.0,CMFGEN_21jun23
14,5,Si VI,91,21511000.000000,0.0,CMFGEN_21jun23
14,5,Si VI,92,15299.000000,0.0,CMFGEN_21jun23
14,5,Si VI,93,345560000.000000,0.0,CMFGEN_21jun23
14,5,Si VI,94,390160000.000000,0.0,CMFGEN_21jun23
14,5,Si VI,95,275630000.000000,0.0,CMFGEN_21jun23
14,5,Si VI,96,9341.200000,0.0,CMFGEN_21jun23
14,5,Si VI,97,234930000.000000,0.0,CMFGEN_21jun23
14,5,Si VI,98,257720000.000000,0.0,CMFGEN_21jun23
14,5,Si VI,99,186790000.000000,0.0,CMFGEN_21jun23
14,5,Si VI,100,360960.000000,0.0,CMFGEN_21jun23
14,5,Si VI,101,166190000.000000,0.0,CMFGEN_21jun23
14,5,Si VI,102,179500000.000000,0.0,CMFGEN_21jun23
14,5,Si VI,103,131600000.000000,0.0,CMFGEN_21jun23
14,5,Si VI,104,371390.000000,0.0,CMFGEN_21jun23
14,5,Si VI,105,122160000.000000,0.0,CMFGEN_21jun23
14,5,Si VI,106,130450000.000000,0.0,CMFGEN_21jun23
14,5,Si VI,107,96113000.000000,0.0,CMFGEN_21jun23
14,5,Si VI,108,191070000.000000,0.1,CMFGEN_21jun23
14,5,Si VI,109,88496000.000000,0.0,CMFGEN_21jun23
14,5,Si VI,110,581330000.000000,0.1,CMFGEN_21jun23
14,5,Si VI,111,722840000.000000,0.2,CMFGEN_21jun23
14,5,Si VI,112,579990000.000000,0.1,CMFGEN_21jun23
14,5,Si VI,113,186130000.000000,0.0,CMFGEN_21jun23
14,5,Si VI,114,532470000.000000,0.1,CMFGEN_21jun23
14,5,Si VI,115,4516300000.000000,0.2,CMFGEN_21jun23
14,5,Si VI,116,1010000000.000000,0.1,CMFGEN_21jun23
14,5,Si VI,117,665000000.000000,0.0,CMFGEN_21jun23
14,5,Si VI,118,1686800000.000000,0.1,CMFGEN_21jun23
14,5,Si VI,119,7816900.000000,0.0,CMFGEN_21jun23
14,5,Si VI,120,467840000.000000,0.0,CMFGEN_21jun23
14,5,Si VI,121,630350000.000000,0.0,CMFGEN_21jun23
14,5,Si VI,122,449570000.000000,0.0,CMFGEN_21jun23
14,5,Si VI,123,5209900.000000,0.0,CMFGEN_21jun23
14,5,Si VI,124,320180000.000000,0.0,CMFGEN_21jun23
14,5,Si VI,125,371630000.000000,0.0,CMFGEN_21jun23
14,5,Si VI,126,280820000.000000,0.0,CMFGEN_21jun23
14,5,Si VI,127,7764500.000000,0.0,CMFGEN_21jun23
14,5,Si VI,128,14180000.000000,0.0,CMFGEN_21jun23
14,5,Si VI,129,10087.000000,0.0,CMFGEN_21jun23
14,5,Si VI,130,227880000.000000,0.0,CMFGEN_21jun23
14,5,Si VI,131,257300000.000000,0.0,CMFGEN_21jun23
14,5,Si VI,132,181760000.000000,0.0,CMFGEN_21jun23
14,5,Si VI,133,6161.200000,0.0,CMFGEN_21jun23
14,5,Si VI,134,154990000.000000,0.0,CMFGEN_21jun23
14,5,Si VI,135,170020000.000000,0.0,CMFGEN_21jun23
14,5,Si VI,136,123230000.000000,0.0,CMFGEN_21jun23
14,5,Si VI,137,238160.000000,0.0,CMFGEN_21jun23
14,5,Si VI,138,109670000.000000,0.0,CMFGEN_21jun23
14,5,Si VI,139,118450000.000000,0.0,CMFGEN_21jun23
14,5,Si VI,140,86841000.000000,0.0,CMFGEN_21jun23
14,5,Si VI,141,245090.000000,0.0,CMFGEN_21jun23
14,5,Si VI,142,80627000.000000,0.0,CMFGEN_21jun23
14,5,Si VI,143,86094000.000000,0.0,CMFGEN_21jun23
14,5,Si VI,144,63434000.000000,0.0,CMFGEN_21jun23
14,5,Si VI,145,257100000.000000,0.1,CMFGEN_21jun23
14,5,Si VI,146,108220000.000000,0.0,CMFGEN_21jun23
14,5,Si VI,147,425610000.000000,0.2,CMFGEN_21jun23
14,5,Si VI,148,874630000.000000,0.2,CMFGEN_21jun23
14,5,Si VI,149,251900000.000000,0.1,CMFGEN_21jun23
14,5,Si VI,150,2234900000.000000,0.2,CMFGEN_21jun23
14,5,Si VI,151,499940000.000000,0.1,CMFGEN_21jun23
14,5,Si VI,152,329200000.000000,0.0,CMFGEN_21jun23
14,5,Si VI,153,835210000.000000,0.1,CMFGEN_21jun23
14,5,Si VI,154,3874100.000000,0.0,CMFGEN_21jun23
14,5,Si VI,155,232130000.000000,0.0,CMFGEN_21jun23
14,5,Si VI,156,312770000.000000,0.0,CMFGEN_21jun23
14,5,Si VI,157,223080000.000000,0.0,CMFGEN_21jun23
14,5,Si VI,158,2586000.000000,0.0,CMFGEN_21jun23
14,5,Si VI,159,159000000.000000,0.0,CMFGEN_21jun23
14,5,Si VI,160,184550000.000000,0.0,CMFGEN_21jun23
14,5,Si VI,161,139460000.000000,0.0,CMFGEN_21jun23
14,5,Si VI,162,3856500.000000,0.0,CMFGEN_21jun23
14,5,Si VI,163,7042900.000000,0.0,CMFGEN_21jun23
14,5,Si VI,164,5011.200000,0.0,CMFGEN_21jun23
14,5,Si VI,165,113210000.000000,0.0,CMFGEN_21jun23
14,5,Si VI,166,127830000.000000,0.0,CMFGEN_21jun23
14,5,Si VI,167,90303000.000000,0.0,CMFGEN_21jun23
14,5,Si VI,168,3061.200000,0.0,CMFGEN_21jun23
14,5,Si VI,169,77018000.000000,0.0,CMFGEN_21jun23
14,5,Si VI,170,84490000.000000,0.0,CMFGEN_21jun23
14,5,Si VI,171,61235000.000000,0.0,CMFGEN_21jun23
14,5,Si VI,172,118350.000000,0.0,CMFGEN_21jun23
14,5,Si VI,173,54505000.000000,0.0,CMFGEN_21jun23
14,5,Si VI,174,58868000.000000,0.0,CMFGEN_21jun23
14,5,Si VI,175,43160000.000000,0.0,CMFGEN_21jun23
14,5,Si VI,176,121810.000000,0.0,CMFGEN_21jun23
14,5,Si VI,177,40075000.000000,0.0,CMFGEN_21jun23
14,5,Si VI,178,42793000.000000,0.0,CMFGEN_21jun23
14,5,Si VI,179,31530000.000000,0.0,CMFGEN_21jun23
14,5,Si VI,180,882250000.000000,0.3,CMFGEN_21jun23
14,5,Si VI,181,162470000.000000,0.0,CMFGEN_21jun23
14,5,Si VI,182,230050000.000000,0.0,CMFGEN_21jun23
14,5,Si VI,183,582560000.000000,0.1,CMFGEN_21jun23
14,5,Si VI,184,737760000.000000,0.1,CMFGEN_21jun23
14,5,Si VI,185,2444200.000000,0.0,CMFGEN_21jun23
14,5,Si VI,186,14808000.000000,0.0,CMFGEN_21jun23
14,5,Si VI,187,1563900000.000000,0.1,CMFGEN_21jun23
14,5,Si VI,188,657470000.000000,0.0,CMFGEN_21jun23
14,5,Si VI,189,150380000.000000,0.0,CMFGEN_21jun23
14,5,Si VI,190,2087900000.000000,0.1,CMFGEN_21jun23
14,5,Si VI,191,1832200000.000000,0.0,CMFGEN_21jun23
14,5,Si VI,192,883100000.000000,0.0,CMFGEN_21jun23
14,5,Si VI,193,8502800000.000000,0.1,CMFGEN_21jun23
14,5,Si VI,194,3484100000.000000,0.0,CMFGEN_21jun23
14,5,Si VI,195,1052000.000000,0.0,CMFGEN_21jun23
14,5,Si VI,196,20686000.000000,0.0,CMFGEN_21jun23
14,5,Si VI,197,562480000.000000,0.0,CMFGEN_21jun23
14,5,Si VI,198,898290.000000,0.0,CMFGEN_21jun23
14,5,Si VI,199,860850.000000,0.0,CMFGEN_21jun23
14,5,Si VI,200,876840.000000,0.0,CMFGEN_21jun23
14,5,Si VI,201,1275300000.000000,0.0,CMFGEN_21jun23
14,5,Si VI,202,1155700000.000000,0.0,CMFGEN_21jun23
14,5,Si VI,203,919610000.000000,0.0,CMFGEN_21jun23
14,5,Si VI,204,11361000.000000,0.0,CMFGEN_21jun23
14,5,Si VI,205,14746000.000000,0.0,CMFGEN_21jun23
14,5,Si VI,206,2777600.000000,0.0,CMFGEN_21jun23
14,5,Si VI,207,10860000.000000,0.0,CMFGEN_21jun23
14,5,Si VI,208,766780000.000000,0.0,CMFGEN_21jun23
14,5,Si VI,209,702120000.000000,0.0,CMFGEN_21jun23
14,5,Si VI,210,492130000.000000,0.0,CMFGEN_21jun23
14,5,Si VI,211,6337.000000,0.0,CMFGEN_21jun23
14,5,Si VI,212,4670.900000,0.0,CMFGEN_21jun23
14,5,Si VI,213,7424400.000000,0.0,CMFGEN_21jun23
14,5,Si VI,214,126910000.000000,0.0,CMFGEN_21jun23
14,5,Si VI,215,451280000.000000,0.0,CMFGEN_21jun23
14,5,Si VI,216,359780000.000000,0.0,CMFGEN_21jun23
14,5,Si VI,217,338750000.000000,0.0,CMFGEN_21jun23
14,5,Si VI,218,15980000.000000,0.0,CMFGEN_21jun23
14,5,Si VI,219,2906500.000000,0.0,CMFGEN_21jun23
14,5,Si VI,220,2976900.000000,0.0,CMFGEN_21jun23
14,5,Si VI,221,532890.000000,0.0,CMFGEN_21jun23
14,5,Si VI,222,1783900.000000,0.0,CMFGEN_21jun23
14,5,Si VI,223,324860000.000000,0.0,CMFGEN_21jun23
14,5,Si VI,224,303670000.000000,0.0,CMFGEN_21jun23
14,5,Si VI,225,33253000.000000,0.0,CMFGEN_21jun23
14,5,Si VI,226,194070000.000000,0.0,CMFGEN_21jun23
14,5,Si VI,227,7673.900000,0.0,CMFGEN_21jun23
14,5,Si VI,228,2382600.000000,0.0,CMFGEN_21jun23
14,5,Si VI,229,229650000.000000,0.0,CMFGEN_21jun23
14,5,Si VI,230,213740000.000000,0.0,CMFGEN_21jun23
14,5,Si VI,231,174970000.000000,0.0,CMFGEN_21jun23
14,5,Si VI,232,1728400.000000,0.0,CMFGEN_21jun23
14,5,Si VI,233,23298000.000000,0.0,CMFGEN_21jun23
14,5,Si VI,234,1234400.000000,0.0,CMFGEN_21jun23
14,5,Si VI,235,165020000.000000,0.0,CMFGEN_21jun23
14,5,Si VI,236,155130000.000000,0.0,CMFGEN_21jun23
14,5,Si VI,237,98144000.000000,0.0,CMFGEN_21jun23
14,5,Si VI,238,710100000.000000,0.3,CMFGEN_21jun23
14,5,Si VI,239,403630000.000000,0.1,CMFGEN_21jun23
14,5,Si VI,240,102270000.000000,0.0,CMFGEN_21jun23
14,5,Si VI,241,338870000.000000,0.1,CMFGEN_21jun23
14,5,Si VI,242,11200000.000000,0.0,CMFGEN_21jun23
14,5,Si VI,243,289120000.000000,0.0,CMFGEN_21jun23
14,5,Si VI,244,1217000000.000000,0.1,CMFGEN_21jun23
14,5,Si VI,245,72133000.000000,0.0,CMFGEN_21jun23
14,5,Si VI,246,1022400000.000000,0.1,CMFGEN_21jun23
14,5,Si VI,247,897240000.000000,0.0,CMFGEN_21jun23
14,5,Si VI,248,432590000.000000,0.0,CMFGEN_21jun23
14,5,Si VI,249,1650300000.000000,0.0,CMFGEN_21jun23
14,5,Si VI,250,6763900000.000000,0.1,CMFGEN_21jun23
14,5,Si VI,251,516340.000000,0.0,CMFGEN_21jun23
14,5,Si VI,252,10155000.000000,0.0,CMFGEN_21jun23
14,5,Si VI,253,276140000.000000,0.0,CMFGEN_21jun23
14,5,Si VI,254,441740.000000,0.0,CMFGEN_21jun23
14,5,Si VI,255,423350.000000,0.0,CMFGEN_21jun23
14,5,Si VI,256,431290.000000,0.0,CMFGEN_21jun23
14,5,Si VI,257,627650000.000000,0.0,CMFGEN_21jun23
14,5,Si VI,258,568790000.000000,0.0,CMFGEN_21jun23
14,5,Si VI,259,452660000.000000,0.0,CMFGEN_21jun23
14,5,Si VI,260,5595600.000000,0.0,CMFGEN_21jun23
14,5,Si VI,261,7265200.000000,0.0,CMFGEN_21jun23
14,5,Si VI,262,1368900.000000,0.0,CMFGEN_21jun23
14,5,Si VI,263,5352700.000000,0.0,CMFGEN_21jun23
14,5,Si VI,264,378040000.000000,0.0,CMFGEN_21jun23
14,5,Si VI,265,346170000.000000,0.0,CMFGEN_21jun23
14,5,Si VI,266,242650000.000000,0.0,CMFGEN_21jun23
14,5,Si VI,267,3125.000000,0.0,CMFGEN_21jun23
14,5,Si VI,268,2303.400000,0.0,CMFGEN_21jun23
14,5,Si VI,269,3661700.000000,0.0,CMFGEN_21jun23
14,5,Si VI,270,62618000.000000,0.0,CMFGEN_21jun23
14,5,Si VI,271,222690000.000000,0.0,CMFGEN_21jun23
14,5,Si VI,272,177530000.000000,0.0,CMFGEN_21jun23
14,5,Si VI,273,167160000.000000,0.0,CMFGEN_21jun23
14,5,Si VI,274,7886200.000000,0.0,CMFGEN_21jun23
14,5,Si VI,275,1434400.000000,0.0,CMFGEN_21jun23
14,5,Si VI,276,1469300.000000,0.0,CMFGEN_21jun23
14,5,Si VI,277,263020.000000,0.0,CMFGEN_21jun23
14,5,Si VI,278,880470.000000,0.0,CMFGEN_21jun23
14,5,Si VI,279,160380000.000000,0.0,CMFGEN_21jun23
16,5,S VI,1,0.000000,2.0,CMFGEN_21jun23
16,5,S VI,2,105873.602000,2.0,CMFGEN_21jun23
16,5,S VI,3,107137.703000,4.0,CMFGEN_21jun23
16,5,S VI,4,247422.500000,4.0,CMFGEN_21jun23
16,5,S VI,5,247455.000000,6.0,CMFGEN_21jun23
16,5,S VI,6,362988.813000,2.0,CMFGEN_21jun23
16,5,S VI,7,401169.188000,2.0,CMFGEN_21jun23
16,5,S VI,8,401627.094000,4.0,CMFGEN_21jun23
16,5,S VI,9,451796.813000,4.0,CMFGEN_21jun23
16,5,S VI,10,451813.813000,6.0,CMFGEN_21jun23
16,5,S VI,11,462650.094000,14.0,CMFGEN_21jun23
16,5,S VI,12,504102.400000,2.0,CMFGEN_21jun23
16,5,S VI,13,522139.300000,6.0,CMFGEN_21jun23
16,5,S VI,14,546053.100000,10.0,CMFGEN_21jun23
16,5,S VI,15,551759.600000,14.0,CMFGEN_21jun23
16,5,S VI,16,573737.700000,2.0,CMFGEN_21jun23
16,5,S VI,17,583612.700000,6.0,CMFGEN_21jun23
16,5,S VI,18,596857.150000,10.0,CMFGEN_21jun23
16,5,S VI,19,600189.400000,14.0,CMFGEN_21jun23
16,5,S VI,20,613198.800000,2.0,CMFGEN_21jun23
16,5,S VI,21,619180.650000,6.0,CMFGEN_21jun23
16,5,S VI,22,627287.000000,10.0,CMFGEN_21jun23
16,5,S VI,23,629390.300000,14.0,CMFGEN_21jun23
16,5,S VI,24,637709.000000,2.0,CMFGEN_21jun23
16,5,S VI,25,641605.500000,6.0,CMFGEN_21jun23
16,5,S VI,26,646931.000000,10.0,CMFGEN_21jun23
16,5,S VI,27,648343.200000,14.0,CMFGEN_21jun23
16,5,S VI,28,654333.913000,2.0,CMFGEN_21jun23
16,5,S VI,29,656658.000000,2.0,CMFGEN_21jun23
16,5,S VI,30,660341.000000,10.0,CMFGEN_21jun23
16,5,S VI,31,661327.000000,14.0,CMFGEN_21jun23
16,5,S VI,32,665724.417000,2.0,CMFGEN_21jun23
16,5,S VI,33,667647.257000,6.0,CMFGEN_21jun23
16,5,S VI,34,670284.992000,10.0,CMFGEN_21jun23
16,5,S VI,35,670626.000000,14.0,CMFGEN_21jun23
20,5,Ca VI,1,0.000000,4.0,CMFGEN_21jun23
20,5,Ca VI,2,26835.100000,4.0,CMFGEN_21jun23
20,5,Ca VI,3,27246.600000,6.0,CMFGEN_21jun23
20,5,Ca VI,4,44586.700000,2.0,CMFGEN_21jun23
20,5,Ca VI,5,45142.700000,4.0,CMFGEN_21jun23
20,5,Ca VI,6,155786.500000,6.0,CMFGEN_21jun23
20,5,Ca VI,7,157767.500000,4.0,CMFGEN_21jun23
20,5,Ca VI,8,158830.500000,2.0,CMFGEN_21jun23
20,5,Ca VI,9,193247.000000,4.0,CMFGEN_21jun23
20,5,Ca VI,10,193444.800000,6.0,CMFGEN_21jun23
20,5,Ca VI,11,222749.700000,4.0,CMFGEN_21jun23
20,5,Ca VI,12,224773.300000,2.0,CMFGEN_21jun23
20,5,Ca VI,13,233712.800000,2.0,CMFGEN_21jun23
20,5,Ca VI,14,253463.400000,28.0,CMFGEN_21jun23
20,5,Ca VI,15,261263.400000,20.0,CMFGEN_21jun23
20,5,Ca VI,16,261620.400000,14.0,CMFGEN_21jun23
20,5,Ca VI,17,289581.400000,18.0,CMFGEN_21jun23
20,5,Ca VI,18,294630.000000,4.0,CMFGEN_21jun23
20,5,Ca VI,19,297083.000000,2.0,CMFGEN_21jun23
20,5,Ca VI,20,308336.400000,12.0,CMFGEN_21jun23
20,5,Ca VI,21,315409.400000,10.0,CMFGEN_21jun23
20,5,Ca VI,22,320919.000000,6.0,CMFGEN_21jun23
20,5,Ca VI,23,321411.000000,4.0,CMFGEN_21jun23
20,5,Ca VI,24,331968.000000,2.0,CMFGEN_21jun23
20,5,Ca VI,25,333324.000000,4.0,CMFGEN_21jun23
20,5,Ca VI,26,336219.000000,6.0,CMFGEN_21jun23
20,5,Ca VI,27,336631.000000,8.0,CMFGEN_21jun23
20,5,Ca VI,28,346326.400000,2.0,CMFGEN_21jun23
20,5,Ca VI,29,348819.000000,6.0,CMFGEN_21jun23
20,5,Ca VI,30,349645.000000,4.0,CMFGEN_21jun23
20,5,Ca VI,31,353792.400000,30.0,CMFGEN_21jun23
20,5,Ca VI,32,371838.400000,6.0,CMFGEN_21jun23
20,5,Ca VI,33,389854.400000,20.0,CMFGEN_21jun23
20,5,Ca VI,34,398172.400000,28.0,CMFGEN_21jun23
20,5,Ca VI,35,416135.400000,2.0,CMFGEN_21jun23
20,5,Ca VI,36,421396.400000,36.0,CMFGEN_21jun23
20,5,Ca VI,37,433849.000000,2.0,CMFGEN_21jun23
20,5,Ca VI,38,435286.000000,4.0,CMFGEN_21jun23
20,5,Ca VI,39,437392.000000,6.0,CMFGEN_21jun23
20,5,Ca VI,40,439547.400000,18.0,CMFGEN_21jun23
20,5,Ca VI,41,442256.000000,2.0,CMFGEN_21jun23
20,5,Ca VI,42,444724.000000,4.0,CMFGEN_21jun23
20,5,Ca VI,43,445916.400000,12.0,CMFGEN_21jun23
20,5,Ca VI,44,448093.400000,20.0,CMFGEN_21jun23
20,5,Ca VI,45,449101.400000,10.0,CMFGEN_21jun23
20,5,Ca VI,46,452388.400000,28.0,CMFGEN_21jun23
20,5,Ca VI,47,457294.000000,6.0,CMFGEN_21jun23
20,5,Ca VI,48,457358.000000,4.0,CMFGEN_21jun23
20,5,Ca VI,49,460790.400000,14.0,CMFGEN_21jun23
20,5,Ca VI,50,461124.400000,4.0,CMFGEN_21jun23
20,5,Ca VI,51,463306.400000,12.0,CMFGEN_21jun23
20,5,Ca VI,52,474408.400000,10.0,CMFGEN_21jun23
20,5,Ca VI,53,477227.400000,20.0,CMFGEN_21jun23
20,5,Ca VI,54,483665.400000,6.0,CMFGEN_21jun23
20,5,Ca VI,55,483882.000000,2.0,CMFGEN_21jun23
20,5,Ca VI,56,484843.400000,18.0,CMFGEN_21jun23
20,5,Ca VI,57,486522.400000,14.0,CMFGEN_21jun23
20,5,Ca VI,58,488925.400000,2.0,CMFGEN_21jun23
20,5,Ca VI,59,493912.400000,2.0,CMFGEN_21jun23
20,5,Ca VI,60,497357.400000,20.0,CMFGEN_21jun23
20,5,Ca VI,61,501761.400000,10.0,CMFGEN_21jun23
20,5,Ca VI,62,502151.400000,12.0,CMFGEN_21jun23
20,5,Ca VI,63,504832.400000,4.0,CMFGEN_21jun23
20,5,Ca VI,64,507240.400000,6.0,CMFGEN_21jun23
20,5,Ca VI,65,511351.400000,20.0,CMFGEN_21jun23
20,5,Ca VI,66,511509.400000,10.0,CMFGEN_21jun23
20,5,Ca VI,67,513107.400000,14.0,CMFGEN_21jun23
20,5,Ca VI,68,520454.400000,6.0,CMFGEN_21jun23
20,5,Ca VI,69,520970.400000,36.0,CMFGEN_21jun23
20,5,Ca VI,70,521509.400000,14.0,CMFGEN_21jun23
20,5,Ca VI,71,524501.400000,10.0,CMFGEN_21jun23
20,5,Ca VI,72,530804.400000,2.0,CMFGEN_21jun23
20,5,Ca VI,73,531758.400000,10.0,CMFGEN_21jun23
20,5,Ca VI,74,534508.400000,6.0,CMFGEN_21jun23
20,5,Ca VI,75,537223.400000,14.0,CMFGEN_21jun23
20,5,Ca VI,76,539260.400000,6.0,CMFGEN_21jun23
20,5,Ca VI,77,550162.400000,6.0,CMFGEN_21jun23
20,5,Ca VI,78,553103.400000,20.0,CMFGEN_21jun23
20,5,Ca VI,79,555830.400000,6.0,CMFGEN_21jun23
20,5,Ca VI,80,563542.400000,14.0,CMFGEN_21jun23
20,5,Ca VI,81,564046.400000,12.0,CMFGEN_21jun23
20,5,Ca VI,82,565940.400000,6.0,CMFGEN_21jun23
20,5,Ca VI,83,566034.400000,28.0,CMFGEN_21jun23
20,5,Ca VI,84,572664.400000,10.0,CMFGEN_21jun23
20,5,Ca VI,85,575910.400000,6.0,CMFGEN_21jun23
20,5,Ca VI,86,576027.400000,28.0,CMFGEN_21jun23
20,5,Ca VI,87,576207.400000,12.0,CMFGEN_21jun23
20,5,Ca VI,88,576849.400000,4.0,CMFGEN_21jun23
20,5,Ca VI,89,577769.400000,18.0,CMFGEN_21jun23
20,5,Ca VI,90,580200.400000,14.0,CMFGEN_21jun23
20,5,Ca VI,91,580426.400000,20.0,CMFGEN_21jun23
20,5,Ca VI,92,585515.400000,10.0,CMFGEN_21jun23
20,5,Ca VI,93,587442.400000,10.0,CMFGEN_21jun23
20,5,Ca VI,94,589289.400000,20.0,CMFGEN_21jun23
20,5,Ca VI,95,590916.400000,20.0,CMFGEN_21jun23
20,5,Ca VI,96,594373.400000,14.0,CMFGEN_21jun23
20,5,Ca VI,97,596652.400000,10.0,CMFGEN_21jun23
20,5,Ca VI,98,598970.400000,14.0,CMFGEN_21jun23
20,5,Ca VI,99,599521.400000,18.0,CMFGEN_21jun23
20,5,Ca VI,100,602321.400000,2.0,CMFGEN_21jun23
20,5,Ca VI,101,602416.400000,6.0,CMFGEN_21jun23
20,5,Ca VI,102,607169.400000,2.0,CMFGEN_21jun23
20,5,Ca VI,103,607442.400000,20.0,CMFGEN_21jun23
20,5,Ca VI,104,609061.400000,28.0,CMFGEN_21jun23
20,5,Ca VI,105,609281.400000,12.0,CMFGEN_21jun23
20,5,Ca VI,106,609293.400000,18.0,CMFGEN_21jun23
20,5,Ca VI,107,610548.400000,6.0,CMFGEN_21jun23
20,5,Ca VI,108,611027.400000,10.0,CMFGEN_21jun23
20,5,Ca VI,109,611169.400000,6.0,CMFGEN_21jun23
20,5,Ca VI,110,613785.400000,18.0,CMFGEN_21jun23
20,5,Ca VI,111,616750.400000,14.0,CMFGEN_21jun23
20,5,Ca VI,112,617135.400000,18.0,CMFGEN_21jun23
20,5,Ca VI,113,619808.400000,10.0,CMFGEN_21jun23
20,5,Ca VI,114,620317.400000,36.0,CMFGEN_21jun23
20,5,Ca VI,115,621205.400000,6.0,CMFGEN_21jun23
20,5,Ca VI,116,622017.400000,10.0,CMFGEN_21jun23
20,5,Ca VI,117,622777.400000,42.0,CMFGEN_21jun23
20,5,Ca VI,118,624501.400000,28.0,CMFGEN_21jun23
20,5,Ca VI,119,624524.400000,12.0,CMFGEN_21jun23
20,5,Ca VI,120,625005.400000,4.0,CMFGEN_21jun23
20,5,Ca VI,121,626094.400000,10.0,CMFGEN_21jun23
20,5,Ca VI,122,626989.400000,20.0,CMFGEN_21jun23
20,5,Ca VI,123,631935.400000,12.0,CMFGEN_21jun23
20,5,Ca VI,124,631956.400000,18.0,CMFGEN_21jun23
20,5,Ca VI,125,633196.400000,10.0,CMFGEN_21jun23
20,5,Ca VI,126,635126.400000,14.0,CMFGEN_21jun23
20,5,Ca VI,127,635871.400000,12.0,CMFGEN_21jun23
20,5,Ca VI,128,638821.400000,6.0,CMFGEN_21jun23
20,5,Ca VI,129,640642.400000,14.0,CMFGEN_21jun23
20,5,Ca VI,130,642341.400000,28.0,CMFGEN_21jun23
20,5,Ca VI,131,644943.400000,6.0,CMFGEN_21jun23
20,5,Ca VI,132,648384.400000,10.0,CMFGEN_21jun23
20,5,Ca VI,133,650737.400000,18.0,CMFGEN_21jun23
20,5,Ca VI,134,650786.400000,14.0,CMFGEN_21jun23
20,5,Ca VI,135,651272.400000,14.0,CMFGEN_21jun23
20,5,Ca VI,136,652737.400000,6.0,CMFGEN_21jun23
20,5,Ca VI,137,653452.400000,10.0,CMFGEN_21jun23
20,5,Ca VI,138,653744.400000,10.0,CMFGEN_21jun23
20,5,Ca VI,139,653905.400000,2.0,CMFGEN_21jun23
20,5,Ca VI,140,655495.400000,10.0,CMFGEN_21jun23
20,5,Ca VI,141,657257.400000,18.0,CMFGEN_21jun23
20,5,Ca VI,142,657753.400000,20.0,CMFGEN_21jun23
20,5,Ca VI,143,658758.400000,20.0,CMFGEN_21jun23
20,5,Ca VI,144,659768.400000,28.0,CMFGEN_21jun23
20,5,Ca VI,145,660886.400000,12.0,CMFGEN_21jun23
20,5,Ca VI,146,661786.400000,4.0,CMFGEN_21jun23
20,5,Ca VI,147,661849.400000,6.0,CMFGEN_21jun23
20,5,Ca VI,148,664350.400000,6.0,CMFGEN_21jun23
20,5,Ca VI,149,664488.400000,10.0,CMFGEN_21jun23
20,5,Ca VI,150,666690.400000,2.0,CMFGEN_21jun23
20,5,Ca VI,151,667888.400000,14.0,CMFGEN_21jun23
20,5,Ca VI,152,668766.400000,36.0,CMFGEN_21jun23
20,5,Ca VI,153,669248.400000,12.0,CMFGEN_21jun23
20,5,Ca VI,154,670121.400000,6.0,CMFGEN_21jun23
20,5,Ca VI,155,670504.400000,12.0,CMFGEN_21jun23
20,5,Ca VI,156,671503.400000,20.0,CMFGEN_21jun23
20,5,Ca VI,157,672959.400000,14.0,CMFGEN_21jun23
20,5,Ca VI,158,677087.400000,18.0,CMFGEN_21jun23
20,5,Ca VI,159,677405.400000,10.0,CMFGEN_21jun23
20,5,Ca VI,160,679168.400000,14.0,CMFGEN_21jun23
20,5,Ca VI,161,679972.400000,10.0,CMFGEN_21jun23
20,5,Ca VI,162,681590.400000,10.0,CMFGEN_21jun23
20,5,Ca VI,163,682122.400000,2.0,CMFGEN_21jun23
20,5,Ca VI,164,683329.400000,6.0,CMFGEN_21jun23
20,5,Ca VI,165,683821.400000,10.0,CMFGEN_21jun23
20,5,Ca VI,166,684188.400000,4.0,CMFGEN_21jun23
20,5,Ca VI,167,684382.400000,20.0,CMFGEN_21jun23
20,5,Ca VI,168,688381.400000,30.0,CMFGEN_21jun23
20,5,Ca VI,169,688440.400000,6.0,CMFGEN_21jun23
20,5,Ca VI,170,688871.400000,12.0,CMFGEN_21jun23
20,5,Ca VI,171,691737.400000,28.0,CMFGEN_21jun23
20,5,Ca VI,172,691839.400000,6.0,CMFGEN_21jun23
20,5,Ca VI,173,692553.400000,12.0,CMFGEN_21jun23
20,5,Ca VI,174,693475.400000,10.0,CMFGEN_21jun23
20,5,Ca VI,175,693545.400000,14.0,CMFGEN_21jun23
20,5,Ca VI,176,694609.400000,28.0,CMFGEN_21jun23
20,5,Ca VI,177,696554.400000,20.0,CMFGEN_21jun23
20,5,Ca VI,178,696894.400000,10.0,CMFGEN_21jun23
20,5,Ca VI,179,697086.400000,20.0,CMFGEN_21jun23
20,5,Ca VI,180,697149.400000,4.0,CMFGEN_21jun23
20,5,Ca VI,181,697249.400000,6.0,CMFGEN_21jun23
20,5,Ca VI,182,698798.400000,20.0,CMFGEN_21jun23
20,5,Ca VI,183,698914.400000,12.0,CMFGEN_21jun23
20,5,Ca VI,184,700568.400000,28.0,CMFGEN_21jun23
20,5,Ca VI,185,703122.400000,28.0,CMFGEN_21jun23
20,5,Ca VI,186,704844.400000,6.0,CMFGEN_21jun23
20,5,Ca VI,187,704984.400000,2.0,CMFGEN_21jun23
20,5,Ca VI,188,705430.400000,14.0,CMFGEN_21jun23
20,5,Ca VI,189,706934.400000,36.0,CMFGEN_21jun23
20,5,Ca VI,190,707171.400000,10.0,CMFGEN_21jun23
20,5,Ca VI,191,707432.400000,14.0,CMFGEN_21jun23
20,5,Ca VI,192,707807.400000,6.0,CMFGEN_21jun23
20,5,Ca VI,193,709175.400000,2.0,CMFGEN_21jun23
20,5,Ca VI,194,710356.400000,10.0,CMFGEN_21jun23
20,5,Ca VI,195,711277.400000,6.0,CMFGEN_21jun23
20,5,Ca VI,196,713021.400000,36.0,CMFGEN_21jun23
20,5,Ca VI,197,713328.400000,14.0,CMFGEN_21jun23
20,5,Ca VI,198,713833.400000,18.0,CMFGEN_21jun23
20,5,Ca VI,199,714746.400000,10.0,CMFGEN_21jun23
20,5,Ca VI,200,714901.400000,28.0,CMFGEN_21jun23
20,5,Ca VI,201,714964.400000,20.0,CMFGEN_21jun23
20,5,Ca VI,202,715276.400000,6.0,CMFGEN_21jun23
20,5,Ca VI,203,715287.400000,10.0,CMFGEN_21jun23
20,5,Ca VI,204,716854.400000,18.0,CMFGEN_21jun23
20,5,Ca VI,205,717261.400000,2.0,CMFGEN_21jun23
20,5,Ca VI,206,717361.400000,28.0,CMFGEN_21jun23
20,5,Ca VI,207,717375.400000,14.0,CMFGEN_21jun23
20,5,Ca VI,208,719191.400000,36.0,CMFGEN_21jun23
20,5,Ca VI,209,719343.400000,18.0,CMFGEN_21jun23
20,5,Ca VI,210,720110.400000,14.0,CMFGEN_21jun23
20,5,Ca VI,211,721680.400000,12.0,CMFGEN_21jun23
20,5,Ca VI,212,723678.400000,14.0,CMFGEN_21jun23
20,5,Ca VI,213,723873.400000,6.0,CMFGEN_21jun23
20,5,Ca VI,214,723960.400000,12.0,CMFGEN_21jun23
20,5,Ca VI,215,726602.400000,36.0,CMFGEN_21jun23
20,5,Ca VI,216,727228.400000,28.0,CMFGEN_21jun23
20,5,Ca VI,217,728116.400000,6.0,CMFGEN_21jun23
20,5,Ca VI,218,730696.400000,42.0,CMFGEN_21jun23
20,5,Ca VI,219,730761.400000,14.0,CMFGEN_21jun23
20,5,Ca VI,220,731867.400000,18.0,CMFGEN_21jun23
20,5,Ca VI,221,732708.400000,18.0,CMFGEN_21jun23
20,5,Ca VI,222,732725.400000,12.0,CMFGEN_21jun23
20,5,Ca VI,223,733430.400000,20.0,CMFGEN_21jun23
20,5,Ca VI,224,733710.400000,14.0,CMFGEN_21jun23
20,5,Ca VI,225,734487.400000,2.0,CMFGEN_21jun23
20,5,Ca VI,226,735190.400000,10.0,CMFGEN_21jun23
20,5,Ca VI,227,735631.400000,4.0,CMFGEN_21jun23
20,5,Ca VI,228,735767.400000,10.0,CMFGEN_21jun23
20,5,Ca VI,229,736275.400000,18.0,CMFGEN_21jun23
20,5,Ca VI,230,736486.400000,6.0,CMFGEN_21jun23
20,5,Ca VI,231,736564.400000,28.0,CMFGEN_21jun23
20,5,Ca VI,232,736771.400000,20.0,CMFGEN_21jun23
20,5,Ca VI,233,737035.400000,12.0,CMFGEN_21jun23
20,5,Ca VI,234,737166.400000,36.0,CMFGEN_21jun23
20,5,Ca VI,235,737419.400000,6.0,CMFGEN_21jun23
20,5,Ca VI,236,737437.400000,14.0,CMFGEN_21jun23
20,5,Ca VI,237,738356.400000,10.0,CMFGEN_21jun23
20,5,Ca VI,238,738637.400000,10.0,CMFGEN_21jun23
20,5,Ca VI,239,739199.400000,20.0,CMFGEN_21jun23
20,5,Ca VI,240,739501.400000,10.0,CMFGEN_21jun23
20,5,Ca VI,241,740420.400000,2.0,CMFGEN_21jun23
20,5,Ca VI,242,740592.400000,28.0,CMFGEN_21jun23
20,5,Ca VI,243,740994.400000,12.0,CMFGEN_21jun23
20,5,Ca VI,244,741489.400000,18.0,CMFGEN_21jun23
20,5,Ca VI,245,741772.400000,4.0,CMFGEN_21jun23
20,5,Ca VI,246,741871.400000,10.0,CMFGEN_21jun23
20,5,Ca VI,247,742299.400000,6.0,CMFGEN_21jun23
20,5,Ca VI,248,743486.400000,4.0,CMFGEN_21jun23
20,5,Ca VI,249,744574.400000,10.0,CMFGEN_21jun23
20,5,Ca VI,250,744917.400000,10.0,CMFGEN_21jun23
20,5,Ca VI,251,745004.400000,6.0,CMFGEN_21jun23
20,5,Ca VI,252,745865.400000,6.0,CMFGEN_21jun23
20,5,Ca VI,253,745933.400000,12.0,CMFGEN_21jun23
20,5,Ca VI,254,746227.400000,14.0,CMFGEN_21jun23
20,5,Ca VI,255,746320.400000,20.0,CMFGEN_21jun23
20,5,Ca VI,256,746656.400000,20.0,CMFGEN_21jun23
20,5,Ca VI,257,746767.400000,28.0,CMFGEN_21jun23
20,5,Ca VI,258,747880.400000,6.0,CMFGEN_21jun23
20,5,Ca VI,259,748622.400000,14.0,CMFGEN_21jun23
20,5,Ca VI,260,748695.400000,10.0,CMFGEN_21jun23
20,5,Ca VI,261,749711.400000,36.0,CMFGEN_21jun23
20,5,Ca VI,262,750472.400000,12.0,CMFGEN_21jun23
20,5,Ca VI,263,750728.400000,20.0,CMFGEN_21jun23
20,5,Ca VI,264,751427.400000,6.0,CMFGEN_21jun23
20,5,Ca VI,265,751728.400000,28.0,CMFGEN_21jun23
20,5,Ca VI,266,752649.400000,36.0,CMFGEN_21jun23
20,5,Ca VI,267,753164.400000,10.0,CMFGEN_21jun23
20,5,Ca VI,268,753638.400000,14.0,CMFGEN_21jun23
20,5,Ca VI,269,753663.400000,14.0,CMFGEN_21jun23
20,5,Ca VI,270,753955.400000,20.0,CMFGEN_21jun23
20,5,Ca VI,271,754109.400000,10.0,CMFGEN_21jun23
20,5,Ca VI,272,754493.400000,4.0,CMFGEN_21jun23
20,5,Ca VI,273,755185.400000,12.0,CMFGEN_21jun23
20,5,Ca VI,274,755364.400000,10.0,CMFGEN_21jun23
20,5,Ca VI,275,756154.400000,6.0,CMFGEN_21jun23
20,5,Ca VI,276,756816.400000,6.0,CMFGEN_21jun23
20,5,Ca VI,277,756842.400000,10.0,CMFGEN_21jun23
20,5,Ca VI,278,757083.400000,18.0,CMFGEN_21jun23
20,5,Ca VI,279,757109.400000,28.0,CMFGEN_21jun23
20,5,Ca VI,280,757567.400000,14.0,CMFGEN_21jun23
20,5,Ca VI,281,759228.400000,2.0,CMFGEN_21jun23
20,5,Ca VI,282,761066.400000,14.0,CMFGEN_21jun23
20,5,Ca VI,283,762333.400000,28.0,CMFGEN_21jun23
20,5,Ca VI,284,762388.400000,28.0,CMFGEN_21jun23
20,5,Ca VI,285,763319.400000,6.0,CMFGEN_21jun23
20,5,Ca VI,286,763610.400000,36.0,CMFGEN_21jun23
20,5,Ca VI,287,764293.400000,20.0,CMFGEN_21jun23
20,5,Ca VI,288,764296.400000,18.0,CMFGEN_21jun23
20,5,Ca VI,289,764637.400000,10.0,CMFGEN_21jun23
20,5,Ca VI,290,764913.400000,18.0,CMFGEN_21jun23
20,5,Ca VI,291,764956.400000,12.0,CMFGEN_21jun23
20,5,Ca VI,292,764962.400000,28.0,CMFGEN_21jun23
20,5,Ca VI,293,765084.400000,20.0,CMFGEN_21jun23
20,5,Ca VI,294,765182.400000,20.0,CMFGEN_21jun23
20,5,Ca VI,295,765342.400000,10.0,CMFGEN_21jun23
20,5,Ca VI,296,765601.400000,18.0,CMFGEN_21jun23
20,5,Ca VI,297,766085.400000,28.0,CMFGEN_21jun23
20,5,Ca VI,298,766127.400000,14.0,CMFGEN_21jun23
20,5,Ca VI,299,767003.400000,36.0,CMFGEN_21jun23
20,5,Ca VI,300,767073.400000,14.0,CMFGEN_21jun23
20,5,Ca VI,301,767076.400000,10.0,CMFGEN_21jun23
21,3,Sc IV,1,0.000000,1.0,CLOUDY_STOUT_NIST
21,3,Sc IV,2,239723.200000,1.0,CLOUDY_STOUT_NIST
21,3,Sc IV,3,240403.000000,3.0,CLOUDY_STOUT_NIST
21,3,Sc IV,4,241814.000000,5.0,CLOUDY_STOUT_NIST
21,3,Sc IV,5,250708.200000,9.0,CLOUDY_STOUT_NIST
21,3,Sc IV,6,252108.300000,7.0,CLOUDY_STOUT_NIST
21,3,Sc IV,7,253405.700000,5.0,CLOUDY_STOUT_NIST
21,3,Sc IV,8,267424.400000,5.0,CLOUDY_STOUT_NIST
21,3,Sc IV,9,268034.200000,7.0,CLOUDY_STOUT_NIST
21,3,Sc IV,10,269426.500000,3.0,CLOUDY_STOUT_NIST
21,3,Sc IV,11,269459.900000,5.0,CLOUDY_STOUT_NIST
21,3,Sc IV,12,271055.400000,7.0,CLOUDY_STOUT_NIST
21,3,Sc IV,13,333090.800000,5.0,CLOUDY_STOUT_NIST
21,3,Sc IV,14,334405.100000,3.0,CLOUDY_STOUT_NIST
21,3,Sc IV,15,337340.100000,1.0,CLOUDY_STOUT_NIST
21,3,Sc IV,16,337483.500000,3.0,CLOUDY_STOUT_NIST
21,3,Sc IV,17,345005.400000,3.0,CLOUDY_STOUT_NIST
21,3,Sc IV,18,371735.200000,3.0,CLOUDY_STOUT_NIST
21,3,Sc IV,19,378077.000000,7.0,CLOUDY_STOUT_NIST
21,3,Sc IV,20,378418.600000,5.0,CLOUDY_STOUT_NIST
21,3,Sc IV,21,380148.300000,3.0,CLOUDY_STOUT_NIST
21,3,Sc IV,22,381712.000000,5.0,CLOUDY_STOUT_NIST
21,3,Sc IV,23,383527.100000,3.0,CLOUDY_STOUT_NIST
21,3,Sc IV,24,384661.300000,5.0,CLOUDY_STOUT_NIST
21,3,Sc IV,25,384817.800000,1.0,CLOUDY_STOUT_NIST
21,3,Sc IV,26,385570.000000,3.0,CLOUDY_STOUT_NIST
21,3,Sc IV,27,397510.700000,1.0,CLOUDY_STOUT_NIST
21,3,Sc IV,28,429695.700000,3.0,CLOUDY_STOUT_NIST
21,3,Sc IV,29,429842.400000,5.0,CLOUDY_STOUT_NIST
21,3,Sc IV,30,430078.500000,7.0,CLOUDY_STOUT_NIST
21,3,Sc IV,31,440517.900000,1.0,CLOUDY_STOUT_NIST
21,3,Sc IV,32,440983.000000,3.0,CLOUDY_STOUT_NIST
21,3,Sc IV,33,441927.300000,5.0,CLOUDY_STOUT_NIST
21,3,Sc IV,34,442046.000000,5.0,CLOUDY_STOUT_NIST
21,3,Sc IV,35,442558.600000,9.0,CLOUDY_STOUT_NIST
21,3,Sc IV,36,443191.300000,7.0,CLOUDY_STOUT_NIST
21,3,Sc IV,37,444427.400000,5.0,CLOUDY_STOUT_NIST
21,3,Sc IV,38,445207.500000,7.0,CLOUDY_STOUT_NIST
21,3,Sc IV,39,447622.400000,3.0,CLOUDY_STOUT_NIST
21,3,Sc IV,40,448062.000000,5.0,CLOUDY_STOUT_NIST
21,3,Sc IV,41,448607.800000,7.0,CLOUDY_STOUT_NIST
21,3,Sc IV,42,448725.100000,5.0,CLOUDY_STOUT_NIST
21,3,Sc IV,43,453972.700000,3.0,CLOUDY_STOUT_NIST
21,3,Sc IV,44,459496.900000,5.0,CLOUDY_STOUT_NIST
21,3,Sc IV,45,460426.900000,3.0,CLOUDY_STOUT_NIST
21,3,Sc IV,46,463768.900000,1.0,CLOUDY_STOUT_NIST
21,3,Sc IV,47,464457.200000,3.0,CLOUDY_STOUT_NIST
21,3,Sc IV,48,474764.400000,3.0,CLOUDY_STOUT_NIST
21,3,Sc IV,49,476818.500000,7.0,CLOUDY_STOUT_NIST
21,3,Sc IV,50,477018.000000,5.0,CLOUDY_STOUT_NIST
21,3,Sc IV,51,477747.600000,3.0,CLOUDY_STOUT_NIST
21,3,Sc IV,52,478213.200000,5.0,CLOUDY_STOUT_NIST
21,3,Sc IV,53,478495.900000,3.0,CLOUDY_STOUT_NIST
21,3,Sc IV,54,478609.500000,11.0,CLOUDY_STOUT_NIST
21,3,Sc IV,55,478767.700000,5.0,CLOUDY_STOUT_NIST
21,3,Sc IV,56,478768.400000,9.0,CLOUDY_STOUT_NIST
21,3,Sc IV,57,479452.900000,7.0,CLOUDY_STOUT_NIST
21,3,Sc IV,58,479908.900000,7.0,CLOUDY_STOUT_NIST
21,3,Sc IV,59,479993.200000,9.0,CLOUDY_STOUT_NIST
21,3,Sc IV,60,480097.900000,5.0,CLOUDY_STOUT_NIST
21,3,Sc IV,61,480286.600000,1.0,CLOUDY_STOUT_NIST
21,3,Sc IV,62,481377.400000,3.0,CLOUDY_STOUT_NIST
21,3,Sc IV,63,481939.900000,3.0,CLOUDY_STOUT_NIST
21,3,Sc IV,64,481975.200000,5.0,CLOUDY_STOUT_NIST
21,3,Sc IV,65,483609.400000,7.0,CLOUDY_STOUT_NIST
21,3,Sc IV,66,483708.000000,9.0,CLOUDY_STOUT_NIST
21,3,Sc IV,67,483962.800000,7.0,CLOUDY_STOUT_NIST
21,3,Sc IV,68,484257.600000,5.0,CLOUDY_STOUT_NIST
21,3,Sc IV,69,484972.900000,1.0,CLOUDY_STOUT_NIST
21,3,Sc IV,70,511228.200000,5.0,CLOUDY_STOUT_NIST
21,3,Sc IV,71,511630.300000,3.0,CLOUDY_STOUT_NIST
21,3,Sc IV,72,515738.000000,3.0,CLOUDY_STOUT_NIST
21,3,Sc IV,73,521999.200000,5.0,CLOUDY_STOUT_NIST
21,3,Sc IV,74,522004.800000,7.0,CLOUDY_STOUT_NIST
21,3,Sc IV,75,522110.200000,13.0,CLOUDY_STOUT_NIST
21,3,Sc IV,76,522110.700000,11.0,CLOUDY_STOUT_NIST
21,3,Sc IV,77,522304.500000,9.0,CLOUDY_STOUT_NIST
21,3,Sc IV,78,522307.300000,7.0,CLOUDY_STOUT_NIST
21,3,Sc IV,79,522424.800000,9.0,CLOUDY_STOUT_NIST
21,3,Sc IV,80,522425.700000,11.0,CLOUDY_STOUT_NIST
21,3,Sc IV,81,526561.600000,9.0,CLOUDY_STOUT_NIST
21,3,Sc IV,82,526563.100000,11.0,CLOUDY_STOUT_NIST
21,3,Sc IV,83,526571.200000,9.0,CLOUDY_STOUT_NIST
21,3,Sc IV,84,526574.000000,7.0,CLOUDY_STOUT_NIST
21,3,Sc IV,85,537845.000000,3.0,CLOUDY_STOUT_NIST
21,3,Sc IV,86,542052.000000,3.0,CLOUDY_STOUT_NIST
21,3,Sc IV,87,543642.400000,5.0,CLOUDY_STOUT_NIST
21,3,Sc IV,88,543708.300000,13.0,CLOUDY_STOUT_NIST
21,3,Sc IV,89,543824.900000,9.0,CLOUDY_STOUT_NIST
21,3,Sc IV,90,543843.100000,7.0,CLOUDY_STOUT_NIST
21,3,Sc IV,91,543843.600000,9.0,CLOUDY_STOUT_NIST
21,3,Sc IV,92,543869.800000,15.0,CLOUDY_STOUT_NIST
21,3,Sc IV,93,543869.801000,13.0,CLOUDY_STOUT_NIST
21,3,Sc IV,94,543892.100000,9.0,CLOUDY_STOUT_NIST
21,3,Sc IV,95,543893.300000,11.0,CLOUDY_STOUT_NIST
21,3,Sc IV,96,543942.100000,11.0,CLOUDY_STOUT_NIST
21,3,Sc IV,97,543942.101000,9.0,CLOUDY_STOUT_NIST
21,3,Sc IV,98,543971.200000,13.0,CLOUDY_STOUT_NIST
21,3,Sc IV,99,543971.201000,11.0,CLOUDY_STOUT_NIST
21,3,Sc IV,100,548104.300000,11.0,CLOUDY_STOUT_NIST
21,3,Sc IV,101,548105.900000,9.0,CLOUDY_STOUT_NIST
21,3,Sc IV,102,548236.500000,13.0,CLOUDY_STOUT_NIST
21,3,Sc IV,103,548236.501000,11.0,CLOUDY_STOUT_NIST
21,3,Sc IV,104,548237.800000,9.0,CLOUDY_STOUT_NIST
21,3,Sc IV,105,548237.801000,11.0,CLOUDY_STOUT_NIST
21,3,Sc IV,106,556840.900000,15.0,CLOUDY_STOUT_NIST
21,3,Sc IV,107,556840.901000,13.0,CLOUDY_STOUT_NIST
21,3,Sc IV,108,556863.500000,11.0,CLOUDY_STOUT_NIST
21,3,Sc IV,109,556863.501000,9.0,CLOUDY_STOUT_NIST
21,3,Sc IV,110,556871.300000,17.0,CLOUDY_STOUT_NIST
21,3,Sc IV,111,556871.301000,15.0,CLOUDY_STOUT_NIST
21,3,Sc IV,112,556886.900000,9.0,CLOUDY_STOUT_NIST
21,3,Sc IV,113,556886.901000,11.0,CLOUDY_STOUT_NIST
21,3,Sc IV,114,556900.800000,13.0,CLOUDY_STOUT_NIST
21,3,Sc IV,115,556900.801000,11.0,CLOUDY_STOUT_NIST
21,3,Sc IV,116,556903.500000,11.0,CLOUDY_STOUT_NIST
21,3,Sc IV,117,556903.501000,13.0,CLOUDY_STOUT_NIST
21,3,Sc IV,118,556910.700000,13.0,CLOUDY_STOUT_NIST
21,3,Sc IV,119,556910.701000,15.0,CLOUDY_STOUT_NIST
21,3,Sc IV,120,561191.000000,9.0,CLOUDY_STOUT_NIST
21,3,Sc IV,121,561191.001000,13.0,CLOUDY_STOUT_NIST
21,3,Sc IV,122,561191.002000,11.0,CLOUDY_STOUT_NIST
21,3,Sc IV,123,561191.003000,11.0,CLOUDY_STOUT_NIST
21,3,Sc IV,124,561213.900000,15.0,CLOUDY_STOUT_NIST
21,3,Sc IV,125,561213.901000,13.0,CLOUDY_STOUT_NIST
21,3,Sc IV,126,561213.902000,11.0,CLOUDY_STOUT_NIST
21,3,Sc IV,127,561213.903000,13.0,CLOUDY_STOUT_NIST
21,3,Sc IV,128,652700.000000,3.0,CLOUDY_STOUT_NIST
22,4,Ti V,1,0.000000,1.0,CLOUDY_STOUT_NIST
22,4,Ti V,2,274439.700000,1.0,CLOUDY_STOUT_NIST
22,4,Ti V,3,275371.900000,3.0,CLOUDY_STOUT_NIST
22,4,Ti V,4,277310.600000,5.0,CLOUDY_STOUT_NIST
22,4,Ti V,5,287276.500000,9.0,CLOUDY_STOUT_NIST
22,4,Ti V,6,289050.200000,7.0,CLOUDY_STOUT_NIST
22,4,Ti V,7,290778.700000,5.0,CLOUDY_STOUT_NIST
22,4,Ti V,8,306874.500000,5.0,CLOUDY_STOUT_NIST
22,4,Ti V,9,307429.200000,7.0,CLOUDY_STOUT_NIST
22,4,Ti V,10,309252.100000,3.0,CLOUDY_STOUT_NIST
22,4,Ti V,11,309433.100000,5.0,CLOUDY_STOUT_NIST
22,4,Ti V,12,311433.800000,7.0,CLOUDY_STOUT_NIST
22,4,Ti V,13,395320.900000,3.0,CLOUDY_STOUT_NIST
22,4,Ti V,14,434339.400000,5.0,CLOUDY_STOUT_NIST
22,4,Ti V,15,436849.800000,3.0,CLOUDY_STOUT_NIST
22,4,Ti V,16,440065.200000,1.0,CLOUDY_STOUT_NIST
22,4,Ti V,17,443752.700000,3.0,CLOUDY_STOUT_NIST
22,4,Ti V,18,481987.700000,3.0,CLOUDY_STOUT_NIST
22,4,Ti V,19,487974.600000,7.0,CLOUDY_STOUT_NIST
22,4,Ti V,20,488225.700000,5.0,CLOUDY_STOUT_NIST
22,4,Ti V,21,488928.700000,3.0,CLOUDY_STOUT_NIST
22,4,Ti V,22,491558.700000,5.0,CLOUDY_STOUT_NIST
22,4,Ti V,23,492567.100000,7.0,CLOUDY_STOUT_NIST
22,4,Ti V,24,493300.500000,3.0,CLOUDY_STOUT_NIST
22,4,Ti V,25,494035.700000,5.0,CLOUDY_STOUT_NIST
22,4,Ti V,26,496890.700000,3.0,CLOUDY_STOUT_NIST
22,4,Ti V,27,498057.200000,5.0,CLOUDY_STOUT_NIST
22,4,Ti V,28,498176.400000,1.0,CLOUDY_STOUT_NIST
22,4,Ti V,29,499336.200000,3.0,CLOUDY_STOUT_NIST
22,4,Ti V,30,506224.700000,5.0,CLOUDY_STOUT_NIST
22,4,Ti V,31,514608.700000,1.0,CLOUDY_STOUT_NIST
22,4,Ti V,32,568698.500000,1.0,CLOUDY_STOUT_NIST
22,4,Ti V,33,569304.500000,3.0,CLOUDY_STOUT_NIST
22,4,Ti V,34,570597.800000,5.0,CLOUDY_STOUT_NIST
22,4,Ti V,35,571401.100000,9.0,CLOUDY_STOUT_NIST
22,4,Ti V,36,572093.900000,7.0,CLOUDY_STOUT_NIST
22,4,Ti V,37,573838.300000,5.0,CLOUDY_STOUT_NIST
22,4,Ti V,38,574683.800000,7.0,CLOUDY_STOUT_NIST
22,4,Ti V,39,577249.800000,3.0,CLOUDY_STOUT_NIST
22,4,Ti V,40,578698.500000,5.0,CLOUDY_STOUT_NIST
22,4,Ti V,41,579334.600000,7.0,CLOUDY_STOUT_NIST
22,4,Ti V,42,579584.200000,5.0,CLOUDY_STOUT_NIST
22,4,Ti V,43,582836.500000,3.0,CLOUDY_STOUT_NIST
22,4,Ti V,44,607033.000000,5.0,CLOUDY_STOUT_NIST
22,4,Ti V,45,608100.700000,3.0,CLOUDY_STOUT_NIST
22,4,Ti V,46,612793.200000,1.0,CLOUDY_STOUT_NIST
22,4,Ti V,47,613558.200000,3.0,CLOUDY_STOUT_NIST
22,4,Ti V,48,680748.000000,3.0,CLOUDY_STOUT_NIST
22,4,Ti V,49,685940.000000,3.0,CLOUDY_STOUT_NIST
22,4,Ti V,50,687980.000000,3.0,CLOUDY_STOUT_NIST
22,4,Ti V,51,691797.000000,3.0,CLOUDY_STOUT_NIST
22,4,Ti V,52,825500.000000,3.0,CLOUDY_STOUT_NIST
22,4,Ti V,53,827650.000000,3.0,CLOUDY_STOUT_NIST
22,4,Ti V,54,885770.000000,3.0,CLOUDY_STOUT_NIST
22,4,Ti V,55,888930.000000,3.0,CLOUDY_STOUT_NIST
22,4,Ti V,56,920720.000000,3.0,CLOUDY_STOUT_NIST
22,4,Ti V,57,922140.000000,3.0,CLOUDY_STOUT_NIST
22,4,Ti V,58,940660.000000,3.0,CLOUDY_STOUT_NIST
22,4,Ti V,59,942030.000000,3.0,CLOUDY_STOUT_NIST
22,4,Ti V,60,954820.000000,3.0,CLOUDY_STOUT_NIST
22,4,Ti V,61,955010.000000,3.0,CLOUDY_STOUT_NIST
22,4,Ti V,62,963820.000000,3.0,CLOUDY_STOUT_NIST
22,4,Ti V,63,964010.000000,3.0,CLOUDY_STOUT_NIST
22,4,Ti V,64,970320.000000,3.0,CLOUDY_STOUT_NIST
23,1,V II,1,0.000000,1.0,CLOUDY_STOUT_NIST
23,1,V II,2,36.050000,3.0,CLOUDY_STOUT_NIST
23,1,V II,3,106.630000,5.0,CLOUDY_STOUT_NIST
23,1,V II,4,208.890000,7.0,CLOUDY_STOUT_NIST
23,1,V II,5,339.210000,9.0,CLOUDY_STOUT_NIST
23,1,V II,6,2604.820000,3.0,CLOUDY_STOUT_NIST
23,1,V II,7,2687.010000,5.0,CLOUDY_STOUT_NIST
23,1,V II,8,2808.720000,7.0,CLOUDY_STOUT_NIST
23,1,V II,9,2968.220000,9.0,CLOUDY_STOUT_NIST
23,1,V II,10,3162.800000,11.0,CLOUDY_STOUT_NIST
23,1,V II,11,8640.210000,5.0,CLOUDY_STOUT_NIST
23,1,V II,12,8841.970000,7.0,CLOUDY_STOUT_NIST
23,1,V II,13,9097.810000,9.0,CLOUDY_STOUT_NIST
23,1,V II,14,11295.570000,1.0,CLOUDY_STOUT_NIST
23,1,V II,15,11514.760000,3.0,CLOUDY_STOUT_NIST
23,1,V II,16,11908.270000,5.0,CLOUDY_STOUT_NIST
23,1,V II,17,12545.140000,9.0,CLOUDY_STOUT_NIST
23,1,V II,18,12621.550000,11.0,CLOUDY_STOUT_NIST
23,1,V II,19,12706.250000,13.0,CLOUDY_STOUT_NIST
23,1,V II,20,13490.890000,5.0,CLOUDY_STOUT_NIST
23,1,V II,21,13511.750000,3.0,CLOUDY_STOUT_NIST
23,1,V II,22,13542.670000,7.0,CLOUDY_STOUT_NIST
23,1,V II,23,13594.730000,5.0,CLOUDY_STOUT_NIST
23,1,V II,24,13608.960000,9.0,CLOUDY_STOUT_NIST
23,1,V II,25,13741.610000,7.0,CLOUDY_STOUT_NIST
23,1,V II,26,14461.750000,7.0,CLOUDY_STOUT_NIST
23,1,V II,27,14556.090000,9.0,CLOUDY_STOUT_NIST
23,1,V II,28,14655.630000,11.0,CLOUDY_STOUT_NIST
23,1,V II,29,16340.970000,7.0,CLOUDY_STOUT_NIST
23,1,V II,30,16421.510000,9.0,CLOUDY_STOUT_NIST
23,1,V II,31,16533.000000,11.0,CLOUDY_STOUT_NIST
23,1,V II,32,17910.940000,9.0,CLOUDY_STOUT_NIST
23,1,V II,33,18269.490000,3.0,CLOUDY_STOUT_NIST
23,1,V II,34,18293.880000,5.0,CLOUDY_STOUT_NIST
23,1,V II,35,18353.880000,7.0,CLOUDY_STOUT_NIST
23,1,V II,36,19112.930000,9.0,CLOUDY_STOUT_NIST
23,1,V II,37,19132.750000,5.0,CLOUDY_STOUT_NIST
23,1,V II,38,19161.370000,1.0,CLOUDY_STOUT_NIST
23,1,V II,39,19166.270000,3.0,CLOUDY_STOUT_NIST
23,1,V II,40,19191.400000,13.0,CLOUDY_STOUT_NIST
23,1,V II,41,19902.570000,1.0,CLOUDY_STOUT_NIST
23,1,V II,42,20089.600000,3.0,CLOUDY_STOUT_NIST
23,1,V II,43,20156.640000,1.0,CLOUDY_STOUT_NIST
23,1,V II,44,20242.370000,9.0,CLOUDY_STOUT_NIST
23,1,V II,45,20280.230000,11.0,CLOUDY_STOUT_NIST
23,1,V II,46,20343.010000,5.0,CLOUDY_STOUT_NIST
23,1,V II,47,20363.230000,13.0,CLOUDY_STOUT_NIST
23,1,V II,48,20522.110000,3.0,CLOUDY_STOUT_NIST
23,1,V II,49,20617.030000,5.0,CLOUDY_STOUT_NIST
23,1,V II,50,20622.950000,7.0,CLOUDY_STOUT_NIST
23,1,V II,51,20980.920000,5.0,CLOUDY_STOUT_NIST
23,1,V II,52,22273.600000,3.0,CLOUDY_STOUT_NIST
23,1,V II,53,23391.140000,11.0,CLOUDY_STOUT_NIST
23,1,V II,54,25191.040000,5.0,CLOUDY_STOUT_NIST
23,1,V II,55,26839.770000,7.0,CLOUDY_STOUT_NIST
23,1,V II,56,30267.470000,5.0,CLOUDY_STOUT_NIST
23,1,V II,57,30306.380000,7.0,CLOUDY_STOUT_NIST
23,1,V II,58,30318.550000,9.0,CLOUDY_STOUT_NIST
23,1,V II,59,30613.920000,9.0,CLOUDY_STOUT_NIST
23,1,V II,60,30641.760000,7.0,CLOUDY_STOUT_NIST
23,1,V II,61,30673.080000,5.0,CLOUDY_STOUT_NIST
23,1,V II,62,32040.640000,5.0,CLOUDY_STOUT_NIST
23,1,V II,63,32299.270000,3.0,CLOUDY_STOUT_NIST
23,1,V II,64,32420.040000,1.0,CLOUDY_STOUT_NIST
23,1,V II,65,34228.820000,7.0,CLOUDY_STOUT_NIST
23,1,V II,66,34592.720000,5.0,CLOUDY_STOUT_NIST
23,1,V II,67,34745.720000,7.0,CLOUDY_STOUT_NIST
23,1,V II,68,34946.550000,9.0,CLOUDY_STOUT_NIST
23,1,V II,69,35193.130000,11.0,CLOUDY_STOUT_NIST
23,1,V II,70,35483.390000,13.0,CLOUDY_STOUT_NIST
23,1,V II,71,36424.920000,9.0,CLOUDY_STOUT_NIST
23,1,V II,72,36489.360000,3.0,CLOUDY_STOUT_NIST
23,1,V II,73,36673.480000,5.0,CLOUDY_STOUT_NIST
23,1,V II,74,36919.210000,7.0,CLOUDY_STOUT_NIST
23,1,V II,75,36954.630000,3.0,CLOUDY_STOUT_NIST
23,1,V II,76,37041.120000,5.0,CLOUDY_STOUT_NIST
23,1,V II,77,37150.510000,9.0,CLOUDY_STOUT_NIST
23,1,V II,78,37201.350000,1.0,CLOUDY_STOUT_NIST
23,1,V II,79,37204.980000,7.0,CLOUDY_STOUT_NIST
23,1,V II,80,37259.390000,3.0,CLOUDY_STOUT_NIST
23,1,V II,81,37352.450000,11.0,CLOUDY_STOUT_NIST
23,1,V II,82,37369.030000,5.0,CLOUDY_STOUT_NIST
23,1,V II,83,37520.570000,7.0,CLOUDY_STOUT_NIST
23,1,V II,84,37531.080000,9.0,CLOUDY_STOUT_NIST
23,1,V II,85,37937.650000,5.0,CLOUDY_STOUT_NIST
23,1,V II,86,38192.940000,7.0,CLOUDY_STOUT_NIST
23,1,V II,87,38517.060000,9.0,CLOUDY_STOUT_NIST
23,1,V II,88,39234.050000,7.0,CLOUDY_STOUT_NIST
23,1,V II,89,39403.740000,9.0,CLOUDY_STOUT_NIST
23,1,V II,90,39612.960000,11.0,CLOUDY_STOUT_NIST
23,1,V II,91,40001.700000,5.0,CLOUDY_STOUT_NIST
23,1,V II,92,40195.520000,7.0,CLOUDY_STOUT_NIST
23,1,V II,93,40430.040000,9.0,CLOUDY_STOUT_NIST
23,1,V II,94,44098.460000,7.0,CLOUDY_STOUT_NIST
23,1,V II,95,44159.530000,5.0,CLOUDY_STOUT_NIST
23,1,V II,96,44201.850000,3.0,CLOUDY_STOUT_NIST
23,1,V II,97,44657.940000,5.0,CLOUDY_STOUT_NIST
23,1,V II,98,46586.370000,1.0,CLOUDY_STOUT_NIST
23,1,V II,99,46690.420000,3.0,CLOUDY_STOUT_NIST
23,1,V II,100,46739.990000,5.0,CLOUDY_STOUT_NIST
23,1,V II,101,46754.590000,3.0,CLOUDY_STOUT_NIST
23,1,V II,102,46879.980000,5.0,CLOUDY_STOUT_NIST
23,1,V II,103,47027.950000,1.0,CLOUDY_STOUT_NIST
23,1,V II,104,47051.860000,7.0,CLOUDY_STOUT_NIST
23,1,V II,105,47056.320000,9.0,CLOUDY_STOUT_NIST
23,1,V II,106,47101.890000,5.0,CLOUDY_STOUT_NIST
23,1,V II,107,47107.990000,3.0,CLOUDY_STOUT_NIST
23,1,V II,108,47181.210000,7.0,CLOUDY_STOUT_NIST
23,1,V II,109,47297.040000,11.0,CLOUDY_STOUT_NIST
23,1,V II,110,47324.310000,5.0,CLOUDY_STOUT_NIST
23,1,V II,111,47420.250000,9.0,CLOUDY_STOUT_NIST
23,1,V II,112,47607.790000,13.0,CLOUDY_STOUT_NIST
23,1,V II,113,48258.220000,1.0,CLOUDY_STOUT_NIST
23,1,V II,114,48579.960000,7.0,CLOUDY_STOUT_NIST
23,1,V II,115,48730.720000,9.0,CLOUDY_STOUT_NIST
23,1,V II,116,48853.040000,11.0,CLOUDY_STOUT_NIST
23,1,V II,117,48898.000000,1.0,CLOUDY_STOUT_NIST
23,1,V II,118,48975.720000,3.0,CLOUDY_STOUT_NIST
23,1,V II,119,49201.640000,5.0,CLOUDY_STOUT_NIST
23,1,V II,120,49204.650000,5.0,CLOUDY_STOUT_NIST
23,1,V II,121,49210.800000,7.0,CLOUDY_STOUT_NIST
23,1,V II,122,49268.600000,9.0,CLOUDY_STOUT_NIST
23,1,V II,123,49568.420000,7.0,CLOUDY_STOUT_NIST
23,1,V II,124,49593.360000,11.0,CLOUDY_STOUT_NIST
23,1,V II,125,49723.680000,9.0,CLOUDY_STOUT_NIST
23,1,V II,126,49731.340000,5.0,CLOUDY_STOUT_NIST
23,1,V II,127,49898.190000,5.0,CLOUDY_STOUT_NIST
23,1,V II,128,50473.730000,3.0,CLOUDY_STOUT_NIST
23,1,V II,129,50662.270000,1.0,CLOUDY_STOUT_NIST
23,1,V II,130,50738.750000,3.0,CLOUDY_STOUT_NIST
23,1,V II,131,50775.470000,5.0,CLOUDY_STOUT_NIST
23,1,V II,132,50951.700000,5.0,CLOUDY_STOUT_NIST
23,1,V II,133,51085.710000,7.0,CLOUDY_STOUT_NIST
23,1,V II,134,51123.210000,5.0,CLOUDY_STOUT_NIST
23,1,V II,135,52082.820000,9.0,CLOUDY_STOUT_NIST
23,1,V II,136,52153.360000,11.0,CLOUDY_STOUT_NIST
23,1,V II,137,52181.180000,3.0,CLOUDY_STOUT_NIST
23,1,V II,138,52245.690000,5.0,CLOUDY_STOUT_NIST
23,1,V II,139,52252.600000,13.0,CLOUDY_STOUT_NIST
23,1,V II,140,52391.940000,7.0,CLOUDY_STOUT_NIST
23,1,V II,141,52604.200000,3.0,CLOUDY_STOUT_NIST
23,1,V II,142,52657.470000,9.0,CLOUDY_STOUT_NIST
23,1,V II,143,52700.050000,5.0,CLOUDY_STOUT_NIST
23,1,V II,144,52767.300000,7.0,CLOUDY_STOUT_NIST
23,1,V II,145,52803.750000,3.0,CLOUDY_STOUT_NIST
23,1,V II,146,52877.890000,11.0,CLOUDY_STOUT_NIST
23,1,V II,147,53076.710000,13.0,CLOUDY_STOUT_NIST
23,1,V II,148,53319.560000,15.0,CLOUDY_STOUT_NIST
23,1,V II,149,53607.200000,9.0,CLOUDY_STOUT_NIST
23,1,V II,150,53751.480000,3.0,CLOUDY_STOUT_NIST
23,1,V II,151,53868.610000,5.0,CLOUDY_STOUT_NIST
23,1,V II,152,53927.170000,7.0,CLOUDY_STOUT_NIST
23,1,V II,153,54144.170000,9.0,CLOUDY_STOUT_NIST
23,1,V II,154,54715.660000,5.0,CLOUDY_STOUT_NIST
23,1,V II,155,54717.860000,3.0,CLOUDY_STOUT_NIST
23,1,V II,156,54813.400000,1.0,CLOUDY_STOUT_NIST
23,1,V II,157,55142.030000,7.0,CLOUDY_STOUT_NIST
23,1,V II,158,55206.790000,11.0,CLOUDY_STOUT_NIST
23,1,V II,159,55304.300000,9.0,CLOUDY_STOUT_NIST
23,1,V II,160,55349.630000,7.0,CLOUDY_STOUT_NIST
23,1,V II,161,55403.300000,13.0,CLOUDY_STOUT_NIST
23,1,V II,162,55499.340000,11.0,CLOUDY_STOUT_NIST
23,1,V II,163,55663.230000,3.0,CLOUDY_STOUT_NIST
23,1,V II,164,56171.400000,3.0,CLOUDY_STOUT_NIST
23,1,V II,165,57342.560000,5.0,CLOUDY_STOUT_NIST
23,1,V II,166,62084.940000,5.0,CLOUDY_STOUT_NIST
23,1,V II,167,62133.300000,7.0,CLOUDY_STOUT_NIST
23,1,V II,168,62176.190000,9.0,CLOUDY_STOUT_NIST
23,1,V II,169,62285.800000,5.0,CLOUDY_STOUT_NIST
23,1,V II,170,62444.100000,7.0,CLOUDY_STOUT_NIST
23,1,V II,171,62682.000000,9.0,CLOUDY_STOUT_NIST
23,1,V II,172,62987.600000,11.0,CLOUDY_STOUT_NIST
23,1,V II,173,63357.300000,13.0,CLOUDY_STOUT_NIST
23,1,V II,174,63549.200000,3.0,CLOUDY_STOUT_NIST
23,1,V II,175,63656.800000,5.0,CLOUDY_STOUT_NIST
23,1,V II,176,63816.700000,7.0,CLOUDY_STOUT_NIST
23,1,V II,177,64026.200000,9.0,CLOUDY_STOUT_NIST
23,1,V II,178,64057.540000,7.0,CLOUDY_STOUT_NIST
23,1,V II,179,64130.800000,9.0,CLOUDY_STOUT_NIST
23,1,V II,180,64229.190000,11.0,CLOUDY_STOUT_NIST
23,1,V II,181,64286.600000,11.0,CLOUDY_STOUT_NIST
23,1,V II,182,64586.140000,5.0,CLOUDY_STOUT_NIST
23,1,V II,183,64603.470000,7.0,CLOUDY_STOUT_NIST
23,1,V II,184,64804.170000,5.0,CLOUDY_STOUT_NIST
23,1,V II,185,64930.690000,3.0,CLOUDY_STOUT_NIST
23,1,V II,186,65781.800000,1.0,CLOUDY_STOUT_NIST
23,1,V II,187,65790.180000,9.0,CLOUDY_STOUT_NIST
23,1,V II,188,65815.200000,3.0,CLOUDY_STOUT_NIST
23,1,V II,189,65884.400000,5.0,CLOUDY_STOUT_NIST
23,1,V II,190,65995.600000,7.0,CLOUDY_STOUT_NIST
23,1,V II,191,66157.600000,9.0,CLOUDY_STOUT_NIST
23,1,V II,192,66303.840000,7.0,CLOUDY_STOUT_NIST
23,1,V II,193,67737.700000,5.0,CLOUDY_STOUT_NIST
23,1,V II,194,67904.800000,7.0,CLOUDY_STOUT_NIST
23,1,V II,195,68147.000000,9.0,CLOUDY_STOUT_NIST
23,1,V II,196,68759.200000,3.0,CLOUDY_STOUT_NIST
23,1,V II,197,68797.400000,5.0,CLOUDY_STOUT_NIST
23,1,V II,198,68944.900000,7.0,CLOUDY_STOUT_NIST
23,1,V II,199,69146.300000,3.0,CLOUDY_STOUT_NIST
23,1,V II,200,69228.200000,5.0,CLOUDY_STOUT_NIST
23,1,V II,201,69352.430000,7.0,CLOUDY_STOUT_NIST
23,1,V II,202,69518.360000,9.0,CLOUDY_STOUT_NIST
23,1,V II,203,69643.900000,7.0,CLOUDY_STOUT_NIST
23,1,V II,204,69724.140000,11.0,CLOUDY_STOUT_NIST
23,1,V II,205,69911.800000,9.0,CLOUDY_STOUT_NIST
23,1,V II,206,70227.600000,11.0,CLOUDY_STOUT_NIST
23,1,V II,207,70415.400000,5.0,CLOUDY_STOUT_NIST
23,1,V II,208,70629.710000,7.0,CLOUDY_STOUT_NIST
23,1,V II,209,70898.430000,9.0,CLOUDY_STOUT_NIST
23,1,V II,210,70923.280000,5.0,CLOUDY_STOUT_NIST
23,1,V II,211,70935.970000,7.0,CLOUDY_STOUT_NIST
23,1,V II,212,72292.400000,9.0,CLOUDY_STOUT_NIST
23,1,V II,213,72448.400000,7.0,CLOUDY_STOUT_NIST
23,1,V II,214,72518.350000,3.0,CLOUDY_STOUT_NIST
23,1,V II,215,72551.090000,9.0,CLOUDY_STOUT_NIST
23,1,V II,216,72674.580000,5.0,CLOUDY_STOUT_NIST
23,1,V II,217,72680.700000,11.0,CLOUDY_STOUT_NIST
23,1,V II,218,72837.420000,13.0,CLOUDY_STOUT_NIST
23,1,V II,219,72839.180000,3.0,CLOUDY_STOUT_NIST
23,1,V II,220,72877.850000,5.0,CLOUDY_STOUT_NIST
23,1,V II,221,72908.790000,7.0,CLOUDY_STOUT_NIST
23,1,V II,222,72951.380000,7.0,CLOUDY_STOUT_NIST
23,1,V II,223,73020.960000,15.0,CLOUDY_STOUT_NIST
23,1,V II,224,73027.180000,5.0,CLOUDY_STOUT_NIST
23,1,V II,225,73063.530000,9.0,CLOUDY_STOUT_NIST
23,1,V II,226,73146.210000,7.0,CLOUDY_STOUT_NIST
23,1,V II,227,73181.420000,3.0,CLOUDY_STOUT_NIST
23,1,V II,228,73223.170000,11.0,CLOUDY_STOUT_NIST
23,1,V II,229,73279.160000,9.0,CLOUDY_STOUT_NIST
23,1,V II,230,73309.920000,5.0,CLOUDY_STOUT_NIST
23,1,V II,231,73417.140000,11.0,CLOUDY_STOUT_NIST
23,1,V II,232,73499.600000,13.0,CLOUDY_STOUT_NIST
23,1,V II,233,73530.580000,7.0,CLOUDY_STOUT_NIST
23,1,V II,234,74949.480000,1.0,CLOUDY_STOUT_NIST
23,1,V II,235,75080.580000,3.0,CLOUDY_STOUT_NIST
23,1,V II,236,75140.520000,9.0,CLOUDY_STOUT_NIST
23,1,V II,237,75335.700000,5.0,CLOUDY_STOUT_NIST
23,1,V II,238,75346.150000,11.0,CLOUDY_STOUT_NIST
23,1,V II,239,75422.770000,7.0,CLOUDY_STOUT_NIST
23,1,V II,240,75592.360000,13.0,CLOUDY_STOUT_NIST
23,1,V II,241,75615.290000,9.0,CLOUDY_STOUT_NIST
23,1,V II,242,75716.000000,3.0,CLOUDY_STOUT_NIST
23,1,V II,243,75758.200000,5.0,CLOUDY_STOUT_NIST
23,1,V II,244,75813.380000,5.0,CLOUDY_STOUT_NIST
23,1,V II,245,75848.000000,7.0,CLOUDY_STOUT_NIST
23,1,V II,246,75854.100000,11.0,CLOUDY_STOUT_NIST
23,1,V II,247,75966.000000,7.0,CLOUDY_STOUT_NIST
23,1,V II,248,76142.950000,9.0,CLOUDY_STOUT_NIST
23,1,V II,249,76220.400000,5.0,CLOUDY_STOUT_NIST
23,1,V II,250,76281.200000,1.0,CLOUDY_STOUT_NIST
23,1,V II,251,76322.470000,3.0,CLOUDY_STOUT_NIST
23,1,V II,252,76385.800000,7.0,CLOUDY_STOUT_NIST
23,1,V II,253,76403.480000,5.0,CLOUDY_STOUT_NIST
23,1,V II,254,76405.400000,7.0,CLOUDY_STOUT_NIST
23,1,V II,255,76521.200000,7.0,CLOUDY_STOUT_NIST
23,1,V II,256,76643.500000,9.0,CLOUDY_STOUT_NIST
23,1,V II,257,76672.950000,9.0,CLOUDY_STOUT_NIST
23,1,V II,258,77603.400000,5.0,CLOUDY_STOUT_NIST
23,1,V II,259,77841.900000,7.0,CLOUDY_STOUT_NIST
23,1,V II,260,77857.000000,5.0,CLOUDY_STOUT_NIST
23,1,V II,261,77968.900000,9.0,CLOUDY_STOUT_NIST
23,1,V II,262,78416.800000,5.0,CLOUDY_STOUT_NIST
23,1,V II,263,78569.100000,3.0,CLOUDY_STOUT_NIST
23,1,V II,264,78644.100000,1.0,CLOUDY_STOUT_NIST
23,1,V II,265,79327.600000,7.0,CLOUDY_STOUT_NIST
23,1,V II,266,80542.200000,3.0,CLOUDY_STOUT_NIST
23,1,V II,267,80623.120000,5.0,CLOUDY_STOUT_NIST
23,1,V II,268,80782.280000,7.0,CLOUDY_STOUT_NIST
23,1,V II,269,81263.490000,7.0,CLOUDY_STOUT_NIST
23,1,V II,270,81342.880000,9.0,CLOUDY_STOUT_NIST
23,1,V II,271,81483.150000,11.0,CLOUDY_STOUT_NIST
23,1,V II,272,81669.390000,1.0,CLOUDY_STOUT_NIST
23,1,V II,273,81735.960000,3.0,CLOUDY_STOUT_NIST
23,1,V II,274,81914.220000,5.0,CLOUDY_STOUT_NIST
23,1,V II,275,82025.600000,9.0,CLOUDY_STOUT_NIST
23,1,V II,276,86027.940000,9.0,CLOUDY_STOUT_NIST
23,1,V II,277,86091.610000,11.0,CLOUDY_STOUT_NIST
23,1,V II,278,86191.600000,13.0,CLOUDY_STOUT_NIST
23,1,V II,279,86766.620000,11.0,CLOUDY_STOUT_NIST
23,1,V II,280,90182.360000,9.0,CLOUDY_STOUT_NIST
23,1,V II,281,90228.050000,11.0,CLOUDY_STOUT_NIST
23,1,V II,282,90238.750000,7.0,CLOUDY_STOUT_NIST
23,1,V II,283,90251.480000,5.0,CLOUDY_STOUT_NIST
23,1,V II,284,90280.220000,7.0,CLOUDY_STOUT_NIST
23,1,V II,285,90310.260000,9.0,CLOUDY_STOUT_NIST
23,1,V II,286,90355.340000,13.0,CLOUDY_STOUT_NIST
23,1,V II,287,90369.290000,3.0,CLOUDY_STOUT_NIST
23,1,V II,288,90375.680000,11.0,CLOUDY_STOUT_NIST
23,1,V II,289,90379.250000,3.0,CLOUDY_STOUT_NIST
23,1,V II,290,90386.740000,5.0,CLOUDY_STOUT_NIST
23,1,V II,291,90412.890000,7.0,CLOUDY_STOUT_NIST
23,1,V II,292,90424.580000,1.0,CLOUDY_STOUT_NIST
23,1,V II,293,90429.320000,11.0,CLOUDY_STOUT_NIST
23,1,V II,294,90433.150000,9.0,CLOUDY_STOUT_NIST
23,1,V II,295,90462.260000,9.0,CLOUDY_STOUT_NIST
23,1,V II,296,90497.900000,5.0,CLOUDY_STOUT_NIST
23,1,V II,297,90529.650000,15.0,CLOUDY_STOUT_NIST
23,1,V II,298,90535.050000,7.0,CLOUDY_STOUT_NIST
23,1,V II,299,90552.450000,3.0,CLOUDY_STOUT_NIST
23,1,V II,300,90580.250000,13.0,CLOUDY_STOUT_NIST
23,1,V II,301,90584.600000,1.0,CLOUDY_STOUT_NIST
23,1,V II,302,90608.510000,5.0,CLOUDY_STOUT_NIST
23,1,V II,303,90610.530000,13.0,CLOUDY_STOUT_NIST
23,1,V II,304,90611.820000,5.0,CLOUDY_STOUT_NIST
23,1,V II,305,90613.310000,7.0,CLOUDY_STOUT_NIST
23,1,V II,306,90615.780000,9.0,CLOUDY_STOUT_NIST
23,1,V II,307,90630.160000,11.0,CLOUDY_STOUT_NIST
23,1,V II,308,90657.340000,9.0,CLOUDY_STOUT_NIST
23,1,V II,309,90666.220000,11.0,CLOUDY_STOUT_NIST
23,1,V II,310,90668.460000,3.0,CLOUDY_STOUT_NIST
23,1,V II,311,90709.330000,7.0,CLOUDY_STOUT_NIST
23,1,V II,312,90745.990000,17.0,CLOUDY_STOUT_NIST
23,1,V II,313,90792.400000,5.0,CLOUDY_STOUT_NIST
23,1,V II,314,90795.910000,7.0,CLOUDY_STOUT_NIST
23,1,V II,315,90845.610000,7.0,CLOUDY_STOUT_NIST
23,1,V II,316,90846.250000,15.0,CLOUDY_STOUT_NIST
23,1,V II,317,90846.300000,15.0,CLOUDY_STOUT_NIST
23,1,V II,318,90853.280000,9.0,CLOUDY_STOUT_NIST
23,1,V II,319,90860.900000,13.0,CLOUDY_STOUT_NIST
23,1,V II,320,90874.760000,11.0,CLOUDY_STOUT_NIST
23,1,V II,321,90881.620000,9.0,CLOUDY_STOUT_NIST
23,1,V II,322,90917.120000,13.0,CLOUDY_STOUT_NIST
23,1,V II,323,90932.730000,11.0,CLOUDY_STOUT_NIST
24,4,Cr V,1,0.000000,5.0,CMFGEN_21jun23
24,4,Cr V,2,508.200000,7.0,CMFGEN_21jun23
24,4,Cr V,3,1141.700000,9.0,CMFGEN_21jun23
24,4,Cr V,4,13188.000000,5.0,CMFGEN_21jun23
24,4,Cr V,5,15491.800000,1.0,CMFGEN_21jun23
24,4,Cr V,6,15676.600000,3.0,CMFGEN_21jun23
24,4,Cr V,7,16041.000000,5.0,CMFGEN_21jun23
24,4,Cr V,8,22019.200000,9.0,CMFGEN_21jun23
24,4,Cr V,9,51146.400000,1.0,CMFGEN_21jun23
24,4,Cr V,10,167176.400000,3.0,CMFGEN_21jun23
24,4,Cr V,11,167491.000000,5.0,CMFGEN_21jun23
24,4,Cr V,12,168089.500000,7.0,CMFGEN_21jun23
24,4,Cr V,13,171698.100000,5.0,CMFGEN_21jun23
24,4,Cr V,14,226119.800000,5.0,CMFGEN_21jun23
24,4,Cr V,15,228001.800000,3.0,CMFGEN_21jun23
24,4,Cr V,16,228489.100000,5.0,CMFGEN_21jun23
24,4,Cr V,17,229120.800000,7.0,CMFGEN_21jun23
24,4,Cr V,18,229551.700000,5.0,CMFGEN_21jun23
24,4,Cr V,19,230316.300000,7.0,CMFGEN_21jun23
24,4,Cr V,20,231392.900000,9.0,CMFGEN_21jun23
24,4,Cr V,21,234618.400000,3.0,CMFGEN_21jun23
24,4,Cr V,22,234668.500000,1.0,CMFGEN_21jun23
24,4,Cr V,23,234846.400000,5.0,CMFGEN_21jun23
24,4,Cr V,24,237529.500000,7.0,CMFGEN_21jun23
24,4,Cr V,25,239917.500000,3.0,CMFGEN_21jun23
24,4,Cr V,26,316674.900000,7.0,CMFGEN_21jun23
24,4,Cr V,27,317893.800000,3.0,CMFGEN_21jun23
24,4,Cr V,28,318227.600000,5.0,CMFGEN_21jun23
24,4,Cr V,29,318601.700000,7.0,CMFGEN_21jun23
24,4,Cr V,30,319119.100000,7.0,CMFGEN_21jun23
24,4,Cr V,31,319284.000000,3.0,CMFGEN_21jun23
24,4,Cr V,32,319516.800000,9.0,CMFGEN_21jun23
24,4,Cr V,33,320074.400000,11.0,CMFGEN_21jun23
24,4,Cr V,34,322528.100000,3.0,CMFGEN_21jun23
24,4,Cr V,35,325104.100000,5.0,CMFGEN_21jun23
24,4,Cr V,36,325472.500000,7.0,CMFGEN_21jun23
24,4,Cr V,37,325884.200000,9.0,CMFGEN_21jun23
24,4,Cr V,38,329350.300000,5.0,CMFGEN_21jun23
24,4,Cr V,39,330084.800000,1.0,CMFGEN_21jun23
24,4,Cr V,40,330245.100000,3.0,CMFGEN_21jun23
24,4,Cr V,41,330536.800000,5.0,CMFGEN_21jun23
24,4,Cr V,42,331811.200000,9.0,CMFGEN_21jun23
24,4,Cr V,43,356744.800000,3.0,CMFGEN_21jun23
24,4,Cr V,44,356981.300000,5.0,CMFGEN_21jun23
24,4,Cr V,45,357675.900000,7.0,CMFGEN_21jun23
24,4,Cr V,46,358653.800000,5.0,CMFGEN_21jun23
24,4,Cr V,47,728.630000,0.0,CMFGEN_21jun23
24,4,Cr V,48,3914.700000,0.0,CMFGEN_21jun23
24,4,Cr V,49,5117.000000,0.0,CMFGEN_21jun23
24,4,Cr V,50,7064.700000,0.0,CMFGEN_21jun23
24,4,Cr V,51,1245.600000,0.0,CMFGEN_21jun23
24,4,Cr V,52,6615.200000,0.0,CMFGEN_21jun23
24,4,Cr V,53,4363.300000,0.0,CMFGEN_21jun23
24,4,Cr V,54,955580.000000,0.0,CMFGEN_21jun23
24,4,Cr V,55,296260.000000,0.0,CMFGEN_21jun23
24,4,Cr V,56,764900.000000,0.0,CMFGEN_21jun23
24,4,Cr V,57,26.261000,0.0,CMFGEN_21jun23
24,4,Cr V,58,3392.100000,0.0,CMFGEN_21jun23
24,4,Cr V,59,1192.200000,0.0,CMFGEN_21jun23
24,4,Cr V,60,9237.600000,0.0,CMFGEN_21jun23
24,4,Cr V,61,12631.000000,0.0,CMFGEN_21jun23
24,4,Cr V,62,2042.300000,0.0,CMFGEN_21jun23
24,4,Cr V,63,9297.800000,0.0,CMFGEN_21jun23
24,4,Cr V,64,3234.500000,0.0,CMFGEN_21jun23
24,4,Cr V,65,983.220000,0.0,CMFGEN_21jun23
24,4,Cr V,66,11262.000000,0.0,CMFGEN_21jun23
24,4,Cr V,67,9219.900000,0.0,CMFGEN_21jun23
24,4,Cr V,68,5874.600000,0.0,CMFGEN_21jun23
24,4,Cr V,69,53420.000000,0.0,CMFGEN_21jun23
24,4,Cr V,70,17991.000000,0.0,CMFGEN_21jun23
24,4,Cr V,71,5287.900000,0.0,CMFGEN_21jun23
24,4,Cr V,72,22316.000000,0.0,CMFGEN_21jun23
24,4,Cr V,73,12844.000000,0.0,CMFGEN_21jun23
24,4,Cr V,74,3416.500000,0.0,CMFGEN_21jun23
24,4,Cr V,75,61345.000000,0.0,CMFGEN_21jun23
24,4,Cr V,76,1483.400000,0.0,CMFGEN_21jun23
24,4,Cr V,77,2904.600000,0.0,CMFGEN_21jun23
24,4,Cr V,78,73967.000000,0.0,CMFGEN_21jun23
24,4,Cr V,79,765840.000000,0.0,CMFGEN_21jun23
24,4,Cr V,80,214160.000000,0.0,CMFGEN_21jun23
24,4,Cr V,81,0.928110,0.0,CMFGEN_21jun23
24,4,Cr V,82,6.465000,0.0,CMFGEN_21jun23
24,4,Cr V,83,38.244000,0.0,CMFGEN_21jun23
24,4,Cr V,84,575.890000,0.0,CMFGEN_21jun23
24,4,Cr V,85,2813.700000,0.0,CMFGEN_21jun23
24,4,Cr V,86,11318.000000,0.0,CMFGEN_21jun23
24,4,Cr V,87,2314.000000,0.0,CMFGEN_21jun23
24,4,Cr V,88,18018.000000,0.0,CMFGEN_21jun23
24,4,Cr V,89,2013.300000,0.0,CMFGEN_21jun23
24,4,Cr V,90,7424.200000,0.0,CMFGEN_21jun23
24,4,Cr V,91,1792.300000,0.0,CMFGEN_21jun23
24,4,Cr V,92,734.600000,0.0,CMFGEN_21jun23
24,4,Cr V,93,2686.200000,0.0,CMFGEN_21jun23
24,4,Cr V,94,19316.000000,0.0,CMFGEN_21jun23
24,4,Cr V,95,7748.500000,0.0,CMFGEN_21jun23
24,4,Cr V,96,41026.000000,0.0,CMFGEN_21jun23
24,4,Cr V,97,4210.500000,0.0,CMFGEN_21jun23
24,4,Cr V,98,48589.000000,0.0,CMFGEN_21jun23
24,4,Cr V,99,49135.000000,0.0,CMFGEN_21jun23
24,4,Cr V,100,9216.400000,0.0,CMFGEN_21jun23
24,4,Cr V,101,7460.800000,0.0,CMFGEN_21jun23
24,4,Cr V,102,70765.000000,0.0,CMFGEN_21jun23
24,4,Cr V,103,138220.000000,0.0,CMFGEN_21jun23
24,4,Cr V,104,89014.000000,0.0,CMFGEN_21jun23
24,4,Cr V,105,2272.400000,0.0,CMFGEN_21jun23
24,4,Cr V,106,2635.400000,0.0,CMFGEN_21jun23
24,4,Cr V,107,95985.000000,0.0,CMFGEN_21jun23
24,4,Cr V,108,839010.000000,0.0,CMFGEN_21jun23
24,4,Cr V,109,278540.000000,0.0,CMFGEN_21jun23
24,4,Cr V,110,951.600000,0.0,CMFGEN_21jun23
24,4,Cr V,111,1085.600000,0.0,CMFGEN_21jun23
24,4,Cr V,112,1080.800000,0.0,CMFGEN_21jun23
24,4,Cr V,113,8574.100000,0.0,CMFGEN_21jun23
24,4,Cr V,114,130.510000,0.0,CMFGEN_21jun23
24,4,Cr V,115,572.050000,0.0,CMFGEN_21jun23
24,4,Cr V,116,1162.200000,0.0,CMFGEN_21jun23
24,4,Cr V,117,1978.800000,0.0,CMFGEN_21jun23
24,4,Cr V,118,26539.000000,0.0,CMFGEN_21jun23
24,4,Cr V,119,972.970000,0.0,CMFGEN_21jun23
24,4,Cr V,120,265.210000,0.0,CMFGEN_21jun23
24,4,Cr V,121,104.950000,0.0,CMFGEN_21jun23
24,4,Cr V,122,2945.800000,0.0,CMFGEN_21jun23
24,4,Cr V,123,4360.000000,0.0,CMFGEN_21jun23
24,4,Cr V,124,1306.800000,0.0,CMFGEN_21jun23
24,4,Cr V,125,170.810000,0.0,CMFGEN_21jun23
24,4,Cr V,126,1813.900000,0.0,CMFGEN_21jun23
24,4,Cr V,127,316.500000,0.0,CMFGEN_21jun23
24,4,Cr V,128,612.400000,0.0,CMFGEN_21jun23
24,4,Cr V,129,18119.000000,0.0,CMFGEN_21jun23
24,4,Cr V,130,16126.000000,0.0,CMFGEN_21jun23
24,4,Cr V,131,33821.000000,0.0,CMFGEN_21jun23
24,4,Cr V,132,1359900.000000,0.0,CMFGEN_21jun23
24,4,Cr V,133,270.830000,0.0,CMFGEN_21jun23
24,4,Cr V,134,993.410000,0.0,CMFGEN_21jun23
25,3,Mn IV,1,0.000000,1.0,CMFGEN_21jun23
25,3,Mn IV,2,99.000000,3.0,CMFGEN_21jun23
25,3,Mn IV,3,286.800000,5.0,CMFGEN_21jun23
25,3,Mn IV,4,552.200000,7.0,CMFGEN_21jun23
25,3,Mn IV,5,885.800000,9.0,CMFGEN_21jun23
25,3,Mn IV,6,20654.200000,1.0,CMFGEN_21jun23
25,3,Mn IV,7,21278.800000,3.0,CMFGEN_21jun23
25,3,Mn IV,8,21280.700000,9.0,CMFGEN_21jun23
25,3,Mn IV,9,21474.800000,11.0,CMFGEN_21jun23
25,3,Mn IV,10,21679.300000,13.0,CMFGEN_21jun23
25,3,Mn IV,11,22324.700000,5.0,CMFGEN_21jun23
25,3,Mn IV,12,22791.000000,5.0,CMFGEN_21jun23
25,3,Mn IV,13,22862.300000,7.0,CMFGEN_21jun23
25,3,Mn IV,14,22959.100000,9.0,CMFGEN_21jun23
25,3,Mn IV,15,25440.400000,7.0,CMFGEN_21jun23
25,3,Mn IV,16,25670.800000,9.0,CMFGEN_21jun23
25,3,Mn IV,17,25877.700000,11.0,CMFGEN_21jun23
25,3,Mn IV,18,31385.200000,7.0,CMFGEN_21jun23
25,3,Mn IV,19,31473.500000,5.0,CMFGEN_21jun23
25,3,Mn IV,20,31580.700000,3.0,CMFGEN_21jun23
25,3,Mn IV,21,53212.300000,9.0,CMFGEN_21jun23
25,3,Mn IV,22,53260.700000,5.0,CMFGEN_21jun23
25,3,Mn IV,23,53286.700000,7.0,CMFGEN_21jun23
25,3,Mn IV,24,111506.000000,3.0,CMFGEN_21jun23
25,3,Mn IV,25,111710.400000,5.0,CMFGEN_21jun23
25,3,Mn IV,26,112013.300000,7.0,CMFGEN_21jun23
25,3,Mn IV,27,112408.900000,9.0,CMFGEN_21jun23
25,3,Mn IV,28,112882.800000,11.0,CMFGEN_21jun23
25,3,Mn IV,29,119445.500000,5.0,CMFGEN_21jun23
25,3,Mn IV,30,119961.500000,7.0,CMFGEN_21jun23
25,3,Mn IV,31,120603.100000,9.0,CMFGEN_21jun23
25,3,Mn IV,32,130969.500000,7.0,CMFGEN_21jun23
25,3,Mn IV,33,131170.100000,9.0,CMFGEN_21jun23
25,3,Mn IV,34,131462.500000,11.0,CMFGEN_21jun23
25,3,Mn IV,35,137853.000000,9.0,CMFGEN_21jun23
25,3,Mn IV,36,137930.100000,11.0,CMFGEN_21jun23
25,3,Mn IV,37,138123.100000,13.0,CMFGEN_21jun23
25,3,Mn IV,38,152700.500000,9.0,CMFGEN_21jun23
25,3,Mn IV,39,152858.200000,7.0,CMFGEN_21jun23
25,3,Mn IV,40,152986.000000,5.0,CMFGEN_21jun23
25,3,Mn IV,41,167890.100000,5.0,CMFGEN_21jun23
25,3,Mn IV,42,168300.300000,7.0,CMFGEN_21jun23
25,3,Mn IV,43,168839.700000,9.0,CMFGEN_21jun23
25,3,Mn IV,44,169499.200000,11.0,CMFGEN_21jun23
25,3,Mn IV,45,170285.800000,13.0,CMFGEN_21jun23
25,3,Mn IV,46,170577.800000,3.0,CMFGEN_21jun23
25,3,Mn IV,47,170866.300000,5.0,CMFGEN_21jun23
25,3,Mn IV,48,171276.900000,7.0,CMFGEN_21jun23
25,3,Mn IV,49,171383.900000,3.0,CMFGEN_21jun23
25,3,Mn IV,50,171698.300000,5.0,CMFGEN_21jun23
25,3,Mn IV,51,171765.000000,9.0,CMFGEN_21jun23
25,3,Mn IV,52,172081.900000,7.0,CMFGEN_21jun23
25,3,Mn IV,53,172090.600000,3.0,CMFGEN_21jun23
25,3,Mn IV,54,172398.700000,5.0,CMFGEN_21jun23
25,3,Mn IV,55,172477.200000,9.0,CMFGEN_21jun23
25,3,Mn IV,56,172871.500000,11.0,CMFGEN_21jun23
25,3,Mn IV,57,172952.600000,7.0,CMFGEN_21jun23
25,3,Mn IV,58,175436.000000,7.0,CMFGEN_21jun23
25,3,Mn IV,59,175813.400000,9.0,CMFGEN_21jun23
25,3,Mn IV,60,176288.600000,11.0,CMFGEN_21jun23
25,3,Mn IV,61,177629.800000,5.0,CMFGEN_21jun23
25,3,Mn IV,62,178075.100000,7.0,CMFGEN_21jun23
25,3,Mn IV,63,178579.500000,9.0,CMFGEN_21jun23
25,3,Mn IV,64,184566.100000,3.0,CMFGEN_21jun23
25,3,Mn IV,65,184901.200000,5.0,CMFGEN_21jun23
25,3,Mn IV,66,185435.900000,7.0,CMFGEN_21jun23
25,3,Mn IV,67,186659.400000,9.0,CMFGEN_21jun23
25,3,Mn IV,68,187004.000000,7.0,CMFGEN_21jun23
25,3,Mn IV,69,187278.500000,11.0,CMFGEN_21jun23
25,3,Mn IV,70,187679.500000,9.0,CMFGEN_21jun23
25,3,Mn IV,71,188184.800000,13.0,CMFGEN_21jun23
25,3,Mn IV,72,188756.200000,7.0,CMFGEN_21jun23
25,3,Mn IV,73,189210.900000,9.0,CMFGEN_21jun23
25,3,Mn IV,74,189553.900000,11.0,CMFGEN_21jun23
25,3,Mn IV,75,190032.400000,9.0,CMFGEN_21jun23
25,3,Mn IV,76,190135.900000,5.0,CMFGEN_21jun23
25,3,Mn IV,77,190282.800000,7.0,CMFGEN_21jun23
25,3,Mn IV,78,192980.700000,3.0,CMFGEN_21jun23
25,3,Mn IV,79,193739.600000,5.0,CMFGEN_21jun23
25,3,Mn IV,80,193760.700000,9.0,CMFGEN_21jun23
25,3,Mn IV,81,193879.400000,11.0,CMFGEN_21jun23
25,3,Mn IV,82,194155.700000,13.0,CMFGEN_21jun23
25,3,Mn IV,83,194208.200000,7.0,CMFGEN_21jun23
25,3,Mn IV,84,195974.100000,11.0,CMFGEN_21jun23
25,3,Mn IV,85,196497.900000,13.0,CMFGEN_21jun23
25,3,Mn IV,86,197095.400000,3.0,CMFGEN_21jun23
25,3,Mn IV,87,197185.000000,15.0,CMFGEN_21jun23
25,3,Mn IV,88,197554.800000,5.0,CMFGEN_21jun23
25,3,Mn IV,89,197885.500000,7.0,CMFGEN_21jun23
25,3,Mn IV,90,200192.200000,11.0,CMFGEN_21jun23
25,3,Mn IV,91,200290.400000,9.0,CMFGEN_21jun23
25,3,Mn IV,92,200333.200000,7.0,CMFGEN_21jun23
25,3,Mn IV,93,209260.200000,5.0,CMFGEN_21jun23
25,3,Mn IV,94,209315.500000,7.0,CMFGEN_21jun23
25,3,Mn IV,95,209447.500000,9.0,CMFGEN_21jun23
25,3,Mn IV,96,212399.300000,7.0,CMFGEN_21jun23
25,3,Mn IV,97,212665.300000,9.0,CMFGEN_21jun23
25,3,Mn IV,98,212966.500000,11.0,CMFGEN_21jun23
25,3,Mn IV,99,248388.600000,7.0,CMFGEN_21jun23
25,3,Mn IV,100,248665.000000,9.0,CMFGEN_21jun23
25,3,Mn IV,101,248983.800000,11.0,CMFGEN_21jun23
25,3,Mn IV,102,249374.800000,13.0,CMFGEN_21jun23
25,3,Mn IV,103,249822.700000,15.0,CMFGEN_21jun23
25,3,Mn IV,104,0.462870,0.0,CMFGEN_21jun23
25,3,Mn IV,105,13.484000,0.0,CMFGEN_21jun23
25,3,Mn IV,106,5.044800,0.0,CMFGEN_21jun23
25,3,Mn IV,107,65.709000,0.0,CMFGEN_21jun23
26,6,Fe VII,1,0.000000,5.0,CMFGEN_21jun23
26,6,Fe VII,2,1051.500000,7.0,CMFGEN_21jun23
26,6,Fe VII,3,2331.500000,9.0,CMFGEN_21jun23
26,6,Fe VII,4,17475.500000,5.0,CMFGEN_21jun23
26,6,Fe VII,5,20040.300000,1.0,CMFGEN_21jun23
26,6,Fe VII,6,20430.100000,3.0,CMFGEN_21jun23
26,6,Fe VII,7,21278.600000,5.0,CMFGEN_21jun23
26,6,Fe VII,8,28927.300000,9.0,CMFGEN_21jun23
26,6,Fe VII,9,67078.300000,1.0,CMFGEN_21jun23
26,6,Fe VII,10,344463.300000,3.0,CMFGEN_21jun23
26,6,Fe VII,11,345028.700000,5.0,CMFGEN_21jun23
26,6,Fe VII,12,346262.200000,7.0,CMFGEN_21jun23
26,6,Fe VII,13,350332.600000,5.0,CMFGEN_21jun23
26,6,Fe VII,14,425128.600000,3.0,CMFGEN_21jun23
26,6,Fe VII,15,425386.100000,5.0,CMFGEN_21jun23
26,6,Fe VII,16,427784.700000,5.0,CMFGEN_21jun23
26,6,Fe VII,17,430213.400000,5.0,CMFGEN_21jun23
26,6,Fe VII,18,430948.600000,7.0,CMFGEN_21jun23
26,6,Fe VII,19,431609.500000,7.0,CMFGEN_21jun23
26,6,Fe VII,20,433871.200000,9.0,CMFGEN_21jun23
26,6,Fe VII,21,436952.200000,3.0,CMFGEN_21jun23
26,6,Fe VII,22,437001.300000,1.0,CMFGEN_21jun23
26,6,Fe VII,23,437558.000000,5.0,CMFGEN_21jun23
26,6,Fe VII,24,439811.600000,7.0,CMFGEN_21jun23
26,6,Fe VII,25,443447.000000,3.0,CMFGEN_21jun23
26,6,Fe VII,26,464034.000000,11.0,CMFGEN_21jun23
26,6,Fe VII,27,472559.000000,11.0,CMFGEN_21jun23
26,6,Fe VII,28,472903.000000,9.0,CMFGEN_21jun23
26,6,Fe VII,29,481435.000000,7.0,CMFGEN_21jun23
26,6,Fe VII,30,496454.000000,9.0,CMFGEN_21jun23
26,6,Fe VII,31,510086.000000,7.0,CMFGEN_21jun23
26,6,Fe VII,32,510158.000000,9.0,CMFGEN_21jun23
26,6,Fe VII,33,514133.000000,11.0,CMFGEN_21jun23
26,6,Fe VII,34,538290.000000,5.0,CMFGEN_21jun23
26,6,Fe VII,35,548274.000000,5.0,CMFGEN_21jun23
26,6,Fe VII,36,551568.000000,7.0,CMFGEN_21jun23
26,6,Fe VII,37,553220.000000,5.0,CMFGEN_21jun23
26,6,Fe VII,38,556422.000000,7.0,CMFGEN_21jun23
26,6,Fe VII,39,561303.000000,3.0,CMFGEN_21jun23
26,6,Fe VII,40,564425.000000,5.0,CMFGEN_21jun23
26,6,Fe VII,41,565275.000000,5.0,CMFGEN_21jun23
26,6,Fe VII,42,566256.000000,7.0,CMFGEN_21jun23
26,6,Fe VII,43,568118.000000,9.0,CMFGEN_21jun23
26,6,Fe VII,44,598638.000000,3.0,CMFGEN_21jun23
26,6,Fe VII,45,603419.000000,7.0,CMFGEN_21jun23
26,6,Fe VII,46,603757.000000,5.0,CMFGEN_21jun23
26,6,Fe VII,47,604270.000000,3.0,CMFGEN_21jun23
26,6,Fe VII,48,605489.000000,9.0,CMFGEN_21jun23
26,6,Fe VII,49,623699.000000,3.0,CMFGEN_21jun23
26,6,Fe VII,50,630283.000000,3.0,CMFGEN_21jun23
26,6,Fe VII,51,659917.000000,9.0,CMFGEN_21jun23
26,6,Fe VII,52,660015.000000,5.0,CMFGEN_21jun23
26,6,Fe VII,53,660358.000000,7.0,CMFGEN_21jun23
26,6,Fe VII,54,661169.000000,9.0,CMFGEN_21jun23
26,6,Fe VII,55,663097.000000,7.0,CMFGEN_21jun23
26,6,Fe VII,56,663871.000000,5.0,CMFGEN_21jun23
26,6,Fe VII,57,663950.000000,9.0,CMFGEN_21jun23
26,6,Fe VII,58,664482.000000,11.0,CMFGEN_21jun23
26,6,Fe VII,59,665417.000000,7.0,CMFGEN_21jun23
26,6,Fe VII,60,665832.000000,3.0,CMFGEN_21jun23
26,6,Fe VII,61,665923.000000,5.0,CMFGEN_21jun23
26,6,Fe VII,62,666651.000000,7.0,CMFGEN_21jun23
26,6,Fe VII,63,667899.000000,5.0,CMFGEN_21jun23
26,6,Fe VII,64,668253.000000,3.0,CMFGEN_21jun23
26,6,Fe VII,65,668489.000000,1.0,CMFGEN_21jun23
26,6,Fe VII,66,669978.000000,11.0,CMFGEN_21jun23
26,6,Fe VII,67,672820.000000,3.0,CMFGEN_21jun23
26,6,Fe VII,68,745556.000000,3.0,CMFGEN_21jun23
26,6,Fe VII,69,746965.000000,5.0,CMFGEN_21jun23
26,6,Fe VII,70,749166.000000,7.0,CMFGEN_21jun23
26,6,Fe VII,71,766991.000000,11.0,CMFGEN_21jun23
26,6,Fe VII,72,768425.000000,5.0,CMFGEN_21jun23
26,6,Fe VII,73,768813.000000,9.0,CMFGEN_21jun23
26,6,Fe VII,74,769991.000000,7.0,CMFGEN_21jun23
26,6,Fe VII,75,771612.000000,3.0,CMFGEN_21jun23
26,6,Fe VII,76,773488.000000,1.0,CMFGEN_21jun23
26,6,Fe VII,77,778420.000000,7.0,CMFGEN_21jun23
26,6,Fe VII,78,779009.000000,5.0,CMFGEN_21jun23
26,6,Fe VII,79,779575.000000,9.0,CMFGEN_21jun23
26,6,Fe VII,80,782690.000000,9.0,CMFGEN_21jun23
26,6,Fe VII,81,783119.000000,7.0,CMFGEN_21jun23
26,6,Fe VII,82,784174.000000,9.0,CMFGEN_21jun23
26,6,Fe VII,83,784477.000000,9.0,CMFGEN_21jun23
26,6,Fe VII,84,784733.000000,5.0,CMFGEN_21jun23
26,6,Fe VII,85,785012.000000,7.0,CMFGEN_21jun23
26,6,Fe VII,86,785809.000000,9.0,CMFGEN_21jun23
26,6,Fe VII,87,786732.000000,7.0,CMFGEN_21jun23
26,6,Fe VII,88,786830.000000,5.0,CMFGEN_21jun23
26,6,Fe VII,89,787737.000000,9.0,CMFGEN_21jun23
26,6,Fe VII,90,787945.000000,3.0,CMFGEN_21jun23
26,6,Fe VII,91,788030.000000,5.0,CMFGEN_21jun23
26,6,Fe VII,92,788146.000000,11.0,CMFGEN_21jun23
26,6,Fe VII,93,788303.000000,7.0,CMFGEN_21jun23
26,6,Fe VII,94,788995.000000,5.0,CMFGEN_21jun23
26,6,Fe VII,95,789172.000000,3.0,CMFGEN_21jun23
26,6,Fe VII,96,789215.000000,7.0,CMFGEN_21jun23
26,6,Fe VII,97,789365.000000,1.0,CMFGEN_21jun23
26,6,Fe VII,98,790708.000000,3.0,CMFGEN_21jun23
26,6,Fe VII,99,791168.000000,11.0,CMFGEN_21jun23
26,6,Fe VII,100,794149.000000,7.0,CMFGEN_21jun23
26,6,Fe VII,101,797257.000000,7.0,CMFGEN_21jun23
26,6,Fe VII,102,797712.000000,9.0,CMFGEN_21jun23
26,6,Fe VII,103,800633.000000,11.0,CMFGEN_21jun23
26,6,Fe VII,104,802462.000000,9.0,CMFGEN_21jun23
26,6,Fe VII,105,806033.000000,11.0,CMFGEN_21jun23
26,6,Fe VII,106,807627.000000,7.0,CMFGEN_21jun23
26,6,Fe VII,107,812086.000000,7.0,CMFGEN_21jun23
26,6,Fe VII,108,813877.000000,5.0,CMFGEN_21jun23
26,6,Fe VII,109,817195.000000,3.0,CMFGEN_21jun23
26,6,Fe VII,110,822689.000000,3.0,CMFGEN_21jun23
26,6,Fe VII,111,824184.000000,5.0,CMFGEN_21jun23
26,6,Fe VII,112,826106.000000,3.0,CMFGEN_21jun23
26,6,Fe VII,113,827533.000000,7.0,CMFGEN_21jun23
26,6,Fe VII,114,829626.000000,5.0,CMFGEN_21jun23
26,6,Fe VII,115,832889.000000,11.0,CMFGEN_21jun23
26,6,Fe VII,116,832893.000000,9.0,CMFGEN_21jun23
26,6,Fe VII,117,833128.000000,7.0,CMFGEN_21jun23
26,6,Fe VII,118,837472.000000,3.0,CMFGEN_21jun23
26,6,Fe VII,119,852601.000000,9.0,CMFGEN_21jun23
26,6,Fe VII,120,853307.000000,9.0,CMFGEN_21jun23
26,6,Fe VII,121,853433.000000,5.0,CMFGEN_21jun23
26,6,Fe VII,122,853697.000000,7.0,CMFGEN_21jun23
26,6,Fe VII,123,854760.000000,7.0,CMFGEN_21jun23
26,6,Fe VII,124,854767.000000,9.0,CMFGEN_21jun23
26,6,Fe VII,125,854838.000000,5.0,CMFGEN_21jun23
26,6,Fe VII,126,855346.000000,3.0,CMFGEN_21jun23
26,6,Fe VII,127,855903.000000,5.0,CMFGEN_21jun23
26,6,Fe VII,128,855969.000000,9.0,CMFGEN_21jun23
26,6,Fe VII,129,856109.000000,7.0,CMFGEN_21jun23
26,6,Fe VII,130,856260.000000,11.0,CMFGEN_21jun23
26,6,Fe VII,131,856797.000000,7.0,CMFGEN_21jun23
26,6,Fe VII,132,856811.000000,5.0,CMFGEN_21jun23
26,6,Fe VII,133,856975.000000,3.0,CMFGEN_21jun23
26,6,Fe VII,134,857082.000000,1.0,CMFGEN_21jun23
26,6,Fe VII,135,857881.000000,11.0,CMFGEN_21jun23
26,6,Fe VII,136,894718.000000,5.0,CMFGEN_21jun23
26,6,Fe VII,137,894944.000000,7.0,CMFGEN_21jun23
26,6,Fe VII,138,895744.000000,7.0,CMFGEN_21jun23
26,6,Fe VII,139,896382.000000,9.0,CMFGEN_21jun23
26,6,Fe VII,140,897077.000000,9.0,CMFGEN_21jun23
26,6,Fe VII,141,897254.000000,11.0,CMFGEN_21jun23
26,6,Fe VII,142,898243.000000,11.0,CMFGEN_21jun23
26,6,Fe VII,143,921694.000000,7.0,CMFGEN_21jun23
26,6,Fe VII,144,923282.000000,9.0,CMFGEN_21jun23
26,6,Fe VII,145,923716.000000,9.0,CMFGEN_21jun23
26,6,Fe VII,146,923838.000000,11.0,CMFGEN_21jun23
26,6,Fe VII,147,924479.000000,11.0,CMFGEN_21jun23
26,6,Fe VII,148,928684.000000,5.0,CMFGEN_21jun23
26,6,Fe VII,149,941918.000000,9.0,CMFGEN_21jun23
26,6,Fe VII,150,942022.000000,11.0,CMFGEN_21jun23
26,6,Fe VII,151,942477.000000,11.0,CMFGEN_21jun23
26,6,Fe VII,152,954904.000000,9.0,CMFGEN_21jun23
26,6,Fe VII,153,954966.000000,11.0,CMFGEN_21jun23
26,6,Fe VII,154,955307.000000,11.0,CMFGEN_21jun23
26,6,Fe VII,155,23.176000,0.0,CMFGEN_21jun23
26,6,Fe VII,156,190.820000,0.0,CMFGEN_21jun23
26,6,Fe VII,157,543940.000000,0.0,CMFGEN_21jun23
26,6,Fe VII,158,446700.000000,0.0,CMFGEN_21jun23
26,6,Fe VII,159,282500.000000,0.0,CMFGEN_21jun23
26,6,Fe VII,160,181740.000000,0.0,CMFGEN_21jun23
26,6,Fe VII,161,2448.400000,0.0,CMFGEN_21jun23
26,6,Fe VII,162,117450.000000,0.0,CMFGEN_21jun23
26,6,Fe VII,163,45745.000000,0.0,CMFGEN_21jun23
26,6,Fe VII,164,184340.000000,0.0,CMFGEN_21jun23
26,6,Fe VII,165,39259.000000,0.0,CMFGEN_21jun23
26,6,Fe VII,166,111470.000000,0.0,CMFGEN_21jun23
26,6,Fe VII,167,1078100.000000,0.0,CMFGEN_21jun23
26,6,Fe VII,168,50245000.000000,0.0,CMFGEN_21jun23
26,6,Fe VII,169,695260.000000,0.0,CMFGEN_21jun23
26,6,Fe VII,170,306950.000000,0.0,CMFGEN_21jun23
26,6,Fe VII,171,5921900.000000,0.0,CMFGEN_21jun23
26,6,Fe VII,172,100610.000000,0.0,CMFGEN_21jun23
26,6,Fe VII,173,13813000.000000,0.0,CMFGEN_21jun23
26,6,Fe VII,174,27693000.000000,0.0,CMFGEN_21jun23
26,6,Fe VII,175,381410.000000,0.0,CMFGEN_21jun23
26,6,Fe VII,176,333630.000000,0.0,CMFGEN_21jun23
26,6,Fe VII,177,952830.000000,0.0,CMFGEN_21jun23
26,6,Fe VII,178,1630800.000000,0.0,CMFGEN_21jun23
26,6,Fe VII,179,15469000.000000,0.0,CMFGEN_21jun23
26,6,Fe VII,180,18714000.000000,0.0,CMFGEN_21jun23
26,6,Fe VII,181,3952500.000000,0.0,CMFGEN_21jun23
26,6,Fe VII,182,307100.000000,0.0,CMFGEN_21jun23
26,6,Fe VII,183,835520.000000,0.0,CMFGEN_21jun23
26,6,Fe VII,184,1199100.000000,0.0,CMFGEN_21jun23
26,6,Fe VII,185,226480.000000,0.0,CMFGEN_21jun23
26,6,Fe VII,186,223630.000000,0.0,CMFGEN_21jun23
26,6,Fe VII,187,161900.000000,0.0,CMFGEN_21jun23
26,6,Fe VII,188,479430.000000,0.0,CMFGEN_21jun23
26,6,Fe VII,189,84903.000000,0.0,CMFGEN_21jun23
26,6,Fe VII,190,783310.000000,0.0,CMFGEN_21jun23
26,6,Fe VII,191,1302700.000000,0.0,CMFGEN_21jun23
26,6,Fe VII,192,149370.000000,0.0,CMFGEN_21jun23
26,6,Fe VII,193,492660.000000,0.0,CMFGEN_21jun23
26,6,Fe VII,194,68173.000000,0.0,CMFGEN_21jun23
26,6,Fe VII,195,2607000.000000,0.0,CMFGEN_21jun23
26,6,Fe VII,196,2511400.000000,0.0,CMFGEN_21jun23
26,6,Fe VII,197,298150000.000000,0.1,CMFGEN_21jun23
26,6,Fe VII,198,172460000.000000,0.1,CMFGEN_21jun23
26,6,Fe VII,199,122530000.000000,0.0,CMFGEN_21jun23
26,6,Fe VII,200,4544000.000000,0.0,CMFGEN_21jun23
26,6,Fe VII,201,7483400.000000,0.0,CMFGEN_21jun23
26,6,Fe VII,202,48168000.000000,0.0,CMFGEN_21jun23
26,6,Fe VII,203,43996000.000000,0.0,CMFGEN_21jun23
26,6,Fe VII,204,5947800.000000,0.0,CMFGEN_21jun23
26,6,Fe VII,205,3694200.000000,0.0,CMFGEN_21jun23
26,6,Fe VII,206,16730000.000000,0.0,CMFGEN_21jun23
26,6,Fe VII,207,1133400.000000,0.0,CMFGEN_21jun23
26,6,Fe VII,208,9909200.000000,0.0,CMFGEN_21jun23
26,6,Fe VII,209,46283000.000000,0.0,CMFGEN_21jun23
26,6,Fe VII,210,7174000.000000,0.0,CMFGEN_21jun23
26,6,Fe VII,211,125730.000000,0.0,CMFGEN_21jun23
26,6,Fe VII,212,3472700.000000,0.0,CMFGEN_21jun23
26,6,Fe VII,213,10258000.000000,0.0,CMFGEN_21jun23
26,6,Fe VII,214,23671000.000000,0.0,CMFGEN_21jun23
26,6,Fe VII,215,739840.000000,0.0,CMFGEN_21jun23
26,6,Fe VII,216,2867700.000000,0.0,CMFGEN_21jun23
26,6,Fe VII,217,2274300.000000,0.0,CMFGEN_21jun23
26,6,Fe VII,218,4718900.000000,0.0,CMFGEN_21jun23
26,6,Fe VII,219,140470000.000000,0.0,CMFGEN_21jun23
26,6,Fe VII,220,81945000.000000,0.0,CMFGEN_21jun23
26,6,Fe VII,221,1364000.000000,0.0,CMFGEN_21jun23
26,6,Fe VII,222,150680000.000000,0.0,CMFGEN_21jun23
26,6,Fe VII,223,88336000.000000,0.0,CMFGEN_21jun23
26,6,Fe VII,224,55548000.000000,0.0,CMFGEN_21jun23
26,6,Fe VII,225,27531000.000000,0.0,CMFGEN_21jun23
26,6,Fe VII,226,12133000.000000,0.0,CMFGEN_21jun23
26,6,Fe VII,227,2147700.000000,0.0,CMFGEN_21jun23
26,6,Fe VII,228,11059000.000000,0.0,CMFGEN_21jun23
26,6,Fe VII,229,7866600.000000,0.0,CMFGEN_21jun23
26,6,Fe VII,230,1015300.000000,0.0,CMFGEN_21jun23
26,6,Fe VII,231,597420000.000000,0.2,CMFGEN_21jun23
26,6,Fe VII,232,62202000.000000,0.0,CMFGEN_21jun23
26,6,Fe VII,233,361020000.000000,0.1,CMFGEN_21jun23
26,6,Fe VII,234,109420000.000000,0.0,CMFGEN_21jun23
26,6,Fe VII,235,30457000.000000,0.0,CMFGEN_21jun23
26,6,Fe VII,236,111630000.000000,0.0,CMFGEN_21jun23
26,6,Fe VII,237,29798000.000000,0.0,CMFGEN_21jun23
26,6,Fe VII,238,17976000.000000,0.0,CMFGEN_21jun23
26,6,Fe VII,239,217460000.000000,0.0,CMFGEN_21jun23
26,6,Fe VII,240,50658000.000000,0.0,CMFGEN_21jun23
26,6,Fe VII,241,499700000.000000,0.1,CMFGEN_21jun23
26,6,Fe VII,242,5188400.000000,0.0,CMFGEN_21jun23
26,6,Fe VII,243,38534000.000000,0.0,CMFGEN_21jun23
26,6,Fe VII,244,131760000.000000,0.0,CMFGEN_21jun23
26,6,Fe VII,245,30024000.000000,0.0,CMFGEN_21jun23
26,6,Fe VII,246,435230.000000,0.0,CMFGEN_21jun23
26,6,Fe VII,247,534930.000000,0.0,CMFGEN_21jun23
26,6,Fe VII,248,57124000.000000,0.0,CMFGEN_21jun23
26,6,Fe VII,249,1459400.000000,0.0,CMFGEN_21jun23
26,6,Fe VII,250,211220.000000,0.0,CMFGEN_21jun23
26,6,Fe VII,251,49290000.000000,0.0,CMFGEN_21jun23
26,6,Fe VII,252,36214000.000000,0.0,CMFGEN_21jun23
26,6,Fe VII,253,10596000.000000,0.0,CMFGEN_21jun23
26,6,Fe VII,254,25036000.000000,0.0,CMFGEN_21jun23
26,6,Fe VII,255,3299700.000000,0.0,CMFGEN_21jun23
26,6,Fe VII,256,14835000.000000,0.0,CMFGEN_21jun23
26,6,Fe VII,257,11007000.000000,0.0,CMFGEN_21jun23
26,6,Fe VII,258,29282000.000000,0.0,CMFGEN_21jun23
26,6,Fe VII,259,10379000.000000,0.0,CMFGEN_21jun23
26,6,Fe VII,260,26663000.000000,0.0,CMFGEN_21jun23
26,6,Fe VII,261,40248000.000000,0.0,CMFGEN_21jun23
26,6,Fe VII,262,4370800.000000,0.0,CMFGEN_21jun23
26,6,Fe VII,263,22952000.000000,0.0,CMFGEN_21jun23
26,6,Fe VII,264,398470.000000,0.0,CMFGEN_21jun23
26,6,Fe VII,265,38778000.000000,0.0,CMFGEN_21jun23
26,6,Fe VII,266,8595700.000000,0.0,CMFGEN_21jun23
26,6,Fe VII,267,1728300.000000,0.0,CMFGEN_21jun23
26,6,Fe VII,268,380080.000000,0.0,CMFGEN_21jun23
26,6,Fe VII,269,9564800.000000,0.0,CMFGEN_21jun23
26,6,Fe VII,270,203440.000000,0.0,CMFGEN_21jun23
26,6,Fe VII,271,3981300.000000,0.0,CMFGEN_21jun23
26,6,Fe VII,272,6767100.000000,0.0,CMFGEN_21jun23
26,6,Fe VII,273,3969700.000000,0.0,CMFGEN_21jun23
26,6,Fe VII,274,2884900.000000,0.0,CMFGEN_21jun23
26,6,Fe VII,275,315570.000000,0.0,CMFGEN_21jun23
26,6,Fe VII,276,168250000.000000,0.0,CMFGEN_21jun23
26,6,Fe VII,277,84329000.000000,0.0,CMFGEN_21jun23
26,6,Fe VII,278,72328000.000000,0.0,CMFGEN_21jun23
26,6,Fe VII,279,9011000.000000,0.0,CMFGEN_21jun23
26,6,Fe VII,280,1026300.000000,0.0,CMFGEN_21jun23
26,6,Fe VII,281,1586700.000000,0.0,CMFGEN_21jun23
26,6,Fe VII,282,2980400.000000,0.0,CMFGEN_21jun23
26,6,Fe VII,283,19914000.000000,0.0,CMFGEN_21jun23
26,6,Fe VII,284,4251000.000000,0.0,CMFGEN_21jun23
26,6,Fe VII,285,10251000.000000,0.0,CMFGEN_21jun23
26,6,Fe VII,286,5746600.000000,0.0,CMFGEN_21jun23
26,6,Fe VII,287,635190.000000,0.0,CMFGEN_21jun23
26,6,Fe VII,288,69572000.000000,0.0,CMFGEN_21jun23
26,6,Fe VII,289,8138000.000000,0.0,CMFGEN_21jun23
26,6,Fe VII,290,72703000.000000,0.0,CMFGEN_21jun23
26,6,Fe VII,291,12465000.000000,0.0,CMFGEN_21jun23
26,6,Fe VII,292,16995000.000000,0.0,CMFGEN_21jun23
26,6,Fe VII,293,8401400.000000,0.0,CMFGEN_21jun23
26,6,Fe VII,294,8415400.000000,0.0,CMFGEN_21jun23
26,6,Fe VII,295,65411000.000000,0.0,CMFGEN_21jun23
26,6,Fe VII,296,883120.000000,0.0,CMFGEN_21jun23
26,6,Fe VII,297,11041000.000000,0.0,CMFGEN_21jun23
26,6,Fe VII,298,528880.000000,0.0,CMFGEN_21jun23
26,6,Fe VII,299,14299000.000000,0.0,CMFGEN_21jun23
26,6,Fe VII,300,1178200.000000,0.0,CMFGEN_21jun23
26,6,Fe VII,301,14847000.000000,0.0,CMFGEN_21jun23
26,6,Fe VII,302,1770100.000000,0.0,CMFGEN_21jun23
26,6,Fe VII,303,544820.000000,0.0,CMFGEN_21jun23
26,6,Fe VII,304,449500.000000,0.0,CMFGEN_21jun23
26,6,Fe VII,305,6760500.000000,0.0,CMFGEN_21jun23
26,6,Fe VII,306,1001100.000000,0.0,CMFGEN_21jun23
26,6,Fe VII,307,7835000.000000,0.0,CMFGEN_21jun23
26,6,Fe VII,308,80771000.000000,0.0,CMFGEN_21jun23
26,6,Fe VII,309,13044000.000000,0.0,CMFGEN_21jun23
26,6,Fe VII,310,21295000.000000,0.0,CMFGEN_21jun23
26,6,Fe VII,311,224900.000000,0.0,CMFGEN_21jun23
26,6,Fe VII,312,6252700.000000,0.0,CMFGEN_21jun23
26,6,Fe VII,313,2115400.000000,0.0,CMFGEN_21jun23
26,6,Fe VII,314,848770.000000,0.0,CMFGEN_21jun23
26,6,Fe VII,315,1148900.000000,0.0,CMFGEN_21jun23
26,6,Fe VII,316,8842000.000000,0.0,CMFGEN_21jun23
26,6,Fe VII,317,106490000.000000,0.0,CMFGEN_21jun23
26,6,Fe VII,318,548860.000000,0.0,CMFGEN_21jun23
26,6,Fe VII,319,3310300.000000,0.0,CMFGEN_21jun23
26,6,Fe VII,320,56303000.000000,0.0,CMFGEN_21jun23
26,6,Fe VII,321,32047000.000000,0.0,CMFGEN_21jun23
26,6,Fe VII,322,75050000.000000,0.0,CMFGEN_21jun23
26,6,Fe VII,323,12732000.000000,0.0,CMFGEN_21jun23
26,6,Fe VII,324,4432600.000000,0.0,CMFGEN_21jun23
26,6,Fe VII,325,3264500.000000,0.0,CMFGEN_21jun23
26,6,Fe VII,326,35892000.000000,0.0,CMFGEN_21jun23
26,6,Fe VII,327,362020.000000,0.0,CMFGEN_21jun23
26,6,Fe VII,328,1372100.000000,0.0,CMFGEN_21jun23
26,6,Fe VII,329,743260.000000,0.0,CMFGEN_21jun23
26,6,Fe VII,330,4635400.000000,0.0,CMFGEN_21jun23
26,6,Fe VII,331,17663000.000000,0.0,CMFGEN_21jun23
26,6,Fe VII,332,171710.000000,0.0,CMFGEN_21jun23
26,6,Fe VII,333,937040.000000,0.0,CMFGEN_21jun23
26,6,Fe VII,334,2070600.000000,0.0,CMFGEN_21jun23
26,6,Fe VII,335,1782300.000000,0.0,CMFGEN_21jun23
26,6,Fe VII,336,496840.000000,0.0,CMFGEN_21jun23
26,6,Fe VII,337,11784000.000000,0.0,CMFGEN_21jun23
26,6,Fe VII,338,898020.000000,0.0,CMFGEN_21jun23
26,6,Fe VII,339,6430300.000000,0.0,CMFGEN_21jun23
26,6,Fe VII,340,8473900.000000,0.0,CMFGEN_21jun23
26,6,Fe VII,341,3250500.000000,0.0,CMFGEN_21jun23
26,6,Fe VII,342,18659000.000000,0.0,CMFGEN_21jun23
26,6,Fe VII,343,18944000.000000,0.0,CMFGEN_21jun23
26,6,Fe VII,344,75288000.000000,0.0,CMFGEN_21jun23
26,6,Fe VII,345,12185000.000000,0.0,CMFGEN_21jun23
26,6,Fe VII,346,31450000.000000,0.0,CMFGEN_21jun23
26,6,Fe VII,347,21444000.000000,0.0,CMFGEN_21jun23
26,6,Fe VII,348,832400.000000,0.0,CMFGEN_21jun23
26,6,Fe VII,349,2372100.000000,0.0,CMFGEN_21jun23
26,6,Fe VII,350,7568300.000000,0.0,CMFGEN_21jun23
26,6,Fe VII,351,2669900.000000,0.0,CMFGEN_21jun23
26,6,Fe VII,352,1424500.000000,0.0,CMFGEN_21jun23
26,6,Fe VII,353,2571600.000000,0.0,CMFGEN_21jun23
26,6,Fe VII,354,7752200.000000,0.0,CMFGEN_21jun23
26,6,Fe VII,355,2587000.000000,0.0,CMFGEN_21jun23
26,6,Fe VII,356,8109100.000000,0.0,CMFGEN_21jun23
26,6,Fe VII,357,613020.000000,0.0,CMFGEN_21jun23
26,6,Fe VII,358,8279700.000000,0.0,CMFGEN_21jun23
26,6,Fe VII,359,3921200.000000,0.0,CMFGEN_21jun23
26,6,Fe VII,360,459780.000000,0.0,CMFGEN_21jun23
26,6,Fe VII,361,2327900.000000,0.0,CMFGEN_21jun23
26,6,Fe VII,362,5196900.000000,0.0,CMFGEN_21jun23
26,6,Fe VII,363,548200.000000,0.0,CMFGEN_21jun23
26,6,Fe VII,364,1367100.000000,0.0,CMFGEN_21jun23
26,6,Fe VII,365,1056600.000000,0.0,CMFGEN_21jun23
26,6,Fe VII,366,52455000.000000,0.0,CMFGEN_21jun23
26,6,Fe VII,367,23839000.000000,0.0,CMFGEN_21jun23
26,6,Fe VII,368,21502000.000000,0.0,CMFGEN_21jun23
26,6,Fe VII,369,4085900.000000,0.0,CMFGEN_21jun23
26,6,Fe VII,370,2063400.000000,0.0,CMFGEN_21jun23
26,6,Fe VII,371,4353400.000000,0.0,CMFGEN_21jun23
26,6,Fe VII,372,1691900.000000,0.0,CMFGEN_21jun23
26,6,Fe VII,373,1482300.000000,0.0,CMFGEN_21jun23
26,6,Fe VII,374,13801000.000000,0.0,CMFGEN_21jun23
26,6,Fe VII,375,54455000.000000,0.0,CMFGEN_21jun23
26,6,Fe VII,376,7690500.000000,0.0,CMFGEN_21jun23
26,6,Fe VII,377,2830500.000000,0.0,CMFGEN_21jun23
26,6,Fe VII,378,37535.000000,0.0,CMFGEN_21jun23
26,6,Fe VII,379,3659000.000000,0.0,CMFGEN_21jun23
26,6,Fe VII,380,306350.000000,0.0,CMFGEN_21jun23
26,6,Fe VII,381,3938500.000000,0.0,CMFGEN_21jun23
26,6,Fe VII,382,109990.000000,0.0,CMFGEN_21jun23
26,6,Fe VII,383,87659.000000,0.0,CMFGEN_21jun23
26,6,Fe VII,384,68916.000000,0.0,CMFGEN_21jun23
26,6,Fe VII,385,15358000.000000,0.0,CMFGEN_21jun23
26,6,Fe VII,386,3675800.000000,0.0,CMFGEN_21jun23
26,6,Fe VII,387,4247700.000000,0.0,CMFGEN_21jun23
26,6,Fe VII,388,1345900.000000,0.0,CMFGEN_21jun23
26,6,Fe VII,389,655370.000000,0.0,CMFGEN_21jun23
26,6,Fe VII,390,982860.000000,0.0,CMFGEN_21jun23
26,6,Fe VII,391,242950.000000,0.0,CMFGEN_21jun23
26,6,Fe VII,392,423960.000000,0.0,CMFGEN_21jun23
26,6,Fe VII,393,4735900.000000,0.0,CMFGEN_21jun23
26,6,Fe VII,394,126990.000000,0.0,CMFGEN_21jun23
26,6,Fe VII,395,370380.000000,0.0,CMFGEN_21jun23
26,6,Fe VII,396,681820.000000,0.0,CMFGEN_21jun23
26,6,Fe VII,397,18637.000000,0.0,CMFGEN_21jun23
26,6,Fe VII,398,121530.000000,0.0,CMFGEN_21jun23
26,6,Fe VII,399,20541.000000,0.0,CMFGEN_21jun23
26,6,Fe VII,400,146380.000000,0.0,CMFGEN_21jun23
26,6,Fe VII,401,70623.000000,0.0,CMFGEN_21jun23
26,6,Fe VII,402,61538.000000,0.0,CMFGEN_21jun23
26,6,Fe VII,403,715110.000000,0.0,CMFGEN_21jun23
26,6,Fe VII,404,239930.000000,0.0,CMFGEN_21jun23
26,6,Fe VII,405,5942300.000000,0.0,CMFGEN_21jun23
26,6,Fe VII,406,2645300.000000,0.0,CMFGEN_21jun23
26,6,Fe VII,407,2640800.000000,0.0,CMFGEN_21jun23
26,6,Fe VII,408,687250.000000,0.0,CMFGEN_21jun23
26,6,Fe VII,409,6458300.000000,0.0,CMFGEN_21jun23
26,6,Fe VII,410,3149100.000000,0.0,CMFGEN_21jun23
26,6,Fe VII,411,40301.000000,0.0,CMFGEN_21jun23
26,6,Fe VII,412,2041400.000000,0.0,CMFGEN_21jun23
26,6,Fe VII,413,4377300.000000,0.0,CMFGEN_21jun23
26,6,Fe VII,414,28804000.000000,0.0,CMFGEN_21jun23
26,6,Fe VII,415,4990000.000000,0.0,CMFGEN_21jun23
26,6,Fe VII,416,1772900.000000,0.0,CMFGEN_21jun23
26,6,Fe VII,417,388240.000000,0.0,CMFGEN_21jun23
26,6,Fe VII,418,355390.000000,0.0,CMFGEN_21jun23
26,6,Fe VII,419,3503900.000000,0.0,CMFGEN_21jun23
26,6,Fe VII,420,2534700.000000,0.0,CMFGEN_21jun23
26,6,Fe VII,421,87329.000000,0.0,CMFGEN_21jun23
26,6,Fe VII,422,416510.000000,0.0,CMFGEN_21jun23
26,6,Fe VII,423,138580.000000,0.0,CMFGEN_21jun23
26,6,Fe VII,424,815410.000000,0.0,CMFGEN_21jun23
26,6,Fe VII,425,211250.000000,0.0,CMFGEN_21jun23
26,6,Fe VII,426,983560.000000,0.0,CMFGEN_21jun23
26,6,Fe VII,427,7673200.000000,0.0,CMFGEN_21jun23
26,6,Fe VII,428,1058900.000000,0.0,CMFGEN_21jun23
26,6,Fe VII,429,3168000.000000,0.0,CMFGEN_21jun23
26,6,Fe VII,430,4359900.000000,0.0,CMFGEN_21jun23
26,6,Fe VII,431,4099500.000000,0.0,CMFGEN_21jun23
26,6,Fe VII,432,1717800.000000,0.0,CMFGEN_21jun23
26,6,Fe VII,433,680740.000000,0.0,CMFGEN_21jun23
26,6,Fe VII,434,1948700.000000,0.0,CMFGEN_21jun23
26,6,Fe VII,435,4941900.000000,0.0,CMFGEN_21jun23
26,6,Fe VII,436,3407700.000000,0.0,CMFGEN_21jun23
26,6,Fe VII,437,2946800.000000,0.0,CMFGEN_21jun23
26,6,Fe VII,438,161690.000000,0.0,CMFGEN_21jun23
26,6,Fe VII,439,1084800.000000,0.0,CMFGEN_21jun23
26,6,Fe VII,440,4141800.000000,0.0,CMFGEN_21jun23
26,6,Fe VII,441,551870.000000,0.0,CMFGEN_21jun23
26,6,Fe VII,442,1611400.000000,0.0,CMFGEN_21jun23
26,6,Fe VII,443,2496800.000000,0.0,CMFGEN_21jun23
26,6,Fe VII,444,13335000.000000,0.0,CMFGEN_21jun23
26,6,Fe VII,445,1100400.000000,0.0,CMFGEN_21jun23
26,6,Fe VII,446,18146000.000000,0.0,CMFGEN_21jun23
26,6,Fe VII,447,54741000.000000,0.0,CMFGEN_21jun23
26,6,Fe VII,448,1939700.000000,0.0,CMFGEN_21jun23
26,6,Fe VII,449,45855000.000000,0.0,CMFGEN_21jun23
26,6,Fe VII,450,6808600.000000,0.0,CMFGEN_21jun23
26,6,Fe VII,451,52474000.000000,0.0,CMFGEN_21jun23
26,6,Fe VII,452,87239000.000000,0.0,CMFGEN_21jun23
26,6,Fe VII,453,1873400.000000,0.0,CMFGEN_21jun23
26,6,Fe VII,454,7867800.000000,0.0,CMFGEN_21jun23
26,6,Fe VII,455,100070000.000000,0.0,CMFGEN_21jun23
26,6,Fe VII,456,707310000.000000,0.2,CMFGEN_21jun23
26,6,Fe VII,457,9804200.000000,0.0,CMFGEN_21jun23
26,6,Fe VII,458,5356300.000000,0.0,CMFGEN_21jun23
26,6,Fe VII,459,6667600.000000,0.0,CMFGEN_21jun23
26,6,Fe VII,460,206440.000000,0.0,CMFGEN_21jun23
26,6,Fe VII,461,12589000.000000,0.0,CMFGEN_21jun23
26,6,Fe VII,462,1270500.000000,0.0,CMFGEN_21jun23
26,6,Fe VII,463,817700.000000,0.0,CMFGEN_21jun23
26,6,Fe VII,464,56152000.000000,0.0,CMFGEN_21jun23
26,6,Fe VII,465,212660000.000000,0.0,CMFGEN_21jun23
26,6,Fe VII,466,2655800.000000,0.0,CMFGEN_21jun23
26,6,Fe VII,467,22960000.000000,0.0,CMFGEN_21jun23
26,6,Fe VII,468,2469400.000000,0.0,CMFGEN_21jun23
26,6,Fe VII,469,10346000.000000,0.0,CMFGEN_21jun23
26,6,Fe VII,470,869030000.000000,0.2,CMFGEN_21jun23
26,6,Fe VII,471,6224200.000000,0.0,CMFGEN_21jun23
26,6,Fe VII,472,88369000.000000,0.0,CMFGEN_21jun23
26,6,Fe VII,473,9619600.000000,0.0,CMFGEN_21jun23
26,6,Fe VII,474,17122000.000000,0.0,CMFGEN_21jun23
26,6,Fe VII,475,19144000.000000,0.0,CMFGEN_21jun23
26,6,Fe VII,476,2028100.000000,0.0,CMFGEN_21jun23
26,6,Fe VII,477,259980000.000000,0.0,CMFGEN_21jun23
26,6,Fe VII,478,401150000.000000,0.1,CMFGEN_21jun23
26,6,Fe VII,479,175610000.000000,0.0,CMFGEN_21jun23
26,6,Fe VII,480,11392000.000000,0.0,CMFGEN_21jun23
26,6,Fe VII,481,277930000.000000,0.0,CMFGEN_21jun23
26,6,Fe VII,482,19099000.000000,0.0,CMFGEN_21jun23
26,6,Fe VII,483,32192000.000000,0.0,CMFGEN_21jun23
26,6,Fe VII,484,28163000.000000,0.0,CMFGEN_21jun23
26,6,Fe VII,485,27698000.000000,0.0,CMFGEN_21jun23
26,6,Fe VII,486,354480000.000000,0.1,CMFGEN_21jun23
26,6,Fe VII,487,8373000.000000,0.0,CMFGEN_21jun23
26,6,Fe VII,488,79105000.000000,0.0,CMFGEN_21jun23
26,6,Fe VII,489,2189300.000000,0.0,CMFGEN_21jun23
26,6,Fe VII,490,22526000.000000,0.0,CMFGEN_21jun23
26,6,Fe VII,491,878490.000000,0.0,CMFGEN_21jun23
26,6,Fe VII,492,709950.000000,0.0,CMFGEN_21jun23
26,6,Fe VII,493,6618500.000000,0.0,CMFGEN_21jun23
26,6,Fe VII,494,6231800.000000,0.0,CMFGEN_21jun23
26,6,Fe VII,495,161530.000000,0.0,CMFGEN_21jun23
26,6,Fe VII,496,26189000.000000,0.0,CMFGEN_21jun23
26,6,Fe VII,497,5329500.000000,0.0,CMFGEN_21jun23
26,6,Fe VII,498,2895400.000000,0.0,CMFGEN_21jun23
26,6,Fe VII,499,480730.000000,0.0,CMFGEN_21jun23
26,6,Fe VII,500,8526400.000000,0.0,CMFGEN_21jun23
26,6,Fe VII,501,139120.000000,0.0,CMFGEN_21jun23
26,6,Fe VII,502,36274000.000000,0.0,CMFGEN_21jun23
26,6,Fe VII,503,785520.000000,0.0,CMFGEN_21jun23
26,6,Fe VII,504,54335000.000000,0.0,CMFGEN_21jun23
26,6,Fe VII,505,417390.000000,0.0,CMFGEN_21jun23
26,6,Fe VII,506,76782.000000,0.0,CMFGEN_21jun23
26,6,Fe VII,507,1886200.000000,0.0,CMFGEN_21jun23
26,6,Fe VII,508,646980.000000,0.0,CMFGEN_21jun23
26,6,Fe VII,509,231320000.000000,0.0,CMFGEN_21jun23
26,6,Fe VII,510,97846000.000000,0.0,CMFGEN_21jun23
26,6,Fe VII,511,597740.000000,0.0,CMFGEN_21jun23
26,6,Fe VII,512,24888000.000000,0.0,CMFGEN_21jun23
26,6,Fe VII,513,31013000.000000,0.0,CMFGEN_21jun23
26,6,Fe VII,514,4923900.000000,0.0,CMFGEN_21jun23
26,6,Fe VII,515,23311000.000000,0.0,CMFGEN_21jun23
26,6,Fe VII,516,56616000.000000,0.0,CMFGEN_21jun23
26,6,Fe VII,517,8160400.000000,0.0,CMFGEN_21jun23
26,6,Fe VII,518,9664900.000000,0.0,CMFGEN_21jun23
26,6,Fe VII,519,918360.000000,0.0,CMFGEN_21jun23
26,6,Fe VII,520,146310.000000,0.0,CMFGEN_21jun23
26,6,Fe VII,521,2669200.000000,0.0,CMFGEN_21jun23
26,6,Fe VII,522,5941300.000000,0.0,CMFGEN_21jun23
26,6,Fe VII,523,3812900.000000,0.0,CMFGEN_21jun23
26,6,Fe VII,524,580360.000000,0.0,CMFGEN_21jun23
26,6,Fe VII,525,9027500.000000,0.0,CMFGEN_21jun23
26,6,Fe VII,526,107600000.000000,0.0,CMFGEN_21jun23
26,6,Fe VII,527,373610.000000,0.0,CMFGEN_21jun23
26,6,Fe VII,528,9825200.000000,0.0,CMFGEN_21jun23
26,6,Fe VII,529,738480.000000,0.0,CMFGEN_21jun23
26,6,Fe VII,530,2792900.000000,0.0,CMFGEN_21jun23
26,6,Fe VII,531,919260.000000,0.0,CMFGEN_21jun23
26,6,Fe VII,532,176470.000000,0.0,CMFGEN_21jun23
26,6,Fe VII,533,9720100.000000,0.0,CMFGEN_21jun23
26,6,Fe VII,534,185680.000000,0.0,CMFGEN_21jun23
26,6,Fe VII,535,12951000.000000,0.0,CMFGEN_21jun23
26,6,Fe VII,536,2004800.000000,0.0,CMFGEN_21jun23
26,6,Fe VII,537,277980.000000,0.0,CMFGEN_21jun23
26,6,Fe VII,538,629820.000000,0.0,CMFGEN_21jun23
26,6,Fe VII,539,29084000.000000,0.0,CMFGEN_21jun23
26,6,Fe VII,540,59598000.000000,0.0,CMFGEN_21jun23
26,6,Fe VII,541,33008000.000000,0.0,CMFGEN_21jun23
26,6,Fe VII,542,871780.000000,0.0,CMFGEN_21jun23
26,6,Fe VII,543,35876000.000000,0.0,CMFGEN_21jun23
26,6,Fe VII,544,540700.000000,0.0,CMFGEN_21jun23
26,6,Fe VII,545,711090.000000,0.0,CMFGEN_21jun23
26,6,Fe VII,546,499620.000000,0.0,CMFGEN_21jun23
26,6,Fe VII,547,5274400.000000,0.0,CMFGEN_21jun23
26,6,Fe VII,548,294250.000000,0.0,CMFGEN_21jun23
26,6,Fe VII,549,148290.000000,0.0,CMFGEN_21jun23
26,6,Fe VII,550,476470.000000,0.0,CMFGEN_21jun23
26,6,Fe VII,551,156790.000000,0.0,CMFGEN_21jun23
26,6,Fe VII,552,2572600.000000,0.0,CMFGEN_21jun23
26,6,Fe VII,553,216480.000000,0.0,CMFGEN_21jun23
26,6,Fe VII,554,43206000.000000,0.0,CMFGEN_21jun23
26,6,Fe VII,555,1182500.000000,0.0,CMFGEN_21jun23
26,6,Fe VII,556,63403000.000000,0.0,CMFGEN_21jun23
26,6,Fe VII,557,811320.000000,0.0,CMFGEN_21jun23
26,6,Fe VII,558,9658700.000000,0.0,CMFGEN_21jun23
26,6,Fe VII,559,8260600.000000,0.0,CMFGEN_21jun23
26,6,Fe VII,560,1735100.000000,0.0,CMFGEN_21jun23
26,6,Fe VII,561,449030.000000,0.0,CMFGEN_21jun23
26,6,Fe VII,562,2900200.000000,0.0,CMFGEN_21jun23
26,6,Fe VII,563,3069000.000000,0.0,CMFGEN_21jun23
26,6,Fe VII,564,1076100.000000,0.0,CMFGEN_21jun23
26,6,Fe VII,565,4775300.000000,0.0,CMFGEN_21jun23
26,6,Fe VII,566,464380.000000,0.0,CMFGEN_21jun23
26,6,Fe VII,567,775750.000000,0.0,CMFGEN_21jun23
26,6,Fe VII,568,643410.000000,0.0,CMFGEN_21jun23
26,6,Fe VII,569,332700.000000,0.0,CMFGEN_21jun23
26,6,Fe VII,570,1612400.000000,0.0,CMFGEN_21jun23
26,6,Fe VII,571,3007900.000000,0.0,CMFGEN_21jun23
26,6,Fe VII,572,14615000.000000,0.0,CMFGEN_21jun23
26,6,Fe VII,573,2802800.000000,0.0,CMFGEN_21jun23
26,6,Fe VII,574,203600.000000,0.0,CMFGEN_21jun23
26,6,Fe VII,575,5828200.000000,0.0,CMFGEN_21jun23
26,6,Fe VII,576,5139200.000000,0.0,CMFGEN_21jun23
26,6,Fe VII,577,2014100.000000,0.0,CMFGEN_21jun23
26,6,Fe VII,578,9335400.000000,0.0,CMFGEN_21jun23
26,6,Fe VII,579,1834000.000000,0.0,CMFGEN_21jun23
26,6,Fe VII,580,865590.000000,0.0,CMFGEN_21jun23
26,6,Fe VII,581,563520.000000,0.0,CMFGEN_21jun23
26,6,Fe VII,582,3147700.000000,0.0,CMFGEN_21jun23
26,6,Fe VII,583,14915000.000000,0.0,CMFGEN_21jun23
26,6,Fe VII,584,10644000.000000,0.0,CMFGEN_21jun23
26,6,Fe VII,585,955600.000000,0.0,CMFGEN_21jun23
26,6,Fe VII,586,5623900.000000,0.0,CMFGEN_21jun23
26,6,Fe VII,587,6045300.000000,0.0,CMFGEN_21jun23
26,6,Fe VII,588,17383000.000000,0.0,CMFGEN_21jun23
26,6,Fe VII,589,75061000.000000,0.0,CMFGEN_21jun23
26,6,Fe VII,590,69453000.000000,0.0,CMFGEN_21jun23
26,6,Fe VII,591,8306800.000000,0.0,CMFGEN_21jun23
26,6,Fe VII,592,36975000.000000,0.0,CMFGEN_21jun23
26,6,Fe VII,593,19980000.000000,0.0,CMFGEN_21jun23
26,6,Fe VII,594,22312000.000000,0.0,CMFGEN_21jun23
26,6,Fe VII,595,78182000.000000,0.0,CMFGEN_21jun23
26,6,Fe VII,596,65858000.000000,0.0,CMFGEN_21jun23
26,6,Fe VII,597,19139.000000,0.0,CMFGEN_21jun23
26,6,Fe VII,598,570110.000000,0.0,CMFGEN_21jun23
26,6,Fe VII,599,103380.000000,0.0,CMFGEN_21jun23
26,6,Fe VII,600,1708600.000000,0.0,CMFGEN_21jun23
26,6,Fe VII,601,97939.000000,0.0,CMFGEN_21jun23
26,6,Fe VII,602,11428.000000,0.0,CMFGEN_21jun23
26,6,Fe VII,603,2354500.000000,0.0,CMFGEN_21jun23
26,6,Fe VII,604,1333900.000000,0.0,CMFGEN_21jun23
26,6,Fe VII,605,742520.000000,0.0,CMFGEN_21jun23
26,6,Fe VII,606,310400.000000,0.0,CMFGEN_21jun23
26,6,Fe VII,607,758680.000000,0.0,CMFGEN_21jun23
26,6,Fe VII,608,598870.000000,0.0,CMFGEN_21jun23
26,6,Fe VII,609,1293000.000000,0.0,CMFGEN_21jun23
26,6,Fe VII,610,955430.000000,0.0,CMFGEN_21jun23
26,6,Fe VII,611,434900.000000,0.0,CMFGEN_21jun23
26,6,Fe VII,612,9687800.000000,0.0,CMFGEN_21jun23
26,6,Fe VII,613,110710.000000,0.0,CMFGEN_21jun23
26,6,Fe VII,614,104110.000000,0.0,CMFGEN_21jun23
26,6,Fe VII,615,129200.000000,0.0,CMFGEN_21jun23
26,6,Fe VII,616,26369.000000,0.0,CMFGEN_21jun23
26,6,Fe VII,617,107770.000000,0.0,CMFGEN_21jun23
26,6,Fe VII,618,18767.000000,0.0,CMFGEN_21jun23
26,6,Fe VII,619,33947.000000,0.0,CMFGEN_21jun23
26,6,Fe VII,620,39725.000000,0.0,CMFGEN_21jun23
26,6,Fe VII,621,45256.000000,0.0,CMFGEN_21jun23
26,6,Fe VII,622,135280.000000,0.0,CMFGEN_21jun23
26,6,Fe VII,623,475370.000000,0.0,CMFGEN_21jun23
26,6,Fe VII,624,673680.000000,0.0,CMFGEN_21jun23
26,6,Fe VII,625,318620.000000,0.0,CMFGEN_21jun23
26,6,Fe VII,626,3647800.000000,0.0,CMFGEN_21jun23
26,6,Fe VII,627,308540.000000,0.0,CMFGEN_21jun23
26,6,Fe VII,628,119300.000000,0.0,CMFGEN_21jun23
26,6,Fe VII,629,663240.000000,0.0,CMFGEN_21jun23
26,6,Fe VII,630,2073800.000000,0.0,CMFGEN_21jun23
26,6,Fe VII,631,6397300.000000,0.0,CMFGEN_21jun23
26,6,Fe VII,632,98778.000000,0.0,CMFGEN_21jun23
26,6,Fe VII,633,80642.000000,0.0,CMFGEN_21jun23
26,6,Fe VII,634,1237700.000000,0.0,CMFGEN_21jun23
26,6,Fe VII,635,15308000.000000,0.0,CMFGEN_21jun23
26,6,Fe VII,636,2278500.000000,0.0,CMFGEN_21jun23
26,6,Fe VII,637,126550.000000,0.0,CMFGEN_21jun23
26,6,Fe VII,638,248280.000000,0.0,CMFGEN_21jun23
26,6,Fe VII,639,117650.000000,0.0,CMFGEN_21jun23
26,6,Fe VII,640,1819000.000000,0.0,CMFGEN_21jun23
26,6,Fe VII,641,223580.000000,0.0,CMFGEN_21jun23
26,6,Fe VII,642,6750500.000000,0.0,CMFGEN_21jun23
26,6,Fe VII,643,2863900.000000,0.0,CMFGEN_21jun23
26,6,Fe VII,644,443040.000000,0.0,CMFGEN_21jun23
26,6,Fe VII,645,3243800.000000,0.0,CMFGEN_21jun23
26,6,Fe VII,646,525610.000000,0.0,CMFGEN_21jun23
26,6,Fe VII,647,164360.000000,0.0,CMFGEN_21jun23
26,6,Fe VII,648,218120.000000,0.0,CMFGEN_21jun23
26,6,Fe VII,649,1595200.000000,0.0,CMFGEN_21jun23
26,6,Fe VII,650,839990.000000,0.0,CMFGEN_21jun23
26,6,Fe VII,651,679600.000000,0.0,CMFGEN_21jun23
26,6,Fe VII,652,581180.000000,0.0,CMFGEN_21jun23
26,6,Fe VII,653,328950.000000,0.0,CMFGEN_21jun23
26,6,Fe VII,654,4254600.000000,0.0,CMFGEN_21jun23
26,6,Fe VII,655,2418500.000000,0.0,CMFGEN_21jun23
26,6,Fe VII,656,3138400.000000,0.0,CMFGEN_21jun23
26,6,Fe VII,657,153870.000000,0.0,CMFGEN_21jun23
26,6,Fe VII,658,1286800.000000,0.0,CMFGEN_21jun23
26,6,Fe VII,659,67328.000000,0.0,CMFGEN_21jun23
26,6,Fe VII,660,408770.000000,0.0,CMFGEN_21jun23
26,6,Fe VII,661,1486600.000000,0.0,CMFGEN_21jun23
26,6,Fe VII,662,4084600.000000,0.0,CMFGEN_21jun23
26,6,Fe VII,663,2022900.000000,0.0,CMFGEN_21jun23
26,6,Fe VII,664,479710.000000,0.0,CMFGEN_21jun23
26,6,Fe VII,665,600840.000000,0.0,CMFGEN_21jun23
26,6,Fe VII,666,4879100.000000,0.0,CMFGEN_21jun23
26,6,Fe VII,667,7810700.000000,0.0,CMFGEN_21jun23
26,6,Fe VII,668,1575300.000000,0.0,CMFGEN_21jun23
26,6,Fe VII,669,33900000.000000,0.0,CMFGEN_21jun23
26,6,Fe VII,670,26582000.000000,0.0,CMFGEN_21jun23
26,6,Fe VII,671,53655000.000000,0.0,CMFGEN_21jun23
26,6,Fe VII,672,7950000.000000,0.0,CMFGEN_21jun23
26,6,Fe VII,673,6869800.000000,0.0,CMFGEN_21jun23
26,6,Fe VII,674,12819000.000000,0.0,CMFGEN_21jun23
26,6,Fe VII,675,31893000.000000,0.0,CMFGEN_21jun23
26,6,Fe VII,676,2370100.000000,0.0,CMFGEN_21jun23
26,6,Fe VII,677,44128000.000000,0.0,CMFGEN_21jun23
26,6,Fe VII,678,9403500.000000,0.0,CMFGEN_21jun23
26,6,Fe VII,679,6260700.000000,0.0,CMFGEN_21jun23
26,6,Fe VII,680,448300.000000,0.0,CMFGEN_21jun23
26,6,Fe VII,681,8245500.000000,0.0,CMFGEN_21jun23
26,6,Fe VII,682,3167900.000000,0.0,CMFGEN_21jun23
26,6,Fe VII,683,247550000.000000,0.1,CMFGEN_21jun23
26,6,Fe VII,684,2576300.000000,0.0,CMFGEN_21jun23
26,6,Fe VII,685,4764400.000000,0.0,CMFGEN_21jun23
26,6,Fe VII,686,370500000.000000,0.1,CMFGEN_21jun23
26,6,Fe VII,687,15874000.000000,0.0,CMFGEN_21jun23
26,6,Fe VII,688,19957000.000000,0.0,CMFGEN_21jun23
26,6,Fe VII,689,13022000.000000,0.0,CMFGEN_21jun23
26,6,Fe VII,690,28418000.000000,0.0,CMFGEN_21jun23
26,6,Fe VII,691,15541000.000000,0.0,CMFGEN_21jun23
26,6,Fe VII,692,240260.000000,0.0,CMFGEN_21jun23
26,6,Fe VII,693,89342000.000000,0.0,CMFGEN_21jun23
26,6,Fe VII,694,138420000.000000,0.0,CMFGEN_21jun23
26,6,Fe VII,695,99640000.000000,0.0,CMFGEN_21jun23
26,6,Fe VII,696,2346400.000000,0.0,CMFGEN_21jun23
26,6,Fe VII,697,209920000.000000,0.0,CMFGEN_21jun23
26,6,Fe VII,698,77759000.000000,0.0,CMFGEN_21jun23
26,6,Fe VII,699,56214000.000000,0.0,CMFGEN_21jun23
26,6,Fe VII,700,559880000.000000,0.1,CMFGEN_21jun23
26,6,Fe VII,701,75083000.000000,0.0,CMFGEN_21jun23
26,6,Fe VII,702,519780000.000000,0.1,CMFGEN_21jun23
26,6,Fe VII,703,103030000.000000,0.0,CMFGEN_21jun23
26,6,Fe VII,704,131060.000000,0.0,CMFGEN_21jun23
26,6,Fe VII,705,735640000.000000,0.1,CMFGEN_21jun23
26,6,Fe VII,706,1214800.000000,0.0,CMFGEN_21jun23
26,6,Fe VII,707,66469000.000000,0.0,CMFGEN_21jun23
26,6,Fe VII,708,152590000.000000,0.0,CMFGEN_21jun23
26,6,Fe VII,709,11557000.000000,0.0,CMFGEN_21jun23
26,6,Fe VII,710,1542200.000000,0.0,CMFGEN_21jun23
26,6,Fe VII,711,53789000.000000,0.0,CMFGEN_21jun23
26,6,Fe VII,712,264580.000000,0.0,CMFGEN_21jun23
26,6,Fe VII,713,14834000.000000,0.0,CMFGEN_21jun23
26,6,Fe VII,714,152740.000000,0.0,CMFGEN_21jun23
26,6,Fe VII,715,19611000.000000,0.0,CMFGEN_21jun23
26,6,Fe VII,716,8716900.000000,0.0,CMFGEN_21jun23
26,6,Fe VII,717,1932600.000000,0.0,CMFGEN_21jun23
26,6,Fe VII,718,14159000.000000,0.0,CMFGEN_21jun23
26,6,Fe VII,719,1609300.000000,0.0,CMFGEN_21jun23
26,6,Fe VII,720,4496900.000000,0.0,CMFGEN_21jun23
26,6,Fe VII,721,509640.000000,0.0,CMFGEN_21jun23
26,6,Fe VII,722,32419000.000000,0.0,CMFGEN_21jun23
26,6,Fe VII,723,56815000.000000,0.0,CMFGEN_21jun23
26,6,Fe VII,724,13422000.000000,0.0,CMFGEN_21jun23
26,6,Fe VII,725,2788800.000000,0.0,CMFGEN_21jun23
26,6,Fe VII,726,8451600.000000,0.0,CMFGEN_21jun23
26,6,Fe VII,727,3495800.000000,0.0,CMFGEN_21jun23
26,6,Fe VII,728,477170.000000,0.0,CMFGEN_21jun23
26,6,Fe VII,729,552120.000000,0.0,CMFGEN_21jun23
26,6,Fe VII,730,2067000.000000,0.0,CMFGEN_21jun23
26,6,Fe VII,731,285040000.000000,0.0,CMFGEN_21jun23
26,6,Fe VII,732,67805000.000000,0.0,CMFGEN_21jun23
26,6,Fe VII,733,501660.000000,0.0,CMFGEN_21jun23
26,6,Fe VII,734,76395000.000000,0.0,CMFGEN_21jun23
26,6,Fe VII,735,7722900.000000,0.0,CMFGEN_21jun23
26,6,Fe VII,736,2342300.000000,0.0,CMFGEN_21jun23
26,6,Fe VII,737,8127100.000000,0.0,CMFGEN_21jun23
26,6,Fe VII,738,1190700.000000,0.0,CMFGEN_21jun23
26,6,Fe VII,739,179850000.000000,0.0,CMFGEN_21jun23
26,6,Fe VII,740,29091000.000000,0.0,CMFGEN_21jun23
26,6,Fe VII,741,1707200.000000,0.0,CMFGEN_21jun23
26,6,Fe VII,742,277320.000000,0.0,CMFGEN_21jun23
26,6,Fe VII,743,583910.000000,0.0,CMFGEN_21jun23
26,6,Fe VII,744,32795000.000000,0.0,CMFGEN_21jun23
26,6,Fe VII,745,227310.000000,0.0,CMFGEN_21jun23
26,6,Fe VII,746,6419100.000000,0.0,CMFGEN_21jun23
26,6,Fe VII,747,5056600.000000,0.0,CMFGEN_21jun23
26,6,Fe VII,748,361950.000000,0.0,CMFGEN_21jun23
26,6,Fe VII,749,231510.000000,0.0,CMFGEN_21jun23
26,6,Fe VII,750,1688600.000000,0.0,CMFGEN_21jun23
26,6,Fe VII,751,176920000.000000,0.0,CMFGEN_21jun23
26,6,Fe VII,752,28416000.000000,0.0,CMFGEN_21jun23
26,6,Fe VII,753,2555700.000000,0.0,CMFGEN_21jun23
26,6,Fe VII,754,1988900.000000,0.0,CMFGEN_21jun23
26,6,Fe VII,755,19295000.000000,0.0,CMFGEN_21jun23
26,6,Fe VII,756,3082000.000000,0.0,CMFGEN_21jun23
26,6,Fe VII,757,1330700.000000,0.0,CMFGEN_21jun23
26,6,Fe VII,758,1545600.000000,0.0,CMFGEN_21jun23
26,6,Fe VII,759,9345300.000000,0.0,CMFGEN_21jun23
26,6,Fe VII,760,117410.000000,0.0,CMFGEN_21jun23
26,6,Fe VII,761,10825000.000000,0.0,CMFGEN_21jun23
26,6,Fe VII,762,1002800.000000,0.0,CMFGEN_21jun23
26,6,Fe VII,763,27594000.000000,0.0,CMFGEN_21jun23
26,6,Fe VII,764,43295000.000000,0.0,CMFGEN_21jun23
26,6,Fe VII,765,10028000.000000,0.0,CMFGEN_21jun23
26,6,Fe VII,766,2034700.000000,0.0,CMFGEN_21jun23
26,6,Fe VII,767,1199200.000000,0.0,CMFGEN_21jun23
26,6,Fe VII,768,178190.000000,0.0,CMFGEN_21jun23
26,6,Fe VII,769,328030.000000,0.0,CMFGEN_21jun23
26,6,Fe VII,770,13967000.000000,0.0,CMFGEN_21jun23
26,6,Fe VII,771,343480.000000,0.0,CMFGEN_21jun23
26,6,Fe VII,772,2904400.000000,0.0,CMFGEN_21jun23
26,6,Fe VII,773,142010.000000,0.0,CMFGEN_21jun23
26,6,Fe VII,774,6254500.000000,0.0,CMFGEN_21jun23
26,6,Fe VII,775,870520.000000,0.0,CMFGEN_21jun23
26,6,Fe VII,776,3057300.000000,0.0,CMFGEN_21jun23
26,6,Fe VII,777,1411700.000000,0.0,CMFGEN_21jun23
26,6,Fe VII,778,213640.000000,0.0,CMFGEN_21jun23
26,6,Fe VII,779,5310700.000000,0.0,CMFGEN_21jun23
26,6,Fe VII,780,1902300.000000,0.0,CMFGEN_21jun23
26,6,Fe VII,781,6736400.000000,0.0,CMFGEN_21jun23
26,6,Fe VII,782,244810.000000,0.0,CMFGEN_21jun23
26,6,Fe VII,783,365090.000000,0.0,CMFGEN_21jun23
26,6,Fe VII,784,42783000.000000,0.0,CMFGEN_21jun23
26,6,Fe VII,785,3101200.000000,0.0,CMFGEN_21jun23
26,6,Fe VII,786,4089500.000000,0.0,CMFGEN_21jun23
26,6,Fe VII,787,474240.000000,0.0,CMFGEN_21jun23
26,6,Fe VII,788,2018800.000000,0.0,CMFGEN_21jun23
26,6,Fe VII,789,1673800.000000,0.0,CMFGEN_21jun23
26,6,Fe VII,790,664680.000000,0.0,CMFGEN_21jun23
26,6,Fe VII,791,5197100.000000,0.0,CMFGEN_21jun23
26,6,Fe VII,792,1598900.000000,0.0,CMFGEN_21jun23
26,6,Fe VII,793,807490.000000,0.0,CMFGEN_21jun23
26,6,Fe VII,794,258140.000000,0.0,CMFGEN_21jun23
26,6,Fe VII,795,12326000.000000,0.0,CMFGEN_21jun23
26,6,Fe VII,796,6746000.000000,0.0,CMFGEN_21jun23
26,6,Fe VII,797,1458300.000000,0.0,CMFGEN_21jun23
26,6,Fe VII,798,3180000.000000,0.0,CMFGEN_21jun23
26,6,Fe VII,799,440920.000000,0.0,CMFGEN_21jun23
26,6,Fe VII,800,9405000.000000,0.0,CMFGEN_21jun23
26,6,Fe VII,801,2253300.000000,0.0,CMFGEN_21jun23
26,6,Fe VII,802,871030.000000,0.0,CMFGEN_21jun23
26,6,Fe VII,803,5524000.000000,0.0,CMFGEN_21jun23
26,6,Fe VII,804,689460.000000,0.0,CMFGEN_21jun23
26,6,Fe VII,805,2357800.000000,0.0,CMFGEN_21jun23
26,6,Fe VII,806,915690.000000,0.0,CMFGEN_21jun23
26,6,Fe VII,807,446350.000000,0.0,CMFGEN_21jun23
26,6,Fe VII,808,2313800.000000,0.0,CMFGEN_21jun23
26,6,Fe VII,809,9593800.000000,0.0,CMFGEN_21jun23
26,6,Fe VII,810,3413000.000000,0.0,CMFGEN_21jun23
26,6,Fe VII,811,297410.000000,0.0,CMFGEN_21jun23
26,6,Fe VII,812,10308000.000000,0.0,CMFGEN_21jun23
26,6,Fe VII,813,8702500.000000,0.0,CMFGEN_21jun23
26,6,Fe VII,814,1856000.000000,0.0,CMFGEN_21jun23
26,6,Fe VII,815,38908000.000000,0.0,CMFGEN_21jun23
26,6,Fe VII,816,15863000.000000,0.0,CMFGEN_21jun23
26,6,Fe VII,817,5201700.000000,0.0,CMFGEN_21jun23
26,6,Fe VII,818,15624000.000000,0.0,CMFGEN_21jun23
26,6,Fe VII,819,6409100.000000,0.0,CMFGEN_21jun23
26,6,Fe VII,820,2459300.000000,0.0,CMFGEN_21jun23
26,6,Fe VII,821,18265000.000000,0.0,CMFGEN_21jun23
26,6,Fe VII,822,5665600.000000,0.0,CMFGEN_21jun23
26,6,Fe VII,823,6108.000000,0.0,CMFGEN_21jun23
26,6,Fe VII,824,14767.000000,0.0,CMFGEN_21jun23
26,6,Fe VII,825,1183600.000000,0.0,CMFGEN_21jun23
26,6,Fe VII,826,621360.000000,0.0,CMFGEN_21jun23
26,6,Fe VII,827,433200.000000,0.0,CMFGEN_21jun23
26,6,Fe VII,828,321030.000000,0.0,CMFGEN_21jun23
26,6,Fe VII,829,2156900.000000,0.0,CMFGEN_21jun23
26,6,Fe VII,830,338850.000000,0.0,CMFGEN_21jun23
26,6,Fe VII,831,28906.000000,0.0,CMFGEN_21jun23
26,6,Fe VII,832,355150.000000,0.0,CMFGEN_21jun23
26,6,Fe VII,833,14261.000000,0.0,CMFGEN_21jun23
26,6,Fe VII,834,345540.000000,0.0,CMFGEN_21jun23
26,6,Fe VII,835,31841.000000,0.0,CMFGEN_21jun23
26,6,Fe VII,836,22750.000000,0.0,CMFGEN_21jun23
26,6,Fe VII,837,112120.000000,0.0,CMFGEN_21jun23
26,6,Fe VII,838,185980.000000,0.0,CMFGEN_21jun23
26,6,Fe VII,839,38856.000000,0.0,CMFGEN_21jun23
26,6,Fe VII,840,34098.000000,0.0,CMFGEN_21jun23
26,6,Fe VII,841,28737.000000,0.0,CMFGEN_21jun23
26,6,Fe VII,842,66449.000000,0.0,CMFGEN_21jun23
26,6,Fe VII,843,597210.000000,0.0,CMFGEN_21jun23
26,6,Fe VII,844,581440.000000,0.0,CMFGEN_21jun23
26,6,Fe VII,845,8746300.000000,0.0,CMFGEN_21jun23
26,6,Fe VII,846,327320.000000,0.0,CMFGEN_21jun23
26,6,Fe VII,847,552180.000000,0.0,CMFGEN_21jun23
26,6,Fe VII,848,30763.000000,0.0,CMFGEN_21jun23
26,6,Fe VII,849,6815800.000000,0.0,CMFGEN_21jun23
26,6,Fe VII,850,160520.000000,0.0,CMFGEN_21jun23
26,6,Fe VII,851,9418500.000000,0.0,CMFGEN_21jun23
26,6,Fe VII,852,89180.000000,0.0,CMFGEN_21jun23
26,6,Fe VII,853,2647700.000000,0.0,CMFGEN_21jun23
26,6,Fe VII,854,908790.000000,0.0,CMFGEN_21jun23
26,6,Fe VII,855,872010.000000,0.0,CMFGEN_21jun23
26,6,Fe VII,856,2315000.000000,0.0,CMFGEN_21jun23
26,6,Fe VII,857,27427.000000,0.0,CMFGEN_21jun23
26,6,Fe VII,858,13707000.000000,0.0,CMFGEN_21jun23
26,6,Fe VII,859,4478400.000000,0.0,CMFGEN_21jun23
26,6,Fe VII,860,165480.000000,0.0,CMFGEN_21jun23
26,6,Fe VII,861,484450.000000,0.0,CMFGEN_21jun23
26,6,Fe VII,862,2561500.000000,0.0,CMFGEN_21jun23
26,6,Fe VII,863,277680.000000,0.0,CMFGEN_21jun23
26,6,Fe VII,864,4165900.000000,0.0,CMFGEN_21jun23
26,6,Fe VII,865,2281900.000000,0.0,CMFGEN_21jun23
26,6,Fe VII,866,477770.000000,0.0,CMFGEN_21jun23
26,6,Fe VII,867,2195200.000000,0.0,CMFGEN_21jun23
26,6,Fe VII,868,1066000.000000,0.0,CMFGEN_21jun23
26,6,Fe VII,869,2060500.000000,0.0,CMFGEN_21jun23
26,6,Fe VII,870,4654800.000000,0.0,CMFGEN_21jun23
26,6,Fe VII,871,3610800.000000,0.0,CMFGEN_21jun23
26,6,Fe VII,872,1027900.000000,0.0,CMFGEN_21jun23
26,6,Fe VII,873,1796800.000000,0.0,CMFGEN_21jun23
26,6,Fe VII,874,1830400.000000,0.0,CMFGEN_21jun23
26,6,Fe VII,875,5488200.000000,0.0,CMFGEN_21jun23
26,6,Fe VII,876,1128200.000000,0.0,CMFGEN_21jun23
26,6,Fe VII,877,2957700.000000,0.0,CMFGEN_21jun23
26,6,Fe VII,878,79452.000000,0.0,CMFGEN_21jun23
26,6,Fe VII,879,3405500.000000,0.0,CMFGEN_21jun23
26,6,Fe VII,880,29313000.000000,0.0,CMFGEN_21jun23
26,6,Fe VII,881,13046000.000000,0.0,CMFGEN_21jun23
26,6,Fe VII,882,4105600.000000,0.0,CMFGEN_21jun23
26,6,Fe VII,883,62659000.000000,0.0,CMFGEN_21jun23
26,6,Fe VII,884,114000.000000,0.0,CMFGEN_21jun23
26,6,Fe VII,885,111390000.000000,0.0,CMFGEN_21jun23
26,6,Fe VII,886,87923000.000000,0.0,CMFGEN_21jun23
26,6,Fe VII,887,9874100.000000,0.0,CMFGEN_21jun23
26,6,Fe VII,888,47736000.000000,0.0,CMFGEN_21jun23
26,6,Fe VII,889,401610.000000,0.0,CMFGEN_21jun23
26,6,Fe VII,890,17448000.000000,0.0,CMFGEN_21jun23
26,6,Fe VII,891,141620.000000,0.0,CMFGEN_21jun23
26,6,Fe VII,892,254110.000000,0.0,CMFGEN_21jun23
26,6,Fe VII,893,47139000.000000,0.0,CMFGEN_21jun23
26,6,Fe VII,894,145940.000000,0.0,CMFGEN_21jun23
26,6,Fe VII,895,44269000.000000,0.0,CMFGEN_21jun23
26,6,Fe VII,896,6611400.000000,0.0,CMFGEN_21jun23
26,6,Fe VII,897,31925000.000000,0.0,CMFGEN_21jun23
26,6,Fe VII,898,24433000.000000,0.0,CMFGEN_21jun23
26,6,Fe VII,899,298130000.000000,0.1,CMFGEN_21jun23
26,6,Fe VII,900,11901000.000000,0.0,CMFGEN_21jun23
26,6,Fe VII,901,203110000.000000,0.0,CMFGEN_21jun23
26,6,Fe VII,902,209390000.000000,0.0,CMFGEN_21jun23
26,6,Fe VII,903,820980000.000000,0.2,CMFGEN_21jun23
26,6,Fe VII,904,408920000.000000,0.1,CMFGEN_21jun23
26,6,Fe VII,905,15866000.000000,0.0,CMFGEN_21jun23
26,6,Fe VII,906,30732000.000000,0.0,CMFGEN_21jun23
26,6,Fe VII,907,346940000.000000,0.1,CMFGEN_21jun23
26,6,Fe VII,908,3202800.000000,0.0,CMFGEN_21jun23
26,6,Fe VII,909,105360000.000000,0.0,CMFGEN_21jun23
26,6,Fe VII,910,1653400.000000,0.0,CMFGEN_21jun23
26,6,Fe VII,911,3534300.000000,0.0,CMFGEN_21jun23
26,6,Fe VII,912,249840000.000000,0.1,CMFGEN_21jun23
26,6,Fe VII,913,77524000.000000,0.0,CMFGEN_21jun23
26,6,Fe VII,914,17716000.000000,0.0,CMFGEN_21jun23
26,6,Fe VII,915,49282000.000000,0.0,CMFGEN_21jun23
26,6,Fe VII,916,319590000.000000,0.1,CMFGEN_21jun23
26,6,Fe VII,917,10307000.000000,0.0,CMFGEN_21jun23
26,6,Fe VII,918,106240000.000000,0.0,CMFGEN_21jun23
26,6,Fe VII,919,311910.000000,0.0,CMFGEN_21jun23
26,6,Fe VII,920,22160000.000000,0.0,CMFGEN_21jun23
26,6,Fe VII,921,43980000.000000,0.0,CMFGEN_21jun23
26,6,Fe VII,922,18106000.000000,0.0,CMFGEN_21jun23
26,6,Fe VII,923,6905000.000000,0.0,CMFGEN_21jun23
26,6,Fe VII,924,8370800.000000,0.0,CMFGEN_21jun23
26,6,Fe VII,925,144200.000000,0.0,CMFGEN_21jun23
26,6,Fe VII,926,1596000.000000,0.0,CMFGEN_21jun23
26,6,Fe VII,927,1342600.000000,0.0,CMFGEN_21jun23
26,6,Fe VII,928,24042000.000000,0.0,CMFGEN_21jun23
26,6,Fe VII,929,179730000.000000,0.0,CMFGEN_21jun23
26,6,Fe VII,930,4195000.000000,0.0,CMFGEN_21jun23
26,6,Fe VII,931,3148700.000000,0.0,CMFGEN_21jun23
26,6,Fe VII,932,7362100.000000,0.0,CMFGEN_21jun23
26,6,Fe VII,933,1071200.000000,0.0,CMFGEN_21jun23
26,6,Fe VII,934,86795000.000000,0.0,CMFGEN_21jun23
26,6,Fe VII,935,29230000.000000,0.0,CMFGEN_21jun23
26,6,Fe VII,936,7163600.000000,0.0,CMFGEN_21jun23
26,6,Fe VII,937,390320000.000000,0.0,CMFGEN_21jun23
26,6,Fe VII,938,949180.000000,0.0,CMFGEN_21jun23
26,6,Fe VII,939,126440000.000000,0.0,CMFGEN_21jun23
26,6,Fe VII,940,1993400.000000,0.0,CMFGEN_21jun23
26,6,Fe VII,941,23441000.000000,0.0,CMFGEN_21jun23
26,6,Fe VII,942,88156.000000,0.0,CMFGEN_21jun23
26,6,Fe VII,943,102300.000000,0.0,CMFGEN_21jun23
26,6,Fe VII,944,70526000.000000,0.0,CMFGEN_21jun23
26,6,Fe VII,945,4516000.000000,0.0,CMFGEN_21jun23
26,6,Fe VII,946,142980.000000,0.0,CMFGEN_21jun23
26,6,Fe VII,947,287920000.000000,0.0,CMFGEN_21jun23
26,6,Fe VII,948,5437300.000000,0.0,CMFGEN_21jun23
26,6,Fe VII,949,2180900.000000,0.0,CMFGEN_21jun23
26,6,Fe VII,950,2728200.000000,0.0,CMFGEN_21jun23
26,6,Fe VII,951,1280400.000000,0.0,CMFGEN_21jun23
26,6,Fe VII,952,8265600.000000,0.0,CMFGEN_21jun23
26,6,Fe VII,953,1230500.000000,0.0,CMFGEN_21jun23
26,6,Fe VII,954,100550.000000,0.0,CMFGEN_21jun23
26,6,Fe VII,955,11999000.000000,0.0,CMFGEN_21jun23
26,6,Fe VII,956,10540000.000000,0.0,CMFGEN_21jun23
26,6,Fe VII,957,544530.000000,0.0,CMFGEN_21jun23
26,6,Fe VII,958,1107800.000000,0.0,CMFGEN_21jun23
26,6,Fe VII,959,2769700.000000,0.0,CMFGEN_21jun23
26,6,Fe VII,960,178590.000000,0.0,CMFGEN_21jun23
26,6,Fe VII,961,259910.000000,0.0,CMFGEN_21jun23
26,6,Fe VII,962,162820.000000,0.0,CMFGEN_21jun23
26,6,Fe VII,963,3563900.000000,0.0,CMFGEN_21jun23
26,6,Fe VII,964,2086500.000000,0.0,CMFGEN_21jun23
26,6,Fe VII,965,10167000.000000,0.0,CMFGEN_21jun23
26,6,Fe VII,966,38549000.000000,0.0,CMFGEN_21jun23
26,6,Fe VII,967,708920.000000,0.0,CMFGEN_21jun23
26,6,Fe VII,968,4433300.000000,0.0,CMFGEN_21jun23
26,6,Fe VII,969,750280.000000,0.0,CMFGEN_21jun23
26,6,Fe VII,970,1359500.000000,0.0,CMFGEN_21jun23
26,6,Fe VII,971,970490.000000,0.0,CMFGEN_21jun23
26,6,Fe VII,972,3989800.000000,0.0,CMFGEN_21jun23
26,6,Fe VII,973,1279800.000000,0.0,CMFGEN_21jun23
26,6,Fe VII,974,145010.000000,0.0,CMFGEN_21jun23
26,6,Fe VII,975,8442100.000000,0.0,CMFGEN_21jun23
26,6,Fe VII,976,17291000.000000,0.0,CMFGEN_21jun23
26,6,Fe VII,977,503530.000000,0.0,CMFGEN_21jun23
26,6,Fe VII,978,6047100.000000,0.0,CMFGEN_21jun23
26,6,Fe VII,979,1002200.000000,0.0,CMFGEN_21jun23
26,6,Fe VII,980,165190.000000,0.0,CMFGEN_21jun23
26,6,Fe VII,981,5174300.000000,0.0,CMFGEN_21jun23
26,6,Fe VII,982,1702300.000000,0.0,CMFGEN_21jun23
26,6,Fe VII,983,5720400.000000,0.0,CMFGEN_21jun23
26,6,Fe VII,984,5104000.000000,0.0,CMFGEN_21jun23
26,6,Fe VII,985,4297900.000000,0.0,CMFGEN_21jun23
26,6,Fe VII,986,199540.000000,0.0,CMFGEN_21jun23
26,6,Fe VII,987,938160.000000,0.0,CMFGEN_21jun23
26,6,Fe VII,988,9008.600000,0.0,CMFGEN_21jun23
26,6,Fe VII,989,344020.000000,0.0,CMFGEN_21jun23
26,6,Fe VII,990,1316700.000000,0.0,CMFGEN_21jun23
26,6,Fe VII,991,532020.000000,0.0,CMFGEN_21jun23
26,6,Fe VII,992,972340.000000,0.0,CMFGEN_21jun23
26,6,Fe VII,993,799540.000000,0.0,CMFGEN_21jun23
26,6,Fe VII,994,101190.000000,0.0,CMFGEN_21jun23
26,6,Fe VII,995,13390.000000,0.0,CMFGEN_21jun23
26,6,Fe VII,996,30845.000000,0.0,CMFGEN_21jun23
26,6,Fe VII,997,10999.000000,0.0,CMFGEN_21jun23
26,6,Fe VII,998,97679.000000,0.0,CMFGEN_21jun23
26,6,Fe VII,999,36726.000000,0.0,CMFGEN_21jun23
26,6,Fe VII,1000,401380.000000,0.0,CMFGEN_21jun23
26,6,Fe VII,1001,1817400.000000,0.0,CMFGEN_21jun23
26,6,Fe VII,1002,1137500.000000,0.0,CMFGEN_21jun23
26,6,Fe VII,1003,10325000.000000,0.0,CMFGEN_21jun23
26,6,Fe VII,1004,160710.000000,0.0,CMFGEN_21jun23
26,6,Fe VII,1005,68036.000000,0.0,CMFGEN_21jun23
26,6,Fe VII,1006,86840.000000,0.0,CMFGEN_21jun23
26,6,Fe VII,1007,979780.000000,0.0,CMFGEN_21jun23
26,6,Fe VII,1008,690310.000000,0.0,CMFGEN_21jun23
26,6,Fe VII,1009,622260.000000,0.0,CMFGEN_21jun23
26,6,Fe VII,1010,3921100.000000,0.0,CMFGEN_21jun23
26,6,Fe VII,1011,1383400.000000,0.0,CMFGEN_21jun23
26,6,Fe VII,1012,142610.000000,0.0,CMFGEN_21jun23
26,6,Fe VII,1013,22804000.000000,0.0,CMFGEN_21jun23
26,6,Fe VII,1014,684520.000000,0.0,CMFGEN_21jun23
26,6,Fe VII,1015,4027100.000000,0.0,CMFGEN_21jun23
26,6,Fe VII,1016,154340.000000,0.0,CMFGEN_21jun23
26,6,Fe VII,1017,964030.000000,0.0,CMFGEN_21jun23
26,6,Fe VII,1018,1812500.000000,0.0,CMFGEN_21jun23
26,6,Fe VII,1019,201840.000000,0.0,CMFGEN_21jun23
26,6,Fe VII,1020,818010.000000,0.0,CMFGEN_21jun23
26,6,Fe VII,1021,1260600.000000,0.0,CMFGEN_21jun23
26,6,Fe VII,1022,228880.000000,0.0,CMFGEN_21jun23
26,6,Fe VII,1023,2441000.000000,0.0,CMFGEN_21jun23
26,6,Fe VII,1024,53818000.000000,0.0,CMFGEN_21jun23
26,6,Fe VII,1025,7133100.000000,0.0,CMFGEN_21jun23
26,6,Fe VII,1026,43197000.000000,0.0,CMFGEN_21jun23
26,6,Fe VII,1027,6885800.000000,0.0,CMFGEN_21jun23
26,6,Fe VII,1028,54876000.000000,0.0,CMFGEN_21jun23
26,6,Fe VII,1029,47985000.000000,0.0,CMFGEN_21jun23
26,6,Fe VII,1030,19701000.000000,0.0,CMFGEN_21jun23
26,6,Fe VII,1031,61318000.000000,0.0,CMFGEN_21jun23
26,6,Fe VII,1032,6173700.000000,0.0,CMFGEN_21jun23
26,6,Fe VII,1033,143890.000000,0.0,CMFGEN_21jun23
26,6,Fe VII,1034,55470.000000,0.0,CMFGEN_21jun23
26,6,Fe VII,1035,6315500.000000,0.0,CMFGEN_21jun23
26,6,Fe VII,1036,5303000.000000,0.0,CMFGEN_21jun23
26,6,Fe VII,1037,71127000.000000,0.0,CMFGEN_21jun23
26,6,Fe VII,1038,205350000.000000,0.0,CMFGEN_21jun23
26,6,Fe VII,1039,253190000.000000,0.1,CMFGEN_21jun23
26,6,Fe VII,1040,54554000.000000,0.0,CMFGEN_21jun23
26,6,Fe VII,1041,67526000.000000,0.0,CMFGEN_21jun23
26,6,Fe VII,1042,3441300.000000,0.0,CMFGEN_21jun23
26,6,Fe VII,1043,1455300000.000000,0.3,CMFGEN_21jun23
26,6,Fe VII,1044,51004000.000000,0.0,CMFGEN_21jun23
26,6,Fe VII,1045,14885000.000000,0.0,CMFGEN_21jun23
26,6,Fe VII,1046,573060000.000000,0.1,CMFGEN_21jun23
26,6,Fe VII,1047,7640900.000000,0.0,CMFGEN_21jun23
26,6,Fe VII,1048,275910000.000000,0.0,CMFGEN_21jun23
26,6,Fe VII,1049,963370.000000,0.0,CMFGEN_21jun23
26,6,Fe VII,1050,19748000.000000,0.0,CMFGEN_21jun23
26,6,Fe VII,1051,95562000.000000,0.0,CMFGEN_21jun23
26,6,Fe VII,1052,114300000.000000,0.0,CMFGEN_21jun23
26,6,Fe VII,1053,129090000.000000,0.0,CMFGEN_21jun23
26,6,Fe VII,1054,58678.000000,0.0,CMFGEN_21jun23
26,6,Fe VII,1055,27090000.000000,0.0,CMFGEN_21jun23
26,6,Fe VII,1056,798790.000000,0.0,CMFGEN_21jun23
26,6,Fe VII,1057,379910.000000,0.0,CMFGEN_21jun23
26,6,Fe VII,1058,688030.000000,0.0,CMFGEN_21jun23
26,6,Fe VII,1059,76015000.000000,0.0,CMFGEN_21jun23
26,6,Fe VII,1060,6469100.000000,0.0,CMFGEN_21jun23
26,6,Fe VII,1061,454190.000000,0.0,CMFGEN_21jun23
26,6,Fe VII,1062,99339.000000,0.0,CMFGEN_21jun23
26,6,Fe VII,1063,25101000.000000,0.0,CMFGEN_21jun23
26,6,Fe VII,1064,792500.000000,0.0,CMFGEN_21jun23
26,6,Fe VII,1065,2820500.000000,0.0,CMFGEN_21jun23
26,6,Fe VII,1066,654940000.000000,0.1,CMFGEN_21jun23
26,6,Fe VII,1067,199410000.000000,0.0,CMFGEN_21jun23
26,6,Fe VII,1068,2010600.000000,0.0,CMFGEN_21jun23
26,6,Fe VII,1069,7057900.000000,0.0,CMFGEN_21jun23
26,6,Fe VII,1070,542580.000000,0.0,CMFGEN_21jun23
26,6,Fe VII,1071,154250000.000000,0.0,CMFGEN_21jun23
26,6,Fe VII,1072,38360000.000000,0.0,CMFGEN_21jun23
26,6,Fe VII,1073,288240000.000000,0.0,CMFGEN_21jun23
26,6,Fe VII,1074,306250.000000,0.0,CMFGEN_21jun23
26,6,Fe VII,1075,660880.000000,0.0,CMFGEN_21jun23
26,6,Fe VII,1076,1662800.000000,0.0,CMFGEN_21jun23
26,6,Fe VII,1077,24396000.000000,0.0,CMFGEN_21jun23
26,6,Fe VII,1078,2455700.000000,0.0,CMFGEN_21jun23
26,6,Fe VII,1079,109040.000000,0.0,CMFGEN_21jun23
26,6,Fe VII,1080,246600.000000,0.0,CMFGEN_21jun23
26,6,Fe VII,1081,1586100.000000,0.0,CMFGEN_21jun23
26,6,Fe VII,1082,17815000.000000,0.0,CMFGEN_21jun23
26,6,Fe VII,1083,5840600.000000,0.0,CMFGEN_21jun23
26,6,Fe VII,1084,8693500.000000,0.0,CMFGEN_21jun23
26,6,Fe VII,1085,615140.000000,0.0,CMFGEN_21jun23
26,6,Fe VII,1086,47356000.000000,0.0,CMFGEN_21jun23
26,6,Fe VII,1087,86979.000000,0.0,CMFGEN_21jun23
26,6,Fe VII,1088,917170.000000,0.0,CMFGEN_21jun23
26,6,Fe VII,1089,659980.000000,0.0,CMFGEN_21jun23
26,6,Fe VII,1090,6267000.000000,0.0,CMFGEN_21jun23
26,6,Fe VII,1091,885070.000000,0.0,CMFGEN_21jun23
26,6,Fe VII,1092,1114200.000000,0.0,CMFGEN_21jun23
26,6,Fe VII,1093,81998000.000000,0.0,CMFGEN_21jun23
26,6,Fe VII,1094,436040.000000,0.0,CMFGEN_21jun23
26,6,Fe VII,1095,116580.000000,0.0,CMFGEN_21jun23
26,6,Fe VII,1096,18901000.000000,0.0,CMFGEN_21jun23
26,6,Fe VII,1097,55353000.000000,0.0,CMFGEN_21jun23
26,6,Fe VII,1098,1305500.000000,0.0,CMFGEN_21jun23
26,6,Fe VII,1099,1088500.000000,0.0,CMFGEN_21jun23
26,6,Fe VII,1100,9690000.000000,0.0,CMFGEN_21jun23
26,6,Fe VII,1101,1972100.000000,0.0,CMFGEN_21jun23
26,6,Fe VII,1102,793490.000000,0.0,CMFGEN_21jun23
26,6,Fe VII,1103,2644500.000000,0.0,CMFGEN_21jun23
26,6,Fe VII,1104,2211400.000000,0.0,CMFGEN_21jun23
26,6,Fe VII,1105,15614000.000000,0.0,CMFGEN_21jun23
26,6,Fe VII,1106,8571.800000,0.0,CMFGEN_21jun23
26,6,Fe VII,1107,1085.900000,0.0,CMFGEN_21jun23
26,6,Fe VII,1108,3000.100000,0.0,CMFGEN_21jun23
26,6,Fe VII,1109,51835.000000,0.0,CMFGEN_21jun23
26,6,Fe VII,1110,5744.600000,0.0,CMFGEN_21jun23
26,6,Fe VII,1111,3134.100000,0.0,CMFGEN_21jun23
26,6,Fe VII,1112,1786.900000,0.0,CMFGEN_21jun23
26,6,Fe VII,1113,7352.500000,0.0,CMFGEN_21jun23
26,6,Fe VII,1114,2247.400000,0.0,CMFGEN_21jun23
26,6,Fe VII,1115,60508.000000,0.0,CMFGEN_21jun23
26,6,Fe VII,1116,36874.000000,0.0,CMFGEN_21jun23
26,6,Fe VII,1117,26280.000000,0.0,CMFGEN_21jun23
26,6,Fe VII,1118,42817.000000,0.0,CMFGEN_21jun23
26,6,Fe VII,1119,44797.000000,0.0,CMFGEN_21jun23
26,6,Fe VII,1120,946800.000000,0.0,CMFGEN_21jun23
26,6,Fe VII,1121,46976.000000,0.0,CMFGEN_21jun23
26,6,Fe VII,1122,29144.000000,0.0,CMFGEN_21jun23
26,6,Fe VII,1123,642210.000000,0.0,CMFGEN_21jun23
26,6,Fe VII,1124,418630.000000,0.0,CMFGEN_21jun23
26,6,Fe VII,1125,102250.000000,0.0,CMFGEN_21jun23
26,6,Fe VII,1126,19780.000000,0.0,CMFGEN_21jun23
26,6,Fe VII,1127,43083.000000,0.0,CMFGEN_21jun23
26,6,Fe VII,1128,351640.000000,0.0,CMFGEN_21jun23
26,6,Fe VII,1129,1197700.000000,0.0,CMFGEN_21jun23
26,6,Fe VII,1130,154530.000000,0.0,CMFGEN_21jun23
26,6,Fe VII,1131,43585.000000,0.0,CMFGEN_21jun23
26,6,Fe VII,1132,637980.000000,0.0,CMFGEN_21jun23
26,6,Fe VII,1133,120500.000000,0.0,CMFGEN_21jun23
26,6,Fe VII,1134,88121.000000,0.0,CMFGEN_21jun23
26,6,Fe VII,1135,435210.000000,0.0,CMFGEN_21jun23
26,6,Fe VII,1136,180920.000000,0.0,CMFGEN_21jun23
26,6,Fe VII,1137,191480.000000,0.0,CMFGEN_21jun23
26,6,Fe VII,1138,64678.000000,0.0,CMFGEN_21jun23
26,6,Fe VII,1139,41293.000000,0.0,CMFGEN_21jun23
26,6,Fe VII,1140,707580.000000,0.0,CMFGEN_21jun23
26,6,Fe VII,1141,793380.000000,0.0,CMFGEN_21jun23
26,6,Fe VII,1142,107250.000000,0.0,CMFGEN_21jun23
26,6,Fe VII,1143,65698.000000,0.0,CMFGEN_21jun23
26,6,Fe VII,1144,614380.000000,0.0,CMFGEN_21jun23
26,6,Fe VII,1145,327250.000000,0.0,CMFGEN_21jun23
26,6,Fe VII,1146,114950.000000,0.0,CMFGEN_21jun23
26,6,Fe VII,1147,228160.000000,0.0,CMFGEN_21jun23
26,6,Fe VII,1148,469740.000000,0.0,CMFGEN_21jun23
26,6,Fe VII,1149,4211900.000000,0.0,CMFGEN_21jun23
26,6,Fe VII,1150,2331700.000000,0.0,CMFGEN_21jun23
26,6,Fe VII,1151,916880.000000,0.0,CMFGEN_21jun23
26,6,Fe VII,1152,592990.000000,0.0,CMFGEN_21jun23
26,6,Fe VII,1153,3447700.000000,0.0,CMFGEN_21jun23
26,6,Fe VII,1154,84079.000000,0.0,CMFGEN_21jun23
26,6,Fe VII,1155,516350.000000,0.0,CMFGEN_21jun23
26,6,Fe VII,1156,2478500.000000,0.0,CMFGEN_21jun23
26,6,Fe VII,1157,2402400.000000,0.0,CMFGEN_21jun23
26,6,Fe VII,1158,1008900.000000,0.0,CMFGEN_21jun23
26,6,Fe VII,1159,6834500.000000,0.0,CMFGEN_21jun23
26,6,Fe VII,1160,970210.000000,0.0,CMFGEN_21jun23
26,6,Fe VII,1161,144540.000000,0.0,CMFGEN_21jun23
26,6,Fe VII,1162,2930400.000000,0.0,CMFGEN_21jun23
26,6,Fe VII,1163,52282000.000000,0.0,CMFGEN_21jun23
26,6,Fe VII,1164,9959300.000000,0.0,CMFGEN_21jun23
26,6,Fe VII,1165,560700.000000,0.0,CMFGEN_21jun23
26,6,Fe VII,1166,509640.000000,0.0,CMFGEN_21jun23
26,6,Fe VII,1167,312620000.000000,0.0,CMFGEN_21jun23
26,6,Fe VII,1168,317770.000000,0.0,CMFGEN_21jun23
26,6,Fe VII,1169,8490400.000000,0.0,CMFGEN_21jun23
26,6,Fe VII,1170,261900.000000,0.0,CMFGEN_21jun23
26,6,Fe VII,1171,3256700.000000,0.0,CMFGEN_21jun23
26,6,Fe VII,1172,217990.000000,0.0,CMFGEN_21jun23
26,6,Fe VII,1173,90903000.000000,0.0,CMFGEN_21jun23
26,6,Fe VII,1174,59602000.000000,0.0,CMFGEN_21jun23
26,6,Fe VII,1175,387890000.000000,0.1,CMFGEN_21jun23
26,6,Fe VII,1176,94430000.000000,0.0,CMFGEN_21jun23
26,6,Fe VII,1177,128530000.000000,0.0,CMFGEN_21jun23
26,6,Fe VII,1178,601640000.000000,0.2,CMFGEN_21jun23
26,6,Fe VII,1179,10617000.000000,0.0,CMFGEN_21jun23
26,6,Fe VII,1180,37712000.000000,0.0,CMFGEN_21jun23
26,6,Fe VII,1181,17427000.000000,0.0,CMFGEN_21jun23
26,6,Fe VII,1182,7080400.000000,0.0,CMFGEN_21jun23
26,6,Fe VII,1183,24378000.000000,0.0,CMFGEN_21jun23
26,6,Fe VII,1184,612510.000000,0.0,CMFGEN_21jun23
26,6,Fe VII,1185,2369500.000000,0.0,CMFGEN_21jun23
26,6,Fe VII,1186,311090.000000,0.0,CMFGEN_21jun23
26,6,Fe VII,1187,4061500.000000,0.0,CMFGEN_21jun23
26,6,Fe VII,1188,3961900.000000,0.0,CMFGEN_21jun23
26,6,Fe VII,1189,8995100.000000,0.0,CMFGEN_21jun23
26,6,Fe VII,1190,14588000.000000,0.0,CMFGEN_21jun23
26,6,Fe VII,1191,38065000.000000,0.0,CMFGEN_21jun23
26,6,Fe VII,1192,378290.000000,0.0,CMFGEN_21jun23
26,6,Fe VII,1193,7218100.000000,0.0,CMFGEN_21jun23
26,6,Fe VII,1194,1407600000.000000,0.2,CMFGEN_21jun23
26,6,Fe VII,1195,399840000.000000,0.1,CMFGEN_21jun23
27,6,Co VII,1,0.000000,4.0,CMFGEN_21jun23
27,6,Co VII,2,701.000000,6.0,CMFGEN_21jun23
27,6,Co VII,3,1620.000000,8.0,CMFGEN_21jun23
27,6,Co VII,4,2718.000000,10.0,CMFGEN_21jun23
27,6,Co VII,5,21011.000000,2.0,CMFGEN_21jun23
27,6,Co VII,6,21250.000000,4.0,CMFGEN_21jun23
27,6,Co VII,7,22203.000000,6.0,CMFGEN_21jun23
27,6,Co VII,8,23286.000000,8.0,CMFGEN_21jun23
27,6,Co VII,9,24206.000000,10.0,CMFGEN_21jun23
27,6,Co VII,10,29406.000000,4.0,CMFGEN_21jun23
27,6,Co VII,11,29859.000000,2.0,CMFGEN_21jun23
27,6,Co VII,12,32319.000000,6.0,CMFGEN_21jun23
27,6,Co VII,13,32404.000000,10.0,CMFGEN_21jun23
27,6,Co VII,14,32628.000000,4.0,CMFGEN_21jun23
27,6,Co VII,15,33012.000000,12.0,CMFGEN_21jun23
27,6,Co VII,16,51867.000000,8.0,CMFGEN_21jun23
27,6,Co VII,17,52379.000000,6.0,CMFGEN_21jun23
27,6,Co VII,18,80516.000000,6.0,CMFGEN_21jun23
27,6,Co VII,19,445793.000000,6.0,CMFGEN_21jun23
27,6,Co VII,20,447004.000000,4.0,CMFGEN_21jun23
27,6,Co VII,21,447330.000000,8.0,CMFGEN_21jun23
27,6,Co VII,22,448093.000000,6.0,CMFGEN_21jun23
27,6,Co VII,23,449349.000000,10.0,CMFGEN_21jun23
27,6,Co VII,24,449482.000000,8.0,CMFGEN_21jun23
27,6,Co VII,25,450809.000000,6.0,CMFGEN_21jun23
27,6,Co VII,26,451014.000000,10.0,CMFGEN_21jun23
27,6,Co VII,27,451257.000000,4.0,CMFGEN_21jun23
27,6,Co VII,28,451608.000000,2.0,CMFGEN_21jun23
27,6,Co VII,29,451835.000000,12.0,CMFGEN_21jun23
27,6,Co VII,30,452024.000000,8.0,CMFGEN_21jun23
27,6,Co VII,31,452615.000000,6.0,CMFGEN_21jun23
27,6,Co VII,32,453255.000000,4.0,CMFGEN_21jun23
27,6,Co VII,33,454301.000000,8.0,CMFGEN_21jun23
27,6,Co VII,34,455136.000000,6.0,CMFGEN_21jun23
27,6,Co VII,35,458326.000000,8.0,CMFGEN_21jun23
27,6,Co VII,36,459746.000000,10.0,CMFGEN_21jun23
27,6,Co VII,37,461032.000000,2.0,CMFGEN_21jun23
27,6,Co VII,38,465021.000000,4.0,CMFGEN_21jun23
27,6,Co VII,39,467663.000000,4.0,CMFGEN_21jun23
27,6,Co VII,40,468314.000000,6.0,CMFGEN_21jun23
27,6,Co VII,41,469527.000000,2.0,CMFGEN_21jun23
27,6,Co VII,42,470113.000000,2.0,CMFGEN_21jun23
27,6,Co VII,43,470294.000000,8.0,CMFGEN_21jun23
27,6,Co VII,44,470750.000000,4.0,CMFGEN_21jun23
27,6,Co VII,45,471912.000000,6.0,CMFGEN_21jun23
27,6,Co VII,46,472919.000000,4.0,CMFGEN_21jun23
27,6,Co VII,47,472919.000000,8.0,CMFGEN_21jun23
27,6,Co VII,48,474284.000000,6.0,CMFGEN_21jun23
27,6,Co VII,49,474766.000000,2.0,CMFGEN_21jun23
27,6,Co VII,50,475310.000000,8.0,CMFGEN_21jun23
27,6,Co VII,51,475452.000000,10.0,CMFGEN_21jun23
27,6,Co VII,52,475466.000000,4.0,CMFGEN_21jun23
27,6,Co VII,53,476872.000000,6.0,CMFGEN_21jun23
27,6,Co VII,54,482367.000000,4.0,CMFGEN_21jun23
27,6,Co VII,55,482643.000000,6.0,CMFGEN_21jun23
27,6,Co VII,56,483860.000000,10.0,CMFGEN_21jun23
27,6,Co VII,57,486306.000000,12.0,CMFGEN_21jun23
27,6,Co VII,58,486619.000000,2.0,CMFGEN_21jun23
27,6,Co VII,59,487058.000000,4.0,CMFGEN_21jun23
27,6,Co VII,60,490180.000000,6.0,CMFGEN_21jun23
27,6,Co VII,61,490767.000000,8.0,CMFGEN_21jun23
27,6,Co VII,62,524079.000000,2.0,CMFGEN_21jun23
27,6,Co VII,63,527023.000000,4.0,CMFGEN_21jun23
27,6,Co VII,64,17191.000000,0.0,CMFGEN_21jun23
27,6,Co VII,65,9768.000000,0.0,CMFGEN_21jun23
27,6,Co VII,66,289020.000000,0.0,CMFGEN_21jun23
27,6,Co VII,67,620.540000,0.0,CMFGEN_21jun23
27,6,Co VII,68,692.330000,0.0,CMFGEN_21jun23
27,6,Co VII,69,97219.000000,0.0,CMFGEN_21jun23
27,6,Co VII,70,146.020000,0.0,CMFGEN_21jun23
28,6,Ni VII,1,0.000000,1.0,CMFGEN_21jun23
28,6,Ni VII,2,279.000000,3.0,CMFGEN_21jun23
28,6,Ni VII,3,804.000000,5.0,CMFGEN_21jun23
28,6,Ni VII,4,1520.000000,7.0,CMFGEN_21jun23
28,6,Ni VII,5,2392.000000,9.0,CMFGEN_21jun23
28,6,Ni VII,6,30077.000000,1.0,CMFGEN_21jun23
28,6,Ni VII,7,31672.000000,9.0,CMFGEN_21jun23
28,6,Ni VII,8,31836.000000,3.0,CMFGEN_21jun23
28,6,Ni VII,9,32286.000000,11.0,CMFGEN_21jun23
28,6,Ni VII,10,32877.000000,13.0,CMFGEN_21jun23
28,6,Ni VII,11,34247.000000,5.0,CMFGEN_21jun23
28,6,Ni VII,12,34317.000000,7.0,CMFGEN_21jun23
28,6,Ni VII,13,34555.000000,5.0,CMFGEN_21jun23
28,6,Ni VII,14,34576.000000,9.0,CMFGEN_21jun23
28,6,Ni VII,15,38160.000000,7.0,CMFGEN_21jun23
28,6,Ni VII,16,38746.000000,9.0,CMFGEN_21jun23
28,6,Ni VII,17,39247.000000,11.0,CMFGEN_21jun23
28,6,Ni VII,18,467015.000000,3.0,CMFGEN_21jun23
28,6,Ni VII,19,467705.000000,5.0,CMFGEN_21jun23
28,6,Ni VII,20,468690.000000,7.0,CMFGEN_21jun23
28,6,Ni VII,21,469175.000000,3.0,CMFGEN_21jun23
28,6,Ni VII,22,469844.000000,9.0,CMFGEN_21jun23
28,6,Ni VII,23,470056.000000,5.0,CMFGEN_21jun23
28,6,Ni VII,24,471096.000000,7.0,CMFGEN_21jun23
28,6,Ni VII,25,471250.000000,3.0,CMFGEN_21jun23
28,6,Ni VII,26,471976.000000,5.0,CMFGEN_21jun23
28,6,Ni VII,27,472067.000000,9.0,CMFGEN_21jun23
28,6,Ni VII,28,472907.000000,11.0,CMFGEN_21jun23
28,6,Ni VII,29,473360.000000,7.0,CMFGEN_21jun23
28,6,Ni VII,30,476258.000000,7.0,CMFGEN_21jun23
28,6,Ni VII,31,477261.000000,9.0,CMFGEN_21jun23
28,6,Ni VII,32,478534.000000,11.0,CMFGEN_21jun23
28,6,Ni VII,33,479950.000000,5.0,CMFGEN_21jun23
28,6,Ni VII,34,481091.000000,7.0,CMFGEN_21jun23
28,6,Ni VII,35,482229.000000,9.0,CMFGEN_21jun23
28,6,Ni VII,36,486151.000000,3.0,CMFGEN_21jun23
28,6,Ni VII,37,487207.000000,5.0,CMFGEN_21jun23
28,6,Ni VII,38,488665.000000,7.0,CMFGEN_21jun23
28,6,Ni VII,39,493743.000000,7.0,CMFGEN_21jun23
28,6,Ni VII,40,495087.000000,9.0,CMFGEN_21jun23
28,6,Ni VII,41,496340.000000,11.0,CMFGEN_21jun23
28,6,Ni VII,42,511464.000000,11.0,CMFGEN_21jun23
28,6,Ni VII,43,511698.000000,9.0,CMFGEN_21jun23
28,6,Ni VII,44,511991.000000,7.0,CMFGEN_21jun23
28,6,Ni VII,45,4541.800000,0.0,CMFGEN_21jun23
28,6,Ni VII,46,87653.000000,0.0,CMFGEN_21jun23
28,6,Ni VII,47,4497.500000,0.0,CMFGEN_21jun23
28,6,Ni VII,48,9889.400000,0.0,CMFGEN_21jun23
28,6,Ni VII,49,7320.000000,0.0,CMFGEN_21jun23
28,6,Ni VII,50,58720.000000,0.0,CMFGEN_21jun23
28,6,Ni VII,51,74036.000000,0.0,CMFGEN_21jun23
28,6,Ni VII,52,73362.000000,0.0,CMFGEN_21jun23
28,6,Ni VII,53,37830.000000,0.0,CMFGEN_21jun23
28,6,Ni VII,54,399960.000000,0.0,CMFGEN_21jun23
28,6,Ni VII,55,54718.000000,0.0,CMFGEN_21jun23
28,6,Ni VII,56,20070.000000,0.0,CMFGEN_21jun23
28,6,Ni VII,57,19417.000000,0.0,CMFGEN_21jun23
28,6,Ni VII,58,47491.000000,0.0,CMFGEN_21jun23
28,6,Ni VII,59,98039.000000,0.0,CMFGEN_21jun23
28,6,Ni VII,60,15087.000000,0.0,CMFGEN_21jun23
28,6,Ni VII,61,282930.000000,0.0,CMFGEN_21jun23
28,6,Ni VII,62,27334.000000,0.0,CMFGEN_21jun23
28,6,Ni VII,63,40443.000000,0.0,CMFGEN_21jun23
28,6,Ni VII,64,283790.000000,0.0,CMFGEN_21jun23
