log_L,v_inner,log_rho_0,X_Si,X_Fe,density_exp,T_e_ratio,X_O,rms,si_depth,si_velocity,si_wave_min,runtime,converged
43.14060092832747,8352.413771665288,-13.035012376826915,0.03323798530491559,0.294004269860091,-7.779218016075612,0.914110419913416,0.4227577448349934,0.08727881738281297,0.43868541124755334,23461.8410700236,5858.0,211.34160137176514,1
43.12652671045873,9019.303136647719,-13.077166616846037,0.2132241520255327,0.331921245980755,-7.3611457451171995,0.9956863304536023,0.2048546019937123,0.09168453333107295,0.483097257861981,9205.35011801731,6160.0,211.37006783485413,1
43.02796724955901,8543.334854021343,-13.488978115764759,0.0846247345347644,0.4239283937964313,-7.635568154989196,0.9430907665820399,0.2414468716688043,0.09198153468158975,0.19417519117266824,8355.625491738789,6178.0,163.08561301231384,1
