log_L,v_inner,log_rho_0,density_exp,T_e_ratio,v_core,v_wall,X_Fe_core,X_Si_wall,X_S_wall,X_Ca_wall,X_O_core,X_O_wall,X_O_outer,rms,si_depth,si_velocity,si_wave_min,runtime,converged
43.12503041715707,8687.098864324807,-13.152224771253005,-9.73729995428329,0.9797778726833449,13212.702788410352,17145.224120169427,0.22075823982440965,0.5009330506963152,0.13347706793044986,0.06193847037316025,0.47924176017559017,0.08365141100007464,0.7699999999999999,0.07968118040798372,0.2942003609886371,8355.625491738789,6178.0,19.460544109344482,1
43.12781116775126,8972.127827448316,-13.1516157433453,-8.886827268809618,0.9571595200694433,14228.10791254655,16877.964945186082,0.2679083966406264,0.5225450495715249,0.123736409086829,0.06204310596378497,0.4320916033593736,0.0716754353778611,0.7699999999999999,0.08076909900472284,0.22274714120403483,10621.557828481511,6130.0,21.717829704284668,1
43.11774916644225,9109.271408200946,-13.25887838523769,-9.58322270992856,0.9852135751339238,14053.603400207272,17168.85889128586,0.20639574213439638,0.5155146377551937,0.12155870849988759,0.06772437987304336,0.49360425786560347,0.07520227387187534,0.7699999999999999,0.08652952723201075,0.27460284319961825,10149.48859166011,6140.0,19.1255202293396,1
