log_L,v_inner,log_rho_0,X_Si,X_Fe,X_O,rms,si_depth,si_velocity,si_wave_min,runtime,converged
42.94159521701442,8155.083595145185,-13.494908733263138,0.07768567238306846,0.429507833004805,0.24280649461212656,0.08937946790738492,0.20044140408320577,7789.142407553108,6190.0,190.5704972743988,1
43.053688062029295,8768.973203986347,-13.216206938599278,0.2215865855007187,0.21007481926764726,0.3183385952316341,0.08963706565154948,0.48511479296180315,8733.28088119591,6170.0,218.82574272155762,1
42.97598484362207,8661.83311814988,-13.455152598578819,0.1944751516390048,0.3346376243288117,0.22088722403218342,0.09930064976231047,0.39791410081260037,8733.28088119591,6170.0,200.00775861740112,1
