log_L,v_inner,log_rho_0,density_exp,T_e_ratio,v_core,v_wall,X_Fe_core,X_Si_wall,X_S_wall,X_Ca_wall,X_O_core,X_O_wall,X_O_outer,rms,si_depth,si_velocity,si_wave_min,runtime,converged
43.14180299654316,9498.234481760346,-13.359851682199153,-8.682975094309942,0.8433256766058861,15247.03359467907,18000.289719501117,0.2332352370291786,0.21994280135657202,0.07273909456228486,0.07213856388047143,0.46676476297082137,0.4151795402006716,0.7699999999999999,0.08004233501350634,0.23342156912776757,11943.351691581433,6102.0,19.84818959236145,1
43.10872974968343,8536.82924843265,-13.040562169627558,-9.065948817249323,0.9058387930008348,15498.59948757344,17638.15433980475,0.2498496648152309,0.4896270979472727,0.09085166701358546,0.07054493761669801,0.450150335184769,0.12897629742244376,0.7699999999999999,0.08264953634289672,0.26252977154997237,8261.211644374509,6180.0,22.276500940322876,1
43.09029999605712,9385.651561706969,-13.228253019624391,-9.745963296344945,0.96062373274106,13494.57840953307,16384.978335069547,0.24164991886961934,0.5617047515812298,0.1248737519549061,0.06330893260575113,0.45835008113038056,0.03011256385811295,0.7699999999999999,0.08938939273428712,0.35092345849132367,9677.41935483871,6150.0,20.11513900756836,1
