log_L,v_inner,log_rho_0,density_exp,T_e_ratio,v_core,v_wall,X_Fe_core,X_Si_wall,X_O_core,X_O_wall,X_O_outer,rms,si_depth,si_velocity,si_wave_min,runtime,converged
43.05903782113979,8285.785454879497,-13.164815885774757,-8.027455275682858,0.7811660863879009,13846.718369967819,18090.537972574275,0.3314872627500077,0.31655364601625485,0.36851273724999223,0.38344635398374516,0.72,0.08207372687270278,0.2202503136789229,10621.557828481511,6130.0,23.296234130859375,1
43.062878406169006,8950.304433040656,-13.450700801297911,-7.307161697366695,0.7607456035733637,14195.624854083628,16853.542397243367,0.4696123646198793,0.2567424665508559,0.23038763538012064,0.4432575334491441,0.72,0.08617591922214436,0.21476270433652156,13359.559402045634,6072.0,22.570011377334595,1
43.124425626895885,8373.907671136747,-13.411863963915094,-5.848257409301748,0.8943890127687365,10412.964491897474,20675.382017209253,0.5140543087069355,0.6535986866683062,0.18594569129306449,0.04640131333169377,0.72,0.08804578656443106,0.6701021380651953,10621.557828481511,6130.0,24.64457631111145,1
