log_L,v_inner,log_rho_0,density_exp,T_e_ratio,v_core,v_wall,X_Fe_core,X_Si_wall,X_O_core,X_O_wall,X_O_outer,rms,si_depth,si_velocity,si_wave_min,runtime,converged
43.14038419481464,8404.230540222805,-13.452233663915514,-6.530258178852234,0.910991697206432,10547.216433790018,19664.992190962428,0.44223507514936083,0.669844876491749,0.2577649248506391,0.030155123508251044,0.72,0.0740301479426866,0.5546877059204112,9677.41935483871,6150.0,21.541601419448853,1
43.134576972902856,8459.280786536216,-13.420479738475063,-6.613316243223861,0.8819917813691734,10608.185371826925,21244.581928961103,0.461695907466474,0.6521873149412679,0.23830409253352597,0.04781268505873208,0.72,0.07633257177338466,0.5470405711919506,10999.213217938632,6122.0,22.075719594955444,1
43.09740377674737,8042.581624392401,-13.441364562429928,-6.304039362906569,0.8503769077415814,10669.442000123285,20835.812784578895,0.510975601479472,0.6509868610466325,0.189024398520528,0.049013138953367494,0.72,0.08039561205650622,0.47818803063351223,10999.213217938632,6122.0,22.681284189224243,1
