wavelength_angstrom,flux_erg_s_cm2_angstrom,error
1.663479e+03,4.318893e-14,1.484924e-14
1.664849e+03,4.587810e-14,1.382559e-14
1.666220e+03,4.362102e-14,1.336072e-14
1.667590e+03,3.818700e-14,1.253940e-14
1.668960e+03,3.390818e-14,1.212058e-14
1.670331e+03,1.708533e-14,1.234876e-14
1.671701e+03,3.618224e-14,1.143716e-14
1.673072e+03,3.314281e-14,1.159682e-14
1.674442e+03,4.802808e-14,1.343549e-14
1.675813e+03,9.357440e-15,1.061510e-14
1.677183e+03,4.479928e-14,1.059836e-14
1.678554e+03,4.440611e-14,1.022617e-14
1.679924e+03,2.246272e-14,9.877492e-15
1.681295e+03,4.522951e-14,9.409027e-15
1.682665e+03,1.996156e-15,9.680508e-15
1.684036e+03,2.207923e-14,1.111055e-14
1.685407e+03,5.526005e-14,1.308898e-14
1.686777e+03,1.609760e-13,1.977800e-14
1.688148e+03,3.406349e-14,1.085463e-14
1.689518e+03,2.022939e-14,7.408018e-15
1.690889e+03,2.296561e-14,7.383187e-15
1.692260e+03,2.630427e-14,8.933327e-15
1.693630e+03,1.038000e-14,7.363860e-15
1.695001e+03,1.266023e-14,6.571118e-15
1.696372e+03,2.936765e-14,6.881049e-15
1.697743e+03,2.748166e-14,7.430361e-15
1.699113e+03,2.537533e-14,7.712277e-15
1.700484e+03,2.103517e-14,6.176051e-15
1.701855e+03,2.463033e-14,6.428738e-15
1.703226e+03,2.300573e-14,6.060518e-15
1.704596e+03,1.947297e-14,5.958992e-15
1.705967e+03,2.981426e-14,6.008192e-15
1.707338e+03,2.403828e-14,5.688927e-15
1.708709e+03,2.411464e-14,5.668629e-15
1.710080e+03,1.432211e-14,5.630940e-15
1.711450e+03,2.190201e-14,7.978752e-15
1.712821e+03,2.150444e-14,6.104048e-15
1.714192e+03,1.747877e-14,5.447484e-15
1.715563e+03,1.162628e-14,5.552553e-15
1.716934e+03,2.809390e-14,5.587650e-15
1.718305e+03,1.534047e-14,5.391444e-15
1.719676e+03,1.951929e-14,5.013563e-15
1.721047e+03,2.490692e-14,5.161391e-15
1.722418e+03,8.249413e-14,1.503236e-14
1.723789e+03,1.272674e-14,4.638890e-15
1.725160e+03,1.905842e-14,4.786581e-15
1.726531e+03,2.436729e-14,4.917866e-15
1.727902e+03,2.378505e-14,6.088714e-15
1.729273e+03,1.957234e-14,4.536785e-15
1.730644e+03,1.835898e-14,4.456415e-15
1.732015e+03,2.092269e-14,4.489111e-15
1.733386e+03,1.554046e-14,4.365281e-15
1.734757e+03,1.654503e-14,4.278042e-15
1.736128e+03,2.278411e-14,4.361746e-15
1.737499e+03,1.588274e-14,4.195038e-15
1.738871e+03,7.661470e-15,4.341426e-15
1.740242e+03,1.513853e-14,4.271483e-15
1.741613e+03,2.094366e-14,4.179121e-15
1.742984e+03,1.052904e-14,3.867832e-15
1.744355e+03,1.703178e-14,4.182500e-15
1.745726e+03,2.471978e-14,4.222878e-15
1.747098e+03,1.416775e-14,4.246906e-15
1.748469e+03,7.158897e-15,4.626806e-15
1.749840e+03,2.145933e-14,3.863971e-15
1.751211e+03,1.950439e-14,3.813808e-15
1.752583e+03,1.687245e-14,4.289109e-15
1.753954e+03,1.741205e-14,3.681748e-15
1.755325e+03,1.897258e-14,3.650208e-15
1.756697e+03,1.073986e-14,4.495163e-15
1.758068e+03,1.347397e-14,3.577700e-15
1.759439e+03,1.437197e-14,3.773911e-15
1.760811e+03,1.064274e-14,3.602109e-15
1.762182e+03,1.642927e-14,4.541869e-15
1.763553e+03,2.068134e-14,5.021524e-15
1.764925e+03,1.257883e-14,3.503925e-15
1.766296e+03,1.422778e-14,4.043854e-15
1.767667e+03,1.375136e-14,3.589393e-15
1.769039e+03,1.575458e-14,3.886035e-15
1.770410e+03,1.834850e-14,3.598996e-15
1.771782e+03,1.656958e-14,3.368623e-15
1.773153e+03,9.545212e-15,3.245152e-15
1.774525e+03,1.920249e-14,3.258783e-15
1.775896e+03,1.775138e-14,3.379306e-15
1.777268e+03,2.072132e-14,7.019572e-15
1.778639e+03,2.197895e-14,3.713201e-15
1.780011e+03,1.790247e-14,3.228243e-15
1.781382e+03,1.694992e-14,3.060863e-15
1.782754e+03,2.377716e-14,3.169652e-15
1.784125e+03,1.455398e-14,3.067199e-15
1.785497e+03,2.426015e-14,3.150380e-15
1.786868e+03,2.109967e-14,3.533543e-15
1.788240e+03,1.516906e-14,2.911913e-15
1.789612e+03,1.114446e-14,3.891160e-15
1.790983e+03,1.757545e-14,3.329246e-15
1.792355e+03,2.231767e-14,3.084026e-15
1.793726e+03,1.732176e-14,2.943854e-15
1.795098e+03,1.904588e-14,2.896991e-15
1.796470e+03,2.249956e-14,3.110562e-15
1.797841e+03,2.342861e-14,2.901148e-15
1.799213e+03,1.676545e-14,2.921006e-15
1.800585e+03,1.756819e-14,3.284142e-15
1.801957e+03,2.075560e-14,2.791335e-15
1.803328e+03,1.310312e-14,2.646334e-15
1.804700e+03,1.140851e-14,2.592157e-15
1.806072e+03,1.477699e-14,2.787490e-15
1.807444e+03,1.779900e-14,2.883166e-15
1.808815e+03,2.071172e-14,2.779809e-15
1.810187e+03,2.076596e-14,2.845907e-15
1.811559e+03,2.141646e-14,2.791210e-15
1.812931e+03,2.510476e-14,3.425960e-15
1.814302e+03,1.516867e-14,2.526000e-15
1.815674e+03,2.066173e-14,2.629647e-15
1.817046e+03,1.886871e-14,2.981693e-15
1.818418e+03,1.401187e-14,2.820541e-15
1.819790e+03,2.107520e-14,3.046737e-15
1.821162e+03,1.958349e-14,2.591343e-15
1.822534e+03,2.279072e-14,3.288526e-15
1.823906e+03,2.437223e-14,3.107459e-15
1.825277e+03,2.382288e-14,2.501065e-15
1.826649e+03,2.840856e-14,2.635715e-15
1.828021e+03,2.245295e-14,2.861976e-15
1.829393e+03,1.704187e-14,2.342866e-15
1.830765e+03,1.853498e-14,2.377453e-15
1.832137e+03,1.963765e-14,2.970897e-15
1.833509e+03,2.243571e-14,2.418009e-15
1.834881e+03,2.265717e-14,2.385875e-15
1.836253e+03,2.748073e-14,2.895388e-15
1.837625e+03,2.203025e-14,2.346964e-15
1.838997e+03,2.042704e-14,2.765535e-15
1.840369e+03,2.298405e-14,3.266436e-15
1.841741e+03,2.351985e-14,2.357258e-15
1.843113e+03,1.843230e-14,2.389493e-15
1.844485e+03,2.442651e-14,2.587066e-15
1.845857e+03,2.273174e-14,2.277903e-15
1.847229e+03,2.595049e-14,2.499381e-15
1.848602e+03,2.463651e-14,2.404700e-15
1.849974e+03,2.291424e-14,2.275121e-15
1.851346e+03,2.148497e-14,2.378114e-15
1.852718e+03,2.193359e-14,2.459388e-15
1.854090e+03,2.336298e-14,2.197129e-15
1.855462e+03,2.354040e-14,2.744181e-15
1.856834e+03,2.424018e-14,2.320023e-15
1.858207e+03,1.797221e-14,2.112512e-15
1.859579e+03,2.122799e-14,2.099716e-15
1.860951e+03,2.914508e-14,2.425359e-15
1.862323e+03,2.653697e-14,2.501391e-15
1.863695e+03,2.589476e-14,2.255822e-15
1.865068e+03,1.786736e-14,1.978143e-15
1.866440e+03,2.765114e-14,2.235681e-15
1.867812e+03,2.797172e-14,2.136107e-15
1.869184e+03,2.738721e-14,2.122493e-15
1.870557e+03,2.882189e-14,2.201311e-15
1.871929e+03,2.626563e-14,2.154388e-15
1.873301e+03,2.494589e-14,2.046452e-15
1.874673e+03,2.424786e-14,2.116930e-15
1.876046e+03,2.810720e-14,2.419260e-15
1.877418e+03,2.784858e-14,2.080725e-15
1.878790e+03,2.922343e-14,2.335596e-15
1.880163e+03,3.031082e-14,2.113168e-15
1.881535e+03,3.127552e-14,2.274171e-15
1.882907e+03,3.387324e-14,2.807021e-15
1.884280e+03,3.040901e-14,2.163470e-15
1.885652e+03,3.598285e-14,2.162570e-15
1.887024e+03,2.977297e-14,2.081451e-15
1.888397e+03,2.704238e-14,2.069086e-15
1.889769e+03,3.268525e-14,2.057296e-15
1.891142e+03,3.011767e-14,2.013493e-15
1.892514e+03,3.663953e-14,2.225534e-15
1.893887e+03,5.127625e-14,2.907751e-15
1.895259e+03,3.199836e-14,2.023828e-15
1.896631e+03,3.024015e-14,1.953509e-15
1.898004e+03,3.268956e-14,2.055518e-15
1.899376e+03,2.943907e-14,1.936465e-15
1.900749e+03,3.090942e-14,1.963935e-15
1.902121e+03,3.395268e-14,1.981839e-15
1.903494e+03,2.991127e-14,1.931148e-15
1.904866e+03,3.568880e-14,2.010166e-15
1.906239e+03,3.095885e-14,1.899465e-15
1.907611e+03,3.380859e-14,1.956284e-15
1.908984e+03,3.251454e-14,1.906345e-15
1.910356e+03,3.428845e-14,1.923685e-15
1.911729e+03,3.185797e-14,1.897249e-15
1.913102e+03,2.437224e-14,2.035164e-15
1.914474e+03,-3.522867e-14,2.425469e-15
1.915847e+03,2.983300e-14,2.404191e-15
1.917219e+03,3.235387e-14,2.086082e-15
1.918592e+03,2.836137e-14,1.913920e-15
1.919965e+03,2.730218e-14,1.757990e-15
1.921337e+03,2.671147e-14,1.762973e-15
1.922710e+03,2.867993e-14,1.786238e-15
1.924082e+03,2.890597e-14,1.768817e-15
1.925455e+03,2.778130e-14,2.073044e-15
1.926828e+03,2.827953e-14,1.844887e-15
1.928200e+03,2.368439e-14,1.708917e-15
1.929573e+03,2.800013e-14,1.973902e-15
1.930946e+03,2.355908e-14,1.776703e-15
1.932318e+03,3.495224e-14,2.468377e-15
1.933691e+03,2.343242e-14,1.762972e-15
1.935064e+03,2.459153e-14,1.965214e-15
1.936437e+03,2.523338e-14,1.848720e-15
1.937809e+03,2.648710e-14,1.877215e-15
1.939182e+03,2.506058e-14,1.741566e-15
1.940555e+03,2.693776e-14,1.622161e-15
1.941928e+03,2.216956e-14,1.611904e-15
1.943300e+03,2.314622e-14,1.905785e-15
1.944673e+03,2.640591e-14,1.796661e-15
1.946046e+03,2.474116e-14,1.582218e-15
1.947419e+03,2.542899e-14,1.714196e-15
1.948791e+03,2.553781e-14,1.561025e-15
1.950164e+03,2.468116e-14,1.547109e-15
1.951537e+03,2.675096e-14,1.544452e-15
1.952910e+03,2.682130e-14,1.548123e-15
1.954283e+03,2.546346e-14,1.530546e-15
1.955656e+03,2.570323e-14,1.525480e-15
1.957028e+03,2.602635e-14,1.512564e-15
1.958401e+03,2.748288e-14,1.617807e-15
1.959774e+03,2.568493e-14,1.666025e-15
1.961147e+03,2.428158e-14,1.674698e-15
1.962520e+03,2.770940e-14,1.693151e-15
1.963893e+03,2.849599e-14,1.533031e-15
1.965266e+03,3.025232e-14,1.890180e-15
1.966639e+03,2.628482e-14,1.483141e-15
1.968011e+03,3.053359e-14,1.632549e-15
1.969384e+03,2.730853e-14,1.524489e-15
1.970757e+03,2.315716e-14,1.439702e-15
1.972130e+03,2.846304e-14,1.503147e-15
1.973503e+03,2.604197e-14,1.458200e-15
1.974876e+03,2.728646e-14,1.684858e-15
1.976249e+03,2.842823e-14,1.484077e-15
1.977622e+03,3.050820e-14,1.582779e-15
1.978995e+03,3.024743e-14,1.497111e-15
1.980368e+03,3.024091e-14,1.610124e-15
1.981741e+03,2.847257e-14,1.514396e-15
1.983114e+03,2.962781e-14,1.476559e-15
1.984487e+03,3.148475e-14,1.561538e-15
1.985860e+03,3.227575e-14,1.489820e-15
1.987233e+03,3.368573e-14,1.694857e-15
1.988606e+03,3.057265e-14,1.438227e-15
1.989979e+03,3.329998e-14,1.484184e-15
1.991352e+03,3.192359e-14,1.526003e-15
1.992725e+03,3.446367e-14,1.548512e-15
1.994098e+03,3.346371e-14,1.465801e-15
1.995471e+03,3.658984e-14,1.572634e-15
1.996844e+03,3.713052e-14,1.686781e-15
1.998217e+03,3.646400e-14,1.566137e-15
1.999591e+03,3.483505e-14,1.490982e-15
2.000964e+03,3.559063e-14,1.502525e-15
2.002337e+03,3.726092e-14,1.475684e-15
2.003710e+03,3.782951e-14,1.465822e-15
2.005083e+03,3.639375e-14,1.443096e-15
2.006456e+03,3.827171e-14,1.519698e-15
2.007829e+03,3.823006e-14,1.801684e-15
2.009202e+03,3.741992e-14,1.539840e-15
2.010575e+03,3.524356e-14,1.465191e-15
2.011949e+03,3.702004e-14,1.428169e-15
2.013322e+03,3.971243e-14,1.466586e-15
2.014695e+03,3.865838e-14,1.434008e-15
2.016068e+03,4.108041e-14,1.492805e-15
2.017441e+03,3.844122e-14,1.456621e-15
2.018814e+03,4.041578e-14,1.422322e-15
2.020188e+03,3.833646e-14,1.417282e-15
2.021561e+03,4.168164e-14,1.504471e-15
2.022934e+03,4.239012e-14,1.943654e-15
2.024307e+03,4.261361e-14,1.449866e-15
2.025681e+03,3.665092e-14,1.405526e-15
2.027054e+03,3.622670e-14,1.379212e-15
2.028427e+03,3.682802e-14,1.363164e-15
2.029800e+03,3.870802e-14,1.359223e-15
2.031173e+03,3.724721e-14,1.452707e-15
2.032547e+03,3.615757e-14,1.451505e-15
2.033920e+03,3.762630e-14,1.460044e-15
2.035293e+03,3.631678e-14,1.455106e-15
2.036666e+03,3.623314e-14,1.293058e-15
2.038040e+03,3.507562e-14,1.303974e-15
2.039413e+03,3.361323e-14,1.252213e-15
2.040786e+03,3.374732e-14,1.318152e-15
2.042160e+03,3.549231e-14,1.267075e-15
2.043533e+03,3.384502e-14,1.235027e-15
2.044906e+03,3.453297e-14,1.291535e-15
2.046280e+03,3.488626e-14,1.345552e-15
2.047653e+03,3.255331e-14,1.198668e-15
2.049026e+03,3.460415e-14,1.239314e-15
2.050400e+03,3.361989e-14,1.202875e-15
2.051773e+03,3.215934e-14,1.233666e-15
2.053146e+03,3.536182e-14,1.307417e-15
2.054520e+03,3.300528e-14,1.227003e-15
2.055893e+03,3.651860e-14,1.347014e-15
2.057266e+03,3.216090e-14,1.429004e-15
2.058640e+03,3.056917e-14,1.159329e-15
2.060013e+03,3.218302e-14,1.170673e-15
2.061386e+03,3.446133e-14,1.439825e-15
2.062760e+03,3.069570e-14,1.114378e-15
2.064133e+03,2.986971e-14,1.104687e-15
2.065507e+03,2.792780e-14,1.073493e-15
2.066880e+03,2.974050e-14,1.093363e-15
2.068253e+03,2.945895e-14,1.110272e-15
2.069627e+03,4.031659e-14,1.470848e-15
2.071000e+03,2.735511e-14,1.064057e-15
2.072374e+03,2.613406e-14,1.055764e-15
2.073747e+03,2.415017e-14,1.042316e-15
2.075121e+03,2.807644e-14,1.033175e-15
2.076494e+03,2.619503e-14,1.022571e-15
2.077867e+03,2.681514e-14,1.017834e-15
2.079241e+03,2.494690e-14,1.219691e-15
2.080614e+03,2.646611e-14,1.007211e-15
2.081988e+03,2.354365e-14,9.696025e-16
2.083361e+03,2.592918e-14,1.013088e-15
2.084735e+03,2.290228e-14,9.530729e-16
2.086108e+03,2.538750e-14,1.014500e-15
2.087482e+03,2.325519e-14,9.400594e-16
2.088855e+03,2.358266e-14,9.647872e-16
2.090229e+03,2.209428e-14,9.114640e-16
2.091602e+03,2.347891e-14,9.296429e-16
2.092976e+03,2.197919e-14,9.187380e-16
2.094349e+03,2.195164e-14,9.121540e-16
2.095723e+03,2.278923e-14,9.871081e-16
2.097096e+03,2.220656e-14,9.960989e-16
2.098470e+03,2.297786e-14,8.993321e-16
2.099843e+03,2.334351e-14,1.003919e-15
2.101217e+03,1.993657e-14,8.911294e-16
2.102590e+03,2.093160e-14,8.945491e-16
2.103964e+03,2.226735e-14,8.798123e-16
2.105337e+03,2.097802e-14,8.646661e-16
2.106711e+03,2.093894e-14,8.719613e-16
2.108085e+03,2.053214e-14,9.261981e-16
2.109458e+03,1.964805e-14,8.656947e-16
2.110832e+03,2.114148e-14,8.449458e-16
2.112205e+03,1.992726e-14,1.259002e-15
2.113579e+03,1.924130e-14,8.299089e-16
2.114952e+03,2.066377e-14,8.391307e-16
2.116326e+03,1.957491e-14,8.425109e-16
2.117700e+03,1.928867e-14,8.020463e-16
2.119073e+03,2.041014e-14,8.029866e-16
2.120447e+03,1.944770e-14,8.942581e-16
2.121820e+03,1.874451e-14,7.828033e-16
2.123194e+03,1.835610e-14,7.801105e-16
2.124568e+03,1.854353e-14,7.800802e-16
2.125941e+03,1.748649e-14,7.712639e-16
2.127315e+03,1.831033e-14,7.600933e-16
2.128688e+03,1.786234e-14,7.485899e-16
2.130062e+03,1.890349e-14,7.580303e-16
2.131436e+03,1.679271e-14,7.281459e-16
2.132809e+03,1.752339e-14,7.483817e-16
2.134183e+03,1.957949e-14,7.693321e-16
2.135557e+03,1.811549e-14,7.826956e-16
2.136930e+03,1.818111e-14,7.453072e-16
2.138304e+03,1.722927e-14,7.751351e-16
2.139678e+03,1.808593e-14,7.288678e-16
2.141051e+03,1.599094e-14,7.113133e-16
2.142425e+03,1.718909e-14,7.357287e-16
2.143799e+03,1.679747e-14,7.155981e-16
2.145172e+03,1.674607e-14,7.923750e-16
2.146546e+03,1.651118e-14,6.948586e-16
2.147920e+03,1.827752e-14,7.122956e-16
2.149293e+03,1.640595e-14,7.458783e-16
2.150667e+03,1.689437e-14,7.051919e-16
2.152041e+03,1.604546e-14,7.354286e-16
2.153414e+03,1.796838e-14,7.070168e-16
2.154788e+03,1.659853e-14,8.425038e-16
2.156162e+03,1.608527e-14,6.715413e-16
2.157535e+03,1.586914e-14,7.149088e-16
2.158909e+03,1.647983e-14,7.803084e-16
2.160283e+03,1.538579e-14,6.562702e-16
2.161657e+03,1.653577e-14,7.049115e-16
2.163030e+03,1.477007e-14,6.620932e-16
2.164404e+03,1.572432e-14,6.525610e-16
2.165778e+03,1.457698e-14,6.406510e-16
2.167152e+03,1.635340e-14,6.945263e-16
2.168525e+03,1.624936e-14,7.099336e-16
2.169899e+03,1.476689e-14,6.303233e-16
2.171273e+03,1.553298e-14,6.377353e-16
2.172646e+03,1.488112e-14,6.297586e-16
2.174020e+03,1.583393e-14,7.138743e-16
2.175394e+03,1.483179e-14,6.234443e-16
2.176768e+03,1.454804e-14,6.596854e-16
2.178141e+03,1.347495e-14,6.814045e-16
2.179515e+03,1.409479e-14,6.497285e-16
2.180889e+03,1.411134e-14,6.507302e-16
2.182263e+03,1.392459e-14,6.027735e-16
2.183637e+03,1.212358e-14,5.928077e-16
2.185010e+03,1.302302e-14,5.981025e-16
2.186384e+03,1.475687e-14,6.064438e-16
2.187758e+03,1.419145e-14,6.112934e-16
2.189132e+03,1.255195e-14,5.710089e-16
2.190505e+03,1.425533e-14,5.954916e-16
2.191879e+03,1.466443e-14,6.019328e-16
2.193253e+03,1.461192e-14,5.963145e-16
2.194627e+03,1.283240e-14,7.375436e-16
2.196001e+03,1.332226e-14,6.275046e-16
2.197374e+03,1.313105e-14,5.928387e-16
2.198748e+03,1.242205e-14,6.119206e-16
2.200122e+03,1.151594e-14,5.967217e-16
2.201496e+03,1.365226e-14,6.794742e-16
2.202870e+03,1.317077e-14,5.698199e-16
2.204243e+03,1.294674e-14,5.597620e-16
2.205617e+03,1.399827e-14,5.815221e-16
2.206991e+03,1.398221e-14,7.247797e-16
2.208365e+03,1.262451e-14,5.786991e-16
2.209739e+03,1.182596e-14,5.479088e-16
2.211112e+03,1.285932e-14,8.057489e-16
2.212486e+03,1.534351e-14,5.906036e-16
2.213860e+03,1.211323e-14,5.367932e-16
2.215234e+03,1.273279e-14,6.302039e-16
2.216608e+03,1.152017e-14,5.343349e-16
2.217982e+03,1.288439e-14,5.688576e-16
2.219355e+03,1.174243e-14,5.366933e-16
2.220729e+03,1.241007e-14,5.498104e-16
2.222103e+03,1.222462e-14,6.008746e-16
2.223477e+03,1.182197e-14,5.264501e-16
2.224851e+03,1.583930e-14,8.300136e-16
2.226225e+03,1.286947e-14,5.449833e-16
2.227598e+03,1.214654e-14,5.294253e-16
2.228972e+03,1.193754e-14,5.333927e-16
2.230346e+03,1.204573e-14,5.274655e-16
2.231720e+03,1.105390e-14,5.027443e-16
2.233094e+03,1.229816e-14,6.129561e-16
2.234468e+03,1.229522e-14,5.214177e-16
2.235842e+03,1.037999e-14,4.856868e-16
2.237215e+03,1.103754e-14,4.989121e-16
2.238589e+03,1.083251e-14,5.232084e-16
2.239963e+03,1.111703e-14,4.968835e-16
2.241337e+03,1.147273e-14,5.096212e-16
2.242711e+03,1.232317e-14,5.372784e-16
2.244085e+03,1.754178e-14,6.279707e-16
2.245459e+03,1.166251e-14,5.430220e-16
2.246833e+03,1.105034e-14,4.919333e-16
2.248206e+03,1.236351e-14,5.599524e-16
2.249580e+03,1.068618e-14,4.851339e-16
2.250954e+03,1.149818e-14,4.984894e-16
2.252328e+03,1.141856e-14,5.069626e-16
2.253702e+03,1.137009e-14,5.244236e-16
2.255076e+03,1.271903e-14,6.176513e-16
2.256450e+03,1.176568e-14,4.867622e-16
2.257824e+03,1.195435e-14,5.166977e-16
2.259197e+03,1.176309e-14,5.020651e-16
2.260571e+03,1.256376e-14,5.150286e-16
2.261945e+03,1.185776e-14,5.610323e-16
2.263319e+03,1.171317e-14,5.347014e-16
2.264693e+03,1.197329e-14,4.868352e-16
2.266067e+03,1.186092e-14,5.140718e-16
2.267441e+03,1.275874e-14,5.825356e-16
2.268815e+03,1.253606e-14,4.952968e-16
2.270188e+03,1.268658e-14,4.880706e-16
2.271562e+03,1.300791e-14,5.053994e-16
2.272936e+03,1.428818e-14,5.024854e-16
2.274310e+03,1.251879e-14,4.769512e-16
2.275684e+03,1.283118e-14,5.056133e-16
2.277058e+03,1.475197e-14,5.705309e-16
2.278432e+03,1.424796e-14,5.105483e-16
2.279806e+03,1.474650e-14,5.017290e-16
2.281180e+03,1.445713e-14,5.026150e-16
2.282554e+03,1.507933e-14,5.038978e-16
2.283927e+03,1.493467e-14,5.010073e-16
2.285301e+03,1.377137e-14,4.855905e-16
2.286675e+03,1.656739e-14,5.173743e-16
2.288049e+03,1.648178e-14,5.482895e-16
2.289423e+03,1.520071e-14,5.048745e-16
2.290797e+03,1.586867e-14,5.127717e-16
2.292171e+03,1.726755e-14,5.498449e-16
2.293545e+03,1.650584e-14,5.518588e-16
2.294919e+03,1.667690e-14,5.095525e-16
2.296293e+03,1.706128e-14,5.097748e-16
2.297666e+03,1.751559e-14,5.158486e-16
2.299040e+03,1.966736e-14,5.526746e-16
2.300414e+03,1.762818e-14,5.654555e-16
2.301788e+03,1.882325e-14,5.559516e-16
2.303162e+03,1.783435e-14,5.331315e-16
2.304536e+03,1.917943e-14,5.637114e-16
2.305910e+03,2.015215e-14,5.365449e-16
2.307284e+03,2.074843e-14,5.424583e-16
2.308658e+03,2.040836e-14,5.769142e-16
2.310032e+03,2.152457e-14,5.482981e-16
2.311405e+03,2.129545e-14,5.651593e-16
2.312779e+03,2.237913e-14,5.550852e-16
2.314153e+03,2.280311e-14,5.661453e-16
2.315527e+03,2.300019e-14,5.553185e-16
2.316901e+03,2.588711e-14,5.831405e-16
2.318275e+03,2.509549e-14,5.874225e-16
2.319649e+03,2.507520e-14,5.722695e-16
2.321023e+03,2.635892e-14,5.849652e-16
2.322397e+03,2.651667e-14,5.884241e-16
2.323771e+03,2.689229e-14,6.161012e-16
2.325144e+03,2.664447e-14,6.422101e-16
2.326518e+03,2.799789e-14,6.234333e-16
2.327892e+03,2.773479e-14,5.920358e-16
2.329266e+03,2.957258e-14,6.365008e-16
2.330640e+03,2.941920e-14,6.172195e-16
2.332014e+03,3.019874e-14,6.065710e-16
2.333388e+03,2.972658e-14,6.003598e-16
2.334762e+03,3.062976e-14,6.149142e-16
2.336136e+03,3.001907e-14,6.183292e-16
2.337510e+03,2.947815e-14,6.148252e-16
2.338883e+03,3.079780e-14,6.103733e-16
2.340257e+03,3.180842e-14,6.127913e-16
2.341631e+03,3.238967e-14,6.306718e-16
2.343005e+03,3.140944e-14,6.064941e-16
2.344379e+03,2.714356e-14,6.190350e-16
2.345753e+03,2.111046e-14,5.384873e-16
2.347127e+03,2.248704e-14,5.482944e-16
2.348501e+03,3.040676e-14,5.962486e-16
2.349875e+03,3.318866e-14,6.190974e-16
2.351248e+03,3.353328e-14,7.514694e-16
2.352622e+03,3.346843e-14,6.252786e-16
2.353996e+03,3.499400e-14,6.276685e-16
2.355370e+03,3.434487e-14,6.316690e-16
2.356744e+03,3.566382e-14,6.334431e-16
2.358118e+03,3.445950e-14,6.245288e-16
2.359492e+03,3.534346e-14,6.346896e-16
2.360866e+03,3.311935e-14,6.943394e-16
2.362239e+03,3.580968e-14,6.325743e-16
2.363613e+03,3.690267e-14,7.238537e-16
2.364987e+03,3.582497e-14,6.301057e-16
2.366361e+03,3.704541e-14,6.374247e-16
2.367735e+03,3.684722e-14,6.354511e-16
2.369109e+03,3.622895e-14,6.304706e-16
2.370483e+03,3.679635e-14,6.341144e-16
2.371857e+03,3.548535e-14,6.226497e-16
2.373230e+03,3.629564e-14,6.510012e-16
2.374604e+03,3.387838e-14,6.556487e-16
2.375978e+03,2.828454e-14,5.768646e-16
2.377352e+03,2.906035e-14,5.692621e-16
2.378726e+03,3.339959e-14,7.000525e-16
2.380100e+03,3.597840e-14,6.288308e-16
2.381474e+03,3.495712e-14,6.156357e-16
2.382847e+03,2.967422e-14,5.794893e-16
2.384221e+03,2.009768e-14,4.810074e-16
2.385595e+03,1.986299e-14,4.924309e-16
2.386969e+03,2.924024e-14,5.706681e-16
2.388343e+03,3.627612e-14,6.954605e-16
2.389717e+03,3.717159e-14,6.391369e-16
2.391091e+03,3.692607e-14,6.231727e-16
2.392464e+03,3.712547e-14,6.217551e-16
2.393838e+03,3.684199e-14,6.190166e-16
2.395212e+03,3.565844e-14,6.111233e-16
2.396586e+03,3.680244e-14,6.213395e-16
2.397960e+03,3.570332e-14,6.127786e-16
2.399334e+03,3.585771e-14,6.110800e-16
2.400707e+03,3.723685e-14,6.281468e-16
2.402081e+03,3.483053e-14,6.059250e-16
2.403455e+03,3.652861e-14,6.186676e-16
2.404829e+03,3.521326e-14,6.128492e-16
2.406203e+03,3.439376e-14,5.979615e-16
2.407577e+03,3.357523e-14,5.918879e-16
2.408950e+03,3.302699e-14,6.324173e-16
2.410324e+03,3.443936e-14,6.826814e-16
2.411698e+03,3.248369e-14,5.798987e-16
2.413072e+03,3.287919e-14,5.828358e-16
2.414446e+03,3.118536e-14,6.134312e-16
2.415819e+03,3.229920e-14,5.990614e-16
2.417193e+03,3.044235e-14,6.139201e-16
2.418567e+03,3.201936e-14,5.724085e-16
2.419941e+03,3.155897e-14,5.717930e-16
2.421315e+03,3.146305e-14,5.766614e-16
2.422688e+03,2.942490e-14,5.601922e-16
2.424062e+03,3.056903e-14,6.304077e-16
2.425436e+03,3.056009e-14,5.641470e-16
2.426810e+03,3.093899e-14,5.615340e-16
2.428184e+03,3.092713e-14,5.742609e-16
2.429557e+03,3.002599e-14,6.245790e-16
2.430931e+03,2.875316e-14,5.424296e-16
2.432305e+03,2.807024e-14,5.521057e-16
2.433679e+03,2.862894e-14,5.555676e-16
2.435052e+03,2.838694e-14,5.498595e-16
2.436426e+03,2.781626e-14,5.499113e-16
2.437800e+03,2.861622e-14,5.388565e-16
2.439174e+03,2.798117e-14,5.328985e-16
2.440547e+03,2.775283e-14,5.314868e-16
2.441921e+03,2.689881e-14,5.269641e-16
2.443295e+03,2.773069e-14,5.318936e-16
2.444669e+03,2.710002e-14,5.225027e-16
2.446042e+03,2.631360e-14,5.151220e-16
2.447416e+03,2.698510e-14,5.384600e-16
2.448790e+03,2.843467e-14,7.701811e-16
2.450164e+03,2.647439e-14,5.179758e-16
2.451537e+03,2.620950e-14,5.162731e-16
2.452911e+03,2.620590e-14,5.732610e-16
2.454285e+03,2.652593e-14,5.887544e-16
2.455659e+03,2.609828e-14,5.703312e-16
2.457032e+03,2.596678e-14,5.460246e-16
2.458406e+03,2.587129e-14,5.091409e-16
2.459780e+03,2.622990e-14,5.118997e-16
2.461153e+03,2.558579e-14,5.090250e-16
2.462527e+03,2.653497e-14,5.154116e-16
2.463901e+03,2.591684e-14,5.082519e-16
2.465274e+03,2.496099e-14,5.555116e-16
2.466648e+03,2.553342e-14,5.046746e-16
2.468022e+03,2.480005e-14,4.998562e-16
2.469396e+03,2.673513e-14,5.146721e-16
2.470769e+03,2.504688e-14,5.412368e-16
2.472143e+03,2.677748e-14,5.364357e-16
2.473517e+03,2.461813e-14,4.987385e-16
2.474890e+03,2.702886e-14,5.170381e-16
2.476264e+03,2.688297e-14,5.121904e-16
2.477638e+03,2.788049e-14,5.245192e-16
2.479011e+03,2.709431e-14,5.161487e-16
2.480385e+03,2.710783e-14,5.144752e-16
2.481758e+03,2.836940e-14,5.477677e-16
2.483132e+03,2.863537e-14,5.352301e-16
2.484506e+03,2.885665e-14,5.352243e-16
2.485879e+03,2.947421e-14,5.360757e-16
2.487253e+03,2.849228e-14,5.279035e-16
2.488627e+03,3.045090e-14,5.843992e-16
2.490000e+03,3.057982e-14,5.420823e-16
2.491374e+03,3.092856e-14,5.815846e-16
2.492748e+03,3.103153e-14,5.722927e-16
2.494121e+03,3.240492e-14,5.794883e-16
2.495495e+03,3.069126e-14,5.859442e-16
2.496868e+03,3.306774e-14,5.970422e-16
2.498242e+03,3.304145e-14,5.548858e-16
2.499616e+03,3.282591e-14,5.526068e-16
2.500989e+03,3.293572e-14,5.605287e-16
2.502363e+03,3.343140e-14,5.564265e-16
2.503736e+03,3.395040e-14,5.600755e-16
2.505110e+03,3.362413e-14,5.620128e-16
2.506483e+03,3.523715e-14,5.690718e-16
2.507857e+03,3.524857e-14,5.714835e-16
2.509231e+03,3.579043e-14,5.987825e-16
2.510604e+03,3.575943e-14,5.731897e-16
2.511978e+03,3.477810e-14,5.711424e-16
2.513351e+03,3.675752e-14,5.796157e-16
2.514725e+03,3.853282e-14,5.910890e-16
2.516098e+03,3.908757e-14,6.238802e-16
2.517472e+03,3.952620e-14,6.231159e-16
2.518845e+03,4.242573e-14,6.181534e-16
2.520219e+03,4.280980e-14,6.197937e-16
2.521592e+03,4.527369e-14,6.346156e-16
2.522966e+03,4.576193e-14,6.373910e-16
2.524339e+03,4.712219e-14,6.479572e-16
2.525713e+03,4.872874e-14,6.564518e-16
2.527086e+03,5.134455e-14,6.798496e-16
2.528460e+03,5.166945e-14,6.826798e-16
2.529833e+03,5.521381e-14,6.993185e-16
2.531207e+03,5.659038e-14,7.213919e-16
2.532580e+03,5.762174e-14,7.450077e-16
2.533954e+03,5.701941e-14,7.076877e-16
2.535327e+03,5.801156e-14,7.085821e-16
2.536701e+03,5.982318e-14,7.323912e-16
2.538074e+03,5.991283e-14,7.535067e-16
2.539448e+03,6.021451e-14,7.178778e-16
2.540821e+03,6.239878e-14,7.300407e-16
2.542195e+03,6.080402e-14,7.301710e-16
2.543568e+03,6.205532e-14,7.290290e-16
2.544941e+03,6.094389e-14,7.245539e-16
2.546315e+03,6.242979e-14,7.335592e-16
2.547688e+03,6.434910e-14,7.489180e-16
2.549062e+03,6.419474e-14,7.447172e-16
2.550435e+03,6.428289e-14,7.395591e-16
2.551808e+03,6.752633e-14,9.187566e-16
2.553182e+03,6.549259e-14,7.446702e-16
2.554555e+03,6.526498e-14,7.450408e-16
2.555929e+03,6.468207e-14,7.393379e-16
2.557302e+03,6.552118e-14,7.425536e-16
2.558675e+03,6.463223e-14,7.363749e-16
2.560049e+03,6.636398e-14,7.524629e-16
2.561422e+03,6.595548e-14,7.483763e-16
2.562795e+03,6.754676e-14,7.628538e-16
2.564169e+03,6.638055e-14,7.490893e-16
2.565542e+03,6.466023e-14,7.374993e-16
2.566915e+03,6.353633e-14,7.670755e-16
2.568289e+03,6.413117e-14,7.325433e-16
2.569662e+03,6.448365e-14,7.346123e-16
2.571035e+03,6.427835e-14,7.356500e-16
2.572409e+03,6.382598e-14,7.326694e-16
2.573782e+03,6.156191e-14,7.175819e-16
2.575155e+03,6.270275e-14,7.733642e-16
2.576529e+03,5.960545e-14,7.072836e-16
2.577902e+03,5.750544e-14,7.586485e-16
2.579275e+03,5.536338e-14,6.874652e-16
2.580648e+03,5.666662e-14,6.899021e-16
2.582022e+03,5.715109e-14,6.932620e-16
2.583395e+03,5.724015e-14,6.933688e-16
2.584768e+03,5.664095e-14,6.890955e-16
2.586141e+03,5.228026e-14,6.662674e-16
2.587515e+03,3.727884e-14,5.642530e-16
2.588888e+03,3.761151e-14,5.706298e-16
2.590261e+03,3.901374e-14,5.819023e-16
2.591634e+03,5.058007e-14,6.518437e-16
2.593008e+03,5.141081e-14,6.538347e-16
2.594381e+03,4.814181e-14,6.456734e-16
2.595754e+03,4.487911e-14,6.299914e-16
2.597127e+03,4.612428e-14,6.251779e-16
2.598500e+03,4.343396e-14,6.059980e-16
2.599874e+03,3.795699e-14,5.685377e-16
2.601247e+03,2.449755e-14,4.698197e-16
2.602620e+03,2.505060e-14,4.840763e-16
2.603993e+03,2.977230e-14,5.102657e-16
2.605366e+03,3.891957e-14,5.759245e-16
2.606739e+03,3.959062e-14,5.792690e-16
2.608112e+03,3.902349e-14,6.104092e-16
2.609486e+03,3.905341e-14,5.739864e-16
2.610859e+03,3.741607e-14,5.604078e-16
2.612232e+03,3.893595e-14,5.713161e-16
2.613605e+03,3.866443e-14,5.738526e-16
2.614978e+03,3.720933e-14,5.712199e-16
2.616351e+03,3.711685e-14,6.103509e-16
2.617724e+03,3.754521e-14,5.643691e-16
2.619097e+03,3.709676e-14,5.574579e-16
2.620470e+03,3.769133e-14,5.608067e-16
2.621843e+03,3.624958e-14,5.524158e-16
2.623217e+03,3.689030e-14,5.824088e-16
2.624590e+03,3.658643e-14,5.925894e-16
2.625963e+03,3.681136e-14,5.603425e-16
2.627336e+03,3.735992e-14,5.675936e-16
2.628709e+03,3.689943e-14,5.882288e-16
2.630082e+03,3.701010e-14,5.634791e-16
2.631455e+03,3.639487e-14,6.099805e-16
2.632828e+03,3.610403e-14,5.527651e-16
2.634201e+03,3.668954e-14,5.635572e-16
2.635574e+03,3.592228e-14,5.475360e-16
2.636947e+03,3.747940e-14,5.568527e-16
2.638320e+03,3.591125e-14,5.580264e-16
2.639693e+03,3.673031e-14,6.142105e-16
2.641066e+03,3.655508e-14,5.519292e-16
2.642439e+03,3.671243e-14,6.244192e-16
2.643812e+03,3.542248e-14,5.602373e-16
2.645184e+03,3.639697e-14,5.936996e-16
2.646557e+03,3.494016e-14,5.385849e-16
2.647930e+03,3.729314e-14,5.845501e-16
2.649303e+03,3.767090e-14,5.796892e-16
2.650676e+03,3.834597e-14,5.743100e-16
2.652049e+03,3.815003e-14,5.969618e-16
2.653422e+03,3.714406e-14,5.621132e-16
2.654795e+03,3.862533e-14,5.709063e-16
2.656168e+03,4.069566e-14,5.782075e-16
2.657541e+03,3.956552e-14,5.737621e-16
2.658913e+03,4.125332e-14,5.825074e-16
2.660286e+03,4.222334e-14,5.841576e-16
2.661659e+03,4.099217e-14,5.766264e-16
2.663032e+03,4.146738e-14,5.792352e-16
2.664405e+03,4.429208e-14,5.963091e-16
2.665778e+03,4.012652e-14,6.190915e-16
2.667150e+03,4.337428e-14,6.249260e-16
2.668523e+03,4.468141e-14,5.973233e-16
2.669896e+03,4.628633e-14,6.573046e-16
2.671269e+03,4.730440e-14,6.138287e-16
2.672642e+03,4.782035e-14,6.157904e-16
2.674014e+03,4.711526e-14,6.119967e-16
2.675387e+03,5.033922e-14,6.290109e-16
2.676760e+03,5.151086e-14,8.196852e-16
2.678133e+03,5.195174e-14,6.438271e-16
2.679505e+03,5.265505e-14,6.428477e-16
2.680878e+03,5.442118e-14,6.528147e-16
2.682251e+03,5.437146e-14,6.512683e-16
2.683623e+03,5.540759e-14,6.634484e-16
2.684996e+03,5.855554e-14,6.725009e-16
2.686369e+03,5.922102e-14,6.767153e-16
2.687742e+03,6.320436e-14,7.603414e-16
2.689114e+03,6.484406e-14,9.218037e-16
2.690487e+03,6.482641e-14,7.722630e-16
2.691859e+03,6.679500e-14,7.816345e-16
2.693232e+03,6.911716e-14,7.970079e-16
2.694605e+03,7.082623e-14,8.310353e-16
2.695977e+03,7.109738e-14,8.119170e-16
2.697350e+03,7.252277e-14,7.392105e-16
2.698723e+03,7.645143e-14,7.574816e-16
2.700095e+03,7.608239e-14,7.548441e-16
2.701468e+03,7.946547e-14,8.278536e-16
2.702840e+03,7.977802e-14,7.845713e-16
2.704213e+03,8.195014e-14,7.816239e-16
2.705586e+03,8.435941e-14,7.934761e-16
2.706958e+03,8.755074e-14,8.098464e-16
2.708331e+03,8.786050e-14,8.068389e-16
2.709703e+03,9.232508e-14,9.126357e-16
2.711076e+03,8.948918e-14,8.758829e-16
2.712448e+03,9.154225e-14,8.306675e-16
2.713821e+03,9.313240e-14,8.530925e-16
2.715193e+03,9.433020e-14,8.313666e-16
2.716566e+03,9.523716e-14,8.369735e-16
2.717938e+03,9.718302e-14,8.644515e-16
2.719311e+03,9.711913e-14,8.506307e-16
2.720683e+03,1.009399e-13,8.592352e-16
2.722056e+03,1.040702e-13,8.678120e-16
2.723428e+03,1.046321e-13,8.695553e-16
2.724800e+03,1.067371e-13,8.770783e-16
2.726173e+03,1.070450e-13,8.768605e-16
2.727545e+03,1.099996e-13,9.048969e-16
2.728918e+03,1.121405e-13,8.965425e-16
2.730290e+03,1.123797e-13,9.017587e-16
2.731662e+03,1.138668e-13,8.996729e-16
2.733035e+03,1.165876e-13,9.085096e-16
2.734407e+03,1.153431e-13,9.054255e-16
2.735779e+03,1.135513e-13,8.958656e-16
2.737152e+03,1.203547e-13,9.293016e-16
2.738524e+03,1.216276e-13,9.277753e-16
2.739896e+03,1.209697e-13,9.223374e-16
2.741269e+03,1.243818e-13,9.348183e-16
2.742641e+03,1.269806e-13,9.439752e-16
2.744013e+03,1.291212e-13,9.497906e-16
2.745386e+03,1.297222e-13,9.594784e-16
2.746758e+03,1.326461e-13,9.629729e-16
2.748130e+03,1.351226e-13,9.736038e-16
2.749502e+03,1.336220e-13,9.659880e-16
2.750875e+03,1.352920e-13,9.660379e-16
2.752247e+03,1.383697e-13,1.032180e-15
2.753619e+03,1.394733e-13,9.794310e-16
2.754991e+03,1.404490e-13,9.795633e-16
2.756363e+03,1.430055e-13,9.903048e-16
2.757736e+03,1.425707e-13,1.006444e-15
2.759108e+03,1.432116e-13,9.883201e-16
2.760480e+03,1.457245e-13,1.016936e-15
2.761852e+03,1.473227e-13,1.006576e-15
2.763224e+03,1.502611e-13,1.034103e-15
2.764596e+03,1.499233e-13,1.082428e-15
2.765969e+03,1.499796e-13,1.022450e-15
2.767341e+03,1.495647e-13,1.001298e-15
2.768713e+03,1.534560e-13,1.011559e-15
2.770085e+03,1.545740e-13,1.014150e-15
2.771457e+03,1.587627e-13,1.054267e-15
2.772829e+03,1.579140e-13,1.024289e-15
2.774201e+03,1.578945e-13,1.021457e-15
2.775573e+03,1.603935e-13,1.032104e-15
2.776945e+03,1.604905e-13,1.046865e-15
2.778317e+03,1.624228e-13,1.055080e-15
2.779689e+03,1.647077e-13,1.055415e-15
2.781061e+03,1.646840e-13,1.128604e-15
2.782433e+03,1.642303e-13,1.167769e-15
2.783805e+03,1.720752e-13,1.052570e-15
2.785177e+03,1.736107e-13,1.071802e-15
2.786549e+03,1.742260e-13,1.061823e-15
2.787921e+03,1.762088e-13,1.063050e-15
2.789293e+03,1.753880e-13,1.063333e-15
2.790665e+03,1.766284e-13,1.060697e-15
2.792037e+03,1.763082e-13,1.058380e-15
2.793409e+03,1.740002e-13,1.049449e-15
2.794781e+03,1.690268e-13,1.036813e-15
2.796152e+03,1.363198e-13,9.469084e-16
2.797524e+03,7.080735e-14,6.811278e-16
2.798896e+03,6.379906e-14,6.473510e-16
2.800268e+03,7.896845e-14,7.206063e-16
2.801640e+03,1.430862e-13,9.509166e-16
2.803012e+03,1.458096e-13,9.582610e-16
2.804384e+03,8.820229e-14,7.486324e-16
2.805755e+03,6.941688e-14,6.723828e-16
2.807127e+03,7.730348e-14,7.059085e-16
2.808499e+03,1.365420e-13,9.228666e-16
2.809871e+03,1.597008e-13,1.020362e-15
2.811242e+03,1.645441e-13,1.007216e-15
2.812614e+03,1.649758e-13,1.009676e-15
2.813986e+03,1.662310e-13,1.008681e-15
2.815358e+03,1.638979e-13,1.003335e-15
2.816729e+03,1.665215e-13,1.016952e-15
2.818101e+03,1.648640e-13,1.098689e-15
2.819473e+03,1.678950e-13,1.102923e-15
2.820844e+03,1.674629e-13,1.033346e-15
2.822216e+03,1.670702e-13,1.067023e-15
2.823588e+03,1.698280e-13,1.034752e-15
2.824959e+03,1.688698e-13,1.012074e-15
2.826331e+03,1.698495e-13,1.012718e-15
2.827702e+03,1.711722e-13,1.068998e-15
2.829074e+03,1.718825e-13,1.072560e-15
2.830446e+03,1.723858e-13,1.017310e-15
2.831817e+03,1.752382e-13,1.025943e-15
2.833189e+03,1.746815e-13,1.018278e-15
2.834560e+03,1.774543e-13,1.081510e-15
2.835932e+03,1.821935e-13,1.034458e-15
2.837303e+03,1.835737e-13,1.095166e-15
2.838675e+03,1.842098e-13,1.045230e-15
2.840046e+03,1.877631e-13,1.052544e-15
2.841418e+03,1.907883e-13,1.055942e-15
2.842789e+03,1.895256e-13,1.050188e-15
2.844161e+03,1.907964e-13,1.148271e-15
2.845532e+03,1.910967e-13,1.085483e-15
2.846904e+03,1.944679e-13,1.067420e-15
2.848275e+03,1.984437e-13,1.072580e-15
2.849647e+03,1.996022e-13,1.072304e-15
2.851018e+03,2.000697e-13,1.083163e-15
2.852389e+03,1.948809e-13,1.143919e-15
2.853761e+03,1.783522e-13,1.065807e-15
2.855132e+03,1.795201e-13,1.011733e-15
2.856503e+03,1.822851e-13,1.021779e-15
2.857875e+03,2.050849e-13,1.082014e-15
2.859246e+03,2.138151e-13,1.131477e-15
2.860617e+03,2.125790e-13,1.105617e-15
2.861989e+03,2.150062e-13,1.132270e-15
2.863360e+03,2.194432e-13,1.108524e-15
2.864731e+03,2.248923e-13,1.136869e-15
2.866103e+03,2.262935e-13,1.124037e-15
2.867474e+03,2.297667e-13,1.131808e-15
2.868845e+03,2.349494e-13,1.142603e-15
2.870216e+03,2.352155e-13,1.141499e-15
2.871587e+03,2.360878e-13,1.141649e-15
2.872959e+03,2.406956e-13,1.218161e-15
2.874330e+03,2.510639e-13,1.426809e-15
2.875701e+03,2.487961e-13,1.260959e-15
2.877072e+03,2.536153e-13,1.179260e-15
2.878443e+03,2.568975e-13,1.180187e-15
2.879814e+03,2.618247e-13,1.199869e-15
2.881185e+03,2.672682e-13,1.260961e-15
2.882557e+03,2.706848e-13,1.265716e-15
2.883928e+03,2.799172e-13,1.261825e-15
2.885299e+03,2.854951e-13,1.236034e-15
2.886670e+03,2.931486e-13,1.296144e-15
2.888041e+03,2.963058e-13,1.350159e-15
2.889133e+03,3.030924e-13,1.325056e-15
2.890506e+03,3.078998e-13,1.367561e-15
2.891879e+03,3.191684e-13,1.386877e-15
2.893252e+03,3.288199e-13,1.394744e-15
2.894625e+03,3.371985e-13,1.352977e-15
2.895998e+03,3.445762e-13,1.419533e-15
2.897371e+03,3.539292e-13,1.369295e-15
2.898744e+03,3.608656e-13,1.397340e-15
2.900117e+03,3.692194e-13,1.424378e-15
2.901490e+03,3.752792e-13,1.391263e-15
2.902863e+03,3.832367e-13,1.451123e-15
2.904236e+03,3.866178e-13,1.581299e-15
2.905609e+03,3.922542e-13,1.535549e-15
2.906982e+03,3.978056e-13,1.482061e-15
2.908355e+03,3.999250e-13,1.425570e-15
2.909728e+03,4.033041e-13,1.457754e-15
2.911101e+03,4.104204e-13,1.432789e-15
2.912474e+03,4.114701e-13,1.423647e-15
2.913847e+03,4.138769e-13,1.423795e-15
2.915220e+03,4.182734e-13,1.425912e-15
2.916593e+03,4.233793e-13,1.430007e-15
2.917966e+03,4.223210e-13,1.477217e-15
2.919339e+03,4.283704e-13,1.493327e-15
2.920712e+03,4.333551e-13,1.446922e-15
2.922085e+03,4.396953e-13,1.493406e-15
2.923458e+03,4.439748e-13,1.546323e-15
2.924831e+03,4.482491e-13,1.515567e-15
2.926204e+03,4.503481e-13,1.463262e-15
2.927577e+03,4.567543e-13,1.459525e-15
2.928950e+03,4.628666e-13,1.525410e-15
2.930323e+03,4.653667e-13,1.570612e-15
2.931696e+03,4.627377e-13,1.623522e-15
2.933069e+03,4.674985e-13,1.549847e-15
2.934442e+03,4.794088e-13,1.489698e-15
2.935815e+03,4.791554e-13,1.538617e-15
2.937188e+03,4.786877e-13,1.485772e-15
2.938561e+03,4.816521e-13,1.471465e-15
2.939934e+03,4.799786e-13,1.464013e-15
2.941307e+03,4.840091e-13,1.461572e-15
2.942680e+03,4.887457e-13,1.466806e-15
2.944053e+03,4.880029e-13,1.512450e-15
2.945426e+03,4.871679e-13,1.554306e-15
2.946799e+03,4.933728e-13,1.519661e-15
2.948172e+03,4.933782e-13,1.522849e-15
2.949545e+03,4.972224e-13,1.560940e-15
2.950918e+03,5.040859e-13,1.524029e-15
2.952291e+03,5.067754e-13,1.461121e-15
2.953664e+03,5.088945e-13,1.456672e-15
2.955037e+03,5.062168e-13,1.507922e-15
2.956410e+03,5.067080e-13,1.462380e-15
2.957783e+03,5.145821e-13,1.451795e-15
2.959156e+03,5.780824e-13,1.655772e-15
2.960529e+03,5.224232e-13,1.471844e-15
2.961902e+03,5.174002e-13,1.493220e-15
2.963275e+03,5.178237e-13,1.442939e-15
2.964648e+03,5.154609e-13,1.481424e-15
2.966021e+03,5.142973e-13,1.491872e-15
2.967394e+03,5.156105e-13,1.484527e-15
2.968767e+03,5.156965e-13,1.424584e-15
2.970140e+03,5.177675e-13,1.453175e-15
2.971513e+03,5.194654e-13,1.423929e-15
2.972886e+03,5.151795e-13,1.407905e-15
2.974259e+03,5.169612e-13,1.456764e-15
2.975632e+03,5.185862e-13,1.461309e-15
2.977005e+03,5.213167e-13,1.411433e-15
2.978378e+03,5.129702e-13,1.536184e-15
2.979751e+03,5.124563e-13,1.501534e-15
2.981124e+03,5.098391e-13,1.472038e-15
2.982497e+03,5.060596e-13,1.434569e-15
2.983870e+03,5.013722e-13,1.427347e-15
2.985243e+03,4.944822e-13,1.496468e-15
2.986616e+03,4.840942e-13,1.387273e-15
2.987989e+03,4.781298e-13,1.387445e-15
2.989362e+03,4.683105e-13,1.365532e-15
2.990735e+03,4.636737e-13,1.384757e-15
2.992108e+03,4.556024e-13,1.349389e-15
2.993481e+03,4.526486e-13,1.304940e-15
2.994854e+03,4.418927e-13,1.295239e-15
2.996227e+03,4.339936e-13,1.317039e-15
2.997600e+03,4.303037e-13,1.310013e-15
2.998973e+03,4.220711e-13,1.242175e-15
3.000346e+03,4.158736e-13,1.236814e-15
3.001719e+03,4.122545e-13,1.218798e-15
3.003092e+03,4.106004e-13,1.270199e-15
3.004465e+03,4.073878e-13,1.220956e-15
3.005838e+03,4.022687e-13,1.307499e-15
3.007211e+03,3.979359e-13,1.333512e-15
3.008584e+03,3.964844e-13,1.201348e-15
3.009957e+03,3.899777e-13,1.182189e-15
3.011330e+03,3.875319e-13,1.183961e-15
3.012703e+03,3.847163e-13,1.213480e-15
3.014076e+03,3.849830e-13,1.163647e-15
3.015449e+03,3.809595e-13,1.296038e-15
3.016822e+03,3.814740e-13,1.162828e-15
3.018195e+03,3.811517e-13,1.156530e-15
3.019568e+03,3.785166e-13,1.243627e-15
3.020941e+03,3.766934e-13,1.191544e-15
3.022314e+03,3.762698e-13,1.238578e-15
3.023687e+03,3.726533e-13,1.255288e-15
3.025060e+03,3.800592e-13,1.154196e-15
3.026433e+03,3.789848e-13,1.139971e-15
3.027806e+03,3.796556e-13,1.138662e-15
3.029179e+03,3.791039e-13,1.308564e-15
3.030552e+03,3.821397e-13,1.270098e-15
3.031925e+03,3.836922e-13,1.138734e-15
3.033298e+03,3.836762e-13,1.140332e-15
3.034671e+03,3.886089e-13,1.154837e-15
3.036044e+03,3.954603e-13,1.217430e-15
3.037417e+03,3.923574e-13,1.270806e-15
3.038790e+03,3.934046e-13,1.144053e-15
3.040163e+03,3.963851e-13,1.147625e-15
3.041536e+03,3.971104e-13,1.205014e-15
3.042909e+03,3.969189e-13,1.191111e-15
3.044282e+03,3.994991e-13,1.146745e-15
3.045655e+03,3.967374e-13,1.233001e-15
3.047028e+03,3.930760e-13,1.228786e-15
3.048401e+03,3.916651e-13,1.256517e-15
3.049774e+03,3.924037e-13,1.214803e-15
3.051147e+03,3.941374e-13,1.220285e-15
3.052520e+03,3.931219e-13,1.243767e-15
3.053893e+03,3.881863e-13,1.167922e-15
3.055266e+03,3.866712e-13,1.183567e-15
3.056639e+03,3.827880e-13,1.223400e-15
3.058012e+03,3.823229e-13,1.159425e-15
3.059385e+03,3.818501e-13,1.114400e-15
3.060758e+03,3.817740e-13,1.146624e-15
3.062131e+03,3.801897e-13,1.112120e-15
3.063504e+03,3.789586e-13,1.157074e-15
3.064877e+03,3.791011e-13,1.182080e-15
3.066250e+03,3.815702e-13,2.007873e-15
3.067623e+03,3.734394e-13,2.719923e-15
3.067589e+03,3.709794e-13,2.738498e-15
3.070335e+03,3.717961e-13,2.721728e-15
3.073081e+03,3.714422e-13,2.697010e-15
3.075827e+03,3.703698e-13,2.679958e-15
3.078573e+03,3.690972e-13,2.659618e-15
3.081319e+03,3.640269e-13,2.626448e-15
3.084066e+03,3.630848e-13,2.627700e-15
3.086812e+03,3.608785e-13,2.748990e-15
3.089558e+03,3.590850e-13,2.615176e-15
3.092304e+03,3.597023e-13,2.557952e-15
3.095051e+03,3.686217e-13,2.591306e-15
3.097797e+03,3.696440e-13,2.595571e-15
3.100543e+03,3.725587e-13,2.588772e-15
3.103290e+03,3.720555e-13,2.575876e-15
3.106036e+03,3.906531e-13,2.635997e-15
3.108782e+03,3.986328e-13,2.651722e-15
3.111529e+03,4.028920e-13,2.697907e-15
3.114275e+03,4.192160e-13,2.710834e-15
3.117022e+03,4.321994e-13,2.764470e-15
3.119768e+03,4.337093e-13,2.735921e-15
3.122515e+03,4.473836e-13,2.768181e-15
3.125261e+03,4.622298e-13,2.807806e-15
3.128008e+03,4.721138e-13,2.825393e-15
3.130754e+03,4.946235e-13,2.883171e-15
3.133501e+03,5.097830e-13,2.913231e-15
3.136247e+03,5.074393e-13,2.896887e-15
3.138994e+03,5.191175e-13,2.919430e-15
3.141740e+03,5.234399e-13,2.948223e-15
3.144487e+03,5.320144e-13,2.940616e-15
3.147234e+03,5.341912e-13,2.934581e-15
3.149980e+03,5.492622e-13,2.962413e-15
3.152727e+03,5.536232e-13,2.968417e-15
3.155474e+03,5.608718e-13,2.973623e-15
3.158220e+03,5.682817e-13,2.979862e-15
3.160967e+03,5.723758e-13,2.974458e-15
3.163714e+03,5.741131e-13,2.978923e-15
3.166460e+03,5.772232e-13,2.972607e-15
3.169207e+03,5.786386e-13,2.955036e-15
3.171954e+03,5.850436e-13,2.962314e-15
3.174701e+03,5.873386e-13,2.956621e-15
3.177448e+03,5.882314e-13,2.952428e-15
3.180194e+03,5.920914e-13,2.947495e-15
3.182941e+03,5.947569e-13,2.936140e-15
3.185688e+03,6.083945e-13,2.961155e-15
3.188435e+03,5.959054e-13,2.919613e-15
3.191182e+03,6.084492e-13,2.936983e-15
3.193929e+03,5.965251e-13,2.892680e-15
3.196676e+03,6.037839e-13,2.903221e-15
3.199423e+03,5.964903e-13,2.874596e-15
3.202170e+03,5.824153e-13,2.938283e-15
3.204917e+03,5.880019e-13,2.829707e-15
3.207663e+03,5.785378e-13,2.813383e-15
3.210410e+03,5.677658e-13,2.765929e-15
3.213157e+03,5.617708e-13,2.738590e-15
3.215905e+03,5.559502e-13,2.709916e-15
3.218652e+03,5.403132e-13,2.669145e-15
3.221399e+03,5.356042e-13,2.639705e-15
3.224146e+03,5.204726e-13,2.594058e-15
3.226893e+03,5.112714e-13,2.562712e-15
3.229640e+03,4.991662e-13,2.523438e-15
3.232387e+03,4.899439e-13,2.493334e-15
3.235134e+03,4.782688e-13,2.459948e-15
3.237881e+03,4.632006e-13,2.413607e-15
3.240628e+03,4.570756e-13,2.392760e-15
3.243376e+03,4.491680e-13,2.365291e-15
3.246123e+03,4.322619e-13,2.306876e-15
3.248870e+03,4.263062e-13,2.296340e-15
3.251617e+03,4.291502e-13,2.296071e-15
3.254364e+03,4.175475e-13,2.256791e-15
3.257112e+03,4.155130e-13,2.245440e-15
3.259859e+03,4.075869e-13,2.222359e-15
3.262606e+03,4.143932e-13,2.233360e-15
3.265353e+03,4.016429e-13,2.195984e-15
3.268101e+03,3.971243e-13,2.205979e-15
3.270848e+03,3.967553e-13,2.167591e-15
3.273595e+03,3.966793e-13,2.164431e-15
3.276343e+03,3.881438e-13,2.440879e-15
3.279090e+03,3.939394e-13,2.139767e-15
3.281837e+03,3.909534e-13,2.126915e-15
3.284585e+03,3.880672e-13,2.111754e-15
3.287332e+03,3.847892e-13,2.113316e-15
3.290080e+03,3.894993e-13,2.107707e-15
3.292827e+03,3.895185e-13,2.097504e-15
3.295574e+03,3.899101e-13,2.098843e-15
3.298322e+03,3.930208e-13,2.098780e-15
3.301069e+03,3.932509e-13,2.099326e-15
3.303817e+03,3.986740e-13,2.103556e-15
3.306564e+03,3.967579e-13,2.095124e-15
3.309312e+03,3.968243e-13,2.090026e-15
3.312059e+03,4.028655e-13,2.104605e-15
3.314807e+03,4.101808e-13,2.117770e-15
3.317554e+03,4.178249e-13,2.129349e-15
3.320302e+03,4.234425e-13,2.135180e-15
3.323050e+03,4.316865e-13,2.158472e-15
3.325797e+03,4.335542e-13,2.156802e-15
3.328545e+03,4.543360e-13,2.212996e-15
3.331292e+03,4.628494e-13,2.247432e-15
3.334040e+03,4.761865e-13,2.240849e-15
3.336788e+03,4.922587e-13,2.267169e-15
3.339535e+03,5.102682e-13,2.302943e-15
3.342283e+03,5.216985e-13,2.318950e-15
3.345031e+03,5.311770e-13,2.380209e-15
3.347778e+03,5.372585e-13,2.349150e-15
3.350526e+03,5.658646e-13,2.448337e-15
3.353274e+03,5.463579e-13,2.346577e-15
3.356021e+03,5.410340e-13,2.334498e-15
3.358769e+03,5.413525e-13,2.330798e-15
3.361517e+03,5.334356e-13,2.301192e-15
3.364264e+03,5.322348e-13,2.297214e-15
3.367012e+03,5.230841e-13,2.275412e-15
3.369760e+03,5.221417e-13,2.263557e-15
3.372508e+03,5.162989e-13,2.250240e-15
3.375256e+03,5.122741e-13,2.231424e-15
3.378003e+03,5.119840e-13,2.244030e-15
3.380751e+03,5.073844e-13,2.216274e-15
3.383499e+03,5.127234e-13,2.215483e-15
3.386247e+03,5.099331e-13,2.204793e-15
3.388995e+03,5.152999e-13,2.202390e-15
3.391743e+03,5.129112e-13,2.230996e-15
3.394490e+03,5.318737e-13,2.232752e-15
3.397238e+03,5.398355e-13,2.242338e-15
3.399986e+03,5.414867e-13,2.242968e-15
3.402734e+03,5.498129e-13,2.255494e-15
3.405482e+03,5.556505e-13,2.254215e-15
3.408230e+03,5.565004e-13,2.252690e-15
3.410978e+03,5.584822e-13,2.253404e-15
3.413726e+03,5.653904e-13,2.262158e-15
3.416474e+03,5.674353e-13,2.254489e-15
3.419222e+03,5.680113e-13,2.262830e-15
3.421970e+03,5.693665e-13,2.259828e-15
3.424718e+03,5.654179e-13,2.229662e-15
3.427466e+03,5.802660e-13,2.293212e-15
3.430214e+03,5.729324e-13,2.243287e-15
3.432962e+03,5.748262e-13,2.243934e-15
3.435710e+03,5.757438e-13,2.237745e-15
3.438458e+03,5.851413e-13,2.252127e-15
3.441206e+03,5.876215e-13,2.264269e-15
3.443954e+03,5.977816e-13,2.270949e-15
3.446702e+03,6.070740e-13,2.283941e-15
3.449450e+03,6.121513e-13,2.291968e-15
3.452198e+03,6.262504e-13,2.312806e-15
3.454946e+03,6.409418e-13,2.334183e-15
3.457694e+03,6.364771e-13,2.322739e-15
3.460442e+03,6.453312e-13,2.333728e-15
3.463191e+03,6.413642e-13,2.322716e-15
3.465939e+03,6.504800e-13,2.334854e-15
3.468687e+03,6.374048e-13,2.603375e-15
3.471435e+03,6.484752e-13,2.321765e-15
3.474183e+03,6.431044e-13,2.308750e-15
3.476931e+03,6.382788e-13,2.290356e-15
3.479680e+03,6.413971e-13,2.307121e-15
3.482428e+03,6.433255e-13,2.298065e-15
3.485176e+03,6.404217e-13,2.291368e-15
3.487924e+03,6.460223e-13,2.297804e-15
3.490672e+03,6.479987e-13,2.300352e-15
3.493421e+03,6.511649e-13,2.306054e-15
3.496169e+03,6.571484e-13,2.311631e-15
3.498917e+03,6.677744e-13,2.468160e-15
3.501665e+03,6.819550e-13,2.347861e-15
3.504414e+03,6.907653e-13,2.363968e-15
3.507162e+03,6.977943e-13,2.372956e-15
3.509910e+03,7.143331e-13,2.396623e-15
3.512658e+03,7.279504e-13,2.424977e-15
3.515407e+03,7.369942e-13,2.427895e-15
3.518155e+03,7.485405e-13,2.446058e-15
3.520903e+03,7.519941e-13,2.447087e-15
3.523652e+03,7.598766e-13,2.456956e-15
3.526400e+03,7.589083e-13,2.464137e-15
3.529148e+03,7.678656e-13,2.467573e-15
3.531897e+03,7.685565e-13,2.460888e-15
3.534645e+03,7.581224e-13,2.441430e-15
3.537393e+03,7.606770e-13,2.453179e-15
3.540142e+03,7.631473e-13,2.451013e-15
3.542890e+03,7.680492e-13,2.443663e-15
3.545638e+03,7.843833e-13,2.472225e-15
3.548387e+03,7.898848e-13,2.478975e-15
3.551135e+03,7.911206e-13,2.479905e-15
3.553884e+03,8.066976e-13,2.505892e-15
3.556632e+03,8.068622e-13,2.498999e-15
3.559380e+03,8.131658e-13,2.518108e-15
3.562129e+03,8.184590e-13,2.514923e-15
3.564877e+03,8.207170e-13,2.580379e-15
3.567626e+03,8.278581e-13,2.525199e-15
3.570374e+03,8.328537e-13,2.526978e-15
3.573122e+03,8.431583e-13,2.544434e-15
3.575871e+03,8.427128e-13,2.539680e-15
3.578619e+03,8.459682e-13,2.541530e-15
3.581368e+03,8.579337e-13,2.555606e-15
3.584116e+03,8.633808e-13,2.558340e-15
3.586865e+03,8.640025e-13,2.557062e-15
3.589613e+03,8.690570e-13,2.566249e-15
3.592362e+03,8.662614e-13,2.554603e-15
3.595110e+03,8.700060e-13,2.556852e-15
3.597859e+03,8.545493e-13,2.530471e-15
3.600607e+03,8.461861e-13,2.519532e-15
3.603356e+03,8.411399e-13,2.519247e-15
3.606104e+03,8.282742e-13,2.485811e-15
3.608853e+03,8.164391e-13,2.484275e-15
3.611601e+03,8.064130e-13,2.446817e-15
3.614350e+03,8.078967e-13,2.449708e-15
3.617098e+03,8.044924e-13,2.758487e-15
3.619847e+03,8.055087e-13,2.760576e-15
3.622596e+03,8.051799e-13,2.435127e-15
3.625344e+03,7.969057e-13,2.425818e-15
3.628093e+03,8.135283e-13,2.443411e-15
3.630841e+03,8.163261e-13,2.621964e-15
3.633590e+03,8.252825e-13,2.629323e-15
3.636338e+03,8.283483e-13,2.440639e-15
3.639087e+03,8.328652e-13,2.449658e-15
3.641836e+03,8.327864e-13,2.439845e-15
3.644584e+03,8.335719e-13,2.440874e-15
3.647333e+03,8.241900e-13,2.625349e-15
3.650081e+03,8.188624e-13,2.419720e-15
3.652830e+03,8.147365e-13,2.459684e-15
3.655579e+03,8.184054e-13,2.402083e-15
3.658327e+03,8.130418e-13,2.390400e-15
3.661076e+03,8.078334e-13,2.379843e-15
3.663825e+03,8.043337e-13,2.370782e-15
3.666573e+03,8.118267e-13,2.378626e-15
3.669322e+03,8.039279e-13,2.358604e-15
3.672071e+03,8.021056e-13,2.360824e-15
3.674819e+03,7.924202e-13,2.334711e-15
3.677568e+03,7.812694e-13,2.317695e-15
3.680316e+03,7.694441e-13,2.297228e-15
3.683065e+03,7.461816e-13,2.253204e-15
3.685814e+03,7.218358e-13,2.220722e-15
3.688562e+03,6.995536e-13,2.182602e-15
3.691311e+03,6.738709e-13,2.132361e-15
3.694060e+03,6.561783e-13,2.101164e-15
3.696809e+03,6.324535e-13,2.056311e-15
3.699557e+03,6.042100e-13,2.003953e-15
3.702306e+03,5.911876e-13,2.005201e-15
3.705055e+03,5.528610e-13,1.908902e-15
3.707803e+03,5.320026e-13,1.900271e-15
3.710552e+03,5.157533e-13,1.972425e-15
3.713301e+03,5.043335e-13,1.802992e-15
3.716049e+03,4.805808e-13,1.762876e-15
3.718798e+03,4.729191e-13,1.737846e-15
3.721547e+03,4.573763e-13,1.707167e-15
3.724296e+03,4.442411e-13,1.677723e-15
3.727044e+03,4.303576e-13,1.646376e-15
3.729793e+03,4.193699e-13,1.621380e-15
3.732542e+03,4.030699e-13,1.621313e-15
3.735290e+03,4.024940e-13,1.581354e-15
3.738039e+03,3.963678e-13,1.566162e-15
3.740788e+03,3.948555e-13,1.585642e-15
3.743537e+03,3.958843e-13,1.553415e-15
3.746285e+03,4.022474e-13,1.591086e-15
3.749034e+03,4.083059e-13,1.569059e-15
3.751783e+03,4.203001e-13,1.585855e-15
3.754532e+03,4.259659e-13,1.599810e-15
3.757280e+03,4.263867e-13,1.591320e-15
3.760029e+03,4.286577e-13,1.587163e-15
3.762778e+03,4.255537e-13,1.577007e-15
3.765527e+03,4.254685e-13,1.571590e-15
3.768275e+03,4.267702e-13,1.575718e-15
3.771024e+03,4.261656e-13,1.560193e-15
3.773773e+03,4.210167e-13,1.547573e-15
3.776522e+03,4.223683e-13,1.545929e-15
3.779271e+03,4.212915e-13,1.541438e-15
3.782019e+03,4.168540e-13,1.527825e-15
3.784768e+03,4.094914e-13,1.512750e-15
3.787517e+03,4.079870e-13,1.510655e-15
3.790266e+03,4.044566e-13,1.491585e-15
3.793014e+03,4.019314e-13,1.477754e-15
3.795763e+03,3.967168e-13,1.469430e-15
3.798512e+03,3.973884e-13,1.467354e-15
3.801261e+03,3.938404e-13,1.575510e-15
3.804010e+03,3.939290e-13,1.451178e-15
3.806758e+03,3.943726e-13,1.445728e-15
3.809507e+03,3.972834e-13,1.448147e-15
3.812256e+03,3.974309e-13,1.444995e-15
3.815005e+03,3.966580e-13,1.441215e-15
3.817754e+03,4.018223e-13,1.447457e-15
3.820502e+03,4.069673e-13,1.453215e-15
3.823251e+03,4.151903e-13,1.460113e-15
3.826000e+03,4.248890e-13,1.472884e-15
3.828749e+03,4.339844e-13,1.486606e-15
3.831497e+03,4.402935e-13,1.493083e-15
3.834246e+03,4.511655e-13,1.514790e-15
3.836995e+03,4.654066e-13,1.526893e-15
3.839744e+03,4.750024e-13,1.536116e-15
3.842493e+03,4.953862e-13,1.586226e-15
3.845241e+03,5.065357e-13,1.574863e-15
3.847990e+03,5.181865e-13,1.590342e-15
3.850739e+03,5.424974e-13,1.625616e-15
3.853488e+03,5.676485e-13,1.655460e-15
3.856237e+03,5.874069e-13,1.674560e-15
3.858985e+03,6.128314e-13,1.708583e-15
3.861734e+03,6.312519e-13,1.879107e-15
3.864483e+03,6.634056e-13,1.927069e-15
3.867232e+03,6.856814e-13,1.946973e-15
3.869981e+03,7.092370e-13,1.973052e-15
3.872729e+03,7.312588e-13,1.849007e-15
3.875478e+03,7.599438e-13,1.873956e-15
3.878227e+03,7.804154e-13,2.016642e-15
3.880976e+03,7.999830e-13,1.914612e-15
3.883725e+03,8.215162e-13,1.936463e-15
3.886473e+03,8.356677e-13,2.127655e-15
3.889222e+03,8.544806e-13,1.964897e-15
3.891971e+03,8.690427e-13,1.970405e-15
3.894720e+03,8.778586e-13,2.145857e-15
3.897469e+03,8.913574e-13,2.164579e-15
3.900217e+03,8.968403e-13,1.991630e-15
3.902966e+03,9.134928e-13,2.004898e-15
3.905715e+03,9.187239e-13,2.010079e-15
3.908464e+03,9.283537e-13,2.017205e-15
3.911213e+03,9.393582e-13,2.023075e-15
3.913961e+03,9.390943e-13,2.013884e-15
3.916710e+03,9.458831e-13,2.197659e-15
3.919459e+03,9.549364e-13,2.203504e-15
3.922208e+03,9.687821e-13,2.036886e-15
3.924957e+03,9.751736e-13,2.247356e-15
3.927705e+03,9.762525e-13,2.058877e-15
3.930454e+03,9.988524e-13,2.055103e-15
3.933203e+03,1.007740e-12,2.247154e-15
3.935952e+03,1.001217e-12,2.233064e-15
3.938700e+03,9.955327e-13,2.037455e-15
3.941449e+03,1.020006e-12,2.250318e-15
3.944198e+03,1.051693e-12,2.280062e-15
3.946947e+03,1.065145e-12,2.094126e-15
3.949695e+03,1.072638e-12,2.285614e-15
3.952444e+03,1.074007e-12,2.089953e-15
3.955193e+03,1.071290e-12,2.266629e-15
3.957942e+03,1.061228e-12,2.334374e-15
3.960691e+03,1.054287e-12,2.248410e-15
3.963439e+03,1.036652e-12,2.299093e-15
3.966188e+03,1.015793e-12,2.199776e-15
3.968937e+03,9.957424e-13,1.990972e-15
3.971686e+03,9.716075e-13,2.136424e-15
3.974434e+03,9.488676e-13,1.930321e-15
3.977183e+03,9.352377e-13,2.084690e-15
3.979932e+03,9.356663e-13,2.080750e-15
3.982681e+03,9.220493e-13,1.891832e-15
3.985429e+03,9.039069e-13,1.929506e-15
3.988178e+03,8.910581e-13,1.910610e-15
3.990927e+03,8.690764e-13,1.886482e-15
3.993675e+03,8.541522e-13,1.812145e-15
3.996424e+03,8.404993e-13,1.795107e-15
3.999173e+03,8.234075e-13,1.933216e-15
4.001922e+03,8.236244e-13,1.773620e-15
4.004670e+03,8.059787e-13,1.992629e-15
4.007419e+03,8.033607e-13,1.758586e-15
4.010168e+03,7.923647e-13,1.729967e-15
4.012916e+03,7.948538e-13,1.734526e-15
4.015665e+03,7.889909e-13,1.722733e-15
4.018414e+03,7.954003e-13,1.882749e-15
4.021162e+03,7.974853e-13,1.887482e-15
4.023911e+03,8.075201e-13,1.895155e-15
4.026660e+03,8.130337e-13,1.898260e-15
4.029409e+03,8.265037e-13,1.752849e-15
4.032157e+03,8.255043e-13,1.744894e-15
4.034906e+03,8.391890e-13,1.754558e-15
4.037655e+03,8.530577e-13,1.770843e-15
4.040403e+03,8.700200e-13,1.877289e-15
4.043152e+03,8.839411e-13,1.893846e-15
4.045901e+03,8.937955e-13,1.800603e-15
4.048649e+03,9.022070e-13,1.808915e-15
4.051398e+03,9.094715e-13,1.813474e-15
4.054146e+03,9.132921e-13,1.819686e-15
4.056895e+03,9.263761e-13,1.994451e-15
4.059644e+03,9.271740e-13,1.991177e-15
4.062392e+03,9.322902e-13,1.831174e-15
4.065141e+03,9.411625e-13,2.007002e-15
4.067890e+03,9.504377e-13,1.840914e-15
4.070638e+03,9.590313e-13,1.848911e-15
4.073387e+03,9.686787e-13,1.864049e-15
4.076135e+03,9.775776e-13,1.868955e-15
4.078884e+03,9.916679e-13,2.058233e-15
4.081633e+03,9.968056e-13,2.122855e-15
4.084381e+03,1.008532e-12,1.891887e-15
4.087130e+03,1.007329e-12,1.891338e-15
4.089878e+03,1.007743e-12,1.992640e-15
4.092627e+03,1.011734e-12,2.085972e-15
4.095375e+03,1.010431e-12,2.068408e-15
4.098124e+03,9.988086e-13,1.880142e-15
4.100873e+03,1.001355e-12,1.882053e-15
4.103621e+03,9.977612e-13,1.981386e-15
4.106370e+03,9.960278e-13,1.876143e-15
4.109118e+03,9.923817e-13,1.927983e-15
4.111867e+03,9.907949e-13,1.945576e-15
4.114615e+03,9.838471e-13,1.922292e-15
4.117364e+03,9.820890e-13,2.032173e-15
4.120112e+03,9.866311e-13,1.860819e-15
4.122861e+03,9.726118e-13,1.840651e-15
4.125609e+03,9.678122e-13,1.840771e-15
4.128358e+03,9.473212e-13,1.815914e-15
4.131106e+03,9.362633e-13,1.804626e-15
4.133855e+03,9.218153e-13,1.788273e-15
4.136603e+03,9.080887e-13,1.766943e-15
4.139352e+03,8.983819e-13,1.925711e-15
4.142100e+03,8.913420e-13,1.914767e-15
4.144849e+03,8.867931e-13,1.903594e-15
4.147597e+03,8.840425e-13,1.904642e-15
4.150346e+03,8.809462e-13,1.896396e-15
4.153094e+03,8.854491e-13,1.736747e-15
4.155842e+03,8.811880e-13,1.730119e-15
4.158591e+03,8.749119e-13,1.724526e-15
4.161339e+03,8.691729e-13,1.728781e-15
4.164088e+03,8.614450e-13,1.703460e-15
4.166836e+03,8.554930e-13,1.693850e-15
4.169584e+03,8.469852e-13,1.684328e-15
4.172333e+03,8.462037e-13,1.844580e-15
4.175081e+03,8.422544e-13,1.679006e-15
4.177830e+03,8.411166e-13,1.677648e-15
4.180578e+03,8.370628e-13,1.682416e-15
4.183326e+03,8.364003e-13,1.665607e-15
4.186075e+03,8.362343e-13,1.670731e-15
4.188823e+03,8.331924e-13,1.661031e-15
4.191571e+03,8.244173e-13,1.652407e-15
4.194320e+03,8.196198e-13,1.646328e-15
4.197068e+03,8.133217e-13,1.635964e-15
4.199816e+03,8.038669e-13,1.625210e-15
4.202565e+03,7.925160e-13,1.611825e-15
4.205313e+03,7.825577e-13,1.599334e-15
4.208061e+03,7.730784e-13,1.587544e-15
4.210809e+03,7.653869e-13,1.575637e-15
4.213558e+03,7.494562e-13,1.636063e-15
4.216306e+03,7.399704e-13,1.548516e-15
4.219054e+03,7.297138e-13,1.544665e-15
4.221802e+03,7.239262e-13,1.533851e-15
4.224551e+03,7.115316e-13,1.517415e-15
4.227299e+03,6.987931e-13,1.503704e-15
4.230047e+03,6.978676e-13,1.502719e-15
4.232795e+03,6.891288e-13,1.488175e-15
4.235544e+03,6.806417e-13,1.480598e-15
4.238292e+03,6.684583e-13,1.465262e-15
4.241040e+03,6.637852e-13,1.459385e-15
4.243788e+03,6.585317e-13,1.454670e-15
4.246536e+03,6.472309e-13,1.440970e-15
4.249284e+03,6.429651e-13,1.432866e-15
4.252033e+03,6.343673e-13,1.427020e-15
4.254781e+03,6.330882e-13,1.421559e-15
4.257529e+03,6.228911e-13,1.405980e-15
4.260277e+03,6.185129e-13,1.400949e-15
4.263025e+03,6.089786e-13,1.520063e-15
4.265773e+03,6.039123e-13,1.513858e-15
4.268521e+03,6.010985e-13,1.510139e-15
4.271269e+03,5.900349e-13,1.361713e-15
4.274017e+03,5.865016e-13,1.358059e-15
4.276765e+03,5.757191e-13,1.403361e-15
4.279514e+03,5.653246e-13,1.329428e-15
4.282262e+03,5.611057e-13,1.322820e-15
4.285010e+03,5.523028e-13,1.316586e-15
4.287758e+03,5.411440e-13,1.300396e-15
4.290506e+03,5.343074e-13,1.291616e-15
4.293254e+03,5.220571e-13,1.393371e-15
4.296002e+03,5.193385e-13,1.395953e-15
4.298750e+03,5.115503e-13,1.265595e-15
4.301498e+03,5.070434e-13,1.250754e-15
4.304246e+03,5.022076e-13,1.244605e-15
4.306994e+03,4.950797e-13,1.232663e-15
4.309741e+03,4.916769e-13,1.228568e-15
4.312489e+03,4.954874e-13,1.226808e-15
4.315237e+03,4.938769e-13,1.236578e-15
4.317985e+03,4.925853e-13,1.222436e-15
4.320733e+03,4.959854e-13,1.229892e-15
4.323481e+03,4.973431e-13,1.236414e-15
4.326229e+03,4.999007e-13,1.230605e-15
4.328977e+03,5.000545e-13,1.226297e-15
4.331725e+03,5.029875e-13,1.229230e-15
4.334472e+03,5.081755e-13,1.234773e-15
4.337220e+03,5.174461e-13,1.247109e-15
4.339968e+03,5.230191e-13,1.253699e-15
4.342716e+03,5.319270e-13,1.262741e-15
4.345464e+03,5.339091e-13,1.264048e-15
4.348211e+03,5.340862e-13,1.260280e-15
4.350959e+03,5.435673e-13,1.270726e-15
4.353707e+03,5.520452e-13,1.280895e-15
4.356455e+03,5.567994e-13,1.284042e-15
4.359203e+03,5.633657e-13,1.412534e-15
4.361950e+03,5.704595e-13,1.355398e-15
4.364698e+03,5.806735e-13,1.308544e-15
4.367446e+03,5.870458e-13,1.311823e-15
4.370193e+03,5.909907e-13,1.314176e-15
4.372941e+03,5.894537e-13,1.310367e-15
4.375689e+03,5.956366e-13,1.315171e-15
4.378436e+03,5.983566e-13,1.320242e-15
4.381184e+03,6.035452e-13,1.324429e-15
4.383932e+03,6.081578e-13,1.328583e-15
4.386679e+03,6.029799e-13,1.323227e-15
4.389427e+03,6.065431e-13,1.326399e-15
4.392174e+03,6.123323e-13,1.332371e-15
4.394922e+03,6.158592e-13,1.333281e-15
4.397670e+03,6.204485e-13,1.464272e-15
4.400417e+03,6.191950e-13,1.460734e-15
4.403165e+03,6.197817e-13,1.337484e-15
4.405912e+03,6.151292e-13,1.334732e-15
4.408660e+03,6.090983e-13,1.323542e-15
4.411407e+03,6.072398e-13,1.321449e-15
4.414155e+03,5.931283e-13,1.305145e-15
4.416902e+03,5.921706e-13,1.300531e-15
4.419650e+03,5.831236e-13,1.290462e-15
4.422397e+03,5.772400e-13,1.289293e-15
4.425145e+03,5.700950e-13,1.279422e-15
4.427892e+03,5.635257e-13,1.269658e-15
4.430639e+03,5.554674e-13,1.260595e-15
4.433387e+03,5.507530e-13,1.262169e-15
4.436134e+03,5.479306e-13,1.245348e-15
4.438882e+03,5.464244e-13,1.241566e-15
4.441629e+03,5.412449e-13,1.236576e-15
4.444376e+03,5.396831e-13,1.233092e-15
4.447124e+03,5.404587e-13,1.231126e-15
4.449871e+03,5.517992e-13,1.244235e-15
4.452618e+03,5.564022e-13,1.243563e-15
4.455366e+03,5.535898e-13,1.241442e-15
4.458113e+03,5.666886e-13,1.257025e-15
4.460860e+03,5.787730e-13,1.283620e-15
4.463607e+03,5.871452e-13,1.276756e-15
4.466355e+03,5.961335e-13,1.285863e-15
4.469102e+03,6.103527e-13,1.355078e-15
4.471849e+03,6.243787e-13,1.326064e-15
4.474596e+03,6.303106e-13,1.369516e-15
4.477343e+03,6.380692e-13,1.327058e-15
4.480091e+03,6.481425e-13,1.336540e-15
4.482838e+03,6.601739e-13,1.351683e-15
4.485585e+03,6.633046e-13,1.352977e-15
4.488332e+03,6.732406e-13,1.362914e-15
4.491079e+03,6.790360e-13,1.367524e-15
4.493826e+03,6.783701e-13,1.367615e-15
4.496573e+03,6.852669e-13,1.374815e-15
4.499320e+03,6.871913e-13,1.377610e-15
4.502067e+03,6.900970e-13,1.377628e-15
4.504814e+03,6.896323e-13,1.381417e-15
4.507561e+03,6.939696e-13,1.384878e-15
4.510308e+03,6.977944e-13,1.388453e-15
4.513055e+03,7.034445e-13,1.389342e-15
4.515802e+03,7.029685e-13,1.388336e-15
4.518549e+03,7.066271e-13,1.395637e-15
4.521296e+03,7.068718e-13,1.391559e-15
4.524043e+03,7.161310e-13,1.399626e-15
4.526790e+03,7.115710e-13,1.392360e-15
4.529537e+03,7.123629e-13,1.397385e-15
4.532284e+03,7.126493e-13,1.405610e-15
4.535031e+03,7.089071e-13,1.391554e-15
4.537778e+03,7.010246e-13,1.384852e-15
4.540524e+03,7.042374e-13,1.386058e-15
4.543271e+03,6.990161e-13,1.478083e-15
4.546018e+03,7.007870e-13,1.464361e-15
4.548765e+03,6.886630e-13,1.371288e-15
4.551512e+03,6.946552e-13,1.375959e-15
4.554258e+03,6.897011e-13,1.369562e-15
4.557005e+03,6.830594e-13,1.366603e-15
4.559752e+03,6.855503e-13,1.367184e-15
4.562499e+03,6.835736e-13,1.487581e-15
4.565245e+03,6.787657e-13,1.484668e-15
4.567992e+03,6.767497e-13,1.376319e-15
4.570739e+03,6.837833e-13,1.363771e-15
4.573485e+03,6.833054e-13,1.363104e-15
4.576232e+03,6.813270e-13,1.357563e-15
4.578978e+03,6.785721e-13,1.356675e-15
4.581725e+03,6.809264e-13,1.358176e-15
4.584472e+03,6.784275e-13,1.358490e-15
4.587218e+03,6.758333e-13,1.353522e-15
4.589965e+03,6.762118e-13,1.353772e-15
4.592711e+03,6.769138e-13,1.357217e-15
4.595458e+03,6.792176e-13,1.356692e-15
4.598204e+03,6.795203e-13,1.359637e-15
4.600951e+03,6.821432e-13,1.362407e-15
4.603697e+03,6.836155e-13,1.363792e-15
4.606443e+03,6.871253e-13,1.411734e-15
4.609190e+03,6.854544e-13,1.373627e-15
4.611936e+03,6.859850e-13,1.365555e-15
4.614683e+03,6.818544e-13,1.362464e-15
4.617429e+03,6.818011e-13,1.365149e-15
4.620175e+03,6.743310e-13,1.367737e-15
4.622922e+03,6.748316e-13,1.355270e-15
4.625668e+03,6.688653e-13,1.350702e-15
4.628414e+03,6.676925e-13,1.350246e-15
4.631161e+03,6.562607e-13,1.340622e-15
4.633907e+03,6.570661e-13,1.339665e-15
4.636653e+03,6.411443e-13,1.320525e-15
4.639399e+03,6.350685e-13,1.315194e-15
4.642145e+03,6.241590e-13,1.300982e-15
4.644892e+03,6.175557e-13,1.293724e-15
4.647638e+03,6.020493e-13,1.277711e-15
4.650384e+03,5.941578e-13,1.280281e-15
4.653130e+03,5.852203e-13,1.264940e-15
4.655876e+03,5.737165e-13,1.245443e-15
4.658622e+03,5.675523e-13,1.240157e-15
4.661368e+03,5.585945e-13,1.229518e-15
4.664114e+03,5.467526e-13,1.218005e-15
4.666860e+03,5.434758e-13,1.219788e-15
4.669606e+03,5.354252e-13,1.206256e-15
4.672352e+03,5.264854e-13,1.199923e-15
4.675098e+03,5.240283e-13,1.196461e-15
4.677844e+03,5.213705e-13,1.191979e-15
4.680590e+03,5.170758e-13,1.184145e-15
4.683336e+03,5.179316e-13,1.188929e-15
4.686082e+03,5.216081e-13,1.193924e-15
4.688828e+03,5.152120e-13,1.186462e-15
4.691574e+03,5.201939e-13,1.193388e-15
4.694320e+03,5.199036e-13,1.193829e-15
4.697065e+03,5.203395e-13,1.269148e-15
4.699811e+03,5.241112e-13,1.195167e-15
4.702557e+03,5.245377e-13,1.194750e-15
4.705303e+03,5.312788e-13,1.203751e-15
4.708049e+03,5.260976e-13,1.201513e-15
4.710794e+03,5.204678e-13,1.190530e-15
4.713540e+03,5.244475e-13,1.196351e-15
4.716286e+03,5.194584e-13,1.189698e-15
4.719031e+03,5.190060e-13,1.191430e-15
4.721777e+03,5.115545e-13,1.182060e-15
4.724523e+03,5.083801e-13,1.179588e-15
4.727268e+03,4.976460e-13,1.213509e-15
4.730014e+03,4.993264e-13,1.168860e-15
4.732759e+03,4.944239e-13,1.170538e-15
4.735505e+03,4.898109e-13,1.162224e-15
4.738250e+03,4.818977e-13,1.144264e-15
4.740996e+03,4.802371e-13,1.146721e-15
4.743741e+03,4.710054e-13,1.211188e-15
4.746487e+03,4.700325e-13,1.135800e-15
4.749232e+03,4.651066e-13,1.128203e-15
4.751978e+03,4.608230e-13,1.125737e-15
4.754723e+03,4.517131e-13,1.201004e-15
4.757468e+03,4.495976e-13,1.108806e-15
4.760214e+03,4.454699e-13,1.104583e-15
4.762959e+03,4.427771e-13,1.101228e-15
4.765704e+03,4.425662e-13,1.098670e-15
4.768450e+03,4.403219e-13,1.096695e-15
4.771195e+03,4.399231e-13,1.096320e-15
4.773940e+03,4.419799e-13,1.098470e-15
4.776685e+03,4.403867e-13,1.094318e-15
4.779431e+03,4.411309e-13,1.098396e-15
4.782176e+03,4.449405e-13,1.099011e-15
4.784921e+03,4.457043e-13,1.097692e-15
4.787666e+03,4.488486e-13,1.103414e-15
4.790411e+03,4.492924e-13,1.108970e-15
4.793156e+03,4.531847e-13,1.110529e-15
4.795901e+03,4.544344e-13,1.107048e-15
4.798646e+03,4.542546e-13,1.108893e-15
4.801391e+03,4.553712e-13,1.109945e-15
4.804136e+03,4.561248e-13,1.109323e-15
4.806881e+03,4.551959e-13,1.106704e-15
4.809626e+03,4.547569e-13,1.107974e-15
4.812371e+03,4.489289e-13,1.099103e-15
4.815116e+03,4.480231e-13,1.097055e-15
4.817861e+03,4.395607e-13,1.085620e-15
4.820606e+03,4.348037e-13,1.081415e-15
4.823351e+03,4.248166e-13,1.071031e-15
4.826096e+03,4.217506e-13,1.065090e-15
4.828841e+03,4.147825e-13,1.058924e-15
4.831585e+03,4.092998e-13,1.044586e-15
4.834330e+03,4.052457e-13,1.043726e-15
4.837075e+03,4.011342e-13,1.042597e-15
4.839820e+03,3.917236e-13,1.022703e-15
4.842564e+03,3.842572e-13,1.085801e-15
4.845309e+03,3.779382e-13,1.090007e-15
4.848054e+03,3.713014e-13,9.959377e-16
4.850798e+03,3.626185e-13,1.001853e-15
4.853543e+03,3.584287e-13,9.786146e-16
4.856287e+03,3.484512e-13,9.642855e-16
4.859032e+03,3.450963e-13,9.593928e-16
4.861776e+03,3.374166e-13,9.470158e-16
4.864521e+03,3.330052e-13,9.677151e-16
4.867265e+03,3.278400e-13,9.337174e-16
4.870010e+03,3.270333e-13,9.317934e-16
4.872754e+03,3.251418e-13,9.299350e-16
4.875499e+03,3.257224e-13,9.300874e-16
4.878243e+03,3.229950e-13,9.267423e-16
4.880988e+03,3.270378e-13,9.306566e-16
4.883732e+03,3.285207e-13,9.309761e-16
4.886476e+03,3.282428e-13,1.019648e-15
4.889220e+03,3.283282e-13,9.368763e-16
4.891965e+03,3.347366e-13,9.413853e-16
4.894709e+03,3.363969e-13,9.399222e-16
4.897453e+03,3.445606e-13,9.520217e-16
4.900197e+03,3.490024e-13,9.568943e-16
4.902942e+03,3.519216e-13,9.618631e-16
4.905686e+03,3.580803e-13,9.712782e-16
4.908430e+03,3.619071e-13,9.755052e-16
4.911174e+03,3.659709e-13,9.810125e-16
4.913918e+03,3.687869e-13,9.803548e-16
4.916662e+03,3.692859e-13,9.845505e-16
4.919406e+03,3.722141e-13,9.867490e-16
4.922150e+03,3.737865e-13,9.856856e-16
4.924894e+03,3.765727e-13,9.900124e-16
4.927638e+03,3.777389e-13,9.912032e-16
4.930382e+03,3.768329e-13,1.121182e-15
4.933126e+03,3.811726e-13,1.021494e-15
4.935870e+03,3.826088e-13,9.964739e-16
4.938614e+03,3.873197e-13,1.004533e-15
4.941357e+03,3.844695e-13,1.005254e-15
4.944101e+03,3.866759e-13,1.000143e-15
4.946845e+03,3.833660e-13,9.939551e-16
4.949589e+03,3.839832e-13,9.964446e-16
4.952332e+03,3.849868e-13,1.000454e-15
4.955076e+03,3.816924e-13,9.957687e-16
4.957820e+03,3.811162e-13,9.909374e-16
4.960563e+03,3.775897e-13,9.843606e-16
4.963307e+03,3.741105e-13,9.783196e-16
4.966051e+03,3.714463e-13,9.761746e-16
4.968794e+03,3.669175e-13,9.693210e-16
4.971538e+03,3.631508e-13,9.650678e-16
4.974281e+03,3.628393e-13,9.640422e-16
4.977025e+03,3.625762e-13,9.617551e-16
4.979768e+03,3.671695e-13,9.681957e-16
4.982512e+03,3.669748e-13,9.700837e-16
4.985255e+03,3.655621e-13,9.652181e-16
4.987999e+03,3.655979e-13,9.660755e-16
4.990742e+03,3.633033e-13,9.629992e-16
4.993485e+03,3.666484e-13,9.663550e-16
4.996229e+03,3.642838e-13,9.632119e-16
4.998972e+03,3.663842e-13,9.667677e-16
5.001715e+03,3.605596e-13,9.605501e-16
5.004458e+03,3.666270e-13,9.664497e-16
5.007202e+03,3.701513e-13,9.735870e-16
5.009945e+03,3.703134e-13,9.715485e-16
5.012688e+03,3.732211e-13,9.777745e-16
5.015431e+03,3.761758e-13,9.795976e-16
5.018174e+03,3.804707e-13,1.055894e-15
5.020917e+03,3.809358e-13,9.844945e-16
5.023660e+03,3.837296e-13,9.871462e-16
5.026403e+03,3.858844e-13,9.906937e-16
5.029146e+03,3.827819e-13,9.909071e-16
5.031889e+03,3.840463e-13,9.888550e-16
5.034632e+03,3.771137e-13,9.772126e-16
5.037375e+03,3.865512e-13,1.067317e-15
5.040118e+03,3.899641e-13,9.949099e-16
5.042861e+03,3.922480e-13,9.937703e-16
5.045604e+03,3.953239e-13,9.981500e-16
5.048346e+03,3.993399e-13,1.000883e-15
5.051089e+03,4.005315e-13,1.003340e-15
5.053832e+03,4.050872e-13,1.013217e-15
5.056575e+03,4.093001e-13,1.012139e-15
5.059317e+03,4.143443e-13,1.019166e-15
5.062060e+03,4.178071e-13,1.022654e-15
5.064802e+03,4.195649e-13,1.024375e-15
5.067545e+03,4.235447e-13,1.029004e-15
5.070288e+03,4.305831e-13,1.035351e-15
5.073030e+03,4.302417e-13,1.036212e-15
5.075773e+03,4.310391e-13,1.124419e-15
5.078515e+03,4.343094e-13,1.063227e-15
5.081258e+03,4.401485e-13,1.048780e-15
5.084000e+03,4.432019e-13,1.049430e-15
5.086742e+03,4.466568e-13,1.054117e-15
5.089485e+03,4.507817e-13,1.130475e-15
5.092227e+03,4.536844e-13,1.132444e-15
5.094970e+03,4.588283e-13,1.065420e-15
5.097712e+03,4.577059e-13,1.066312e-15
5.100454e+03,4.617914e-13,1.069375e-15
5.103196e+03,4.657998e-13,1.072701e-15
5.105938e+03,4.700596e-13,1.080573e-15
5.108681e+03,4.740587e-13,1.085190e-15
5.111423e+03,4.773840e-13,1.089520e-15
5.114165e+03,4.807618e-13,1.091846e-15
5.116907e+03,4.817459e-13,1.090823e-15
5.119649e+03,4.892530e-13,1.097862e-15
5.122391e+03,4.911414e-13,1.102521e-15
5.125133e+03,4.924691e-13,1.101581e-15
5.127875e+03,4.921365e-13,1.101238e-15
5.130617e+03,4.904996e-13,1.098878e-15
5.133359e+03,4.870939e-13,1.098195e-15
5.136101e+03,4.871853e-13,1.098173e-15
5.138843e+03,4.875475e-13,1.097198e-15
5.141584e+03,4.774810e-13,1.083406e-15
5.144326e+03,4.786330e-13,1.085689e-15
5.147068e+03,4.744959e-13,1.080677e-15
5.149810e+03,4.695504e-13,1.075674e-15
5.152551e+03,4.710012e-13,1.078242e-15
5.155293e+03,4.677320e-13,1.098466e-15
5.158035e+03,4.647055e-13,1.076989e-15
5.160776e+03,4.647790e-13,1.068104e-15
5.163518e+03,4.604693e-13,1.062909e-15
5.166259e+03,4.592393e-13,1.061369e-15
5.169001e+03,4.602094e-13,1.064286e-15
5.171742e+03,4.576356e-13,1.060828e-15
5.174484e+03,4.534601e-13,1.137991e-15
5.177225e+03,4.563877e-13,1.058796e-15
5.179967e+03,4.557839e-13,1.057326e-15
5.182708e+03,4.576561e-13,1.065392e-15
5.185449e+03,4.603541e-13,1.062951e-15
5.188191e+03,4.621028e-13,1.066086e-15
5.190932e+03,4.670478e-13,1.069345e-15
5.193673e+03,4.681459e-13,1.071514e-15
5.196414e+03,4.716295e-13,1.075987e-15
5.199156e+03,4.721516e-13,1.075920e-15
5.201897e+03,4.764607e-13,1.081748e-15
5.204638e+03,4.747696e-13,1.081009e-15
5.207379e+03,4.777323e-13,1.083159e-15
5.210120e+03,4.756597e-13,1.082489e-15
5.212861e+03,4.723784e-13,1.156965e-15
5.215602e+03,4.721982e-13,1.158851e-15
5.218343e+03,4.726470e-13,1.155452e-15
5.221084e+03,4.713639e-13,1.077673e-15
5.223825e+03,4.650981e-13,1.072806e-15
5.226566e+03,4.620844e-13,1.069189e-15
5.229306e+03,4.560986e-13,1.137829e-15
5.232047e+03,4.481608e-13,1.049527e-15
5.234788e+03,4.393065e-13,1.039158e-15
5.237529e+03,4.308463e-13,1.030067e-15
5.240269e+03,4.264030e-13,1.027243e-15
5.243010e+03,4.168166e-13,1.014401e-15
5.245751e+03,4.054998e-13,1.000225e-15
5.248491e+03,3.944145e-13,9.848701e-16
5.251232e+03,3.895223e-13,9.807152e-16
5.253972e+03,3.762600e-13,9.651256e-16
5.256713e+03,3.669979e-13,9.786757e-16
5.257459e+03,3.644761e-13,9.647760e-16
5.258833e+03,3.603606e-13,9.442131e-16
5.260207e+03,3.548396e-13,9.426462e-16
5.261581e+03,3.391448e-13,9.212524e-16
5.262955e+03,2.969031e-13,7.499176e-16
5.264329e+03,2.967476e-13,7.304093e-16
5.265703e+03,2.937302e-13,7.258647e-16
5.267077e+03,2.887088e-13,7.327978e-16
5.268451e+03,2.878118e-13,7.225471e-16
5.269825e+03,2.896675e-13,7.012393e-16
5.271199e+03,2.898910e-13,6.876029e-16
5.272573e+03,2.891057e-13,6.809733e-16
5.273947e+03,2.887700e-13,6.769258e-16
5.275321e+03,2.885963e-13,6.731533e-16
5.276695e+03,2.886397e-13,6.691162e-16
5.278069e+03,2.891791e-13,6.658491e-16
5.279443e+03,2.897712e-13,6.625685e-16
5.280817e+03,2.903535e-13,6.591369e-16
5.282191e+03,2.902343e-13,6.629986e-16
5.283565e+03,2.897826e-13,6.711940e-16
5.284939e+03,2.901332e-13,6.649926e-16
5.286313e+03,2.907604e-13,6.491256e-16
5.287687e+03,2.913349e-13,6.411524e-16
5.289061e+03,2.920943e-13,6.385154e-16
5.290435e+03,2.930936e-13,6.364208e-16
5.291809e+03,2.941748e-13,6.355752e-16
5.293183e+03,2.951009e-13,6.383726e-16
5.294557e+03,2.961278e-13,6.410626e-16
5.295931e+03,2.961918e-13,6.423414e-16
5.297305e+03,2.952017e-13,6.392476e-16
5.298679e+03,2.954618e-13,6.365750e-16
5.300053e+03,2.965759e-13,6.351626e-16
5.301427e+03,2.970960e-13,6.329652e-16
5.302801e+03,2.982436e-13,6.325807e-16
5.304175e+03,2.990498e-13,6.316034e-16
5.305549e+03,2.996600e-13,6.302923e-16
5.306923e+03,3.003231e-13,6.293704e-16
5.308297e+03,3.009064e-13,6.285655e-16
5.309671e+03,3.018459e-13,6.288048e-16
5.311045e+03,3.029742e-13,6.295981e-16
5.312419e+03,3.036799e-13,6.294010e-16
5.313793e+03,3.039617e-13,6.278188e-16
5.315167e+03,3.045056e-13,6.277145e-16
5.316541e+03,3.045464e-13,6.293102e-16
5.317915e+03,3.039407e-13,6.319591e-16
5.319289e+03,3.033704e-13,6.346060e-16
5.320663e+03,3.028779e-13,6.379703e-16
5.322037e+03,3.039910e-13,6.395286e-16
5.323411e+03,3.050292e-13,6.391322e-16
5.324785e+03,3.059708e-13,6.378916e-16
5.326159e+03,3.071149e-13,6.462911e-16
5.327533e+03,3.082239e-13,6.587143e-16
5.328907e+03,3.099385e-13,6.634231e-16
5.330281e+03,3.119128e-13,6.648868e-16
5.331655e+03,3.130725e-13,6.580392e-16
5.333029e+03,3.139742e-13,6.472479e-16
5.334403e+03,3.150528e-13,6.448080e-16
5.335777e+03,3.162861e-13,6.450554e-16
5.337151e+03,3.168275e-13,6.418270e-16
5.338525e+03,3.170227e-13,6.380637e-16
5.339899e+03,3.186551e-13,6.355207e-16
5.341273e+03,3.211591e-13,6.420193e-16
5.342647e+03,3.230189e-13,6.510301e-16
5.344021e+03,3.245695e-13,6.598023e-16
5.345395e+03,3.261926e-13,6.668476e-16
5.346769e+03,3.275502e-13,6.687152e-16
5.348143e+03,3.289200e-13,6.704318e-16
5.349517e+03,3.302945e-13,6.720944e-16
5.350891e+03,3.319551e-13,6.725047e-16
5.352265e+03,3.337598e-13,6.722090e-16
5.353639e+03,3.358848e-13,6.722831e-16
5.355013e+03,3.379949e-13,6.731840e-16
5.356387e+03,3.390953e-13,6.780126e-16
5.357761e+03,3.401585e-13,6.823655e-16
5.359135e+03,3.407527e-13,6.866122e-16
5.360509e+03,3.413000e-13,6.888032e-16
5.361883e+03,3.420457e-13,6.905071e-16
5.363257e+03,3.428288e-13,6.924984e-16
5.364631e+03,3.441193e-13,6.944878e-16
5.366005e+03,3.461832e-13,6.969411e-16
5.367379e+03,3.479361e-13,7.000256e-16
5.368753e+03,3.496029e-13,7.032848e-16
5.370127e+03,3.499432e-13,7.010518e-16
5.371501e+03,3.496985e-13,6.955264e-16
5.372875e+03,3.506538e-13,6.920698e-16
5.374249e+03,3.519043e-13,6.890645e-16
5.375623e+03,3.517473e-13,6.936033e-16
5.376997e+03,3.513445e-13,6.983698e-16
5.378371e+03,3.508780e-13,7.025505e-16
5.379745e+03,3.504924e-13,7.047125e-16
5.381119e+03,3.511830e-13,7.059046e-16
5.382493e+03,3.520809e-13,7.074802e-16
5.383867e+03,3.516980e-13,7.064208e-16
5.385241e+03,3.506930e-13,7.053723e-16
5.386615e+03,3.498986e-13,7.052089e-16
5.387989e+03,3.491609e-13,7.052065e-16
5.389363e+03,3.482978e-13,7.045957e-16
5.390737e+03,3.475967e-13,7.015652e-16
5.392111e+03,3.469570e-13,6.977328e-16
5.393485e+03,3.463338e-13,6.937267e-16
5.394859e+03,3.460836e-13,6.896372e-16
5.396233e+03,3.458783e-13,6.853835e-16
5.397607e+03,3.449243e-13,6.807265e-16
5.398981e+03,3.437795e-13,6.766270e-16
5.400355e+03,3.434326e-13,6.756873e-16
5.401729e+03,3.432467e-13,6.748685e-16
5.403103e+03,3.421521e-13,6.731165e-16
5.404477e+03,3.409636e-13,6.711478e-16
5.405851e+03,3.399881e-13,6.693453e-16
5.407225e+03,3.390395e-13,6.675672e-16
5.408599e+03,3.376921e-13,6.662411e-16
5.409973e+03,3.360221e-13,6.688736e-16
5.411347e+03,3.336422e-13,6.821644e-16
5.412721e+03,3.312011e-13,6.965482e-16
5.414095e+03,3.303873e-13,6.893095e-16
5.415469e+03,3.298548e-13,6.781952e-16
5.416843e+03,3.292174e-13,6.792819e-16
5.418217e+03,3.285667e-13,6.814585e-16
5.419591e+03,3.270802e-13,6.753520e-16
5.420965e+03,3.255097e-13,6.689705e-16
5.422339e+03,3.232207e-13,6.622539e-16
5.423713e+03,3.208257e-13,6.570658e-16
5.425087e+03,3.191281e-13,6.544053e-16
5.426461e+03,3.174913e-13,6.518110e-16
5.427835e+03,3.155756e-13,6.489027e-16
5.429209e+03,3.130738e-13,6.426186e-16
5.430583e+03,3.106814e-13,6.356756e-16
5.431957e+03,3.082807e-13,6.286109e-16
5.433331e+03,3.057980e-13,6.228881e-16
5.434705e+03,3.037628e-13,6.187767e-16
5.436079e+03,3.011806e-13,6.139223e-16
5.437453e+03,2.985800e-13,6.090200e-16
5.438827e+03,2.959444e-13,6.047964e-16
5.440201e+03,2.932305e-13,6.006565e-16
5.441575e+03,2.903066e-13,5.968067e-16
5.442949e+03,2.876142e-13,5.933095e-16
5.444323e+03,2.859754e-13,6.006996e-16
5.445697e+03,2.843454e-13,6.076879e-16
5.447071e+03,2.829001e-13,5.961368e-16
5.448445e+03,2.815793e-13,5.836498e-16
5.449819e+03,2.795953e-13,5.804375e-16
5.451193e+03,2.776021e-13,5.773592e-16
5.452567e+03,2.758186e-13,5.747903e-16
5.453941e+03,2.738630e-13,5.720374e-16
5.455315e+03,2.723666e-13,5.694171e-16
5.456689e+03,2.708578e-13,5.668449e-16
5.458063e+03,2.682941e-13,5.710879e-16
5.459437e+03,2.658826e-13,5.749118e-16
5.460811e+03,2.653265e-13,5.684704e-16
5.462185e+03,2.648932e-13,5.628284e-16
5.463559e+03,2.644645e-13,5.641596e-16
5.464933e+03,2.640210e-13,5.653133e-16
5.466307e+03,2.636092e-13,5.682782e-16
5.467681e+03,2.632284e-13,5.684020e-16
5.469055e+03,2.632106e-13,5.680995e-16
5.470429e+03,2.631803e-13,5.677344e-16
5.471803e+03,2.629282e-13,5.663631e-16
5.473177e+03,2.633439e-13,5.661211e-16
5.474551e+03,2.637991e-13,5.662391e-16
5.475925e+03,2.643126e-13,5.664152e-16
5.477299e+03,2.653354e-13,5.648416e-16
5.478673e+03,2.660700e-13,5.608906e-16
5.480047e+03,2.688998e-13,5.614770e-16
5.481421e+03,2.710509e-13,5.605879e-16
5.482795e+03,2.698798e-13,5.605976e-16
5.484169e+03,2.687475e-13,5.609734e-16
5.485543e+03,2.704796e-13,5.667586e-16
5.486917e+03,2.722346e-13,5.712841e-16
5.488291e+03,2.744243e-13,5.743218e-16
5.489665e+03,2.765542e-13,5.773193e-16
5.491039e+03,2.781144e-13,5.799664e-16
5.492413e+03,2.798786e-13,5.808088e-16
5.493787e+03,2.822015e-13,5.820922e-16
5.495161e+03,2.845247e-13,5.833686e-16
5.496535e+03,2.870641e-13,5.856341e-16
5.497909e+03,2.900700e-13,5.897764e-16
5.499283e+03,2.933785e-13,5.933752e-16
5.500657e+03,2.965978e-13,5.970540e-16
5.502031e+03,2.987390e-13,6.001646e-16
5.503405e+03,3.008984e-13,6.029146e-16
5.504779e+03,3.040183e-13,6.055156e-16
5.506153e+03,3.069779e-13,6.109532e-16
5.507527e+03,3.088981e-13,6.296524e-16
5.508901e+03,3.108734e-13,6.479825e-16
5.510275e+03,3.129971e-13,6.653643e-16
5.511649e+03,3.153770e-13,6.754904e-16
5.513023e+03,3.194418e-13,6.681526e-16
5.514397e+03,3.232973e-13,6.619178e-16
5.515771e+03,3.255869e-13,6.637224e-16
5.517145e+03,3.285413e-13,6.635272e-16
5.518519e+03,3.315949e-13,6.554163e-16
5.519893e+03,3.347201e-13,6.489312e-16
5.521267e+03,3.380080e-13,6.487222e-16
5.522641e+03,3.409244e-13,6.460668e-16
5.524015e+03,3.433052e-13,6.420730e-16
5.525389e+03,3.456608e-13,6.383739e-16
5.526763e+03,3.476057e-13,6.402715e-16
5.528137e+03,3.497175e-13,6.423340e-16
5.529511e+03,3.524631e-13,6.450240e-16
5.530885e+03,3.548551e-13,6.473158e-16
5.532259e+03,3.565761e-13,6.486833e-16
5.533633e+03,3.581311e-13,6.498668e-16
5.535007e+03,3.591156e-13,6.504146e-16
5.536381e+03,3.608339e-13,6.530481e-16
5.537755e+03,3.633813e-13,6.567408e-16
5.539129e+03,3.656985e-13,6.601315e-16
5.540503e+03,3.675201e-13,6.625271e-16
5.541877e+03,3.699344e-13,6.653790e-16
5.543251e+03,3.731241e-13,6.697880e-16
5.544625e+03,3.762435e-13,6.738231e-16
5.545999e+03,3.780400e-13,6.734891e-16
5.547373e+03,3.794491e-13,6.725888e-16
5.548747e+03,3.802786e-13,6.715343e-16
5.550121e+03,3.808911e-13,6.716059e-16
5.551495e+03,3.809063e-13,6.738965e-16
5.552869e+03,3.813827e-13,6.765470e-16
5.554243e+03,3.830856e-13,6.802045e-16
5.555617e+03,3.838870e-13,6.842363e-16
5.556991e+03,3.840186e-13,6.879100e-16
5.558365e+03,3.838464e-13,6.913704e-16
5.559739e+03,3.829899e-13,6.932891e-16
5.561113e+03,3.824785e-13,6.916308e-16
5.562487e+03,3.822094e-13,6.900237e-16
5.563861e+03,3.818976e-13,6.894123e-16
5.565235e+03,3.811339e-13,6.855162e-16
5.566609e+03,3.801698e-13,6.767373e-16
5.567983e+03,3.791511e-13,6.637261e-16
5.569357e+03,3.780773e-13,6.541350e-16
5.570731e+03,3.769827e-13,6.572012e-16
5.572105e+03,3.760370e-13,6.589061e-16
5.573479e+03,3.753735e-13,6.581115e-16
5.574853e+03,3.747859e-13,6.583511e-16
5.576227e+03,3.740151e-13,6.575839e-16
5.577601e+03,3.735883e-13,6.584844e-16
5.578975e+03,3.738384e-13,6.626938e-16
5.580349e+03,3.734520e-13,6.682782e-16
5.581723e+03,3.719801e-13,6.799489e-16
5.583097e+03,3.712713e-13,6.830626e-16
5.584471e+03,3.719057e-13,6.723949e-16
5.585845e+03,3.722367e-13,6.656833e-16
5.587219e+03,3.717401e-13,6.661781e-16
5.588593e+03,3.720009e-13,6.674394e-16
5.589967e+03,3.731651e-13,6.684462e-16
5.591341e+03,3.736645e-13,6.687503e-16
5.592715e+03,3.731999e-13,6.681156e-16
5.594089e+03,3.735036e-13,6.683639e-16
5.595463e+03,3.749216e-13,6.698921e-16
5.596837e+03,3.760591e-13,6.711985e-16
5.598211e+03,3.768037e-13,6.721947e-16
5.599585e+03,3.777781e-13,6.706420e-16
5.600959e+03,3.792653e-13,6.688212e-16
5.602333e+03,3.802686e-13,6.716640e-16
5.603707e+03,3.805350e-13,6.806478e-16
5.605081e+03,3.807162e-13,6.816823e-16
5.606455e+03,3.812043e-13,6.709723e-16
5.607829e+03,3.811876e-13,6.680820e-16
5.609203e+03,3.804297e-13,6.760012e-16
5.610577e+03,3.802908e-13,6.812794e-16
5.611951e+03,3.808912e-13,6.833901e-16
5.613325e+03,3.810448e-13,6.806123e-16
5.614699e+03,3.806633e-13,6.705747e-16
5.616073e+03,3.804415e-13,6.643984e-16
5.617447e+03,3.804009e-13,6.626663e-16
5.618821e+03,3.809448e-13,6.588241e-16
5.620195e+03,3.818488e-13,6.539628e-16
5.621569e+03,3.824700e-13,6.487294e-16
5.622943e+03,3.826900e-13,6.447035e-16
5.624317e+03,3.819252e-13,6.510372e-16
5.625691e+03,3.810122e-13,6.572550e-16
5.627065e+03,3.804961e-13,6.637991e-16
5.628439e+03,3.803137e-13,6.659490e-16
5.629813e+03,3.797261e-13,6.683007e-16
5.631187e+03,3.788130e-13,6.735530e-16
5.632561e+03,3.782661e-13,6.728650e-16
5.633935e+03,3.790675e-13,6.704779e-16
5.635309e+03,3.800522e-13,6.681782e-16
5.636683e+03,3.812013e-13,6.659455e-16
5.638057e+03,3.805402e-13,6.641811e-16
5.639431e+03,3.782473e-13,6.626253e-16
5.640805e+03,3.771326e-13,6.616343e-16
5.642179e+03,3.769328e-13,6.610803e-16
5.643553e+03,3.775237e-13,6.608947e-16
5.644927e+03,3.781818e-13,6.607104e-16
5.646301e+03,3.778005e-13,6.662653e-16
5.647675e+03,3.767128e-13,6.749252e-16
5.649049e+03,3.757436e-13,6.851867e-16
5.650423e+03,3.749172e-13,6.961508e-16
5.651797e+03,3.748765e-13,6.865486e-16
5.653171e+03,3.754154e-13,6.688970e-16
5.654545e+03,3.759536e-13,6.652109e-16
5.655919e+03,3.764304e-13,6.723469e-16
5.657293e+03,3.762970e-13,6.775314e-16
5.658667e+03,3.756336e-13,6.791817e-16
5.660041e+03,3.751583e-13,6.810108e-16
5.661415e+03,3.747978e-13,6.829441e-16
5.662789e+03,3.749171e-13,6.789536e-16
5.664163e+03,3.752222e-13,6.729651e-16
5.665537e+03,3.753676e-13,6.667118e-16
5.666911e+03,3.753218e-13,6.610348e-16
5.668285e+03,3.744790e-13,6.578517e-16
5.669659e+03,3.734369e-13,6.544712e-16
5.671033e+03,3.725428e-13,6.510907e-16
5.672407e+03,3.720790e-13,6.506441e-16
5.673781e+03,3.720805e-13,6.521696e-16
5.675155e+03,3.722213e-13,6.539298e-16
5.676529e+03,3.721262e-13,6.549512e-16
5.677903e+03,3.717319e-13,6.540966e-16
5.679277e+03,3.713322e-13,6.534381e-16
5.680651e+03,3.709303e-13,6.528670e-16
5.682025e+03,3.709539e-13,6.585129e-16
5.683399e+03,3.711822e-13,6.654514e-16
5.684773e+03,3.713624e-13,6.580924e-16
5.686147e+03,3.715229e-13,6.449147e-16
5.687521e+03,3.713196e-13,6.436207e-16
5.688895e+03,3.709639e-13,6.452468e-16
5.690269e+03,3.712462e-13,6.471088e-16
5.691643e+03,3.715694e-13,6.454425e-16
5.693017e+03,3.717596e-13,6.397465e-16
5.694391e+03,3.719566e-13,6.339334e-16
5.695765e+03,3.702514e-13,8.018501e-16
5.697139e+03,3.695823e-13,8.183461e-16
5.698513e+03,3.692477e-13,8.339820e-16
5.700735e+03,3.684347e-13,8.597560e-16
5.705609e+03,3.655874e-13,8.391196e-16
5.710483e+03,3.617878e-13,8.379772e-16
5.715356e+03,3.610569e-13,8.647735e-16
5.720230e+03,3.566441e-13,8.775687e-16
5.725104e+03,3.508891e-13,8.051308e-16
5.729978e+03,3.460654e-13,8.143116e-16
5.734852e+03,3.395466e-13,8.030025e-16
5.739726e+03,3.367672e-13,7.607067e-16
5.744600e+03,3.340041e-13,7.936764e-16
5.749474e+03,3.271475e-13,8.152826e-16
5.754348e+03,3.220216e-13,7.673272e-16
5.759222e+03,3.166323e-13,7.659953e-16
5.764097e+03,3.161222e-13,7.294674e-16
5.768971e+03,3.136548e-13,7.515881e-16
5.773845e+03,3.121384e-13,7.506659e-16
5.778720e+03,3.079063e-13,7.924283e-16
5.783594e+03,3.087546e-13,8.115805e-16
5.788468e+03,3.042235e-13,7.793023e-16
5.793343e+03,3.068245e-13,7.486264e-16
5.798217e+03,3.048521e-13,7.752167e-16
5.803092e+03,3.070314e-13,7.461631e-16
5.807967e+03,3.113852e-13,7.483459e-16
5.812841e+03,3.140064e-13,8.001384e-16
5.817716e+03,3.159771e-13,7.645950e-16
5.822591e+03,3.190111e-13,7.467841e-16
5.827466e+03,3.207354e-13,7.564605e-16
5.832341e+03,3.209090e-13,8.181176e-16
5.837216e+03,3.220736e-13,7.865753e-16
5.842091e+03,3.238065e-13,7.501089e-16
5.846966e+03,3.269127e-13,7.507151e-16
5.851841e+03,3.237762e-13,7.657356e-16
5.856716e+03,3.272733e-13,7.488313e-16
5.861591e+03,3.280757e-13,7.123158e-16
5.866466e+03,3.274159e-13,7.101085e-16
5.871342e+03,3.278290e-13,7.948572e-16
5.876217e+03,3.288074e-13,7.950661e-16
5.881092e+03,3.321335e-13,7.313455e-16
5.885968e+03,3.323042e-13,7.623161e-16
5.890843e+03,3.317502e-13,7.780152e-16
5.895719e+03,3.310576e-13,7.635381e-16
5.900594e+03,3.329464e-13,8.131803e-16
5.905470e+03,3.345900e-13,8.174303e-16
5.910346e+03,3.364232e-13,7.576407e-16
5.915221e+03,3.377031e-13,7.690689e-16
5.920097e+03,3.383335e-13,7.705956e-16
5.924973e+03,3.373913e-13,7.907389e-16
5.929849e+03,3.375602e-13,7.705208e-16
5.934724e+03,3.339457e-13,7.661383e-16
5.939600e+03,3.367882e-13,7.619137e-16
5.944476e+03,3.365990e-13,7.377865e-16
5.949352e+03,3.360005e-13,7.608550e-16
5.954228e+03,3.363299e-13,7.604359e-16
5.959104e+03,3.336628e-13,7.656953e-16
5.963981e+03,3.343736e-13,7.211685e-16
5.968857e+03,3.332046e-13,7.334521e-16
5.973733e+03,3.325479e-13,7.551099e-16
5.978609e+03,3.302528e-13,7.619268e-16
5.983485e+03,3.301532e-13,7.775788e-16
5.988362e+03,3.310783e-13,7.542714e-16
5.993238e+03,3.299848e-13,7.527158e-16
5.998115e+03,3.280107e-13,7.510550e-16
6.002991e+03,3.218373e-13,7.394346e-16
6.007868e+03,3.226666e-13,7.504204e-16
6.012744e+03,3.220963e-13,7.527183e-16
6.017621e+03,3.191830e-13,7.115888e-16
6.022498e+03,3.165422e-13,7.426467e-16
6.027374e+03,3.121041e-13,6.899910e-16
6.032251e+03,3.064414e-13,7.268044e-16
6.037128e+03,3.032476e-13,7.629088e-16
6.042005e+03,3.003238e-13,7.258988e-16
6.046881e+03,2.911854e-13,6.951756e-16
6.051758e+03,2.833245e-13,6.862239e-16
6.056635e+03,2.718888e-13,6.372650e-16
6.061512e+03,2.590380e-13,6.526932e-16
6.066389e+03,2.454500e-13,6.330836e-16
6.071266e+03,2.318441e-13,6.182087e-16
6.076144e+03,2.171505e-13,5.643596e-16
6.081021e+03,2.044410e-13,5.501731e-16
6.085898e+03,1.894713e-13,5.509704e-16
6.090775e+03,1.778719e-13,5.334517e-16
6.095652e+03,1.635994e-13,5.218396e-16
6.100530e+03,1.524957e-13,5.016914e-16
6.105407e+03,1.462324e-13,4.919594e-16
6.110285e+03,1.371903e-13,4.426408e-16
6.115162e+03,1.294642e-13,4.525500e-16
6.120039e+03,1.226947e-13,4.390512e-16
6.124917e+03,1.174547e-13,4.077530e-16
6.129795e+03,1.137055e-13,4.006765e-16
6.134672e+03,1.118492e-13,3.963661e-16
6.139550e+03,1.102414e-13,4.185205e-16
6.144428e+03,1.100133e-13,4.134206e-16
6.149305e+03,1.103817e-13,3.936584e-16
6.154183e+03,1.139709e-13,4.020885e-16
6.159061e+03,1.157797e-13,4.026445e-16
6.163939e+03,1.191207e-13,4.087640e-16
6.168817e+03,1.230856e-13,4.150513e-16
6.173694e+03,1.296995e-13,4.257765e-16
6.178572e+03,1.353934e-13,4.350594e-16
6.183450e+03,1.418636e-13,4.451175e-16
6.188329e+03,1.505449e-13,4.583694e-16
6.193207e+03,1.573776e-13,4.679627e-16
6.198085e+03,1.671873e-13,4.818727e-16
6.202963e+03,1.791114e-13,5.090283e-16
6.207841e+03,1.881317e-13,5.382116e-16
6.212719e+03,1.959091e-13,5.382614e-16
6.217598e+03,2.042419e-13,5.356157e-16
6.222476e+03,2.149974e-13,5.483624e-16
6.227354e+03,2.216888e-13,5.564744e-16
6.232233e+03,2.288581e-13,6.084907e-16
6.237111e+03,2.357387e-13,6.055064e-16
6.241990e+03,2.413102e-13,6.130081e-16
6.246868e+03,2.485917e-13,6.234197e-16
6.251747e+03,2.529294e-13,6.268270e-16
6.256625e+03,2.596888e-13,6.703504e-16
6.261504e+03,2.659643e-13,6.752815e-16
6.266382e+03,2.693557e-13,6.802684e-16
6.271261e+03,2.775361e-13,6.565617e-16
6.276140e+03,2.792448e-13,6.667432e-16
6.281019e+03,2.844061e-13,6.310932e-16
6.285897e+03,2.875768e-13,6.337862e-16
6.290776e+03,2.907105e-13,6.718923e-16
6.295655e+03,2.938491e-13,6.741504e-16
6.300534e+03,2.953035e-13,6.460728e-16
6.305413e+03,2.960510e-13,6.865504e-16
6.310292e+03,2.968475e-13,6.768922e-16
6.315171e+03,2.982400e-13,6.796932e-16
6.320050e+03,2.963504e-13,6.984462e-16
6.324929e+03,2.942450e-13,7.173110e-16
6.329808e+03,2.956982e-13,6.403825e-16
6.334687e+03,2.967643e-13,6.755479e-16
6.339567e+03,2.958170e-13,6.818069e-16
6.344446e+03,2.946572e-13,6.793432e-16
6.349325e+03,2.942542e-13,6.690326e-16
6.354205e+03,2.909457e-13,7.181872e-16
6.359084e+03,2.916431e-13,6.962276e-16
6.363963e+03,2.879549e-13,6.517798e-16
6.368843e+03,2.857654e-13,6.481689e-16
6.373722e+03,2.850528e-13,6.472558e-16
6.378602e+03,2.836796e-13,6.478025e-16
6.383481e+03,2.812967e-13,6.436680e-16
6.388361e+03,2.834880e-13,6.820883e-16
6.393240e+03,2.794858e-13,7.318656e-16
6.398120e+03,2.809739e-13,6.445595e-16
6.402999e+03,2.807269e-13,6.488667e-16
6.407879e+03,2.788782e-13,6.392676e-16
6.412759e+03,2.804772e-13,6.400227e-16
6.417639e+03,2.777505e-13,6.356253e-16
6.422518e+03,2.761510e-13,6.351470e-16
6.427398e+03,2.754180e-13,6.424184e-16
6.432278e+03,2.720027e-13,6.379762e-16
6.437158e+03,2.692246e-13,6.257347e-16
6.442038e+03,2.654892e-13,6.208146e-16
6.446918e+03,2.630923e-13,6.301772e-16
6.451798e+03,2.624317e-13,6.243333e-16
6.456678e+03,2.600375e-13,6.121104e-16
6.461558e+03,2.589529e-13,5.921974e-16
6.466438e+03,2.571178e-13,6.461573e-16
6.471318e+03,2.556485e-13,6.080226e-16
6.476198e+03,2.523315e-13,6.407124e-16
6.481078e+03,2.518760e-13,6.029441e-16
6.485959e+03,2.492273e-13,6.127178e-16
6.490839e+03,2.472607e-13,5.789502e-16
6.495719e+03,2.456362e-13,5.959905e-16
6.500600e+03,2.441330e-13,6.018238e-16
6.505480e+03,2.432862e-13,5.925933e-16
6.510360e+03,2.405006e-13,5.716489e-16
6.515241e+03,2.386273e-13,6.066868e-16
6.520121e+03,2.382017e-13,5.875824e-16
6.525002e+03,2.360932e-13,5.837505e-16
6.529882e+03,2.349846e-13,5.837702e-16
6.534763e+03,2.335363e-13,5.914639e-16
6.539643e+03,2.357543e-13,5.980393e-16
6.544524e+03,2.305779e-13,5.792448e-16
6.549404e+03,2.295961e-13,5.777776e-16
6.554285e+03,2.258997e-13,5.811926e-16
6.559166e+03,2.269891e-13,5.618490e-16
6.564046e+03,2.221845e-13,5.764371e-16
6.568927e+03,2.207998e-13,5.673722e-16
6.573808e+03,2.203005e-13,5.715572e-16
6.578689e+03,2.174861e-13,5.489976e-16
6.583570e+03,2.182464e-13,5.367128e-16
6.588450e+03,2.145935e-13,5.323990e-16
6.593331e+03,2.123658e-13,5.564775e-16
6.598212e+03,2.121885e-13,5.571548e-16
6.603093e+03,2.089095e-13,5.721268e-16
6.607974e+03,2.082733e-13,5.251370e-16
6.612855e+03,2.058320e-13,5.223251e-16
6.617736e+03,2.037758e-13,5.196920e-16
6.622617e+03,2.021845e-13,5.178716e-16
6.627498e+03,2.010824e-13,5.431993e-16
6.632379e+03,1.994370e-13,5.152299e-16
6.637261e+03,1.978317e-13,5.390797e-16
6.642142e+03,1.977956e-13,5.376982e-16
6.647023e+03,1.948484e-13,5.328659e-16
6.651904e+03,1.956807e-13,5.094522e-16
6.656786e+03,1.927754e-13,5.215281e-16
6.661667e+03,1.933824e-13,5.058987e-16
6.666548e+03,1.898740e-13,5.364438e-16
6.671430e+03,1.871662e-13,5.448954e-16
6.676311e+03,1.886810e-13,5.257959e-16
6.681192e+03,1.841280e-13,5.174750e-16
6.686074e+03,1.851738e-13,5.191225e-16
6.690955e+03,1.834913e-13,5.174892e-16
6.695837e+03,1.816504e-13,5.136550e-16
6.700718e+03,1.814507e-13,5.123682e-16
6.705600e+03,1.784911e-13,4.939468e-16
6.710481e+03,1.770786e-13,5.095043e-16
6.715363e+03,1.769019e-13,5.180234e-16
6.720245e+03,1.734901e-13,5.017599e-16
6.725126e+03,1.718474e-13,5.003740e-16
6.730008e+03,1.695061e-13,4.709857e-16
6.734890e+03,1.700473e-13,4.718129e-16
6.739771e+03,1.680036e-13,4.699103e-16
6.744653e+03,1.659393e-13,4.666670e-16
6.749535e+03,1.651109e-13,4.881426e-16
6.754417e+03,1.630101e-13,4.850593e-16
6.759298e+03,1.627097e-13,4.844597e-16
6.764180e+03,1.627336e-13,4.611733e-16
6.769062e+03,1.607047e-13,4.586341e-16
6.773944e+03,1.577506e-13,4.536414e-16
6.778826e+03,1.562377e-13,4.740428e-16
6.783708e+03,1.546210e-13,4.694709e-16
6.788590e+03,1.563424e-13,4.799574e-16
6.793472e+03,1.538235e-13,4.471798e-16
6.798354e+03,1.544666e-13,4.713146e-16
6.803236e+03,1.542097e-13,4.507600e-16
6.808118e+03,1.521629e-13,4.448762e-16
6.813000e+03,1.519521e-13,4.459776e-16
6.817882e+03,1.505337e-13,4.701082e-16
6.822765e+03,1.507734e-13,4.654094e-16
6.827647e+03,1.503058e-13,4.740979e-16
6.832529e+03,1.501148e-13,4.746183e-16
6.837411e+03,1.498910e-13,4.817278e-16
6.842293e+03,1.492112e-13,4.621028e-16
6.847176e+03,1.473512e-13,4.594476e-16
6.852058e+03,1.462864e-13,4.366319e-16
6.856940e+03,1.469866e-13,4.368338e-16
6.861823e+03,1.466467e-13,4.358792e-16
6.866705e+03,1.458149e-13,4.343403e-16
6.871587e+03,1.450993e-13,4.421204e-16
6.876470e+03,1.452637e-13,4.556106e-16
6.881352e+03,1.444498e-13,4.548203e-16
6.886235e+03,1.424873e-13,4.317723e-16
6.891117e+03,1.411012e-13,4.492530e-16
6.896000e+03,1.416359e-13,4.516337e-16
6.900882e+03,1.404146e-13,4.275563e-16
6.905765e+03,1.394187e-13,4.255867e-16
6.910647e+03,1.403807e-13,4.416760e-16
6.915530e+03,1.404420e-13,4.292221e-16
6.920413e+03,1.397193e-13,4.271708e-16
6.925295e+03,1.393600e-13,4.260140e-16
6.930178e+03,1.386458e-13,4.277861e-16
6.935061e+03,1.388480e-13,4.249653e-16
6.939943e+03,1.389575e-13,4.348624e-16
6.944826e+03,1.391333e-13,4.283657e-16
6.949709e+03,1.384332e-13,4.454954e-16
6.954592e+03,1.351123e-13,4.565395e-16
6.959474e+03,1.380576e-13,4.237410e-16
6.964357e+03,1.388442e-13,4.465068e-16
6.969240e+03,1.378198e-13,4.467431e-16
6.974123e+03,1.367537e-13,4.421620e-16
6.979006e+03,1.365391e-13,4.475192e-16
6.983889e+03,1.353820e-13,4.403223e-16
6.988772e+03,1.357995e-13,4.517686e-16
6.993655e+03,1.343562e-13,4.304817e-16
6.998537e+03,1.353245e-13,4.215515e-16
7.003420e+03,1.338712e-13,4.166571e-16
7.008303e+03,1.346439e-13,4.182752e-16
7.013186e+03,1.322062e-13,4.146524e-16
7.018069e+03,1.326716e-13,4.150397e-16
7.022953e+03,1.318636e-13,4.140813e-16
7.027836e+03,1.327559e-13,4.345810e-16
7.032719e+03,1.319942e-13,4.327541e-16
7.037602e+03,1.331037e-13,4.347663e-16
7.042485e+03,1.341086e-13,4.165922e-16
7.047368e+03,1.344333e-13,4.258671e-16
7.052251e+03,1.332077e-13,4.156954e-16
7.057134e+03,1.324784e-13,4.137914e-16
7.062018e+03,1.326981e-13,4.148522e-16
7.066901e+03,1.311786e-13,4.319439e-16
7.071784e+03,1.326748e-13,4.143939e-16
7.076667e+03,1.319409e-13,4.135033e-16
7.081551e+03,1.345373e-13,4.203583e-16
7.086434e+03,1.313735e-13,4.123267e-16
7.091317e+03,1.329817e-13,4.155754e-16
7.096201e+03,1.311847e-13,4.131367e-16
7.101084e+03,1.306125e-13,4.311737e-16
7.105967e+03,1.305012e-13,4.114530e-16
7.110851e+03,1.301056e-13,4.109081e-16
7.115734e+03,1.306569e-13,4.317537e-16
7.120618e+03,1.318726e-13,4.338559e-16
7.125501e+03,1.324082e-13,4.166192e-16
7.130384e+03,1.303640e-13,4.315854e-16
7.135268e+03,1.289175e-13,4.293059e-16
7.140151e+03,1.298346e-13,4.318702e-16
7.145035e+03,1.272395e-13,4.271740e-16
7.149918e+03,1.281599e-13,4.229353e-16
7.154802e+03,1.266964e-13,4.207158e-16
7.159686e+03,1.280762e-13,4.137607e-16
7.164569e+03,1.276031e-13,4.304448e-16
7.169453e+03,1.290289e-13,4.208292e-16
7.174336e+03,1.266541e-13,4.269424e-16
7.179220e+03,1.273496e-13,4.267153e-16
7.184104e+03,1.256381e-13,4.278921e-16
7.188987e+03,1.249774e-13,4.277947e-16
7.193871e+03,1.237229e-13,4.062515e-16
7.198755e+03,1.234594e-13,4.066109e-16
7.203638e+03,1.234548e-13,4.073708e-16
7.208522e+03,1.245114e-13,4.291200e-16
7.213406e+03,1.246167e-13,4.222168e-16
7.218290e+03,1.243102e-13,4.095091e-16
7.223173e+03,1.233677e-13,4.092252e-16
7.228057e+03,1.208629e-13,4.060705e-16
7.232941e+03,1.199354e-13,4.074421e-16
7.237825e+03,1.199787e-13,4.043662e-16
7.242708e+03,1.210174e-13,4.188633e-16
7.247592e+03,1.207930e-13,4.076150e-16
7.252476e+03,1.201905e-13,4.280496e-16
7.257360e+03,1.193012e-13,4.241947e-16
7.262244e+03,1.187969e-13,4.050857e-16
7.267128e+03,1.183600e-13,4.055517e-16
7.272012e+03,1.159307e-13,4.023815e-16
7.276896e+03,1.149590e-13,4.198791e-16
7.281780e+03,1.167197e-13,4.251067e-16
7.286663e+03,1.148614e-13,4.010885e-16
7.291547e+03,1.148060e-13,4.024947e-16
7.296431e+03,1.149477e-13,4.215072e-16
7.301315e+03,1.151536e-13,4.367933e-16
7.306199e+03,1.138506e-13,4.201423e-16
7.311083e+03,1.134440e-13,4.021005e-16
7.315967e+03,1.111762e-13,3.981533e-16
7.320851e+03,1.095045e-13,3.965312e-16
7.325736e+03,1.077433e-13,4.121597e-16
7.330620e+03,1.062420e-13,4.089711e-16
7.335504e+03,1.065262e-13,3.918902e-16
7.340388e+03,1.039069e-13,4.161594e-16
7.345272e+03,1.070498e-13,3.947842e-16
7.350156e+03,1.057343e-13,3.921437e-16
7.355040e+03,1.046591e-13,3.907390e-16
7.359924e+03,1.035522e-13,3.891148e-16
7.364808e+03,1.014547e-13,3.968945e-16
7.369692e+03,1.010647e-13,3.877151e-16
7.374577e+03,9.966734e-14,4.091284e-16
7.379461e+03,1.000361e-13,3.870675e-16
7.384345e+03,1.001612e-13,3.878731e-16
7.389229e+03,1.000884e-13,3.840187e-16
7.394113e+03,1.009860e-13,3.873530e-16
7.398998e+03,1.005494e-13,4.142782e-16
7.403882e+03,9.925899e-14,4.011686e-16
7.408766e+03,9.869831e-14,3.999495e-16
7.413650e+03,9.735045e-14,3.804475e-16
7.418535e+03,9.766933e-14,3.987725e-16
7.423419e+03,9.777262e-14,3.835666e-16
7.428303e+03,9.630743e-14,3.794748e-16
7.433188e+03,9.571482e-14,3.895848e-16
7.438072e+03,9.490553e-14,3.769105e-16
7.442956e+03,9.342344e-14,3.859427e-16
7.447840e+03,9.316726e-14,3.849869e-16
7.452725e+03,9.096743e-14,3.799529e-16
7.457609e+03,8.827957e-14,3.699416e-16
7.462493e+03,8.662984e-14,3.607223e-16
7.467378e+03,8.422497e-14,3.719236e-16
7.472262e+03,8.266649e-14,3.680805e-16
7.477147e+03,8.132911e-14,3.492959e-16
7.482031e+03,8.018082e-14,3.472476e-16
7.486915e+03,8.063336e-14,3.487553e-16
7.491800e+03,8.106054e-14,3.497478e-16
7.496684e+03,7.999284e-14,3.477075e-16
7.501569e+03,7.927853e-14,3.465647e-16
7.506453e+03,7.812368e-14,3.430601e-16
7.511337e+03,7.664412e-14,3.405586e-16
7.516222e+03,7.694660e-14,3.424299e-16
7.521106e+03,7.682268e-14,3.416860e-16
7.525991e+03,7.772421e-14,3.434021e-16
7.530875e+03,7.931869e-14,3.467576e-16
7.535760e+03,8.203400e-14,3.590112e-16
7.540644e+03,8.203619e-14,3.698581e-16
7.545529e+03,8.299296e-14,3.556446e-16
7.550413e+03,8.281387e-14,3.709335e-16
7.555298e+03,8.234550e-14,3.705078e-16
7.560182e+03,8.220731e-14,3.707488e-16
7.565067e+03,8.383812e-14,3.589819e-16
7.569951e+03,8.264512e-14,3.568997e-16
7.574836e+03,8.688543e-14,3.809082e-16
7.579720e+03,8.905715e-14,3.877663e-16
7.584605e+03,8.877531e-14,3.690610e-16
7.589490e+03,8.974183e-14,3.742058e-16
7.594374e+03,9.081742e-14,3.753127e-16
7.599259e+03,8.819544e-14,3.699663e-16
7.604143e+03,8.702055e-14,3.675726e-16
7.609028e+03,8.808131e-14,3.811606e-16
7.613912e+03,8.813317e-14,3.819961e-16
7.618797e+03,8.832005e-14,3.828141e-16
7.623682e+03,9.020295e-14,3.752171e-16
7.628566e+03,9.196172e-14,3.792318e-16
7.633451e+03,9.417695e-14,3.853352e-16
7.638335e+03,9.433629e-14,3.849706e-16
7.643220e+03,9.591052e-14,3.883477e-16
7.648105e+03,9.456439e-14,4.033239e-16
7.652989e+03,9.128103e-14,3.938808e-16
7.657874e+03,9.063360e-14,3.792389e-16
7.662759e+03,8.980847e-14,3.785403e-16
7.667643e+03,9.019253e-14,3.800583e-16
7.672528e+03,8.954699e-14,3.954531e-16
7.677412e+03,9.080019e-14,3.987444e-16
7.682297e+03,9.121860e-14,3.998494e-16
7.687182e+03,9.317681e-14,4.192821e-16
7.692066e+03,9.491260e-14,4.109060e-16
7.696951e+03,9.575761e-14,3.954265e-16
7.701836e+03,9.590521e-14,3.970438e-16
7.706720e+03,9.363500e-14,3.918877e-16
7.711605e+03,9.148998e-14,3.999201e-16
7.716490e+03,9.262569e-14,3.923435e-16
7.721375e+03,9.207301e-14,3.910988e-16
7.726259e+03,9.202669e-14,3.927387e-16
7.731144e+03,9.468831e-14,3.990577e-16
7.736029e+03,9.613210e-14,4.192101e-16
7.740913e+03,9.949038e-14,4.304124e-16
7.745798e+03,1.027817e-13,4.336808e-16
7.750683e+03,1.014443e-13,4.404954e-16
7.755567e+03,1.013585e-13,4.168336e-16
7.760452e+03,1.001627e-13,4.285994e-16
7.765337e+03,9.611070e-14,4.252392e-16
7.770221e+03,9.862999e-14,4.125374e-16
7.775106e+03,9.728485e-14,4.265461e-16
7.779991e+03,1.003302e-13,4.313906e-16
7.784876e+03,1.037662e-13,4.451310e-16
7.789760e+03,1.073832e-13,4.344837e-16
7.794645e+03,1.085685e-13,4.440054e-16
7.799530e+03,1.107707e-13,4.426592e-16
7.804415e+03,1.087677e-13,4.408379e-16
7.809299e+03,1.046167e-13,4.685338e-16
7.814184e+03,1.025890e-13,4.793969e-16
7.819069e+03,1.020692e-13,4.480421e-16
7.823953e+03,1.018442e-13,4.288451e-16
7.828838e+03,1.030707e-13,4.328894e-16
7.833723e+03,1.047860e-13,4.365028e-16
7.838608e+03,1.068613e-13,4.426666e-16
7.843492e+03,1.099231e-13,4.694074e-16
7.848377e+03,1.105919e-13,4.519095e-16
7.853262e+03,1.129171e-13,4.618896e-16
7.858146e+03,1.114698e-13,4.561304e-16
7.863031e+03,1.118788e-13,4.580135e-16
7.867916e+03,1.084149e-13,4.509078e-16
7.872801e+03,1.068162e-13,4.531795e-16
7.877685e+03,1.039090e-13,4.439891e-16
7.882570e+03,1.041191e-13,4.452078e-16
7.887455e+03,1.035004e-13,4.450249e-16
7.892340e+03,1.039481e-13,4.479589e-16
7.897224e+03,1.042663e-13,4.549113e-16
7.902109e+03,1.033331e-13,4.677890e-16
7.906994e+03,1.032793e-13,4.899964e-16
7.911878e+03,1.047399e-13,4.765757e-16
7.916763e+03,1.050745e-13,4.690010e-16
7.921648e+03,1.065780e-13,4.692603e-16
7.926533e+03,1.065555e-13,4.644553e-16
7.931417e+03,1.068107e-13,4.864645e-16
7.936302e+03,1.061062e-13,4.605780e-16
7.941187e+03,1.054726e-13,4.741272e-16
7.946071e+03,1.043699e-13,4.732195e-16
7.950956e+03,1.034087e-13,4.727018e-16
7.955841e+03,1.019932e-13,4.549259e-16
7.960726e+03,1.018582e-13,4.557853e-16
7.965610e+03,9.808389e-14,4.609295e-16
7.970495e+03,9.897826e-14,4.582739e-16
7.975380e+03,1.000281e-13,4.551061e-16
7.980264e+03,9.971581e-14,4.707685e-16
7.985149e+03,9.943735e-14,4.957150e-16
7.990034e+03,9.993507e-14,4.577425e-16
7.994918e+03,9.913654e-14,4.603049e-16
7.999803e+03,9.908425e-14,4.564532e-16
8.004688e+03,9.792115e-14,4.567559e-16
8.009572e+03,9.562642e-14,4.669033e-16
8.014457e+03,9.233313e-14,4.759287e-16
8.019342e+03,8.897311e-14,4.560503e-16
8.024226e+03,8.872714e-14,4.533852e-16
8.029111e+03,8.951401e-14,4.411085e-16
8.033996e+03,8.975656e-14,4.423760e-16
8.038880e+03,9.059416e-14,4.453085e-16
8.043765e+03,9.071956e-14,4.461360e-16
8.048650e+03,9.229945e-14,4.518161e-16
8.053534e+03,8.976850e-14,4.457384e-16
8.058419e+03,8.770198e-14,4.409303e-16
8.063304e+03,8.526070e-14,4.412986e-16
8.068188e+03,8.535821e-14,4.620309e-16
8.073073e+03,8.517045e-14,4.368552e-16
8.077957e+03,8.754773e-14,4.442358e-16
8.082842e+03,8.855650e-14,4.464590e-16
8.087727e+03,9.215787e-14,4.575006e-16
8.092611e+03,9.286248e-14,4.975963e-16
8.097496e+03,9.083493e-14,4.746583e-16
8.102380e+03,9.037784e-14,4.749209e-16
8.107265e+03,8.850391e-14,4.704416e-16
8.112150e+03,8.647509e-14,4.471437e-16
8.117034e+03,8.664256e-14,4.489189e-16
8.121919e+03,8.694478e-14,4.503154e-16
8.126803e+03,8.788038e-14,4.542320e-16
8.131688e+03,8.694479e-14,4.533670e-16
8.136572e+03,8.732397e-14,4.582155e-16
8.141457e+03,8.703150e-14,4.650714e-16
8.146341e+03,8.987713e-14,4.626812e-16
8.151226e+03,8.733129e-14,4.729301e-16
8.156110e+03,8.826997e-14,4.594587e-16
8.160995e+03,8.392865e-14,4.488043e-16
8.165879e+03,8.052150e-14,4.424131e-16
8.170764e+03,7.626485e-14,4.349531e-16
8.175648e+03,7.454161e-14,4.268597e-16
8.180533e+03,7.236626e-14,4.360007e-16
8.185417e+03,6.994346e-14,4.294967e-16
8.190302e+03,7.235857e-14,4.417559e-16
8.195186e+03,7.079760e-14,4.348266e-16
8.200071e+03,7.830778e-14,4.816981e-16
8.204955e+03,6.427012e-14,4.030007e-16
8.209840e+03,6.139679e-14,3.973927e-16
8.214724e+03,6.075757e-14,3.909235e-16
8.219608e+03,5.960351e-14,3.888267e-16
8.224493e+03,5.932742e-14,3.878641e-16
8.229377e+03,5.901911e-14,3.927315e-16
8.234262e+03,5.890389e-14,3.873818e-16
8.239146e+03,6.063881e-14,3.931869e-16
8.244030e+03,6.037057e-14,3.927969e-16
8.248915e+03,5.921129e-14,3.902584e-16
8.253799e+03,5.706404e-14,3.831068e-16
8.258683e+03,5.639908e-14,3.816807e-16
8.263568e+03,5.607848e-14,3.804260e-16
8.268452e+03,5.634447e-14,3.820554e-16
8.273336e+03,5.804782e-14,3.881477e-16
8.278221e+03,5.947038e-14,3.930670e-16
8.283105e+03,5.976482e-14,3.947407e-16
8.287989e+03,5.964017e-14,3.945605e-16
8.292874e+03,5.993605e-14,3.968449e-16
8.297758e+03,6.019362e-14,4.135525e-16
8.302642e+03,5.934394e-14,3.956391e-16
8.307526e+03,5.996095e-14,3.976063e-16
8.312411e+03,5.815183e-14,3.914720e-16
8.317295e+03,5.863958e-14,3.936129e-16
8.322179e+03,5.845728e-14,3.933833e-16
8.327063e+03,5.929602e-14,4.127162e-16
8.331947e+03,5.986047e-14,4.015087e-16
8.336832e+03,6.098243e-14,4.155551e-16
8.341716e+03,6.282677e-14,4.088126e-16
8.346600e+03,6.489095e-14,4.166827e-16
8.351484e+03,6.572686e-14,4.175649e-16
8.356368e+03,6.597118e-14,4.363540e-16
8.361252e+03,6.636572e-14,4.371091e-16
8.366136e+03,6.643899e-14,4.217872e-16
8.371020e+03,6.496941e-14,4.171171e-16
8.375905e+03,6.781462e-14,4.255893e-16
8.380789e+03,6.720827e-14,4.404781e-16
8.385673e+03,6.813315e-14,4.279131e-16
8.390557e+03,6.721770e-14,4.278317e-16
8.395441e+03,6.945126e-14,4.326610e-16
8.400325e+03,7.072279e-14,4.359127e-16
8.405209e+03,7.124933e-14,4.374172e-16
8.410093e+03,7.362679e-14,4.628986e-16
8.414977e+03,7.584231e-14,4.875253e-16
8.419861e+03,7.848212e-14,4.593523e-16
8.424745e+03,8.138479e-14,4.668895e-16
8.429629e+03,8.425695e-14,4.756483e-16
8.434513e+03,8.809541e-14,4.859467e-16
8.439396e+03,8.996749e-14,4.909222e-16
8.444280e+03,9.144780e-14,4.981846e-16
8.449164e+03,8.970120e-14,5.186751e-16
8.454048e+03,9.338049e-14,5.012624e-16
8.458932e+03,9.095704e-14,4.956597e-16
8.463816e+03,8.978314e-14,4.926094e-16
8.468700e+03,8.705189e-14,4.842636e-16
8.473583e+03,8.836863e-14,4.889427e-16
8.478467e+03,8.880713e-14,5.111880e-16
8.483351e+03,9.050208e-14,4.957386e-16
8.488235e+03,9.398198e-14,5.060641e-16
8.493119e+03,9.462667e-14,5.074822e-16
8.498002e+03,9.582029e-14,5.091129e-16
8.502886e+03,9.761269e-14,5.159150e-16
8.507770e+03,1.006345e-13,5.456499e-16
8.512653e+03,1.013473e-13,5.317069e-16
8.517537e+03,1.031149e-13,5.379215e-16
8.522421e+03,1.049133e-13,5.338578e-16
8.527304e+03,1.046660e-13,5.336846e-16
8.532188e+03,1.006892e-13,5.494014e-16
8.537072e+03,1.010278e-13,5.421379e-16
8.541955e+03,9.844546e-14,5.187979e-16
8.546839e+03,9.648356e-14,5.345056e-16
8.551722e+03,9.662533e-14,5.129177e-16
8.556606e+03,9.695898e-14,5.534246e-16
8.561490e+03,9.461850e-14,5.436596e-16
8.566373e+03,9.826523e-14,5.190588e-16
8.571257e+03,9.843564e-14,5.175151e-16
8.576140e+03,9.949727e-14,5.205765e-16
8.581024e+03,1.017170e-13,5.253061e-16
8.585907e+03,1.009474e-13,5.246255e-16
8.590790e+03,1.033716e-13,5.322298e-16
8.595674e+03,1.042892e-13,5.359520e-16
8.600557e+03,1.051399e-13,5.380445e-16
8.605441e+03,1.026538e-13,5.338054e-16
8.610324e+03,1.003591e-13,5.497706e-16
8.615207e+03,9.681504e-14,5.193085e-16
8.620091e+03,9.468443e-14,5.465724e-16
8.624974e+03,9.296602e-14,5.080871e-16
8.629857e+03,9.322056e-14,5.084225e-16
8.634741e+03,9.227927e-14,5.063013e-16
8.639624e+03,9.388820e-14,5.331602e-16
8.644507e+03,9.618494e-14,5.260222e-16
8.649390e+03,9.983868e-14,5.283502e-16
8.654274e+03,9.950292e-14,5.251747e-16
8.659157e+03,1.027678e-13,5.382333e-16
8.664040e+03,1.053178e-13,5.389953e-16
8.668923e+03,1.050074e-13,5.382372e-16
8.673806e+03,1.007380e-13,5.264288e-16
8.678689e+03,9.576746e-14,5.326206e-16
8.683572e+03,9.624779e-14,5.138816e-16
8.688455e+03,9.364578e-14,5.297586e-16
8.693339e+03,9.374938e-14,5.290750e-16
8.698222e+03,9.497580e-14,5.313012e-16
8.703105e+03,9.757705e-14,5.176302e-16
8.707988e+03,9.969329e-14,5.235547e-16
8.712871e+03,1.013458e-13,5.271759e-16
8.717753e+03,1.022569e-13,5.378287e-16
8.722636e+03,1.004860e-13,5.263124e-16
8.727519e+03,9.672498e-14,5.176415e-16
8.732402e+03,9.639166e-14,5.164531e-16
8.737285e+03,9.378177e-14,5.080983e-16
8.742168e+03,9.141128e-14,5.026181e-16
8.747051e+03,9.070021e-14,5.184459e-16
8.751934e+03,9.074444e-14,5.005475e-16
8.756816e+03,9.029402e-14,5.001112e-16
8.761699e+03,9.129979e-14,5.471736e-16
8.766582e+03,9.095543e-14,5.231907e-16
8.771465e+03,9.181692e-14,5.037541e-16
8.776347e+03,9.356873e-14,5.097674e-16
8.781230e+03,9.500900e-14,5.200191e-16
8.786113e+03,9.519418e-14,5.123993e-16
8.790995e+03,9.326551e-14,5.075516e-16
8.795878e+03,9.333036e-14,5.085622e-16
8.800760e+03,9.122011e-14,5.077610e-16
8.805643e+03,8.728756e-14,4.959325e-16
8.810526e+03,8.647069e-14,4.941689e-16
8.815408e+03,8.275272e-14,4.798349e-16
8.820291e+03,8.113789e-14,4.755629e-16
8.825173e+03,8.119871e-14,5.020975e-16
8.830056e+03,7.979555e-14,4.716956e-16
8.834938e+03,7.889066e-14,4.684393e-16
8.839820e+03,7.846055e-14,4.673536e-16
8.844703e+03,7.706279e-14,4.642128e-16
8.849585e+03,7.428840e-14,4.562137e-16
8.854468e+03,7.580198e-14,4.610381e-16
8.859350e+03,7.763823e-14,4.668411e-16
8.864232e+03,7.739142e-14,4.654657e-16
8.869114e+03,7.517206e-14,4.817088e-16
8.873997e+03,7.352984e-14,4.595906e-16
8.878879e+03,7.197920e-14,4.506688e-16
8.883761e+03,7.085430e-14,4.482408e-16
8.888643e+03,6.918184e-14,4.416660e-16
8.893525e+03,6.860548e-14,4.405278e-16
8.898408e+03,6.987659e-14,4.449863e-16
8.903290e+03,6.821903e-14,4.396228e-16
8.908172e+03,6.682167e-14,4.340353e-16
8.913054e+03,6.428350e-14,4.268200e-16
8.917936e+03,6.330261e-14,4.232125e-16
8.922818e+03,6.190235e-14,4.191532e-16
8.927700e+03,6.066711e-14,4.150709e-16
8.932582e+03,6.273453e-14,4.225667e-16
8.937464e+03,6.420504e-14,4.272903e-16
8.942346e+03,6.401022e-14,4.255884e-16
8.947228e+03,6.550337e-14,4.317948e-16
8.952109e+03,6.392766e-14,4.262933e-16
8.956991e+03,6.534403e-14,4.309457e-16
8.961873e+03,6.429722e-14,4.713700e-16
8.966755e+03,6.635759e-14,4.349012e-16
8.971637e+03,6.846141e-14,4.421479e-16
8.976518e+03,6.853633e-14,4.409129e-16
8.981400e+03,7.091338e-14,4.710195e-16
8.986282e+03,6.698773e-14,4.393423e-16
8.991163e+03,6.371201e-14,4.273125e-16
8.996045e+03,6.335185e-14,4.271973e-16
9.000926e+03,6.283456e-14,4.244382e-16
9.005808e+03,6.518359e-14,4.320359e-16
9.010690e+03,6.463815e-14,4.302956e-16
9.015571e+03,6.766222e-14,4.399947e-16
9.020453e+03,6.767956e-14,4.401437e-16
9.025334e+03,6.891343e-14,4.448986e-16
9.030215e+03,6.742090e-14,4.478951e-16
9.035097e+03,6.847294e-14,4.436496e-16
9.039978e+03,7.125533e-14,4.521253e-16
9.044860e+03,7.022131e-14,4.490889e-16
9.049741e+03,7.126537e-14,4.604651e-16
9.054622e+03,7.009487e-14,4.670234e-16
9.059503e+03,7.139352e-14,4.528624e-16
9.064385e+03,6.895310e-14,4.531781e-16
9.069266e+03,6.514704e-14,4.336306e-16
9.074147e+03,6.420416e-14,4.309525e-16
9.079028e+03,6.075287e-14,4.204308e-16
9.083909e+03,5.806201e-14,4.123028e-16
9.088790e+03,5.863738e-14,4.132734e-16
9.093672e+03,6.132628e-14,4.221756e-16
9.098553e+03,6.324542e-14,4.294268e-16
9.103434e+03,6.447650e-14,4.333711e-16
9.108315e+03,6.608827e-14,4.390666e-16
9.113195e+03,6.952291e-14,4.506817e-16
9.118076e+03,7.025253e-14,4.522871e-16
9.122957e+03,7.215555e-14,4.591438e-16
9.127838e+03,7.258759e-14,4.610268e-16
9.132719e+03,7.235387e-14,4.597936e-16
9.137600e+03,7.098894e-14,4.578659e-16
9.142481e+03,6.828006e-14,4.473707e-16
9.147361e+03,6.435608e-14,4.337255e-16
9.152242e+03,6.080479e-14,4.238209e-16
9.157123e+03,6.011188e-14,4.275453e-16
9.162003e+03,5.795002e-14,4.283321e-16
9.166884e+03,5.703383e-14,4.103122e-16
9.171765e+03,5.652110e-14,4.096272e-16
9.176645e+03,5.841268e-14,4.237868e-16
9.181526e+03,5.899549e-14,4.180343e-16
9.186406e+03,6.192171e-14,4.305877e-16
9.191287e+03,6.390533e-14,4.364385e-16
9.196167e+03,6.653470e-14,4.447968e-16
9.201047e+03,6.814417e-14,4.503846e-16
9.205928e+03,7.054627e-14,4.579814e-16
9.210808e+03,7.446686e-14,4.704451e-16
9.215688e+03,7.332264e-14,4.676445e-16
9.220569e+03,7.317967e-14,4.673945e-16
9.225449e+03,6.849173e-14,4.534097e-16
9.230329e+03,6.191373e-14,4.324743e-16
9.235209e+03,5.666060e-14,4.143054e-16
9.240089e+03,5.637558e-14,4.138650e-16
9.244970e+03,5.832489e-14,4.222266e-16
9.249850e+03,5.933567e-14,4.251076e-16
9.254730e+03,6.180853e-14,4.334333e-16
9.259610e+03,6.543952e-14,4.473015e-16
9.264490e+03,6.792901e-14,4.554630e-16
9.269370e+03,7.000276e-14,4.675956e-16
9.274250e+03,7.415929e-14,4.762182e-16
9.279129e+03,7.377804e-14,4.926218e-16
9.284009e+03,7.418301e-14,4.813060e-16
9.288889e+03,7.277535e-14,4.750333e-16
9.293769e+03,6.782393e-14,4.581285e-16
9.298649e+03,6.330790e-14,4.439852e-16
9.303528e+03,6.027301e-14,4.341688e-16
9.308408e+03,5.728429e-14,4.258933e-16
9.313288e+03,5.646259e-14,4.212848e-16
9.318167e+03,5.680494e-14,4.228320e-16
9.323047e+03,5.742412e-14,4.265245e-16
9.327926e+03,5.860426e-14,4.311373e-16
9.332806e+03,6.072698e-14,4.401162e-16
9.337685e+03,6.069455e-14,4.409676e-16
9.342565e+03,6.360074e-14,4.510968e-16
9.347444e+03,6.591589e-14,4.614907e-16
9.352324e+03,6.609953e-14,4.612397e-16
9.357203e+03,6.927821e-14,4.726253e-16
9.362082e+03,7.226873e-14,5.070400e-16
9.366962e+03,7.333943e-14,4.871837e-16
9.371841e+03,7.408327e-14,4.903411e-16
9.376720e+03,7.333715e-14,4.887589e-16
9.381599e+03,7.027603e-14,4.807437e-16
9.386478e+03,6.954607e-14,4.789239e-16
9.391357e+03,6.660404e-14,4.778151e-16
9.396236e+03,6.166854e-14,4.532982e-16
9.401115e+03,5.704257e-14,4.377029e-16
9.405994e+03,5.355172e-14,4.251145e-16
9.410873e+03,5.177074e-14,4.357468e-16
9.415752e+03,4.965796e-14,4.121274e-16
9.420631e+03,4.843993e-14,4.071993e-16
9.425510e+03,5.164556e-14,4.212913e-16
9.430389e+03,5.194713e-14,4.231372e-16
9.435267e+03,5.421416e-14,4.344185e-16
9.440146e+03,5.703214e-14,4.464448e-16
9.445025e+03,5.847198e-14,4.505091e-16
9.449904e+03,6.262453e-14,4.669836e-16
9.454782e+03,6.653639e-14,4.824777e-16
9.459661e+03,6.731072e-14,4.857586e-16
9.464539e+03,6.757199e-14,5.092975e-16
9.469418e+03,6.438055e-14,4.959817e-16
9.474296e+03,5.946609e-14,4.616215e-16
9.479175e+03,5.424124e-14,4.424634e-16
9.484053e+03,5.121330e-14,4.315543e-16
9.488931e+03,4.816069e-14,4.268513e-16
9.493810e+03,4.568975e-14,4.104532e-16
9.498688e+03,4.590072e-14,4.327637e-16
9.503566e+03,4.646380e-14,4.175284e-16
9.508444e+03,4.712083e-14,4.223134e-16
9.513323e+03,4.758099e-14,4.232921e-16
9.518201e+03,4.749087e-14,4.254613e-16
9.523079e+03,4.990382e-14,4.363803e-16
9.527957e+03,5.335815e-14,4.516787e-16
9.532835e+03,5.782558e-14,4.706559e-16
9.537713e+03,5.930109e-14,4.771655e-16
9.542591e+03,6.235003e-14,4.901296e-16
9.547469e+03,6.180413e-14,4.908413e-16
9.552346e+03,5.837532e-14,4.797559e-16
9.557224e+03,5.484321e-14,4.649578e-16
9.562102e+03,4.997787e-14,4.456215e-16
9.566980e+03,4.437888e-14,4.237637e-16
9.571857e+03,4.166258e-14,4.122633e-16
9.576735e+03,4.054102e-14,4.087780e-16
9.581613e+03,3.981691e-14,4.216318e-16
9.586490e+03,3.980351e-14,4.247273e-16
9.591368e+03,4.266616e-14,4.227232e-16
9.596245e+03,4.526653e-14,4.384407e-16
9.601123e+03,4.649372e-14,4.436717e-16
9.606000e+03,4.855916e-14,4.534545e-16
9.610877e+03,5.121499e-14,4.664691e-16
9.615755e+03,5.580698e-14,4.887975e-16
9.620632e+03,5.421827e-14,4.822126e-16
9.625509e+03,5.065777e-14,4.687400e-16
9.630386e+03,4.454222e-14,4.432206e-16
9.635264e+03,4.084152e-14,4.282155e-16
9.640141e+03,3.894999e-14,4.196549e-16
9.645018e+03,3.772921e-14,4.163288e-16
9.649895e+03,3.889137e-14,4.236952e-16
9.654772e+03,3.748330e-14,4.193311e-16
9.659649e+03,4.143845e-14,4.400401e-16
9.664526e+03,4.384452e-14,4.528241e-16
9.669403e+03,4.650455e-14,4.736114e-16
9.674279e+03,4.848919e-14,4.777868e-16
9.679156e+03,5.101296e-14,4.923587e-16
9.684033e+03,4.914437e-14,4.846552e-16
9.688910e+03,4.940190e-14,4.874796e-16
9.693786e+03,4.794933e-14,4.867143e-16
9.698663e+03,4.436017e-14,4.688125e-16
9.703539e+03,4.001576e-14,4.680581e-16
9.708416e+03,3.737942e-14,4.371568e-16
9.713292e+03,3.617976e-14,4.323188e-16
9.718169e+03,3.393464e-14,4.220409e-16
9.723045e+03,3.524650e-14,4.308175e-16
9.727922e+03,3.490036e-14,4.305675e-16
9.732798e+03,3.488143e-14,4.386868e-16
9.737674e+03,3.530307e-14,4.815420e-16
9.742550e+03,3.531409e-14,4.399424e-16
9.747426e+03,3.567160e-14,4.541118e-16
9.752303e+03,3.634355e-14,4.533241e-16
9.757179e+03,3.757280e-14,4.779333e-16
9.762055e+03,3.871830e-14,4.870972e-16
9.766931e+03,4.132889e-14,5.243482e-16
9.771807e+03,4.129979e-14,4.857918e-16
9.776683e+03,4.474002e-14,5.109028e-16
9.781558e+03,4.545878e-14,5.141497e-16
9.786434e+03,4.507636e-14,5.119572e-16
9.791310e+03,4.359702e-14,5.070860e-16
9.796186e+03,4.073291e-14,4.938347e-16
9.801061e+03,3.675910e-14,4.735384e-16
9.805937e+03,3.439085e-14,4.631103e-16
9.810813e+03,3.183938e-14,4.504537e-16
9.815688e+03,3.213865e-14,4.549439e-16
9.820564e+03,3.179294e-14,4.551742e-16
9.825439e+03,3.180354e-14,4.560788e-16
9.830315e+03,3.288672e-14,4.689989e-16
9.835190e+03,3.221253e-14,4.651688e-16
9.840065e+03,3.732596e-14,5.019932e-16
9.844940e+03,3.875626e-14,5.086906e-16
9.849816e+03,3.851523e-14,5.106160e-16
9.854691e+03,4.098907e-14,5.391600e-16
9.859566e+03,4.327620e-14,5.465619e-16
9.864441e+03,4.277147e-14,5.454808e-16
9.869316e+03,3.800642e-14,5.311406e-16
9.874191e+03,3.703837e-14,5.173900e-16
9.879066e+03,3.637455e-14,5.166106e-16
9.883941e+03,3.262264e-14,4.972163e-16
9.888816e+03,3.118055e-14,4.899932e-16
9.893691e+03,2.983714e-14,4.811695e-16
9.898565e+03,3.039128e-14,4.899307e-16
9.903440e+03,2.826639e-14,4.766651e-16
9.908315e+03,2.847240e-14,4.852452e-16
9.913189e+03,2.805864e-14,4.818428e-16
9.918064e+03,2.686401e-14,4.798447e-16
9.922938e+03,3.009094e-14,5.035447e-16
9.927813e+03,2.965005e-14,5.035677e-16
9.932687e+03,3.000894e-14,5.089795e-16
9.937562e+03,2.850830e-14,5.015675e-16
9.942436e+03,3.216140e-14,5.321533e-16
9.947310e+03,3.112469e-14,5.617221e-16
9.952184e+03,3.449554e-14,5.570938e-16
9.957059e+03,3.275287e-14,5.600911e-16
9.961933e+03,3.517568e-14,5.666386e-16
9.966807e+03,3.601052e-14,5.794403e-16
9.971681e+03,3.500986e-14,5.772524e-16
9.976555e+03,3.688723e-14,5.939138e-16
9.981429e+03,3.652337e-14,5.926193e-16
9.986303e+03,3.732026e-14,6.018971e-16
9.991176e+03,3.587135e-14,6.179980e-16
9.996050e+03,3.503777e-14,5.945629e-16
1.000092e+04,3.547623e-14,6.025445e-16
1.000580e+04,3.525954e-14,6.070017e-16
1.001067e+04,2.957634e-14,5.680025e-16
1.001554e+04,2.878346e-14,5.654630e-16
1.002042e+04,2.743631e-14,5.660977e-16
1.002529e+04,2.608323e-14,5.731805e-16
1.003017e+04,2.605062e-14,5.575498e-16
1.003504e+04,2.748038e-14,6.044474e-16
1.003991e+04,2.615198e-14,5.666182e-16
1.004479e+04,2.601363e-14,5.852213e-16
1.004966e+04,2.656925e-14,5.838310e-16
1.005453e+04,2.648416e-14,5.857606e-16
1.005940e+04,2.527570e-14,6.130269e-16
1.006428e+04,2.922058e-14,6.178065e-16
1.006915e+04,2.901626e-14,6.232099e-16
1.007402e+04,3.118044e-14,6.480036e-16
1.007890e+04,2.883999e-14,6.584766e-16
1.008377e+04,3.048323e-14,6.654658e-16
1.008864e+04,3.069294e-14,6.601772e-16
1.009352e+04,3.336718e-14,6.911960e-16
1.009839e+04,3.370808e-14,6.977887e-16
1.010326e+04,3.085443e-14,6.811912e-16
1.010813e+04,3.187958e-14,6.972950e-16
1.011301e+04,3.222236e-14,7.090774e-16
1.011788e+04,2.820624e-14,6.893634e-16
1.012275e+04,2.813980e-14,7.289755e-16
1.012762e+04,2.901049e-14,7.046456e-16
1.013250e+04,2.612948e-14,6.912549e-16
1.013737e+04,2.275716e-14,6.842602e-16
1.014224e+04,2.427179e-14,6.865375e-16
1.014711e+04,2.415333e-14,6.978350e-16
1.015198e+04,2.514109e-14,7.810567e-16
1.015686e+04,2.160492e-14,6.982330e-16
1.016173e+04,2.386037e-14,7.224022e-16
1.016660e+04,2.183472e-14,7.125393e-16
1.017147e+04,2.430400e-14,7.581605e-16
1.017634e+04,2.330965e-14,7.475800e-16
1.018122e+04,2.256020e-14,7.496421e-16
1.018609e+04,2.069387e-14,7.585945e-16
1.019096e+04,2.281428e-14,7.801385e-16
1.019583e+04,2.336735e-14,7.995577e-16
1.020070e+04,2.593338e-14,8.405642e-16
1.020557e+04,2.614705e-14,8.581256e-16
1.021045e+04,2.907127e-14,9.336187e-16
1.021532e+04,3.117403e-14,9.372778e-16
1.022019e+04,2.487477e-14,8.892089e-16
1.022506e+04,2.914210e-14,1.042380e-15
1.022993e+04,3.115982e-14,9.955148e-16
1.023480e+04,2.509193e-14,9.733756e-16
1.023967e+04,2.063407e-14,9.115957e-16
1.024454e+04,1.987357e-14,9.222739e-16
1.024942e+04,2.617350e-14,1.300736e-15
