shell,Z,ion,subband,lam_lo,lam_hi,tau_sum_vol_weighted,tau_sum_raw,n_lines
0,6,0,5500-5800,5500,5800,5.11844979421034e+48,1769.816024501403,8
0,6,1,5500-5800,5500,5800,3.40718651237438e+52,11781092.968589978,80
0,6,2,5500-5800,5500,5800,5.345613150604226e+44,0.18483627260398613,4
0,8,0,5500-5800,5500,5800,7.090828060391703e+52,24518089.72017383,19
0,8,1,5500-5800,5500,5800,3.98469030510728e+51,1377793.8708378477,7
0,8,2,5500-5800,5500,5800,1.2116710834902813e+40,4.189617923793497e-06,2
0,12,0,5500-5800,5500,5800,2.5846540860800836e+45,0.8937007108112665,65
0,12,1,5500-5800,5500,5800,1.2928824209834213e+53,44704238.94830133,32
0,12,2,5500-5800,5500,5800,3.8084846889319784e+53,131686692.3099308,37
0,14,0,5500-5800,5500,5800,3.749405350041754e+48,1296.4389488319548,55
0,14,1,5500-5800,5500,5800,3.0211330433251924e+54,1044622861.84298,82
0,14,2,5500-5800,5500,5800,1.5474994375701132e+53,53508179.48075678,61
0,20,0,5500-5800,5500,5800,1.2200507959929018e+42,0.000421859261352207,175
0,20,1,5500-5800,5500,5800,2.671970624845288e+49,9238.923148561973,380
0,20,2,5500-5800,5500,5800,9.825637146490596e+51,3397429.059959767,31
0,20,3,5500-5800,5500,5800,9.41745146073666e+47,325.62899266939576,1
0,22,0,5500-5800,5500,5800,1.5874808692200774e+40,5.489062497229317e-06,115
0,22,1,5500-5800,5500,5800,3.080813486765334e+48,1065.258681162569,348
0,22,2,5500-5800,5500,5800,5.8835602640945744e+50,203436.97125431598,628
0,22,3,5500-5800,5500,5800,1.0233066331448679e+40,3.5383066165207384e-06,1
0,24,0,5500-5800,5500,5800,8.689213790366034e+43,0.03004485815979544,307
0,24,1,5500-5800,5500,5800,9.851845185424795e+51,3406491.062937498,2267
0,24,2,5500-5800,5500,5800,4.783915633304207e+53,165414351.76841027,1291
0,25,0,5500-5800,5500,5800,1.6005552305822087e+43,0.005534269962729898,85
0,25,1,5500-5800,5500,5800,1.1308501256525654e+51,391016.177584312,1494
0,25,2,5500-5800,5500,5800,2.5069166740473076e+53,86682129.94561921,5514
0,26,0,5500-5800,5500,5800,2.1445600040953683e+45,0.7415285512902707,50
0,26,1,5500-5800,5500,5800,6.091955709319946e+52,21064269.980928108,521
0,26,2,5500-5800,5500,5800,3.516266498975763e+54,1215826089.2475631,1094
0,27,0,5500-5800,5500,5800,3.0957103584451525e+42,0.0010704096005373582,6
0,27,1,5500-5800,5500,5800,8.72078853290337e+50,301540.34741688054,52
0,28,0,5500-5800,5500,5800,1.514294201352406e+44,0.05236003577478694,3
0,28,2,5500-5800,5500,5800,8.780241749230118e+51,3035960.724741478,49
0,6,0,Si red,5800,6800,1.1098146409250113e+50,38374.269841566005,20
0,6,1,Si red,5800,6800,5.7405359508135934e+53,198491592.63940197,230
0,6,2,Si red,5800,6800,6.89908961853373e+44,0.23855112098908476,2
0,8,0,Si red,5800,6800,1.618392401542833e+54,559594588.4673281,89
0,8,1,Si red,5800,6800,2.0518167260997756e+55,7094605334.019149,291
0,8,2,Si red,5800,6800,3.4029460223535857e+40,1.1766430546387403e-05,3
0,12,0,Si red,5800,6800,1.002459838172881e+46,3.4662242609554834,286
0,12,1,Si red,5800,6800,1.7730963421409757e+54,613086861.3492088,119
0,12,2,Si red,5800,6800,6.894275662961821e+53,238384667.94070205,58
0,12,3,Si red,5800,6800,1.570517530509725e+47,54.30408041513867,3
0,14,0,Si red,5800,6800,1.7265378572354455e+49,5969.882463436423,209
0,14,1,Si red,5800,6800,6.662286541248611e+54,2303631363.906131,277
0,14,2,Si red,5800,6800,1.3642413650971591e+54,471716305.97367555,160
0,20,0,Si red,5800,6800,1.7414247630891987e+42,0.000602135719815985,503
0,20,1,Si red,5800,6800,7.221031030633806e+50,249682.9498238585,1986
0,20,2,Si red,5800,6800,4.284356536397696e+53,148141002.79680055,656
0,20,3,Si red,5800,6800,3.493729966258462e+48,1208.0335898886956,8
0,22,0,Si red,5800,6800,9.17950916693252e+39,3.1740161716680654e-06,287
0,22,1,Si red,5800,6800,5.808118395563088e+48,2008.2840355875355,966
0,22,2,Si red,5800,6800,4.675681476393358e+51,1616719.1894205154,2033
0,22,3,Si red,5800,6800,1.8804017943248616e+40,6.501900696304008e-06,2
0,24,0,Si red,5800,6800,1.322792064669354e+44,0.04573843033066806,609
0,24,1,Si red,5800,6800,3.384637404789796e+52,11703124.494645888,7042
0,24,2,Si red,5800,6800,1.4660777767376198e+54,506928473.8067713,2831
0,24,3,Si red,5800,6800,2.6729464905906665e+38,9.242297417927449e-08,1
0,25,0,Si red,5800,6800,7.240779696032913e+43,0.025036580314646784,221
0,25,1,Si red,5800,6800,1.3274236503271295e+52,4589857.754018556,5753
0,25,2,Si red,5800,6800,5.6636072122302855e+53,195831613.15804765,14062
0,26,0,Si red,5800,6800,3.2191921181089384e+45,1.1131061211193902,159
0,26,1,Si red,5800,6800,6.100850479774622e+53,210950255.9623717,2123
0,26,2,Si red,5800,6800,2.353468166919763e+54,813763120.169695,1658
0,27,0,Si red,5800,6800,1.1295227238236546e+43,0.0039055719935414237,5
0,27,1,Si red,5800,6800,2.6853458380470076e+52,9285170.875133995,116
0,28,0,Si red,5800,6800,6.444655224820197e+45,2.228380573777444,2
0,28,2,Si red,5800,6800,7.083167062361746e+51,2449160.0143012344,68
0,6,0,OI/cont,6800,8000,4.999435566231776e+50,172866.4250763507,15
0,6,1,OI/cont,6800,8000,4.970172649747105e+53,171854595.70221484,312
0,6,2,OI/cont,6800,8000,9.614237539620395e+45,3.3243330197806915,28
0,6,3,OI/cont,6800,8000,2.4194808627486115e+27,8.365884543227395e-19,8
0,8,0,OI/cont,6800,8000,8.68752455484355e+53,300390172.58317363,30
0,8,1,OI/cont,6800,8000,1.7512637077323345e+54,605537750.2341207,57
0,8,2,OI/cont,6800,8000,1.5060780566895001e+41,5.207594459349841e-05,8
0,8,3,OI/cont,6800,8000,45489447608017.945,1.5728971965975437e-32,3
0,12,0,OI/cont,6800,8000,2.398117781432537e+46,8.29201701464739,299
0,12,1,OI/cont,6800,8000,1.3867446334893838e+54,479497303.4642174,61
0,12,2,OI/cont,6800,8000,1.3408138960015205e+54,463615745.86544275,69
0,12,3,OI/cont,6800,8000,4.663166003188432e+47,161.23916906810823,25
0,14,0,OI/cont,6800,8000,2.6818833594505064e+49,9273.198597684848,201
0,14,1,OI/cont,6800,8000,1.079470482090635e+55,3732505414.7082863,328
0,14,2,OI/cont,6800,8000,1.0293444084807291e+54,355918354.60040236,93
0,20,0,OI/cont,6800,8000,2.110688613577198e+42,0.0007298167768035873,605
0,20,1,OI/cont,6800,8000,8.563479808180633e+50,296101.0540174787,1880
0,20,2,OI/cont,6800,8000,1.9224720202631828e+54,664736770.8805051,654
0,20,3,OI/cont,6800,8000,2.556879156850198e+49,8840.969212251994,17
0,22,0,OI/cont,6800,8000,2.3531283246193663e+40,8.136456122574897e-06,209
0,22,1,OI/cont,6800,8000,8.89423005241469e+48,3075.374674998443,1133
0,22,2,OI/cont,6800,8000,1.5535954501082694e+51,537189.6245430072,978
0,24,0,OI/cont,6800,8000,2.007759267425972e+44,0.06942267029464702,760
0,24,1,OI/cont,6800,8000,3.9246539050249023e+52,13570349.717197288,7337
0,24,2,OI/cont,6800,8000,5.372314929197504e+53,185759545.03093317,1610
0,24,3,OI/cont,6800,8000,4.343233865479158e+38,1.5017681529233545e-07,1
0,25,0,OI/cont,6800,8000,6.73149246568929e+43,0.02327560826729834,204
0,25,1,OI/cont,6800,8000,7.766412070272379e+51,2685406.927385859,5635
0,25,2,OI/cont,6800,8000,9.23648185145745e+53,319371572.4088241,12830
0,25,3,OI/cont,6800,8000,4.7869572265475955e+39,1.6551952151078527e-06,1
0,26,0,OI/cont,6800,8000,1.1235299013413043e+46,3.8848504983862835,217
0,26,1,OI/cont,6800,8000,2.7521095437886347e+53,95160209.9778301,1310
0,26,2,OI/cont,6800,8000,7.575975419381276e+53,261955928.79734948,809
0,27,0,OI/cont,6800,8000,8.588342975083668e+43,0.029696075242176156,2
0,27,1,OI/cont,6800,8000,2.364615949902549e+52,8176177.100853596,144
0,28,0,OI/cont,6800,8000,1.769807881950857e+45,0.6119498042763838,4
0,28,2,OI/cont,6800,8000,1.3411229108626958e+50,46372.259451593374,13
0,6,0,Ca IR,8000,9500,2.247659763954388e+51,777177.5494160578,116
0,6,1,Ca IR,8000,9500,1.730722716399218e+54,598435252.9777024,354
0,6,2,Ca IR,8000,9500,1.6030305076142273e+46,5.542828774738374,26
0,6,3,Ca IR,8000,9500,4.050981660537303e+26,1.4007155576459672e-19,3
0,8,0,Ca IR,8000,9500,3.805857334398454e+54,1315958457.7743697,104
0,8,1,Ca IR,8000,9500,6.004900381156001e+55,20763257133.29394,353
0,12,0,Ca IR,8000,9500,3.616974278080063e+46,12.506480076831693,211
0,12,1,Ca IR,8000,9500,3.3970936786825025e+54,1174619478.7463503,184
0,12,2,Ca IR,8000,9500,5.9210311701351524e+54,2047326098.290699,64
0,12,3,Ca IR,8000,9500,1.1667090413479119e+47,40.3415182394451,5
0,14,0,Ca IR,8000,9500,1.0421772707806078e+50,36035.559756491,174
0,14,1,Ca IR,8000,9500,2.6463143553668474e+55,9150210982.42286,290
0,14,2,Ca IR,8000,9500,1.4714875679298873e+54,508799027.4951383,137
0,20,0,Ca IR,8000,9500,9.728667118633973e+41,0.0003363899550812071,419
0,20,1,Ca IR,8000,9500,4.708471330702916e+50,162805.69990955782,1675
0,20,2,Ca IR,8000,9500,4.2775550495404266e+54,1479058265.0486841,1066
0,22,0,Ca IR,8000,9500,2.1510388680720007e+40,7.437687602885848e-06,202
0,22,1,Ca IR,8000,9500,1.1874510903815214e+49,4105.871997506043,1366
0,22,2,Ca IR,8000,9500,1.0298809065682825e+51,356103.8605544786,914
0,24,0,Ca IR,8000,9500,2.4809334349146774e+44,0.08578370259291963,802
0,24,1,Ca IR,8000,9500,5.741719902692953e+52,19853253.036649853,7715
0,24,2,Ca IR,8000,9500,1.0010285999152878e+54,346127544.1478866,1453
0,25,0,Ca IR,8000,9500,1.1788816918312594e+44,0.04076241426758338,326
0,25,1,Ca IR,8000,9500,1.2764496998982033e+52,4413604.165669797,5131
0,25,2,Ca IR,8000,9500,1.5089153965726511e+54,521740518.289711,17584
0,26,0,Ca IR,8000,9500,4.54763604473248e+45,1.572444679377659,101
0,26,1,Ca IR,8000,9500,3.788438408330998e+53,130993548.29043886,1094
0,26,2,Ca IR,8000,9500,8.389278647764043e+53,290077667.68787646,715
0,27,0,Ca IR,8000,9500,1.5401544976714847e+44,0.05325421211066953,14
0,27,1,Ca IR,8000,9500,7.998158024018055e+51,2765538.1622406766,142
0,28,0,Ca IR,8000,9500,4.1808341404526664e+44,0.14456148941668429,5
1,6,0,5500-5800,5500,5800,2.4313595752698103e+50,75230.03057954389,8
1,6,1,5500-5800,5500,5800,4.868988164726821e+52,15065403.416653745,80
1,6,2,5500-5800,5500,5800,2.8796888811094785e+41,8.910203360660791e-05,4
1,8,0,5500-5800,5500,5800,3.301536045102803e+53,102154638.15342405,19
1,8,1,5500-5800,5500,5800,2.410384898493716e+50,74581.04159769551,7
1,8,2,5500-5800,5500,5800,5.801563887855429e+34,1.7950937127187696e-11,2
1,12,0,5500-5800,5500,5800,9.021149634744339e+45,2.7912834028637907,65
1,12,1,5500-5800,5500,5800,1.6288058754149754e+53,50397776.23267077,32
1,12,2,5500-5800,5500,5800,4.1426688622949504e+51,1281805.9013619528,37
1,14,0,5500-5800,5500,5800,3.057853801890169e+49,9461.47321703512,55
1,14,1,5500-5800,5500,5800,2.4037710970851726e+54,743764003.3966336,82
1,14,2,5500-5800,5500,5800,8.087049451968792e+50,250225.83403871156,61
1,20,0,5500-5800,5500,5800,5.763715684943424e+43,0.017833828926022716,175
1,20,1,5500-5800,5500,5800,3.854161494278885e+50,119253.7253733542,380
1,20,2,5500-5800,5500,5800,7.05880661493755e+51,2184104.0827451823,31
1,20,3,5500-5800,5500,5800,1.0426840074678108e+45,0.32262257941793776,1
1,22,0,5500-5800,5500,5800,1.1325032717427389e+42,0.00035041405076904436,115
1,22,1,5500-5800,5500,5800,6.359959984977278e+49,19678.701127595283,348
1,22,2,5500-5800,5500,5800,3.5493920185541076e+50,109823.6858137213,628
1,22,3,5500-5800,5500,5800,2.5319342631146348e+36,7.834196717627479e-10,1
1,24,0,5500-5800,5500,5800,1.4242869815718775e+45,0.44069644929342944,307
1,24,1,5500-5800,5500,5800,3.826136146764104e+52,11838657.771984212,2267
1,24,2,5500-5800,5500,5800,4.0528269356066076e+52,12540074.179091746,1291
1,25,0,5500-5800,5500,5800,1.3918423944286887e+44,0.043065759157880315,85
1,25,1,5500-5800,5500,5800,2.0333731842910693e+51,629157.153017428,1494
1,25,2,5500-5800,5500,5800,8.357751131955812e+51,2586017.632391868,5514
1,26,0,5500-5800,5500,5800,9.297069594864164e+45,2.876657311554436,50
1,26,1,5500-5800,5500,5800,5.494979380243729e+52,17002317.181481674,521
1,26,2,5500-5800,5500,5800,4.5465811573241106e+52,14067826.206245715,1094
1,27,0,5500-5800,5500,5800,1.9610214761437313e+43,0.00606770414043196,6
1,27,1,5500-5800,5500,5800,1.2328748587923614e+51,381470.57420500106,52
1,28,0,5500-5800,5500,5800,5.249239835323426e+44,0.16241960973087197,3
1,28,2,5500-5800,5500,5800,3.7371553419543195e+49,11563.337381906178,49
1,6,0,Si red,5800,6800,5.271827530749372e+51,1631185.0800774524,20
1,6,1,Si red,5800,6800,8.203425759695836e+53,253826697.22574902,230
1,6,2,Si red,5800,6800,3.716548710978792e+41,0.00011499577274425645,2
1,8,0,Si red,5800,6800,7.53534115241118e+54,2331551248.48319,89
1,8,1,Si red,5800,6800,1.241167486649772e+54,384036441.6877182,291
1,8,2,Si red,5800,6800,1.6293537928411072e+35,5.041472964636664e-11,3
1,12,0,Si red,5800,6800,3.4988589969090945e+46,10.82601158661502,286
1,12,1,Si red,5800,6800,2.2337914824143592e+54,691169678.2311947,119
1,12,2,Si red,5800,6800,7.499229601744613e+51,2320377.7754660654,58
1,12,3,Si red,5800,6800,9.005419495732949e+41,0.0002786416254249148,3
1,14,0,Si red,5800,6800,1.4080900457444327e+50,43568.486651485844,209
1,14,1,Si red,5800,6800,5.3008628215613296e+54,1640169048.7091885,277
1,14,2,Si red,5800,6800,7.129364390132307e+51,2205935.751082175,160
1,20,0,Si red,5800,6800,8.226769946080586e+43,0.0254549002504426,503
1,20,1,Si red,5800,6800,1.0415915313018553e+52,3222845.503735783,1986
1,20,2,Si red,5800,6800,3.0779117739633433e+53,95235356.8890381,656
1,20,3,Si red,5800,6800,3.868197651367346e+45,1.1968802581074098,8
1,22,0,Si red,5800,6800,6.548629571612393e+41,0.00020262474046926418,287
1,22,1,Si red,5800,6800,1.1990145051778443e+50,37099.36564189035,966
1,22,2,Si red,5800,6800,2.820711570660833e+51,872771.8428621955,2033
1,22,3,Si red,5800,6800,4.6526168963075033e+36,1.439591720386625e-09,2
1,24,0,Si red,5800,6800,2.1682462446994077e+45,0.6708889666170269,609
1,24,1,Si red,5800,6800,1.314483051085186e+53,40672141.27242242,7042
1,24,2,Si red,5800,6800,1.2420284885234397e+53,38430284.90013212,2831
1,24,3,Si red,5800,6800,2.6175563835737747e+33,8.099124818182563e-13,1
1,25,0,Si red,5800,6800,6.296580059902812e+44,0.19482593824094027,221
1,25,1,Si red,5800,6800,2.3868305742207775e+52,7385223.432732828,5753
1,25,2,Si red,5800,6800,1.8881768221099448e+52,5842311.499776991,14062
1,26,0,Si red,5800,6800,1.3955801238549084e+46,4.31814102947556,159
1,26,1,Si red,5800,6800,5.503002514779273e+53,170271420.02235955,2123
1,26,2,Si red,5800,6800,3.043066850933036e+52,9415720.100795211,1658
1,27,0,Si red,5800,6800,7.155121321889636e+43,0.022139053446521596,5
1,27,1,Si red,5800,6800,3.796325708850375e+52,11746419.660490952,116
1,28,0,Si red,5800,6800,2.234013766997092e+46,6.912384565234985,2
1,28,2,Si red,5800,6800,3.0148253750964363e+49,9328.336600945624,68
1,6,0,OI/cont,6800,8000,2.3748255865773094e+52,7348078.141813654,15
1,6,1,OI/cont,6800,8000,7.102549778351713e+53,219763889.49332494,312
1,6,2,OI/cont,6800,8000,5.1792024905619666e+42,0.0016025254582074263,28
1,6,3,OI/cont,6800,8000,2.7466134222825764e+18,8.498447282343016e-28,8
1,8,0,OI/cont,6800,8000,4.0449684037250835e+54,1251575866.4440165,30
1,8,1,OI/cont,6800,8000,1.0593595163437637e+53,32778224.010913014,57
1,8,2,OI/cont,6800,8000,7.211204579391424e+35,2.2312583730555858e-10,8
1,8,3,OI/cont,6800,8000,5.433561350188131,1.6812280284997318e-45,3
1,12,0,OI/cont,6800,8000,8.370086915906829e+46,25.89834514984212,299
1,12,1,OI/cont,6800,8000,1.7470558575694784e+54,540566138.0815632,61
1,12,2,OI/cont,6800,8000,1.4584666687095315e+52,4512721.738169385,69
1,12,3,OI/cont,6800,8000,2.6738807572127362e+42,0.0008273401152885649,25
1,14,0,OI/cont,6800,8000,2.18722876331053e+50,67676.24518477461,201
1,14,1,OI/cont,6800,8000,8.588830441409869e+54,2657517149.3425827,328
1,14,2,OI/cont,6800,8000,5.3792324135265245e+51,1664417.8141325163,93
1,20,0,OI/cont,6800,8000,9.971231614341052e+43,0.03085253480778748,605
1,20,1,OI/cont,6800,8000,1.2352319230918032e+52,3821998.8640188286,1880
1,20,2,OI/cont,6800,8000,1.3811173780738494e+54,427339105.42584026,654
1,20,3,OI/cont,6800,8000,2.830932569167644e+46,8.75934378087515,17
1,22,0,OI/cont,6800,8000,1.6787134749984162e+42,0.0005194199465309805,209
1,22,1,OI/cont,6800,8000,1.8361042456332409e+50,56811.908839477444,1133
1,22,2,OI/cont,6800,8000,9.372419152954609e+50,289997.1631727215,978
1,24,0,OI/cont,6800,8000,3.29100590193286e+45,1.0182881921625846,760
1,24,1,OI/cont,6800,8000,1.5242078906975026e+53,47161352.60002856,7337
1,24,2,OI/cont,6800,8000,4.5513057337457045e+52,14082444.777364817,1610
1,24,3,OI/cont,6800,8000,4.253231244979591e+33,1.31601561478696e-12,1
1,25,0,OI/cont,6800,8000,5.853704022519474e+44,0.18112266778510963,204
1,25,1,OI/cont,6800,8000,1.3964727671346762e+52,4320903.006022206,5635
1,25,2,OI/cont,6800,8000,3.079329179484769e+52,9527921.361093355,12830
1,25,3,OI/cont,6800,8000,4.434014481099072e+34,1.3719527477387088e-11,1
1,26,0,OI/cont,6800,8000,4.870712717169774e+46,15.070739448984748,217
1,26,1,OI/cont,6800,8000,2.482418769419895e+53,76809881.11927801,1310
1,26,2,OI/cont,6800,8000,9.795840872738965e+51,3030984.869141452,809
1,27,0,OI/cont,6800,8000,5.4404072308257644e+44,0.16833462499876248,2
1,27,1,OI/cont,6800,8000,3.3429036197070845e+52,10343461.49755016,144
1,28,0,OI/cont,6800,8000,6.134967714007522e+45,1.89825401978267,4
1,28,2,OI/cont,6800,8000,5.70825359220584e+47,176.62220621965474,13
1,6,0,Ca IR,8000,9500,1.0676805104585946e+53,33035688.455118667,116
1,6,1,Ca IR,8000,9500,2.4732630256566677e+54,765265882.2821741,354
1,6,2,Ca IR,8000,9500,8.635546566504145e+42,0.0026719718419151947,26
1,6,3,Ca IR,8000,9500,4.5987057693079917e+17,1.4229107827992637e-28,3
1,8,0,Ca IR,8000,9500,1.7720321329214768e+55,5482941844.70117,104
1,8,1,Ca IR,8000,9500,3.632433159772977e+54,1123931073.2454927,353
1,12,0,Ca IR,8000,9500,1.2624229432986735e+47,39.06132091471409,211
1,12,1,Ca IR,8000,9500,4.279744277878217e+54,1324219157.759409,184
1,12,2,Ca IR,8000,9500,6.440585551645062e+52,19928169.116929498,64
1,12,3,Ca IR,8000,9500,6.6899631126004316e+41,0.0002069978191033718,5
1,14,0,Ca IR,8000,9500,8.499549747707363e+50,262989.2320067147,174
1,14,1,Ca IR,8000,9500,2.1055457902744533e+55,6514884750.084701,290
1,14,2,Ca IR,8000,9500,7.689820390818157e+51,2379349.5171862957,137
1,20,0,Ca IR,8000,9500,4.595978417409287e+43,0.014220668978847177,419
1,20,1,Ca IR,8000,9500,6.791694763022326e+51,2101455.539139653,1675
1,20,2,Ca IR,8000,9500,3.073025538118917e+54,950841691.8495107,1066
1,22,0,Ca IR,8000,9500,1.534543567088253e+42,0.00047481154433885297,202
1,22,1,Ca IR,8000,9500,2.4513465198029236e+50,75848.45759614462,1366
1,22,2,Ca IR,8000,9500,6.212991633896811e+50,192239.58289124683,914
1,24,0,Ca IR,8000,9500,4.0666063452289906e+45,1.2582709806409227,802
1,24,1,Ca IR,8000,9500,2.2298972071535983e+53,68996472.91568905,7715
1,24,2,Ca IR,8000,9500,8.480491680926903e+52,26239954.590628594,1453
1,25,0,Ca IR,8000,9500,1.0251551994926843e+45,0.3171988947708596,326
1,25,1,Ca IR,8000,9500,2.2951746937921043e+52,7101625.944414839,5131
1,25,2,Ca IR,8000,9500,5.030537909092326e+52,15565263.344093138,17584
1,26,0,Ca IR,8000,9500,1.971485466447712e+46,6.10008134693648,101
1,26,1,Ca IR,8000,9500,3.4171934154501734e+53,105733256.30455324,1094
1,26,2,Ca IR,8000,9500,1.0847453182111155e+52,3356370.003436594,715
1,27,0,Ca IR,8000,9500,9.756326325147881e+44,0.301875845617543,14
1,27,1,Ca IR,8000,9500,1.1307151764150588e+52,3498607.8638335355,142
1,28,0,Ca IR,8000,9500,1.44926930944755e+45,0.44842636842654027,5
2,6,0,5500-5800,5500,5800,8.05948689755725e+50,224460.94888984255,8
2,6,1,5500-5800,5500,5800,6.284709126687878e+52,17503245.45475191,80
2,6,2,5500-5800,5500,5800,3.311007688171934e+40,9.221330550135771e-06,4
2,8,0,5500-5800,5500,5800,2.8559420211680967e+53,79539487.33883555,19
2,8,1,5500-5800,5500,5800,6.119097752057125e+49,17042.009066268703,7
2,8,2,5500-5800,5500,5800,7.755549900148546e+32,2.1599614365990111e-13,2
2,12,0,5500-5800,5500,5800,7.143456466882232e+45,1.9894901962005183,65
2,12,1,5500-5800,5500,5800,1.1597415488659767e+53,32299412.088421196,32
2,12,2,5500-5800,5500,5800,7.543471893791808e+50,210089.6596429189,37
2,14,0,5500-5800,5500,5800,3.2170837962648416e+49,8959.747571357273,55
2,14,1,5500-5800,5500,5800,1.4635759186338696e+54,407613590.8459026,82
2,14,2,5500-5800,5500,5800,1.1484306021748337e+50,31984.396274212737,61
2,20,0,5500-5800,5500,5800,8.694201410015464e+43,0.02421380818824783,175
2,20,1,5500-5800,5500,5800,4.9411047944515e+50,137612.3672417517,380
2,20,2,5500-5800,5500,5800,4.175945231903227e+51,1163022.7099805938,31
2,20,3,5500-5800,5500,5800,8.829128858662506e+43,0.024589588229081197,1
2,22,0,5500-5800,5500,5800,1.8640855563828864e+42,0.0005191576313926015,115
2,22,1,5500-5800,5500,5800,8.7376544784065e+49,24334.827269080175,348
2,22,2,5500-5800,5500,5800,1.880340349096938e+50,52368.46766536461,628
2,22,3,5500-5800,5500,5800,1.2292482697391694e+35,3.423521082098653e-11,1
2,24,0,5500-5800,5500,5800,1.1978962861274177e+45,0.33362041588190144,307
2,24,1,5500-5800,5500,5800,2.511021095638298e+52,6993325.815570393,2267
2,24,2,5500-5800,5500,5800,9.294319084601887e+51,2588516.7474458236,1291
2,25,0,5500-5800,5500,5800,1.0016402496286198e+44,0.027896207753131563,85
2,25,1,5500-5800,5500,5800,1.0906626255395239e+51,303755.2774252768,1494
2,25,2,5500-5800,5500,5800,1.4830492496419719e+51,413037.01594936603,5514
2,26,0,5500-5800,5500,5800,6.300707988102533e+45,1.7547803125233126,50
2,26,1,5500-5800,5500,5800,2.7814632087624544e+52,7746521.324207811,521
2,26,2,5500-5800,5500,5800,6.981499459383862e+51,1944384.3178182836,1094
2,27,0,5500-5800,5500,5800,1.150375344934806e+43,0.0032038558382892672,6
2,27,1,5500-5800,5500,5800,5.530858977243637e+50,154037.3314068276,52
2,28,0,5500-5800,5500,5800,3.022742057066611e+44,0.08418495606513722,3
2,28,2,5500-5800,5500,5800,3.6161322383430566e+48,1007.1118470031203,49
2,6,0,Si red,5800,6800,1.7475088975904026e+52,4866904.187975922,20
2,6,1,Si red,5800,6800,1.0588677359202304e+54,294900233.4448002,230
2,6,2,Si red,5800,6800,4.273212094625734e+40,1.1901120428125005e-05,2
2,8,0,Si red,5800,6800,6.518328786060009e+54,1815388849.3056047,89
2,8,1,Si red,5800,6800,3.15087651861374e+53,87753568.2100462,291
2,8,2,Si red,5800,6800,2.178125569181079e+33,6.066194266136166e-13,3
2,12,0,Si red,5800,6800,2.7705944297738815e+46,7.716251203093916,286
2,12,1,Si red,5800,6800,1.5905030997010835e+54,442963478.3317856,119
2,12,2,Si red,5800,6800,1.3655503156608392e+51,380312.9448637195,58
2,12,3,Si red,5800,6800,1.6353547716893393e+40,4.55454904872638e-06,3
2,14,0,Si red,5800,6800,1.4814127696510908e+50,41258.12476650305,209
2,14,1,Si red,5800,6800,3.22751828700595e+54,898880817.6861097,277
2,14,2,Si red,5800,6800,1.0124310835876237e+51,281967.38154202735,160
2,20,0,Si red,5800,6800,1.2409563339831664e+44,0.034561286567901306,503
2,20,1,Si red,5800,6800,1.335339195520298e+52,3718989.8901272584,1986
2,20,2,Si red,5800,6800,1.8208730877400213e+53,50712273.16046387,656
2,20,3,Si red,5800,6800,3.2754713096289916e+44,0.09122359866899409,8
2,22,0,Si red,5800,6800,1.0778958527651397e+42,0.00030019966406226255,287
2,22,1,Si red,5800,6800,1.6472704994352217e+50,45877.34977192427,966
2,22,2,Si red,5800,6800,1.4943116318942917e+51,416173.64863981935,2033
2,22,3,Si red,5800,6800,2.2588348176582503e+35,6.290973767953617e-11,2
2,24,0,Si red,5800,6800,1.823603078270546e+45,0.5078830483254557,609
2,24,1,Si red,5800,6800,8.626704708156842e+52,24025826.323661476,7042
2,24,2,Si red,5800,6800,2.848335067822189e+52,7932762.968736388,2831
2,24,3,Si red,5800,6800,3.590993708109398e+31,1.0001106341198866e-14,1
2,25,0,Si red,5800,6800,4.5313377780797145e+44,0.12620014032362767,221
2,25,1,Si red,5800,6800,1.2802504335696997e+52,3565564.790765837,5753
2,25,2,Si red,5800,6800,3.3504936615242614e+51,933130.106264059,14062
2,26,0,Si red,5800,6800,9.457972476905198e+45,2.6340950779181727,159
2,26,1,Si red,5800,6800,2.7855243802401497e+53,77578319.00365755,2123
2,26,2,Si red,5800,6800,4.672779136568143e+51,1301393.5654695868,1658
2,27,0,Si red,5800,6800,4.1973406507027383e+43,0.011689814466429605,5
2,27,1,Si red,5800,6800,1.70308786634704e+52,4743189.279690972,116
2,28,0,Si red,5800,6800,1.2864429101003059e+46,3.5828111635896356,2
2,28,2,Si red,5800,6800,2.9171940244153176e+48,812.4538784404538,68
2,6,0,OI/cont,6800,8000,7.872087655681107e+52,21924178.14431525,15
2,6,1,OI/cont,6800,8000,9.167707520452845e+53,255325476.0931602,312
2,6,2,OI/cont,6800,8000,5.954941652670138e+41,0.0001658482569587789,28
2,6,3,OI/cont,6800,8000,4903332925591075.0,1.3656040082831618e-30,8
2,8,0,OI/cont,6800,8000,3.4990365335042105e+54,974500077.354337,30
2,8,1,OI/cont,6800,8000,2.6893316661294814e+52,7489930.132424249,57
2,8,2,OI/cont,6800,8000,9.639962264782276e+33,2.6847801909959435e-12,8
2,8,3,OI/cont,6800,8000,0.0002531025027262078,7.049037817226008e-50,3
2,12,0,OI/cont,6800,8000,6.627908185617352e+46,18.459072884023605,299
2,12,1,OI/cont,6800,8000,1.243937842314573e+54,346443231.43020415,61
2,12,2,OI/cont,6800,8000,2.6557522913737532e+51,739640.9807661604,69
2,12,3,OI/cont,6800,8000,4.855680134954397e+40,1.352332455466568e-05,25
2,14,0,OI/cont,6800,8000,2.301123163187586e+50,64087.49034358892,201
2,14,1,OI/cont,6800,8000,5.229451930144241e+54,1456429866.2359815,328
2,14,2,OI/cont,6800,8000,7.63897284985774e+50,212749.411496966,93
2,20,0,OI/cont,6800,8000,1.5040973687765395e+44,0.0418899027828464,605
2,20,1,OI/cont,6800,8000,1.5835896826088774e+52,4410380.553112976,1880
2,20,2,OI/cont,6800,8000,8.170602828899291e+53,227555586.01784295,654
2,20,3,OI/cont,6800,8000,2.3971470037279972e+45,0.6676180480525524,17
2,22,0,OI/cont,6800,8000,2.763140398909786e+42,0.0007695491335101374,209
2,22,1,OI/cont,6800,8000,2.522538588697707e+50,70254.02639489924,1133
2,22,2,OI/cont,6800,8000,4.9651708827385596e+50,138282.62045782397,978
2,24,0,OI/cont,6800,8000,2.7678998674817526e+45,0.7708746705392984,760
2,24,1,OI/cont,6800,8000,1.000308933312966e+53,27859129.893550355,7337
2,24,2,OI/cont,6800,8000,1.0437476954509839e+52,2906892.226520306,1610
2,24,3,OI/cont,6800,8000,5.834956120029476e+31,1.6250659676974887e-14,1
2,25,0,OI/cont,6800,8000,4.212621760795827e+44,0.11732373161730969,204
2,25,1,OI/cont,6800,8000,7.490413793514094e+51,2086119.6364489729,5635
2,25,2,OI/cont,6800,8000,5.464145506288641e+51,1521793.261535612,12830
2,25,3,OI/cont,6800,8000,6.324095061501335e+32,1.7612937354664563e-13,1
2,26,0,OI/cont,6800,8000,3.3009259758340626e+46,9.19325245103893,217
2,26,1,OI/cont,6800,8000,1.2565573040560796e+53,34995781.78957968,1310
2,26,2,OI/cont,6800,8000,1.5041996478401843e+51,418927.51308561384,809
2,27,0,OI/cont,6800,8000,3.1914542603858198e+44,0.08888367965978733,2
2,27,1,OI/cont,6800,8000,1.4996760103639267e+52,4176676.562569339,144
2,28,0,OI/cont,6800,8000,3.5327829380334924e+45,0.9838986285010098,4
2,28,2,OI/cont,6800,8000,5.523398935998902e+46,15.382956533464029,13
2,6,0,Ca IR,8000,9500,3.5391544600569322e+53,98567313.08948126,116
2,6,1,Ca IR,8000,9500,3.192396075769929e+54,889099097.1357157,354
2,6,2,Ca IR,8000,9500,9.928975751799267e+41,0.00027652719671628084,26
2,6,3,Ca IR,8000,9500,820974121469709.6,2.2864561064668808e-31,3
2,8,0,Ca IR,8000,9500,1.532868629066563e+55,4269119751.3831406,104
2,8,1,Ca IR,8000,9500,9.221437454389414e+53,256821883.011924,353
2,12,0,Ca IR,8000,9500,9.996578821301175e+46,27.84099777569527,211
2,12,1,Ca IR,8000,9500,3.047261390994335e+54,848678324.1068125,184
2,12,2,Ca IR,8000,9500,1.172779618728237e+52,3266252.9191305498,64
2,12,3,Ca IR,8000,9500,1.2148754540308443e+40,3.383492034429535e-06,5
2,14,0,Ca IR,8000,9500,8.942142280312457e+50,249043.36552185047,174
2,14,1,Ca IR,8000,9500,1.2819964920800523e+55,3570427655.5490737,290
2,14,2,Ca IR,8000,9500,1.092020657780651e+51,304133.49654684245,137
2,20,0,Ca IR,8000,9500,6.932743428240892e+43,0.019308055067183225,419
2,20,1,Ca IR,8000,9500,8.707075613161241e+51,2424966.3521112474,1675
2,20,2,Ca IR,8000,9500,1.8179824215991886e+54,506317665.88129634,1066
2,22,0,Ca IR,8000,9500,2.525838618238698e+42,0.0007034593395322779,202
2,22,1,Ca IR,8000,9500,3.3677914558386525e+50,93794.7632956343,1366
2,22,2,Ca IR,8000,9500,3.2914197126574155e+50,91667.77008121174,914
2,24,0,Ca IR,8000,9500,3.420218467991495e+45,0.9525488315746484,802
2,24,1,Ca IR,8000,9500,1.4634395414818544e+53,40757560.90918067,7715
2,24,2,Ca IR,8000,9500,1.944825104283635e+52,5416440.201231692,1453
2,25,0,Ca IR,8000,9500,7.377535804615414e+44,0.20546825228721094,326
2,25,1,Ca IR,8000,9500,1.2310879660173767e+52,3428644.7329901345,5131
2,25,2,Ca IR,8000,9500,8.926486746954638e+51,2486073.5068399054,17584
2,26,0,Ca IR,8000,9500,1.3360934970022277e+46,3.7210906594260367,101
2,26,1,Ca IR,8000,9500,1.729724008878517e+53,48173723.375378996,1094
2,26,2,Ca IR,8000,9500,1.6656799011407628e+51,463900.6129163311,715
2,27,0,Ca IR,8000,9500,5.723260758805636e+44,0.15939582221479603,14
2,27,1,Ca IR,8000,9500,5.072555531148282e+51,1412733.3939373465,142
2,28,0,Ca IR,8000,9500,8.34552703079736e+44,0.23242731704004232,5
3,6,0,5500-5800,5500,5800,1.2049547504451203e+51,303655.12330921093,8
3,6,1,5500-5800,5500,5800,6.570382209119137e+52,16557719.02772033,80
3,6,2,5500-5800,5500,5800,9.889108130349891e+39,2.4921088095882673e-06,4
3,8,0,5500-5800,5500,5800,2.463573924127064e+53,62083397.19278375,19
3,8,1,5500-5800,5500,5800,3.108951017582629e+49,7834.7249492780575,7
3,8,2,5500-5800,5500,5800,8.18255959286451e+31,2.0620493352454764e-14,2
3,12,0,5500-5800,5500,5800,4.5514608208729604e+45,1.1469927781841363,65
3,12,1,5500-5800,5500,5800,8.586262892476364e+52,21637847.53259048,32
3,12,2,5500-5800,5500,5800,3.025902417185532e+50,76254.37978253444,37
3,14,0,5500-5800,5500,5800,2.0146756021358482e+49,5077.091634923453,55
3,14,1,5500-5800,5500,5800,8.151344637169774e+53,205418299.73460034,82
3,14,2,5500-5800,5500,5800,3.2770419408562137e+49,8258.32317995804,61
3,20,0,5500-5800,5500,5800,5.479450308623883e+43,0.013808511552132844,175
3,20,1,5500-5800,5500,5800,3.4968547607403944e+50,88122.63391424234,380
3,20,2,5500-5800,5500,5800,2.2908628929697257e+51,577309.8566500073,31
3,20,3,5500-5800,5500,5800,1.8452088652605834e+43,0.0046500262794513195,1
3,22,0,5500-5800,5500,5800,1.5243637906670317e+42,0.00038414793140746704,115
3,22,1,5500-5800,5500,5800,7.935941703865427e+49,19999.002915020414,348
3,22,2,5500-5800,5500,5800,1.1871494700303805e+50,29916.809620890228,628
3,22,3,5500-5800,5500,5800,2.255725569247651e+34,5.684550607635719e-12,1
3,24,0,5500-5800,5500,5800,6.0208228474067185e+44,0.1517279967133064,307
3,24,1,5500-5800,5500,5800,1.345613672499429e+52,3391019.3349454254,2267
3,24,2,5500-5800,5500,5800,3.261347967979279e+51,821877.3518301481,1291
3,25,0,5500-5800,5500,5800,4.925995662876791e+43,0.012413775869001949,85
3,25,1,5500-5800,5500,5800,5.56185935971887e+50,140161.86824277288,1494
3,25,2,5500-5800,5500,5800,4.790337326849161e+50,120719.09514774331,5514
3,26,0,5500-5800,5500,5800,3.071173244630068e+45,0.7739522915342595,50
3,26,1,5500-5800,5500,5800,1.4076323637675358e+52,3547309.7959568123,521
3,26,2,5500-5800,5500,5800,2.123276582514497e+51,535077.1987452855,1094
3,27,0,5500-5800,5500,5800,4.9811949732413226e+42,0.0012552881120789484,6
3,27,1,5500-5800,5500,5800,2.52237137920283e+50,63565.12490618577,52
3,28,0,5500-5800,5500,5800,1.2977690743954616e+44,0.03270448356395625,3
3,28,2,5500-5800,5500,5800,8.079844644414769e+47,203.61646119181617,49
3,6,0,Si red,5800,6800,2.612659061751038e+52,6584042.340742419,20
3,6,1,Si red,5800,6800,1.1069988433286583e+54,278969704.17349076,230
3,6,2,Si red,5800,6800,1.2762959330669622e+40,3.2163348772335823e-06,2
3,8,0,Si red,5800,6800,5.622797909481469e+54,1416975527.0192878,89
3,8,1,Si red,5800,6800,1.6008766579236611e+53,40342958.836012065,291
3,8,2,Si red,5800,6800,2.2980501060569215e+32,5.791210732748937e-14,3
3,12,0,Si red,5800,6800,1.7652871626091734e+46,4.448619260102825,286
3,12,1,Si red,5800,6800,1.1775449244433537e+54,296747698.7014604,119
3,12,2,Si red,5800,6800,5.477613039623318e+50,138038.81534742456,58
3,12,3,Si red,5800,6800,2.007019742037005e+39,5.057798452822686e-07,3
3,14,0,Si red,5800,6800,9.277240981953106e+49,23379.149742374822,209
3,14,1,Si red,5800,6800,1.797557171117594e+54,452994142.93311214,277
3,14,2,Si red,5800,6800,2.8889678809151546e+50,72803.55530293379,160
3,20,0,Si red,5800,6800,7.821027195665957e+43,0.019709412130433382,503
3,20,1,Si red,5800,6800,9.450289798147765e+51,2381524.2131742067,1986
3,20,2,Si red,5800,6800,9.98904525289878e+52,25172935.057434887,656
3,20,3,Si red,5800,6800,6.845441713656995e+43,0.017250883876748557,8
3,22,0,Si red,5800,6800,8.814538594750235e+41,0.0002221311466603979,287
3,22,1,Si red,5800,6800,1.4961272142680658e+50,37703.2161221831,966
3,22,2,Si red,5800,6800,9.434309393592058e+50,237749.70646741474,2033
3,22,3,Si red,5800,6800,4.1450629464621747e+34,1.0445783127270544e-11,2
3,24,0,Si red,5800,6800,9.165727622169662e+44,0.2309813003600695,609
3,24,1,Si red,5800,6800,4.6229049306175785e+52,11649970.807906903,7042
3,24,2,Si red,5800,6800,9.9947201091428e+51,2518723.600252766,2831
3,24,3,Si red,5800,6800,2.827212357456956e+30,7.124728266416483e-16,1
3,25,0,Si red,5800,6800,2.2284797610845373e+44,0.05615889695395046,221
3,25,1,Si red,5800,6800,6.528666784755188e+51,1645259.3898959674,5753
3,25,2,Si red,5800,6800,1.082229390159893e+51,272727.6678202711,14062
3,26,0,Si red,5800,6800,4.610128270405115e+45,1.161777293217039,159
3,26,1,Si red,5800,6800,1.4096876260441692e+53,35524891.68209698,2123
3,26,2,Si red,5800,6800,1.4211277353322402e+51,358131.88632273476,1658
3,27,0,Si red,5800,6800,1.817473943814993e+43,0.004580132775247772,5
3,27,1,Si red,5800,6800,7.767003476342938e+51,1957326.9431742053,116
3,28,0,Si red,5800,6800,5.523150150375826e+45,1.391863752018996,2
3,28,2,Si red,5800,6800,6.518145068082758e+47,164.2607860307482,68
3,6,0,OI/cont,6800,8000,1.1769371347335156e+53,29659453.24027104,15
3,6,1,OI/cont,6800,8000,9.584428042183058e+53,241532777.7181877,312
3,6,2,OI/cont,6800,8000,1.7785842697844405e+41,4.482128690373713e-05,28
3,6,3,OI/cont,6800,8000,144937544225125.88,3.652504614597085e-32,8
3,8,0,OI/cont,6800,8000,3.01831588303156e+54,760631950.1288538,30
3,8,1,OI/cont,6800,8000,1.3663779790443171e+52,3443346.5120613216,57
3,8,2,OI/cont,6800,8000,1.0170725057553338e+33,2.5630778005187016e-13,8
3,8,3,OI/cont,6800,8000,1.0672576689089222e-06,2.6895471297616988e-52,3
3,12,0,OI/cont,6800,8000,4.222978689803207e+46,10.642135020511432,299
3,12,1,OI/cont,6800,8000,9.209618596881916e+53,232087376.69476068,61
3,12,2,OI/cont,6800,8000,1.0652982328372474e+51,268460.9244735385,69
3,12,3,OI/cont,6800,8000,5.959224298347955e+39,1.5017567991442267e-06,25
3,14,0,OI/cont,6800,8000,1.4410618398458547e+50,36315.53886259576,201
3,14,1,OI/cont,6800,8000,2.9125284451186732e+54,733972942.8158101,328
3,14,2,OI/cont,6800,8000,2.1797777215827563e+50,54931.57918082576,93
3,20,0,OI/cont,6800,8000,9.479452341705434e+43,0.023888733320989987,605
3,20,1,OI/cont,6800,8000,1.1207176028544315e+52,2824269.0587663287,1880
3,20,2,OI/cont,6800,8000,4.482274022877469e+53,112955733.0364266,654
3,20,3,OI/cont,6800,8000,5.009822569609439e+44,0.12625024214146272,17
3,22,0,OI/cont,6800,8000,2.2595696631009025e+42,0.0005694237932347207,209
3,22,1,OI/cont,6800,8000,2.29108615305498e+50,57736.61194006981,1133
3,22,2,OI/cont,6800,8000,3.134751634130615e+50,78997.43900375086,978
3,24,0,OI/cont,6800,8000,1.3911917880088944e+45,0.3505878654601334,760
3,24,1,OI/cont,6800,8000,5.360486137401756e+52,13508715.397393517,7337
3,24,2,OI/cont,6800,8000,3.662478547010127e+51,922964.4303231052,1610
3,24,3,OI/cont,6800,8000,4.593898343656987e+30,1.1576872637730438e-15,1
3,25,0,OI/cont,6800,8000,2.071737485660611e+44,0.05220890671954237,204
3,25,1,OI/cont,6800,8000,3.8197538899818085e+51,962598.668576386,5635
3,25,2,OI/cont,6800,8000,1.7649515135406732e+51,444777.3406271,12830
3,25,3,OI/cont,6800,8000,5.48296569686873e+31,1.3817370520908013e-14,1
3,26,0,OI/cont,6800,8000,1.6089803810347612e+46,4.0547177047497245,217
3,26,1,OI/cont,6800,8000,6.359137602631793e+52,16025371.178080134,1310
3,26,2,OI/cont,6800,8000,4.574707634464934e+50,115285.11011171836,809
3,27,0,OI/cont,6800,8000,1.3819190396560853e+44,0.03482510826527729,2
3,27,1,OI/cont,6800,8000,6.839335195822013e+51,1723549.5121067183,144
3,28,0,OI/cont,6800,8000,1.5167474951471764e+45,0.3822285836855823,4
3,28,2,OI/cont,6800,8000,1.234141960816289e+46,3.1101045840460357,13
3,6,0,Ca IR,8000,9500,5.291305803223242e+53,133343772.08363688,116
3,6,1,Ca IR,8000,9500,3.337507266904288e+54,841069907.6482596,354
3,6,2,Ca IR,8000,9500,2.965523613367892e+41,7.473280122435744e-05,26
3,6,3,Ca IR,8000,9500,24267161713041.586,6.1154561858991723e-33,3
3,8,0,Ca IR,8000,9500,1.32227305585715e+55,3332199716.847683,104
3,8,1,Ca IR,8000,9500,4.685167408505701e+53,118068756.2440454,353
3,12,0,Ca IR,8000,9500,6.369330737698021e+46,16.051058430520936,211
3,12,1,Ca IR,8000,9500,2.2560705383673572e+54,568541994.850137,184
3,12,2,Ca IR,8000,9500,4.704354616945352e+51,1185522.8428877485,64
3,12,3,Ca IR,8000,9500,1.4909786320171405e+39,3.7573469060918367e-07,5
3,14,0,Ca IR,8000,9500,5.5999523244901615e+50,141121.83158667164,174
3,14,1,Ca IR,8000,9500,7.140043162462954e+54,1799329548.375039,290
3,14,2,Ca IR,8000,9500,3.1160763994373134e+50,78526.8129747213,137
3,20,0,Ca IR,8000,9500,4.3693056240592867e+43,0.011010886820100377,419
3,20,1,Ca IR,8000,9500,6.162058907190078e+51,1552872.219151972,1675
3,20,2,Ca IR,8000,9500,9.973187478358528e+53,251329726.0671504,1066
3,22,0,Ca IR,8000,9500,2.065515135572813e+42,0.0005205210012722134,202
3,22,1,Ca IR,8000,9500,3.0587838796282773e+50,77083.01044513406,1366
3,22,2,Ca IR,8000,9500,2.0780318676910755e+50,52367.52855583206,914
3,24,0,Ca IR,8000,9500,1.719057796044892e+45,0.4332118752516147,802
3,24,1,Ca IR,8000,9500,7.842324619712942e+52,19763082.792528924,7715
3,24,2,Ca IR,8000,9500,6.824331448270059e+51,1719768.4864613104,1453
3,25,0,Ca IR,8000,9500,3.628219751525385e+44,0.09143310283107048,326
3,25,1,Ca IR,8000,9500,6.277961641019744e+51,1582080.3358218474,5131
3,25,2,Ca IR,8000,9500,2.8833083373248862e+51,726609.3173917407,17584
3,26,0,Ca IR,8000,9500,6.51256114085237e+45,1.6412006804021229,101
3,26,1,Ca IR,8000,9500,8.753721737582995e+52,22059852.892055534,1094
3,26,2,Ca IR,8000,9500,5.065815944887816e+50,127661.3055252432,715
3,27,0,Ca IR,8000,9500,2.478206599944786e+44,0.06245214854864443,14
3,27,1,Ca IR,8000,9500,2.313360174943729e+51,582979.293555762,142
3,28,0,Ca IR,8000,9500,3.583027160647181e+44,0.0902942250640245,5
4,6,0,5500-5800,5500,5800,1.0227141915619502e+51,234319.34719606023,8
4,6,1,5500-5800,5500,5800,6.310125092267332e+52,14457454.531723846,80
4,6,2,5500-5800,5500,5800,6.832753803239415e+39,1.5654876249260252e-06,4
4,8,0,5500-5800,5500,5800,2.194352437588656e+53,50275945.60984552,19
4,8,1,5500-5800,5500,5800,2.87284451489849e+49,6582.122912548047,7
4,8,2,5500-5800,5500,5800,4.629023430399455e+31,1.0605795414942813e-14,2
4,12,0,5500-5800,5500,5800,2.189577092600715e+45,0.5016653520668084,65
4,12,1,5500-5800,5500,5800,6.043102114237801e+52,13845664.352077771,32
4,12,2,5500-5800,5500,5800,2.1179661173754035e+50,48525.81905105176,37
4,14,0,5500-5800,5500,5800,7.382396737138334e+48,1691.4191652573695,55
4,14,1,5500-5800,5500,5800,3.8169542287739794e+53,87452215.93117823,82
4,14,2,5500-5800,5500,5800,1.4835283840617835e+49,3398.988743563616,61
4,20,0,5500-5800,5500,5800,1.5038110104192192e+43,0.0034454593196708806,175
4,20,1,5500-5800,5500,5800,1.3799560124399875e+50,31616.88716770188,380
4,20,2,5500-5800,5500,5800,1.077678688468222e+51,246912.54785788688,31
4,20,3,5500-5800,5500,5800,7.223731178776483e+42,0.0016550664771216295,1
4,22,0,5500-5800,5500,5800,7.136233654359374e+41,0.00016350194659704728,115
4,22,1,5500-5800,5500,5800,5.31250583915465e+49,12171.757373433997,348
4,22,2,5500-5800,5500,5800,8.965335225919749e+49,20540.94403758068,628
4,22,3,5500-5800,5500,5800,1.2363062326543595e+34,2.8325652636887482e-12,1
4,24,0,5500-5800,5500,5800,2.0010735131667002e+44,0.045847632032995536,307
4,24,1,5500-5800,5500,5800,6.264256306635128e+51,1435236.218046196,2267
4,24,2,5500-5800,5500,5800,1.6617862683109972e+51,380740.4617856258,1291
4,25,0,5500-5800,5500,5800,1.6780519888667754e+43,0.0038446718529621137,85
4,25,1,5500-5800,5500,5800,2.616729691503085e+50,59953.24971144784,1494
4,25,2,5500-5800,5500,5800,2.4256844669883764e+50,55576.1135904713,5514
4,26,0,5500-5800,5500,5800,1.0511760959293751e+45,0.2408404015691751,50
4,26,1,5500-5800,5500,5800,6.658370711930304e+51,1525533.8113828928,521
4,26,2,5500-5800,5500,5800,1.0525922882056264e+51,241164.87271899704,1094
4,27,0,5500-5800,5500,5800,1.530690487165117e+42,0.00035070442814914577,6
4,27,1,5500-5800,5500,5800,1.0789913347512802e+50,24721.329504872792,52
4,28,0,5500-5800,5500,5800,3.9731269950296316e+43,0.00910303710932708,3
4,28,2,5500-5800,5500,5800,3.268622047077937e+47,74.88909322087551,49
4,6,0,Si red,5800,6800,2.2175135615496387e+52,5080660.2120886585,20
4,6,1,Si red,5800,6800,1.063149898449449e+54,243583781.50181615,230
4,6,2,Si red,5800,6800,8.818404830622209e+39,2.020430419632848e-06,2
4,8,0,Si red,5800,6800,5.0083336967901304e+54,1147485281.8650923,89
4,8,1,Si red,5800,6800,1.4792995128373018e+53,33892997.5759987,291
4,8,2,Si red,5800,6800,1.3000489228878854e+32,2.9786094438445857e-14,3
4,12,0,Si red,5800,6800,8.492289586203262e+45,1.9457124663538137,286
4,12,1,Si red,5800,6800,8.287685005252956e+53,189883445.0738935,119
4,12,2,Si red,5800,6800,3.834029397685148e+50,87843.43397288905,58
4,12,3,Si red,5800,6800,1.046321611701436e+39,2.397281655362254e-07,3
4,14,0,Si red,5800,6800,3.3994690501145257e+49,7788.699670036754,209
4,14,1,Si red,5800,6800,8.417253534433513e+53,192852056.77648205,277
4,14,2,Si red,5800,6800,1.307845895576381e+50,29964.734919388386,160
4,20,0,Si red,5800,6800,2.1464464767788675e+43,0.0049178347321255644,503
4,20,1,Si red,5800,6800,3.7293468326643056e+51,854449.974887888,1986
4,20,2,Si red,5800,6800,4.699094485414032e+52,10766338.839526359,656
4,20,3,Si red,5800,6800,2.679893407755647e+43,0.006140042634015711,8
4,22,0,Si red,5800,6800,4.1264826252518935e+41,9.454398139212076e-05,287
4,22,1,Si red,5800,6800,1.001542710179674e+50,22946.863940536074,966
4,22,2,Si red,5800,6800,7.124776489723061e+50,163239.44556201244,2033
4,22,3,Si red,5800,6800,2.271804347709291e+34,5.2050486451098305e-12,2
4,24,0,Si red,5800,6800,3.046310319780302e+44,0.06979559405520416,609
4,24,1,Si red,5800,6800,2.1521081390920602e+52,4930806.459986755,7042
4,24,2,Si red,5800,6800,5.0927066955312464e+51,1166816.4167501945,2831
4,24,3,Si red,5800,6800,9.171579081637912e+29,2.1013480021082293e-16,1
4,25,0,Si red,5800,6800,7.591368631155848e+43,0.017392977985964887,221
4,25,1,Si red,5800,6800,3.0715908326136465e+51,703748.0898277292,5753
4,25,2,Si red,5800,6800,5.480088023687977e+50,125557.13598990688,14062
4,26,0,Si red,5800,6800,1.577917053520637e+45,0.3615247514516278,159
4,26,1,Si red,5800,6800,6.668092496183292e+52,15277612.197424676,2123
4,26,2,Si red,5800,6800,7.045092980747503e+50,161413.77540318455,1658
4,27,0,Si red,5800,6800,5.584985312586156e+42,0.0012796049212401104,5
4,27,1,Si red,5800,6800,3.322480391688269e+51,761230.696586992,116
4,28,0,Si red,5800,6800,1.69091538648988e+45,0.387414384971974,2
4,28,2,Si red,5800,6800,2.636851772925493e+47,60.41427714433439,68
4,6,0,OI/cont,6800,8000,9.989340345133952e+52,22887095.220769394,15
4,6,1,OI/cont,6800,8000,9.204782607634347e+53,210895543.3979503,312
4,6,2,OI/cont,6800,8000,1.228890236972407e+41,2.8155740917529214e-05,28
4,6,3,OI/cont,6800,8000,42139643829302.68,9.654832126731638e-33,8
4,8,0,OI/cont,6800,8000,2.688471716021157e+54,615969684.0532107,30
4,8,1,OI/cont,6800,8000,1.2626096262615767e+52,2892830.331582947,57
4,8,2,OI/cont,6800,8000,5.7537649510821986e+32,1.318274898677286e-13,8
4,8,3,OI/cont,6800,8000,1.6058895067202158e-07,3.6793366513179023e-53,3
4,12,0,OI/cont,6800,8000,2.031553772654604e+46,4.65459810501989,299
4,12,1,OI/cont,6800,8000,6.48182641401625e+53,148508483.25971103,61
4,12,2,OI/cont,6800,8000,7.456504708264163e+50,170839.84264815715,69
4,12,3,OI/cont,6800,8000,3.106728370299622e+39,7.117986331374686e-07,25
4,14,0,OI/cont,6800,8000,5.280497869341475e+49,12098.422255435491,201
4,14,1,OI/cont,6800,8000,1.3638225666876173e+54,312472454.3319687,328
4,14,2,OI/cont,6800,8000,9.867930222670994e+49,22608.926198835074,93
4,20,0,OI/cont,6800,8000,2.6015939558325843e+43,0.005960646702955043,605
4,20,1,OI/cont,6800,8000,4.422662936046139e+51,1013299.2194621055,1880
4,20,2,OI/cont,6800,8000,2.1085728024813777e+53,48310603.94676015,654
4,20,3,OI/cont,6800,8000,1.961274529814004e+44,0.044935776905217564,17
4,22,0,OI/cont,6800,8000,1.0578063565216428e+42,0.00024235949492540121,209
4,22,1,OI/cont,6800,8000,1.533706902128895e+50,35139.553460979376,1133
4,22,2,OI/cont,6800,8000,2.367359794151404e+50,54239.80679260525,978
4,24,0,OI/cont,6800,8000,4.623748463083729e+44,0.10593709664025308,760
4,24,1,OI/cont,6800,8000,2.4954754681168245e+52,5717513.137662342,7337
4,24,2,OI/cont,6800,8000,1.8661782235938684e+51,427569.7616322072,1610
4,24,3,OI/cont,6800,8000,1.490277228052083e+30,3.4144513696930127e-16,1
4,25,0,OI/cont,6800,8000,7.05742238959335e+43,0.016169626087722103,204
4,25,1,OI/cont,6800,8000,1.7971082639268735e+51,411744.78531569534,5635
4,25,2,OI/cont,6800,8000,8.937189970709645e+50,204764.58985139726,12830
4,25,3,OI/cont,6800,8000,1.9354081685224053e+31,4.4343139300088796e-15,1
4,26,0,OI/cont,6800,8000,5.5070866429314796e+45,1.26175715343604,217
4,26,1,OI/cont,6800,8000,3.0079938950231996e+52,6891770.659553578,1310
4,26,2,OI/cont,6800,8000,2.267863742523198e+50,51960.2012040194,809
4,27,0,OI/cont,6800,8000,4.246551960718533e+43,0.009729495214591845,2
4,27,1,OI/cont,6800,8000,2.9256530075613382e+51,670311.5186139833,144
4,28,0,OI/cont,6800,8000,4.643530606876276e+44,0.10639033558597738,4
4,28,2,OI/cont,6800,8000,4.992600476714116e+45,1.1438805622983546,13
4,6,0,Ca IR,8000,9500,4.491034650762995e+53,102896421.7260426,116
4,6,1,Ca IR,8000,9500,3.205306431228259e+54,734384363.4179628,354
4,6,2,Ca IR,8000,9500,2.0489909181647132e+41,4.694549252531115e-05,26
4,6,3,Ca IR,8000,9500,7055518684291.236,1.6165264409871877e-33,3
4,8,0,Ca IR,8000,9500,1.1777739140935505e+55,2698458836.025964,104
4,8,1,Ca IR,8000,9500,4.329356562642933e+53,99192131.28236146,353
4,12,0,Ca IR,8000,9500,3.064102104208899e+46,7.020323084631927,211
4,12,1,Ca IR,8000,9500,1.587846169050306e+54,363799662.55420375,184
4,12,2,Ca IR,8000,9500,3.292790813814893e+51,754428.3635762502,64
4,12,3,Ca IR,8000,9500,7.772933831140228e+38,1.7808971422693148e-07,5
4,14,0,Ca IR,8000,9500,2.0519963474327508e+50,47014.351472409064,174
4,14,1,Ca IR,8000,9500,3.343401506828486e+54,766024041.6708049,290
4,14,2,Ca IR,8000,9500,1.410658718717062e+50,32320.33277854346,137
4,20,0,Ca IR,8000,9500,1.1991366898620756e+43,0.002747404198412415,419
4,20,1,Ca IR,8000,9500,2.4317195936916456e+51,557143.8750521925,1675
4,20,2,Ca IR,8000,9500,4.691634595203662e+53,107492470.98562261,1066
4,22,0,Ca IR,8000,9500,9.669606897191804e+41,0.0002215453735253323,202
4,22,1,Ca IR,8000,9500,2.047621798093906e+50,46914.12390601638,1366
4,22,2,Ca IR,8000,9500,1.5693265906539832e+50,35955.6545996346,914
4,24,0,Ca IR,8000,9500,5.7134400238163665e+44,0.13090358456646084,802
4,24,1,Ca IR,8000,9500,3.6508496057762497e+52,8364650.68534903,7715
4,24,2,Ca IR,8000,9500,3.4772678053622944e+51,796694.8429003143,1453
4,25,0,Ca IR,8000,9500,1.2359615774686424e+44,0.028317756063358804,326
4,25,1,Ca IR,8000,9500,2.9536397031449138e+51,676723.6954405342,5131
4,25,2,Ca IR,8000,9500,1.4600216582215833e+51,334513.1266088113,17584
4,26,0,Ca IR,8000,9500,2.2290662392662107e+45,0.5107129150558939,101
4,26,1,Ca IR,8000,9500,4.140678059000345e+52,9486922.032950385,1094
4,26,2,Ca IR,8000,9500,2.5113255809298733e+50,57538.28152335848,715
4,27,0,Ca IR,8000,9500,7.615376005442532e+43,0.01744798252503514,14
4,27,1,Ca IR,8000,9500,9.895828994506966e+50,226728.46520447044,142
4,28,0,Ca IR,8000,9500,1.0969456906286e+44,0.0251326910546792,5
5,6,0,5500-5800,5500,5800,7.918739753022883e+50,165666.04835383518,8
5,6,1,5500-5800,5500,5800,5.775805537978622e+52,12083423.7439341,80
5,6,2,5500-5800,5500,5800,4.9491692265296765e+39,1.0354037813663317e-06,4
5,8,0,5500-5800,5500,5800,1.8893151170423133e+53,39525906.81062368,19
5,8,1,5500-5800,5500,5800,2.70747100556436e+49,5664.2349226492615,7
5,8,2,5500-5800,5500,5800,2.992146121212113e+31,6.259796880043191e-15,2
5,12,0,5500-5800,5500,5800,1.0503226885543175e+45,0.21973548157425715,65
5,12,1,5500-5800,5500,5800,4.3031934397038156e+52,9002607.41850672,32
5,12,2,5500-5800,5500,5800,1.5901598682152108e+50,33267.351855767956,37
5,14,0,5500-5800,5500,5800,1.9707089609285255e+48,412.2872782728992,55
5,14,1,5500-5800,5500,5800,1.3416510529761294e+53,28068358.74754818,82
5,14,2,5500-5800,5500,5800,5.36196078327359e+48,1121.7629093746575,61
5,20,0,5500-5800,5500,5800,2.9349428335640555e+42,0.0006140123258822291,175
5,20,1,5500-5800,5500,5800,3.9371283024520646e+49,8236.771355950785,380
5,20,2,5500-5800,5500,5800,3.806634351318372e+50,79637.68101737958,31
5,20,3,5500-5800,5500,5800,2.2973129744024806e+42,0.00048061531780479327,1
5,22,0,5500-5800,5500,5800,3.2275055713089425e+41,6.752186720552712e-05,115
5,22,1,5500-5800,5500,5800,3.495171951112267e+49,7312.165111082166,348
5,22,2,5500-5800,5500,5800,6.954294425362095e+49,14548.911979321543,628
5,22,3,5500-5800,5500,5800,7.647707503596839e+33,1.5999584790031942e-12,1
5,24,0,5500-5800,5500,5800,7.789821942148165e+43,0.016296898986269223,307
5,24,1,5500-5800,5500,5800,3.4829518769136215e+51,728659.9787985047,2267
5,24,2,5500-5800,5500,5800,1.0605527637314984e+51,221875.69097856202,1291
5,25,0,5500-5800,5500,5800,6.731223669817771e+42,0.0014082231020899776,85
5,25,1,5500-5800,5500,5800,1.4806134567992285e+50,30975.557750057964,1494
5,25,2,5500-5800,5500,5800,1.5521250344779839e+50,32471.634254032637,5514
5,26,0,5500-5800,5500,5800,4.242687869562634e+44,0.08876025171566997,50
5,26,1,5500-5800,5500,5800,3.79294063222212e+51,793511.9801620789,521
5,26,2,5500-5800,5500,5800,6.622730749259548e+50,138552.55593195057,1094
5,27,0,5500-5800,5500,5800,4.660172805726936e+38,9.749435357767281e-08,6
5,27,1,5500-5800,5500,5800,4.666214604650914e+46,9.762075259871676,52
5,28,0,5500-5800,5500,5800,7.535297897608728e+40,1.5764415359012908e-05,3
5,28,2,5500-5800,5500,5800,8.90881217018014e+44,0.18637911508543975,49
5,6,0,Si red,5800,6800,1.7169912119721286e+52,3592075.987054638,20
5,6,1,Si red,5800,6800,9.731260444726524e+53,203585357.47615817,230
5,6,2,Si red,5800,6800,6.387436028224011e+39,1.3363001170796655e-06,2
5,8,0,Si red,5800,6800,4.3121243435881324e+54,902129154.7558666,89
5,8,1,Si red,5800,6800,1.3941445556074573e+53,29166562.681054644,291
5,8,2,Si red,5800,6800,8.403362826939279e+31,1.7580473103578212e-14,3
5,12,0,Si red,5800,6800,4.07368366261466e+45,0.8522455538096512,286
5,12,1,Si red,5800,6800,5.901523931047181e+53,123464361.68065245,119
5,12,2,Si red,5800,6800,2.87857281178386e+50,60221.92893067062,58
5,12,3,Si red,5800,6800,6.4105450332674254e+38,1.3411346964020506e-07,3
5,14,0,Si red,5800,6800,9.074782022696844e+48,1898.5133042144885,209
5,14,1,Si red,5800,6800,2.9586461850937967e+53,61897124.70024427,277
5,14,2,Si red,5800,6800,4.726986337427455e+49,9889.21433925437,160
5,20,0,Si red,5800,6800,4.189155193706674e+42,0.0008764030748925715,503
5,20,1,Si red,5800,6800,1.0640134056578228e+51,222599.6835462972,1986
5,20,2,Si red,5800,6800,1.6598393082907522e+52,3472509.8649936337,656
5,20,3,Si red,5800,6800,8.522678576053393e+42,0.0017830090710402166,8
5,22,0,Si red,5800,6800,1.86628497719861e+41,3.904409879824569e-05,287
5,22,1,Si red,5800,6800,6.589289676937061e+49,13785.294330706713,966
5,22,2,Si red,5800,6800,5.526596850632423e+50,115620.60247522552,2033
5,22,3,Si red,5800,6800,1.4053229448967464e+34,2.9400423072767912e-12,2
5,24,0,Si red,5800,6800,1.1858742227847449e+44,0.024809389178174265,609
5,24,1,Si red,5800,6800,1.1965808414372037e+52,2503337.976994832,7042
5,24,2,Si red,5800,6800,3.250167764539968e+51,679959.7749538503,2831
5,24,3,Si red,5800,6800,4.156378685957851e+29,8.695459805986045e-17,1
5,25,0,Si red,5800,6800,3.045150004610808e+43,0.00637068502871252,221
5,25,1,Si red,5800,6800,1.7379856755233174e+51,363599.79989190435,5753
5,25,2,Si red,5800,6800,3.506549152812729e+50,73359.67080913547,14062
5,26,0,Si red,5800,6800,6.368685102403441e+44,0.13323772810217133,159
5,26,1,Si red,5800,6800,3.7984786462658235e+52,7946705.747503126,2123
5,26,2,Si red,5800,6800,4.432652076002516e+50,92734.44715473006,1658
5,27,0,Si red,5800,6800,1.7003435307356684e+39,3.557247773845007e-07,5
5,27,1,Si red,5800,6800,1.4368425424784167e+48,300.59836987092484,116
5,28,0,Si red,5800,6800,3.206932769274951e+42,0.0006709146856599158,2
5,28,2,Si red,5800,6800,7.18688695947586e+44,0.15035513221501812,68
5,6,0,OI/cont,6800,8000,7.734613164668883e+52,16181398.031765101,15
5,6,1,OI/cont,6800,8000,8.425353472978569e+53,176264792.04848132,312
5,6,2,OI/cont,6800,8000,8.9012218480975e+40,1.8622031978411874e-05,28
5,6,3,OI/cont,6800,8000,15015931396488.197,3.1414468645201566e-33,8
5,8,0,OI/cont,6800,8000,2.3147467871665645e+54,484262603.8104533,30
5,8,1,OI/cont,6800,8000,1.189928287702845e+52,2489420.329452342,57
5,8,2,OI/cont,6800,8000,3.719165767813184e+32,7.780777183531807e-14,8
5,8,3,OI/cont,6800,8000,3.400640080136782e-08,7.114397259170819e-54,3
5,12,0,OI/cont,6800,8000,9.74520160832885e+45,2.038770172042822,299
5,12,1,OI/cont,6800,8000,4.615601784450674e+53,96561893.96967593,61
5,12,2,OI/cont,6800,8000,5.59831172319827e+50,117120.9320626005,69
5,12,3,OI/cont,6800,8000,1.9034130520872915e+39,3.9820846316364984e-07,25
5,14,0,OI/cont,6800,8000,1.4096132786964084e+49,2949.0180113518945,201
5,14,1,OI/cont,6800,8000,4.793806456664741e+53,100290071.02368571,328
5,14,2,OI/cont,6800,8000,3.5665953839841416e+49,7461.588355850779,93
5,20,0,OI/cont,6800,8000,5.077452873806158e+42,0.0010622416944377887,605
5,20,1,OI/cont,6800,8000,1.2618222074285318e+51,263982.7868443325,1880
5,20,2,OI/cont,6800,8000,7.448013724378243e+52,15581810.241103757,654
5,20,3,OI/cont,6800,8000,6.2373049497531e+43,0.013048915555141954,17
5,22,0,OI/cont,6800,8000,4.784142552499005e+41,0.00010008789481070983,209
5,22,1,OI/cont,6800,8000,1.0090472383181794e+50,21110.034397924264,1133
5,22,2,OI/cont,6800,8000,1.8363303328241702e+50,38417.4248932896,978
5,24,0,OI/cont,6800,8000,1.799942730524912e+44,0.03765616862398389,760
5,24,1,OI/cont,6800,8000,1.3874944670228756e+52,2902743.7778434874,7337
5,24,2,OI/cont,6800,8000,1.1909958039667825e+51,249165.3654533299,1610
5,24,3,OI/cont,6800,8000,6.753642368133885e+29,1.4129132640034938e-16,1
5,25,0,OI/cont,6800,8000,2.8309664391753357e+43,0.00592259674680523,204
5,25,1,OI/cont,6800,8000,1.0168504173493041e+51,212732.82828230422,5635
5,25,2,OI/cont,6800,8000,5.71864827441733e+50,119638.46408597333,12830
5,25,3,OI/cont,6800,8000,9.529769373595703e+30,1.9937001127538397e-15,1
5,26,0,OI/cont,6800,8000,2.222734115347083e+45,0.4650128542111022,217
5,26,1,OI/cont,6800,8000,1.7135036121474812e+52,3584779.663407074,1310
5,26,2,OI/cont,6800,8000,1.4269011003627203e+50,29851.854469468126,809
5,27,0,OI/cont,6800,8000,1.2928587543584947e+40,2.7047586812342434e-06,2
5,27,1,OI/cont,6800,8000,1.2652302527684775e+48,264.69577580682994,144
5,28,0,OI/cont,6800,8000,8.806762648978864e+41,0.00018424416161543048,4
5,28,2,OI/cont,6800,8000,1.360761178477646e+43,0.002846815708341009,13
5,6,0,Ca IR,8000,9500,3.4773483065572518e+53,72748766.93318903,116
5,6,1,Ca IR,8000,9500,2.9338921757816646e+54,613792520.2964798,354
5,6,2,Ca IR,8000,9500,1.484145790941834e+41,3.104945686243218e-05,26
5,6,3,Ca IR,8000,9500,2514145230062.1167,5.259782721019941e-34,3
5,8,0,Ca IR,8000,9500,1.0140513539385064e+55,2121472429.6340084,104
5,8,1,Ca IR,8000,9500,4.080139842347053e+53,85359623.56316158,353
5,12,0,Ca IR,8000,9500,1.469825369918825e+46,3.074986278109626,211
5,12,1,Ca IR,8000,9500,1.1306790930799806e+54,236546651.5493874,184
5,12,2,Ca IR,8000,9500,2.472213206623301e+51,517205.7744076013,64
5,12,3,Ca IR,8000,9500,4.7622778510811046e+38,9.963046865512019e-08,5
5,14,0,Ca IR,8000,9500,5.477743521063964e+49,11459.855372618757,174
5,14,1,Ca IR,8000,9500,1.1751983082069161e+54,245860409.38955158,290
5,14,2,Ca IR,8000,9500,5.09858578346476e+49,10666.628596011251,137
5,20,0,Ca IR,8000,9500,2.3403191025934275e+42,0.0004896125263690385,419
5,20,1,Ca IR,8000,9500,6.937896534123745e+50,145146.0634575458,1675
5,20,2,Ca IR,8000,9500,1.6572042859380118e+53,34669971.98153738,1066
5,22,0,Ca IR,8000,9500,4.3732747054868616e+41,9.14922274781439e-05,202
5,22,1,Ca IR,8000,9500,1.347159041677911e+50,28183.59005342023,1366
5,22,2,Ca IR,8000,9500,1.2173063121393638e+50,25466.972353943685,914
5,24,0,Ca IR,8000,9500,2.2241402012383056e+44,0.04653070180559943,802
5,24,1,Ca IR,8000,9500,2.029887166861162e+52,4246678.082957312,7715
5,24,2,Ca IR,8000,9500,2.2191939189386657e+51,464272.2182416538,1453
5,25,0,Ca IR,8000,9500,4.957852247987024e+43,0.010372203353856264,326
5,25,1,Ca IR,8000,9500,1.6712458704516828e+51,349637.3259137662,5131
5,25,2,Ca IR,8000,9500,9.342254515977147e+50,195447.05807346324,17584
5,26,0,Ca IR,8000,9500,8.99681064895691e+44,0.18822011007893363,101
5,26,1,Ca IR,8000,9500,2.3587371046782625e+52,4934657.122535759,1094
5,26,2,Ca IR,8000,9500,1.5800831273976898e+50,33056.53878656875,715
5,27,0,Ca IR,8000,9500,2.318494069410159e+40,4.850465637090291e-06,14
5,27,1,Ca IR,8000,9500,4.279558166233143e+47,89.53160631773338,142
5,28,0,Ca IR,8000,9500,2.0804299904647262e+41,4.352417507666289e-05,5
6,6,0,5500-5800,5500,5800,5.819120691009332e+50,111602.66013727072,8
6,6,1,5500-5800,5500,5800,5.085474362694355e+52,9753234.158099908,80
6,6,2,5500-5800,5500,5800,3.932685416212181e+39,7.542344921809858e-07,4
6,8,0,5500-5800,5500,5800,1.5060697711627307e+53,28884328.361462023,19
6,8,1,5500-5800,5500,5800,2.4492048862566e+49,4697.2351157753255,7
6,8,2,5500-5800,5500,5800,2.208103761165712e+31,4.234836613475748e-15,2
6,12,0,5500-5800,5500,5800,1.6922041821102282e+44,0.032454128079986426,65
6,12,1,5500-5800,5500,5800,9.755914069421336e+51,1871048.9437007986,32
6,12,2,5500-5800,5500,5800,3.984331199747031e+49,7641.394368168105,37
6,14,0,5500-5800,5500,5800,6.256313049720212e+47,119.98740292138353,55
6,14,1,5500-5800,5500,5800,5.507008504235249e+52,10561678.148741467,82
6,14,2,5500-5800,5500,5800,2.3897421429836423e+48,458.3193825334748,61
6,20,0,5500-5800,5500,5800,7.020431331436452e+41,0.00013464213126046208,175
6,20,1,5500-5800,5500,5800,1.310955268406799e+49,2514.2302942988376,380
6,20,2,5500-5800,5500,5800,1.5690422642689893e+50,30092.05339747866,31
6,20,3,5500-5800,5500,5800,9.361047518786946e+41,0.00017953190185282332,1
6,22,0,5500-5800,5500,5800,1.4364025850006964e+41,2.754820840231182e-05,115
6,22,1,5500-5800,5500,5800,2.157809672804668e+49,4138.379530897214,348
6,22,2,5500-5800,5500,5800,5.134515402658379e+49,9847.288067728201,628
6,22,3,5500-5800,5500,5800,5.1237250741381585e+33,9.826593714911766e-13,1
6,24,0,5500-5800,5500,5800,3.774356211081678e+43,0.00723869147641416,307
6,24,1,5500-5800,5500,5800,2.3108904267724542e+51,443196.7175247321,2267
6,24,2,5500-5800,5500,5800,8.257494096507324e+50,158367.27852403093,1291
6,25,0,5500-5800,5500,5800,3.36556034495368e+42,0.0006454677730428582,85
6,25,1,5500-5800,5500,5800,1.0048357703165483e+50,19271.355746525885,1494
6,25,2,5500-5800,5500,5800,1.2231960765202023e+50,23459.203418832854,5514
6,26,0,5500-5800,5500,5800,2.1360522296883157e+44,0.040966517741018976,50
6,26,1,5500-5800,5500,5800,2.5930575218664468e+51,497312.4509625167,521
6,26,2,5500-5800,5500,5800,5.170806491246356e+50,99168.89339823369,1094
6,27,0,5500-5800,5500,5800,2.3397303389469297e+38,4.487278124920002e-08,6
6,27,1,5500-5800,5500,5800,3.1956820452774145e+46,6.128874724267194,52
6,28,0,5500-5800,5500,5800,3.774908614714971e+40,7.239750909930297e-06,3
6,28,2,5500-5800,5500,5800,6.534826620111956e+44,0.1253289067310693,49
6,6,0,Si red,5800,6800,1.261738534096176e+52,2419839.4272934296,20
6,6,1,Si red,5800,6800,8.568168575439596e+53,164325583.93247026,230
6,6,2,Si red,5800,6800,5.075554171906673e+39,9.734208608712608e-07,2
6,8,0,Si red,5800,6800,3.437415000172029e+54,659248498.8456483,89
6,8,1,Si red,5800,6800,1.2611568695377678e+53,24187238.753832206,291
6,8,2,Si red,5800,6800,6.201400704684819e+31,1.1893426034096001e-14,3
6,12,0,Si red,5800,6800,6.563225383580909e+44,0.12587355560777005,286
6,12,1,Si red,5800,6800,1.337954269466741e+53,25660106.31901973,119
6,12,2,Si red,5800,6800,7.212600251072202e+49,13832.766448203463,58
6,12,3,Si red,5800,6800,1.4813958974816347e+38,2.8411117702168462e-08,3
6,14,0,Si red,5800,6800,2.88092652530562e+48,552.5217313002037,209
6,14,1,Si red,5800,6800,1.2144208187510441e+53,23290906.151525542,277
6,14,2,Si red,5800,6800,2.106743953647805e+49,4040.4425675251723,160
6,20,0,Si red,5800,6800,1.0020527840548894e+42,0.0001921798193174894,503
6,20,1,Si red,5800,6800,3.5428715364288446e+50,67947.35991658854,1986
6,20,2,Si red,5800,6800,6.841629077668609e+51,1312129.5214241059,656
6,20,3,Si red,5800,6800,3.4728049694027407e+42,0.0006660358038665353,8
6,22,0,Si red,5800,6800,8.305908406252121e+40,1.592957978043712e-05,287
6,22,1,Si red,5800,6800,4.06802103034788e+49,7801.899850309467,966
6,22,2,Si red,5800,6800,4.0804134709004585e+50,78256.66831692024,2033
6,22,3,Si red,5800,6800,9.415224636458224e+33,1.8057094379261782e-12,2
6,24,0,Si red,5800,6800,5.745846017495693e+43,0.01101973535765309,609
6,24,1,Si red,5800,6800,7.939148483977575e+51,1522618.5141779464,7042
6,24,2,Si red,5800,6800,2.530589900489087e+51,485332.0279942625,2831
6,24,3,Si red,5800,6800,2.7055079420489658e+29,5.188788811713155e-17,1
6,25,0,Si red,5800,6800,1.5225517086748522e+43,0.002920042905231227,221
6,25,1,Si red,5800,6800,1.1795044594818983e+51,226212.5883130998,5753
6,25,2,Si red,5800,6800,2.763435335793245e+50,52998.85514805582,14062
6,26,0,Si red,5800,6800,3.206421125335814e+44,0.06149470789645186,159
6,26,1,Si red,5800,6800,2.596843605110205e+52,4980385.691922992,2123
6,26,2,Si red,5800,6800,3.460866370053327e+50,66374.61461734647,1658
6,27,0,Si red,5800,6800,8.536905199320838e+38,1.6372599576013414e-07,5
6,27,1,Si red,5800,6800,9.84029305105768e+47,188.72316615207592,116
6,28,0,Si red,5800,6800,1.606556011725756e+42,0.0003081151501895033,2
6,28,2,Si red,5800,6800,5.271753329329499e+44,0.10110491367702447,68
6,6,0,OI/cont,6800,8000,5.683814458771218e+52,10900767.435629945,15
6,6,1,OI/cont,6800,8000,7.41834516445054e+53,142273566.4252975,312
6,6,2,OI/cont,6800,8000,7.073046757188386e+40,1.3565122211627528e-05,28
6,6,3,OI/cont,6800,8000,7698099155475.14,1.4763885978149152e-33,8
6,8,0,OI/cont,6800,8000,1.845203128160615e+54,353884355.61149913,30
6,8,1,OI/cont,6800,8000,1.0764208261315317e+52,2064425.7784349306,57
6,8,2,OI/cont,6800,8000,2.744619944222598e+32,5.263800204630578e-14,8
6,8,3,OI/cont,6800,8000,1.2150511850048994e-08,2.3302995701566963e-54,3
6,12,0,OI/cont,6800,8000,1.5700766151990613e+45,0.30111890813033526,299
6,12,1,OI/cont,6800,8000,1.0464185498216387e+53,20068855.756422523,61
6,12,2,OI/cont,6800,8000,1.4027223621033817e+50,26902.26846242297,69
6,12,3,OI/cont,6800,8000,4.3985468816493406e+38,8.435802568745451e-08,25
6,14,0,OI/cont,6800,8000,4.4750301162745275e+48,858.2486799805683,201
6,14,1,OI/cont,6800,8000,1.967689949331428e+53,37737562.82629517,328
6,14,2,OI/cont,6800,8000,1.5895758362623094e+49,3048.585881555759,93
6,20,0,OI/cont,6800,8000,1.214535044141698e+42,0.00023293096836017084,605
6,20,1,OI/cont,6800,8000,4.201520355815914e+50,80579.33031951205,1880
6,20,2,OI/cont,6800,8000,3.0699687019735914e+52,5887773.976019557,654
6,20,3,OI/cont,6800,8000,2.541565240538901e+43,0.004874369459200289,17
6,22,0,OI/cont,6800,8000,2.129184466948704e+41,4.083480358150404e-05,209
6,22,1,OI/cont,6800,8000,6.229541555078322e+49,11947.396280275843,1133
6,22,2,OI/cont,6800,8000,1.3558048885403e+50,26002.456423011256,978
6,24,0,OI/cont,6800,8000,8.721155727308664e+43,0.016725966521760186,760
6,24,1,OI/cont,6800,8000,9.205834000451882e+51,1765551.2194821998,7337
6,24,2,OI/cont,6800,8000,9.273127331843481e+50,177845.7146668767,1610
6,24,3,OI/cont,6800,8000,4.396142518600603e+29,8.431191334051703e-17,1
6,25,0,OI/cont,6800,8000,1.4154615643371086e+43,0.0027146588684120237,204
6,25,1,OI/cont,6800,8000,6.900975185128576e+50,132351.12813376915,5635
6,25,2,OI/cont,6800,8000,4.506742676577531e+50,86433.07089975072,12830
6,25,3,OI/cont,6800,8000,6.64530032100254e+30,1.2744763901886103e-15,1
6,26,0,OI/cont,6800,8000,1.1190726985015907e+45,0.21462261511903596,217
6,26,1,OI/cont,6800,8000,1.1714429148924656e+52,2246664.959242859,1310
6,26,2,OI/cont,6800,8000,1.1140766175564427e+50,21366.44361202723,809
6,27,0,OI/cont,6800,8000,6.491048674908201e+39,1.244893064891236e-06,2
6,27,1,OI/cont,6800,8000,8.664997100399136e+47,166.18262068019553,144
6,28,0,OI/cont,6800,8000,4.411865946524863e+41,8.461346686999363e-05,4
6,28,2,OI/cont,6800,8000,9.981508424316493e+42,0.0019143148105819406,13
6,6,0,Ca IR,8000,9500,2.5553446775175385e+53,49007965.07265914,116
6,6,1,Ca IR,8000,9500,2.5832298793198116e+54,495427645.49220353,354
6,6,2,Ca IR,8000,9500,1.1793249008909487e+41,2.2617815146694292e-05,26
6,6,3,Ca IR,8000,9500,1288907012242.306,2.471944798430929e-34,3
6,8,0,Ca IR,8000,9500,8.083522313441691e+54,1550307411.312,104
6,8,1,Ca IR,8000,9500,3.6909346094377166e+53,70787004.20192178,353
6,12,0,Ca IR,8000,9500,2.3680766540155737e+45,0.4541642423836118,211
6,12,1,Ca IR,8000,9500,2.5634004668260463e+53,49162463.93323853,184
6,12,2,Ca IR,8000,9500,6.194418818173043e+50,118800.35744585516,64
6,12,3,Ca IR,8000,9500,1.1005021935963832e+38,2.110610499658755e-08,5
6,14,0,Ca IR,8000,9500,1.7389923602775843e+49,3335.146041312073,174
6,14,1,Ca IR,8000,9500,4.823778182189904e+53,92513371.9732396,290
6,14,2,Ca IR,8000,9500,2.2723600206796417e+49,4358.071202909595,137
6,20,0,Ca IR,8000,9500,5.5980816271825864e+41,0.000107363437610845,419
6,20,1,Ca IR,8000,9500,2.31012842721082e+50,44305.057658245336,1675
6,20,2,Ca IR,8000,9500,6.830767878359272e+52,13100464.941085255,1066
6,22,0,Ca IR,8000,9500,1.946327574992182e+41,3.732786212928238e-05,202
6,22,1,Ca IR,8000,9500,8.316937912064091e+49,15950.732842110461,1366
6,22,2,Ca IR,8000,9500,8.987652272297045e+49,17237.06991550912,914
6,24,0,Ca IR,8000,9500,1.0776494565863314e+44,0.020667821211602697,802
6,24,1,Ca IR,8000,9500,1.3468020768304325e+52,2582979.498687907,7715
6,24,2,Ca IR,8000,9500,1.727870720940419e+51,331381.6280322021,1453
6,25,0,Ca IR,8000,9500,2.478888199300664e+43,0.0047541635912840595,326
6,25,1,Ca IR,8000,9500,1.1342107042941622e+51,217525.87457236645,5131
6,25,2,Ca IR,8000,9500,7.362428165228127e+50,141201.1559716431,17584
6,26,0,Ca IR,8000,9500,4.5295949260507534e+44,0.0868713453344557,101
6,26,1,Ca IR,8000,9500,1.6125591155926302e+52,3092664.622110233,1094
6,26,2,Ca IR,8000,9500,1.2336760169164803e+50,23660.194133480123,715
6,27,0,Ca IR,8000,9500,1.1640450131379396e+40,2.2324768102238003e-06,14
6,27,1,Ca IR,8000,9500,2.9308783140664643e+47,56.21017912445495,142
6,28,0,Ca IR,8000,9500,1.042219325636603e+41,1.9988320463472364e-05,5
7,6,0,5500-5800,5500,5800,4.16462512775217e+50,73486.23561993874,8
7,6,1,5500-5800,5500,5800,4.169576468572561e+52,7357360.372318943,80
7,6,2,5500-5800,5500,5800,3.053562571266712e+39,5.388115657685791e-07,4
7,8,0,5500-5800,5500,5800,1.1245346449287646e+53,19842798.654154636,19
7,8,1,5500-5800,5500,5800,2.0199580165872076e+49,3564.2850483743473,7
7,8,2,5500-5800,5500,5800,1.611487620883481e+31,2.8435250562581992e-15,2
7,12,0,5500-5800,5500,5800,8.63445379563703e+43,0.015235789215394082,65
7,12,1,5500-5800,5500,5800,6.353358668246574e+51,1121071.8798230607,32
7,12,2,5500-5800,5500,5800,2.815567893070587e+49,4968.165903224897,37
7,14,0,5500-5800,5500,5800,3.3836937168660967e+47,59.70643362024235,55
7,14,1,5500-5800,5500,5800,3.5912170695760417e+52,6336825.419858426,82
7,14,2,5500-5800,5500,5800,1.6710462157910514e+48,294.86182352193634,61
7,20,0,5500-5800,5500,5800,3.09323912213659e+41,5.45812628952828e-05,175
7,20,1,5500-5800,5500,5800,7.318657992735722e+48,1291.402249129228,380
7,20,2,5500-5800,5500,5800,1.0257414396460087e+50,18099.55873739025,31
7,20,3,5500-5800,5500,5800,6.1612641681337545e+41,0.00010871761478818662,1
7,22,0,5500-5800,5500,5800,6.840197559342667e+40,1.2069762682436026e-05,115
7,22,1,5500-5800,5500,5800,1.2989304874813095e+49,2292.00729786918,348
7,22,2,5500-5800,5500,5800,3.536438388709836e+49,6240.166562804077,628
7,22,3,5500-5800,5500,5800,3.3542997545615506e+33,5.918776709601636e-13,1
7,24,0,5500-5800,5500,5800,1.9185091414513566e+43,0.0033852750363583383,307
7,24,1,5500-5800,5500,5800,1.4719934778523321e+51,259738.2867035005,2267
7,24,2,5500-5800,5500,5800,5.942210468479553e+50,104852.33729203504,1291
7,25,0,5500-5800,5500,5800,1.7543209586217692e+42,0.00030955593688178855,85
7,25,1,5500-5800,5500,5800,6.525017304894645e+49,11513.616337191725,1494
7,25,2,5500-5800,5500,5800,8.910191121515172e+49,15722.337163339394,5514
7,26,0,5500-5800,5500,5800,1.1198232446736533e+44,0.019759664384292077,50
7,26,1,5500-5800,5500,5800,1.6939571853258304e+51,298904.54250351904,521
7,26,2,5500-5800,5500,5800,3.7470993693433675e+50,66118.85072487053,1094
7,27,0,5500-5800,5500,5800,1.2246051887572966e+38,2.160857764669702e-08,6
7,27,1,5500-5800,5500,5800,2.090594457236576e+46,3.688925465259,52
7,28,0,5500-5800,5500,5800,1.9729257564205089e+40,3.4812950157465188e-06,3
7,28,2,5500-5800,5500,5800,4.542360186046921e+44,0.08015149999410384,49
7,6,0,Si red,5800,6800,9.030003470917348e+51,1593375.0154143176,20
7,6,1,Si red,5800,6800,7.0250347407095906e+53,123959142.14556913,230
7,6,2,Si red,5800,6800,3.9409514383935745e+39,6.953943682437501e-07,2
7,8,0,Si red,5800,6800,2.5666090181910937e+54,452886944.8493474,89
7,8,1,Si red,5800,6800,1.040126917552599e+53,18353395.418128833,291
7,8,2,Si red,5800,6800,4.525820137393308e+31,7.985964517518509e-15,3
7,12,0,Si red,5800,6800,3.348878753757274e+44,0.0590921116816204,286
7,12,1,Si red,5800,6800,8.71317981600286e+52,15374703.972534446,119
7,12,2,Si red,5800,6800,5.096856831018738e+49,8993.578305750118,58
7,12,3,Si red,5800,6800,1.0059342119603716e+38,1.775005342633957e-08,3
7,14,0,Si red,5800,6800,1.5581338249794655e+48,274.9380457482827,209
7,14,1,Si red,5800,6800,7.919451677972126e+52,13974143.50958147,277
7,14,2,Si red,5800,6800,1.4731574792368468e+49,2599.4367873130723,160
7,20,0,Si red,5800,6800,4.415097488675619e+41,7.790590614645203e-05,503
7,20,1,Si red,5800,6800,1.9778756538987317e+50,34900.29279244937,1986
7,20,2,Si red,5800,6800,4.472628060736994e+51,789210.5277890151,656
7,20,3,Si red,5800,6800,2.2857344520424643e+42,0.0004033256664281446,8
7,22,0,Si red,5800,6800,3.955301598718714e+40,6.979265031430232e-06,287
7,22,1,Si red,5800,6800,2.4488149286891824e+49,4321.0177463537,966
7,22,2,Si red,5800,6800,2.8104172855007844e+50,49590.77479901076,2033
7,22,3,Si red,5800,6800,6.16377444734891e+33,1.087619095240195e-12,2
7,24,0,Si red,5800,6800,2.9206194363881156e+43,0.005153532946539955,609
7,24,1,Si red,5800,6800,5.05708736888845e+51,892340.3728808976,7042
7,24,2,Si red,5800,6800,1.821048567806451e+51,321330.25188129337,2831
7,24,3,Si red,5800,6800,1.7514121332852127e+29,3.0904266469641226e-17,1
7,25,0,Si red,5800,6800,7.936403152356611e+42,0.0014004054966255505,221
7,25,1,Si red,5800,6800,7.659248642089316e+50,135150.06347955877,5753
7,25,2,Si red,5800,6800,2.012983647226373e+50,35519.78534956479,14062
7,26,0,Si red,5800,6800,1.6809630675030952e+44,0.02966116859445179,159
7,26,1,Si red,5800,6800,1.6964305060527804e+52,2993409.6841012267,2123
7,26,2,Si red,5800,6800,2.5079666420629625e+50,44253.929689239696,1658
7,27,0,Si red,5800,6800,4.468180896317628e+38,7.88425810407889e-08,5
7,27,1,Si red,5800,6800,6.437455860330729e+47,113.59111171683126,116
7,28,0,Si red,5800,6800,8.396536335503525e+41,0.0001481597571484728,2
7,28,2,Si red,5800,6800,3.6643975159353765e+44,0.06465954821880666,68
7,6,0,OI/cont,6800,8000,4.067789237135407e+52,7177753.31902987,15
7,6,1,OI/cont,6800,8000,6.082295421710503e+53,107324184.23243275,312
7,6,2,OI/cont,6800,8000,5.491919275702514e+40,9.690679509437342e-06,28
7,6,3,OI/cont,6800,8000,4517876390886.815,7.971947504952572e-34,8
7,8,0,OI/cont,6800,8000,1.3777547921605148e+54,243109548.10440335,30
7,8,1,OI/cont,6800,8000,8.877676543790839e+51,1566496.4078213174,57
7,8,2,OI/cont,6800,8000,2.003040410478563e+32,3.53443335343209e-14,8
7,8,3,OI/cont,6800,8000,5.526845562083899e-09,9.752308137023738e-55,3
7,12,0,OI/cont,6800,8000,8.011299187690699e+44,0.14136211583735522,299
7,12,1,OI/cont,6800,8000,6.81460734157292e+52,12024607.867418902,61
7,12,2,OI/cont,6800,8000,9.912479278532792e+49,17490.908917249584,69
7,12,3,OI/cont,6800,8000,2.986810479686464e+38,5.2703293076659165e-08,25
7,14,0,OI/cont,6800,8000,2.4202962938214616e+48,427.0695639149312,201
7,14,1,OI/cont,6800,8000,1.283165211791069e+53,22641889.293858774,328
7,14,2,OI/cont,6800,8000,1.1115235565049877e+49,1961.3213546191366,93
7,20,0,OI/cont,6800,8000,5.351305548595546e+41,9.442561775797347e-05,605
7,20,1,OI/cont,6800,8000,2.345578928189042e+50,41388.54290472422,1880
7,20,2,OI/cont,6800,8000,2.0069530233449025e+52,3541337.2927343203,654
7,20,3,OI/cont,6800,8000,1.6728101012284778e+43,0.002951730671438353,17
7,22,0,OI/cont,6800,8000,1.0139248248572164e+41,1.7891050525495573e-05,209
7,22,1,OI/cont,6800,8000,3.7499792270397565e+49,6616.966679948393,1133
7,22,2,OI/cont,6800,8000,9.338214182689816e+49,16477.59850282097,978
7,24,0,OI/cont,6800,8000,4.4329724199686697e+43,0.00782213154263745,760
7,24,1,OI/cont,6800,8000,5.863942076121088e+51,1034712.6472343331,7337
7,24,2,OI/cont,6800,8000,6.6730746232239005e+50,117748.68542282088,1610
7,24,3,OI/cont,6800,8000,2.8458454056124744e+29,5.021591610278625e-17,1
7,25,0,OI/cont,6800,8000,7.378188574640819e+42,0.0013019066240351905,204
7,25,1,OI/cont,6800,8000,4.481228060723519e+50,79072.8027218027,5635
7,25,2,OI/cont,6800,8000,3.2828701264340123e+50,57927.36686266857,12830
7,25,3,OI/cont,6800,8000,4.523784583255602e+30,7.982372712580681e-16,1
7,26,0,OI/cont,6800,8000,5.866727427562054e+44,0.10352041320282733,217
7,26,1,OI/cont,6800,8000,7.652642203836659e+51,1350334.9061569925,1310
7,26,2,OI/cont,6800,8000,8.073316605664963e+49,14245.643440145053,809
7,27,0,OI/cont,6800,8000,3.397388047439025e+39,5.994807476975026e-07,2
7,27,1,OI/cont,6800,8000,5.668584875906481e+47,100.02412006943878,144
7,28,0,OI/cont,6800,8000,2.3058264048679966e+41,4.0687096026398786e-05,4
7,28,2,OI/cont,6800,8000,6.938149869771204e+42,0.0012242602886364633,13
7,6,0,Ca IR,8000,9500,1.8288076874740727e+53,32269937.510032825,116
7,6,1,Ca IR,8000,9500,2.1179881658116958e+54,373726260.1522252,354
7,6,2,Ca IR,8000,9500,9.156955097089646e+40,1.615776064313207e-05,26
7,6,3,Ca IR,8000,9500,756436419309.6139,1.3347579490519992e-34,3
7,8,0,Ca IR,8000,9500,6.035710342623763e+54,1065021745.6934708,104
7,8,1,Ca IR,8000,9500,3.0440625832769893e+53,53713526.037641495,353
7,12,0,Ca IR,8000,9500,1.2083085876862766e+45,0.21321018543687065,211
7,12,1,Ca IR,8000,9500,1.6693671613143447e+53,29456554.861336954,184
7,12,2,Ca IR,8000,9500,4.377348635521968e+50,77239.8147139372,64
7,12,3,Ca IR,8000,9500,7.472903150049143e+37,1.3186193350033811e-08,5
7,14,0,Ca IR,8000,9500,9.405247909409762e+48,1659.5881807683115,174
7,14,1,Ca IR,8000,9500,3.1456705640469186e+53,55506433.63116489,290
7,14,2,Ca IR,8000,9500,1.5889658324101388e+49,2803.784589744044,137
7,20,0,Ca IR,8000,9500,2.4665443304851992e+41,4.352301882568041e-05,419
7,20,1,Ca IR,8000,9500,1.2896732852372268e+50,22756.72647704466,1675
7,20,2,Ca IR,8000,9500,4.465527689721155e+52,7879576.430239928,1066
7,22,0,Ca IR,8000,9500,9.268477561349135e+40,1.6354545847900604e-05,202
7,22,1,Ca IR,8000,9500,5.006523213156032e+49,8834.181545584976,1366
7,22,2,Ca IR,8000,9500,6.190317104447724e+49,10923.026379210112,914
7,24,0,Ca IR,8000,9500,5.477703264124221e+43,0.009665594870499334,802
7,24,1,Ca IR,8000,9500,8.578874403063944e+51,1513771.747513055,7715
7,24,2,Ca IR,8000,9500,1.2434004028527574e+51,219402.25631612222,1453
7,25,0,Ca IR,8000,9500,1.2921371410362232e+43,0.0022800202055812137,326
7,25,1,Ca IR,8000,9500,7.365128403604435e+50,129960.21121605902,5131
7,25,2,Ca IR,8000,9500,5.363052034734469e+50,94632.8885258414,17584
7,26,0,Ca IR,8000,9500,2.3746356089277872e+44,0.04190125798029533,101
7,26,1,Ca IR,8000,9500,1.0534305843915986e+52,1858814.317235649,1094
7,26,2,Ca IR,8000,9500,8.940010872167714e+49,15774.955133873595,715
7,27,0,Ca IR,8000,9500,6.092563486086887e+39,1.075053677423471e-06,14
7,27,1,Ca IR,8000,9500,1.917361574590043e+47,33.83250115358891,142
7,28,0,Ca IR,8000,9500,5.447075840120504e+40,9.611551732696346e-06,5
8,6,0,5500-5800,5500,5800,3.315352333692759e+50,54003.263373869435,8
8,6,1,5500-5800,5500,5800,3.68513468809468e+52,6002659.1173100285,80
8,6,2,5500-5800,5500,5800,2.6189928537552606e+39,4.266037109186908e-07,4
8,8,0,5500-5800,5500,5800,8.253198124736874e+52,13443507.27002383,19
8,8,1,5500-5800,5500,5800,1.6039651139765298e+49,2612.67406218914,7
8,8,2,5500-5800,5500,5800,1.1836367450782184e+31,1.9280076580051423e-15,2
8,12,0,5500-5800,5500,5800,5.27966287875055e+43,0.008599961520494921,65
8,12,1,5500-5800,5500,5800,4.655210179066981e+51,758280.013879724,32
8,12,2,5500-5800,5500,5800,2.2042081023931513e+49,3590.4006181982318,37
8,14,0,5500-5800,5500,5800,2.1559626750678852e+47,35.118143849356805,55
8,14,1,5500-5800,5500,5800,2.633895369054139e+52,4290311.586757201,82
8,14,2,5500-5800,5500,5800,1.298513062595352e+48,211.51279217325305,61
8,20,0,5500-5800,5500,5800,1.6904276930063627e+41,2.753511625059306e-05,175
8,20,1,5500-5800,5500,5800,4.768107930668103e+48,776.6697546987403,380
8,20,2,5500-5800,5500,5800,7.535070537851435e+49,12273.76030779313,31
8,20,3,5500-5800,5500,5800,4.58643849487112e+41,7.47077900196208e-05,1
8,22,0,5500-5800,5500,5800,3.9508765762243667e+40,6.435521984652766e-06,115
8,22,1,5500-5800,5500,5800,8.929473542113904e+48,1454.5081878150222,348
8,22,2,5500-5800,5500,5800,2.696660778047552e+49,4392.549194452566,628
8,22,3,5500-5800,5500,5800,2.4885913031480316e+33,4.0536280324732e-13,1
8,24,0,5500-5800,5500,5800,1.1658092493386806e+43,0.0018989687248596428,307
8,24,1,5500-5800,5500,5800,1.0580754428460996e+51,172348.27872969204,2267
8,24,2,5500-5800,5500,5800,4.6954484188377745e+50,76483.43587617436,1291
8,25,0,5500-5800,5500,5800,1.0879920778612287e+42,0.00017722135331534983,85
8,25,1,5500-5800,5500,5800,4.766817790221828e+49,7764.596057091401,1494
8,25,2,5500-5800,5500,5800,7.120051320047444e+49,11597.74189802965,5514
8,26,0,5500-5800,5500,5800,6.978034139461071e+43,0.011366412300602584,50
8,26,1,5500-5800,5500,5800,1.2436537227100944e+51,202576.8388200227,521
8,26,2,5500-5800,5500,5800,2.9854379260297282e+50,48629.33841669417,1094
8,27,0,5500-5800,5500,5800,7.623442336005504e+37,1.241770776827981e-08,6
8,27,1,5500-5800,5500,5800,1.53664498401655e+46,2.503017339685002,52
8,28,0,5500-5800,5500,5800,1.2269792591193544e+40,1.9986076113573704e-06,3
8,28,2,5500-5800,5500,5800,3.5147468722504255e+44,0.057251170292120596,49
8,6,0,Si red,5800,6800,7.188556511620093e+51,1170932.894913666,20
8,6,1,Si red,5800,6800,6.2088318569492156e+53,101134705.53563556,230
8,6,2,Si red,5800,6800,3.3800924046130434e+39,5.505780441471771e-07,2
8,8,0,Si red,5800,6800,1.8836887624044113e+54,306831160.3467443,89
8,8,1,Si red,5800,6800,8.25921764790444e+52,13453312.378569897,291
8,8,2,Si red,5800,6800,3.3242123282937744e+31,5.414758246088387e-15,3
8,12,0,Si red,5800,6800,2.0477208240529158e+44,0.033355009014777795,286
8,12,1,Si red,5800,6800,6.384289867691642e+52,10399271.404015686,119
8,12,2,Si red,5800,6800,3.990148186914183e+49,6499.490906255616,58
8,12,3,Si red,5800,6800,7.721413181162568e+37,1.2577290968539086e-08,3
8,14,0,Si red,5800,6800,9.927844097330937e+47,161.71312293849326,209
8,14,1,Si red,5800,6800,5.808339261018635e+52,9461114.334360939,277
8,14,2,Si red,5800,6800,1.1447404697562705e+49,1864.6501144002955,160
8,20,0,Si red,5800,6800,2.4128115439794782e+41,3.93019155028702e-05,503
8,20,1,Si red,5800,6800,1.288586596147894e+50,20989.58853471334,1986
8,20,2,Si red,5800,6800,3.285581202496567e+51,535183.2600459284,656
8,20,3,Si red,5800,6800,1.7014982954506424e+42,0.00027715443588182526,8
8,22,0,Si red,5800,6800,2.2845697514886223e+40,3.721300470294114e-06,287
8,22,1,Si red,5800,6800,1.683433280380082e+49,2742.118534093863,966
8,22,2,Si red,5800,6800,2.1430437153810317e+50,34907.70890541573,2033
8,22,3,Si red,5800,6800,4.5729709944314684e+33,7.448841997986996e-13,2
8,24,0,Si red,5800,6800,1.7747557617389239e+43,0.0028908723169922164,609
8,24,1,Si red,5800,6800,3.635056838128767e+51,592108.8079039895,7042
8,24,2,Si red,5800,6800,1.4389661328373423e+51,234390.97639175638,2831
8,24,3,Si red,5800,6800,1.2951186623756558e+29,2.1095988355115075e-17,1
8,25,0,Si red,5800,6800,4.9219863184331486e+42,0.0008017347682044581,221
8,25,1,Si red,5800,6800,5.595424652660478e+50,91143.01009138794,5753
8,25,2,Si red,5800,6800,1.6085566155881529e+50,26201.530884239728,14062
8,26,0,Si red,5800,6800,1.0474704582175546e+44,0.01706208491224344,159
8,26,1,Si red,5800,6800,1.2454695623051998e+52,2028726.1813404195,2123
8,26,2,Si red,5800,6800,1.998179923300049e+50,32548.04491508107,1658
8,27,0,Si red,5800,6800,2.781542959530096e+38,4.5308124721068194e-08,5
8,27,1,Si red,5800,6800,4.7317088320806496e+47,77.07407616091876,116
8,28,0,Si red,5800,6800,5.221877153044276e+41,8.505835242185001e-05,2
8,28,2,Si red,5800,6800,2.835404763228315e+44,0.04618547134312895,68
8,6,0,OI/cont,6800,8000,3.2382637396192785e+52,5274757.914189083,15
8,6,1,OI/cont,6800,8000,5.3756246013778484e+53,87562720.92019609,312
8,6,2,OI/cont,6800,8000,4.710333258538408e+40,7.672589273678073e-06,28
8,6,3,OI/cont,6800,8000,3206382318421.2993,5.222826758390325e-34,8
8,8,0,OI/cont,6800,8000,1.0111634459894038e+54,164706855.8380729,30
8,8,1,OI/cont,6800,8000,7.049395755990196e+51,1148265.2138312834,57
8,8,2,OI/cont,6800,8000,1.471232047329771e+32,2.3964672149198397e-14,8
8,8,3,OI/cont,6800,8000,2.9310427704000605e-09,4.7743304107194506e-55,3
8,12,0,OI/cont,6800,8000,4.8986258926056896e+44,0.07979296244323605,299
8,12,1,OI/cont,6800,8000,4.993174652862782e+52,8133305.263212689,61
8,12,2,OI/cont,6800,8000,7.760127963640777e+49,12640.35288124699,69
8,12,3,OI/cont,6800,8000,2.292634799898234e+38,3.734437503391955e-08,25
8,14,0,OI/cont,6800,8000,1.5421219852360243e+48,251.19387425883502,201
8,14,1,OI/cont,6800,8000,9.411079429589758e+52,15329562.288254801,328
8,14,2,OI/cont,6800,8000,8.637270734136563e+48,1406.91172261457,93
8,20,0,OI/cont,6800,8000,2.924440929363452e+41,4.7635767735681534e-05,605
8,20,1,OI/cont,6800,8000,1.5281453923119557e+50,24891.72485708885,1880
8,20,2,OI/cont,6800,8000,1.4743025886013675e+52,2401468.7722899327,654
8,20,3,OI/cont,6800,8000,1.245238060488399e+43,0.0020283490915977346,17
8,22,0,OI/cont,6800,8000,5.856397868376377e+40,9.539396259456688e-06,209
8,22,1,OI/cont,6800,8000,2.5779162637300157e+49,4199.12808455353,1133
8,22,2,OI/cont,6800,8000,7.120722364020573e+49,11598.83495121884,978
8,24,0,OI/cont,6800,8000,2.693758469846616e+43,0.004387821669339338,760
8,24,1,OI/cont,6800,8000,4.215027581554355e+51,686579.3487513484,7337
8,24,2,OI/cont,6800,8000,5.272966660236862e+50,85890.54153325263,1610
8,24,3,OI/cont,6800,8000,2.1044204416531388e+29,3.427858035027202e-17,1
8,25,0,OI/cont,6800,8000,4.5757936589219916e+42,0.0007453439792687387,204
8,25,1,OI/cont,6800,8000,3.273738082790117e+50,53325.41525234007,5635
8,25,2,OI/cont,6800,8000,2.623311156684374e+50,42730.71126296918,12830
8,25,3,OI/cont,6800,8000,3.475300562999601e+30,5.660863543814728e-16,1
8,26,0,OI/cont,6800,8000,3.655775540573918e+44,0.05954836454243928,217
8,26,1,OI/cont,6800,8000,5.618345639319813e+51,915163.6651169164,1310
8,26,2,OI/cont,6800,8000,6.432278199129107e+49,10477.438857747622,809
8,27,0,OI/cont,6800,8000,2.1149503619993884e+39,3.4450100600468477e-07,2
8,27,1,OI/cont,6800,8000,4.166567306194699e+47,67.86857291597836,144
8,28,0,OI/cont,6800,8000,1.4340129955198193e+41,2.335841674853039e-05,4
8,28,2,OI/cont,6800,8000,5.368539603902548e+42,0.000874473144878922,13
8,6,0,Ca IR,8000,9500,1.4558673706641552e+53,23714399.298196945,116
8,6,1,Ca IR,8000,9500,1.8719099452033183e+54,304912526.96024454,354
8,6,2,Ca IR,8000,9500,7.853777154298534e+40,1.2792896605075206e-05,26
8,6,3,Ca IR,8000,9500,536850535525.20465,8.74467566169008e-35,3
8,8,0,Ca IR,8000,9500,4.429735758328098e+54,721552832.869463,104
8,8,1,Ca IR,8000,9500,2.4171641926433926e+53,39372815.12635289,353
8,12,0,Ca IR,8000,9500,7.388379331772285e+44,0.12034817262252648,211
8,12,1,Ca IR,8000,9500,1.2231727197758586e+53,19924071.980673347,184
8,12,2,Ca IR,8000,9500,3.4268707755772217e+50,55819.77009230388,64
8,12,3,Ca IR,8000,9500,5.736098066680908e+37,9.343441765909736e-09,5
8,14,0,Ca IR,8000,9500,5.992671068712497e+48,976.1369575950462,174
8,14,1,Ca IR,8000,9500,2.3071195560426598e+53,37580314.995118916,290
8,14,2,Ca IR,8000,9500,1.234731194089402e+49,2011.2346187975816,137
8,20,0,Ca IR,8000,9500,1.347944558324354e+41,2.1956461235444103e-05,419
8,20,1,Ca IR,8000,9500,8.40222541538902e+49,13686.25552773368,1675
8,20,2,Ca IR,8000,9500,3.2803652879998565e+52,5343336.477696137,1066
8,22,0,Ca IR,8000,9500,5.353443460763791e+40,8.720141573813732e-06,202
8,22,1,Ca IR,8000,9500,3.4417250962014357e+49,5606.172983237646,1366
8,22,2,Ca IR,8000,9500,4.720338234234327e+49,7688.88622444451,914
8,24,0,Ca IR,8000,9500,3.328603962563196e+43,0.005421911711488823,802
8,24,1,Ca IR,8000,9500,6.16653298381907e+51,1004457.0570812076,7715
8,24,2,Ca IR,8000,9500,9.825169415534176e+50,160040.6708655871,1453
8,25,0,Ca IR,8000,9500,8.013556276852103e+42,0.0013053158356117977,326
8,25,1,Ca IR,8000,9500,5.38055662706577e+50,87643.05792675939,5131
8,25,2,Ca IR,8000,9500,4.285565281219345e+50,69806.91259737665,17584
8,26,0,Ca IR,8000,9500,1.4797235569714448e+44,0.024102989041481844,101
8,26,1,Ca IR,8000,9500,7.733978634432167e+51,1259775.8641776529,1094
8,26,2,Ca IR,8000,9500,7.122802169392338e+49,11602.222714145766,715
8,27,0,Ca IR,8000,9500,3.79275760392366e+39,6.177964426779282e-07,14
8,27,1,Ca IR,8000,9500,1.4093140044169043e+47,22.956098687778784,142
8,28,0,Ca IR,8000,9500,3.387582658358017e+40,5.5179812003961284e-06,5
9,6,0,5500-5800,5500,5800,2.651198476942387e+50,39987.91788586292,8
9,6,1,5500-5800,5500,5800,3.206554971678314e+52,4836433.711739957,80
9,6,2,5500-5800,5500,5800,2.1174027376476314e+39,3.193669864430704e-07,4
9,8,0,5500-5800,5500,5800,6.126090221413575e+52,9239956.754116572,19
9,8,1,5500-5800,5500,5800,1.2568366521415053e+49,1895.6815673694855,7
9,8,2,5500-5800,5500,5800,8.145968734211413e+30,1.2286531230212807e-15,2
9,12,0,5500-5800,5500,5800,3.2951565321172414e+43,0.004970071081940821,65
9,12,1,5500-5800,5500,5800,3.457769157910132e+51,521533.9038450437,32
9,12,2,5500-5800,5500,5800,1.703071562191434e+49,2568.7358519155964,37
9,14,0,5500-5800,5500,5800,1.4121275067872589e+47,21.29906126488935,55
9,14,1,5500-5800,5500,5800,1.9585237662640834e+52,2954033.3635527,82
9,14,2,5500-5800,5500,5800,9.945276882636407e+47,150.00420330419402,61
9,20,0,5500-5800,5500,5800,9.598230137274138e+40,1.4476971147840381e-05,175
9,20,1,5500-5800,5500,5800,3.202629282297587e+48,483.0512610548659,380
9,20,2,5500-5800,5500,5800,5.608101763604413e+49,8458.67688779038,31
9,20,3,5500-5800,5500,5800,3.3368818130085595e+41,5.033005151968308e-05,1
9,22,0,5500-5800,5500,5800,2.3586086070761114e+40,3.5574796879569354e-06,115
9,22,1,5500-5800,5500,5800,6.293808451408338e+48,949.2925472502668,348
9,22,2,5500-5800,5500,5800,2.0660086041047256e+49,3116.1523036067038,628
9,22,3,5500-5800,5500,5800,1.7769043377127076e+33,2.6800975244009793e-13,1
9,24,0,5500-5800,5500,5800,7.275800039927883e+42,0.00109740593577188,307
9,24,1,5500-5800,5500,5800,7.74040865510427e+50,116748.2662634535,2267
9,24,2,5500-5800,5500,5800,3.6945621429679352e+50,55724.92926580313,1291
9,25,0,5500-5800,5500,5800,6.916817125254709e+41,0.00010432606899925668,85
9,25,1,5500-5800,5500,5800,3.534847716432748e+49,5331.596312123804,1494
9,25,2,5500-5800,5500,5800,5.645705656834816e+49,8515.39468571324,5514
9,26,0,5500-5800,5500,5800,4.45479370563114e+43,0.006719147074370778,50
9,26,1,5500-5800,5500,5800,9.26303405669157e+50,139713.9627434176,521
9,26,2,5500-5800,5500,5800,2.3557282927053463e+50,35531.353216054405,1094
9,27,0,5500-5800,5500,5800,4.85929778595968e+37,7.3292589196117646e-09,6
9,27,1,5500-5800,5500,5800,1.1456524909560928e+46,1.7279829530877513,52
9,28,0,5500-5800,5500,5800,7.811001573263395e+39,1.178130163526004e-06,3
9,28,2,5500-5800,5500,5800,2.6784689501092744e+44,0.04039923731411024,49
9,6,0,Si red,5800,6800,5.74849613458539e+51,867043.3141697835,20
9,6,1,Si red,5800,6800,5.402505564731125e+53,81485769.84305514,230
9,6,2,Si red,5800,6800,2.7327363267782444e+39,4.1217749930571405e-07,2
9,8,0,Si red,5800,6800,1.398203112677633e+54,210890401.996584,89
9,8,1,Si red,5800,6800,6.471766354172804e+52,9761338.64732815,291
9,8,2,Si red,5800,6800,2.2877736606911233e+31,3.4506396288618816e-15,3
9,12,0,Si red,5800,6800,1.2780286931743069e+44,0.01927645435937743,286
9,12,1,Si red,5800,6800,4.7420846214266485e+52,7152466.784309446,119
9,12,2,Si red,5800,6800,3.082970205347327e+49,4650.0313155796175,58
9,12,3,Si red,5800,6800,5.610640117108442e+37,8.462505475969168e-09,3
9,14,0,Si red,5800,6800,6.502608739502001e+47,98.07858090616698,209
9,14,1,Si red,5800,6800,4.3189910346799105e+52,6514316.462784822,277
9,14,2,Si red,5800,6800,8.767536699038309e+48,1322.403964213096,160
9,20,0,Si red,5800,6800,1.3699917821270345e+41,2.0663529858082874e-05,503
9,20,1,Si red,5800,6800,8.655142093272978e+49,13054.515319254107,1986
9,20,2,Si red,5800,6800,2.445348539688719e+51,368830.91725430347,656
9,20,3,Si red,5800,6800,1.23793194290156e+42,0.0001867167671962647,8
9,22,0,Si red,5800,6800,1.3638507241034085e+40,2.057090453179486e-06,287
9,22,1,Si red,5800,6800,1.1865432555982446e+49,1789.6583256794825,966
9,22,2,Si red,5800,6800,1.6418627033079855e+50,24764.147811166447,2033
9,22,3,Si red,5800,6800,3.2651934393408586e+33,4.924877872003166e-13,2
9,24,0,Si red,5800,6800,1.1076227135311564e+43,0.0016706227957810887,609
9,24,1,Si red,5800,6800,2.6592456711747404e+51,401092.9338640487,7042
9,24,2,Si red,5800,6800,1.132234735678286e+51,170774.50078366534,2831
9,24,3,Si red,5800,6800,9.073326310431355e+28,1.3685260858764933e-17,1
9,25,0,Si red,5800,6800,3.1291109512977626e+42,0.0004719625213445249,221
9,25,1,Si red,5800,6800,4.149303566102524e+50,62583.77549921606,5753
9,25,2,Si red,5800,6800,1.2754735571069718e+50,19237.915346875565,14062
9,26,0,Si red,5800,6800,6.687076490087958e+43,0.010086090042210467,159
9,26,1,Si red,5800,6800,9.276558869671098e+51,1399179.5694285256,2123
9,26,2,Si red,5800,6800,1.5767097142407144e+50,23781.447949387228,1658
9,27,0,Si red,5800,6800,1.772997675991941e+38,2.6742051225511552e-08,5
9,27,1,Si red,5800,6800,3.5277465298346086e+47,53.208856215041386,116
9,28,0,Si red,5800,6800,3.3242689601038613e+41,5.013981237665173e-05,2
9,28,2,Si red,5800,6800,2.1607654534838056e+44,0.03259073670869396,68
9,6,0,OI/cont,6800,8000,2.58955279267522e+52,3905811.855852765,15
9,6,1,OI/cont,6800,8000,4.677504962603292e+53,70550615.49786842,312
9,6,2,OI/cont,6800,8000,3.80820914519148e+40,5.743906233898246e-06,28
9,6,3,OI/cont,6800,8000,1997736212123.636,3.0131773348084477e-34,8
9,8,0,OI/cont,6800,8000,7.505549249036148e+53,113205891.4747482,30
9,8,1,OI/cont,6800,8000,5.5237728578857976e+51,833148.3945179394,57
9,8,2,OI/cont,6800,8000,1.0125243499031607e+32,1.5271863239775156e-14,8
9,8,3,OI/cont,6800,8000,1.3247104536238307e-09,1.9980553437533185e-55,3
9,12,0,OI/cont,6800,8000,3.0573427658393e+44,0.04611377553683458,299
9,12,1,OI/cont,6800,8000,3.70880038722289e+52,5593968.411990317,61
9,12,2,OI/cont,6800,8000,5.995828270250078e+49,9043.483187460575,69
9,12,3,OI/cont,6800,8000,1.6659060304620545e+38,2.512679232846742e-08,25
9,14,0,OI/cont,6800,8000,1.0100698399635312e+48,152.34841967030184,201
9,14,1,OI/cont,6800,8000,6.997932775009831e+52,10554953.301746445,328
9,14,2,OI/cont,6800,8000,6.615262598097472e+48,997.7773443473894,93
9,20,0,OI/cont,6800,8000,1.6604943931658977e+41,2.504516882509382e-05,605
9,20,1,OI/cont,6800,8000,1.0264203856519348e+50,15481.45657701253,1880
9,20,2,OI/cont,6800,8000,1.0972742598345262e+52,1655014.2655157968,654
9,20,3,OI/cont,6800,8000,9.059779699556515e+42,0.0013664828561145345,17
9,22,0,OI/cont,6800,8000,3.496173609152576e+40,5.27326431473928e-06,209
9,22,1,OI/cont,6800,8000,1.8170064664132487e+49,2740.5834006366567,1133
9,22,2,OI/cont,6800,8000,5.455440962863303e+49,8228.419228187846,978
9,24,0,OI/cont,6800,8000,1.6811710829695325e+43,0.002535703448932458,760
9,24,1,OI/cont,6800,8000,3.083526434183777e+51,465087.02732521994,7337
9,24,2,OI/cont,6800,8000,4.148976043669375e+50,62578.83549179057,1610
9,24,3,OI/cont,6800,8000,1.474312270849098e+29,2.2236991510656694e-17,1
9,25,0,OI/cont,6800,8000,2.909021911619141e+42,0.00043876658176177,204
9,25,1,OI/cont,6800,8000,2.4276500792389306e+50,36616.14657238826,5635
9,25,2,OI/cont,6800,8000,2.0801033547651687e+50,31374.113582166596,12830
9,25,3,OI/cont,6800,8000,2.5324017916393807e+30,3.8196112354016068e-16,1
9,26,0,OI/cont,6800,8000,2.333855859955244e+44,0.03520145221000681,217
9,26,1,OI/cont,6800,8000,4.184679871007439e+51,631173.5485509834,1310
9,26,2,OI/cont,6800,8000,5.075536693670764e+49,7655.411177184424,809
9,27,0,OI/cont,6800,8000,1.3481014426959305e+39,2.033335876630019e-07,2
9,27,1,OI/cont,6800,8000,3.1064027558279288e+47,46.85374535358292,144
9,28,0,OI/cont,6800,8000,9.128987047527492e+40,1.3769213720228323e-05,4
9,28,2,OI/cont,6800,8000,4.091181288192746e+42,0.0006170711956545286,13
9,6,0,Ca IR,8000,9500,1.1642181485536863e+53,17559854.58293089,116
9,6,1,Ca IR,8000,9500,1.6288094328593412e+54,245672658.68383974,354
9,6,2,Ca IR,8000,9500,6.349619940177256e+40,9.57710571209579e-06,26
9,6,3,Ca IR,8000,9500,334484677374.568,5.045018669578933e-35,3
9,8,0,Ca IR,8000,9500,3.2880539764583654e+54,495935832.6372462,104
9,8,1,Ca IR,8000,9500,1.8940440319344127e+53,28567788.447340712,353
9,12,0,Ca IR,8000,9500,4.611253971316251e+44,0.06955135451364419,211
9,12,1,Ca IR,8000,9500,9.085409127726436e+52,13703485.322532084,184
9,12,2,Ca IR,8000,9500,2.6477564250190306e+50,39936.001557882526,64
9,12,3,Ca IR,8000,9500,4.168042970048968e+37,6.286642116032274e-09,5
9,14,0,Ca IR,8000,9500,3.92512159561884e+48,592.0244803348393,174
9,14,1,Ca IR,8000,9500,1.715538337327671e+53,25875394.377197154,290
9,14,2,Ca IR,8000,9500,9.456773254405098e+48,1426.3612311610173,137
9,20,0,Ca IR,8000,9500,7.653614606889193e+40,1.1543915519418005e-05,419
9,20,1,Ca IR,8000,9500,5.643583061262498e+49,8512.193183517576,1675
9,20,2,Ca IR,8000,9500,2.4414665084401895e+52,3682453.920733461,1066
9,22,0,Ca IR,8000,9500,3.195918065382699e+40,4.820390109602738e-06,202
9,22,1,Ca IR,8000,9500,2.4258494519004706e+49,3658.8987784097008,1366
9,22,2,Ca IR,8000,9500,3.6164205322382065e+49,5454.632255623185,914
9,24,0,Ca IR,8000,9500,2.0773773117222657e+43,0.0031332996786762185,802
9,24,1,Ca IR,8000,9500,4.51116086311832e+51,680416.5426812514,7715
9,24,2,Ca IR,8000,9500,7.730826905742886e+50,116603.74513084185,1453
9,25,0,Ca IR,8000,9500,5.094550265373603e+42,0.0007684089269397532,326
9,25,1,Ca IR,8000,9500,3.989967551378848e+50,60180.51692448302,5131
9,25,2,Ca IR,8000,9500,3.398155303008929e+50,51254.2370561582,17584
9,26,0,Ca IR,8000,9500,9.446590624131883e+43,0.014248253892134273,101
9,26,1,Ca IR,8000,9500,5.76045455228135e+51,868846.9974059869,1094
9,26,2,Ca IR,8000,9500,5.620410475623289e+49,8477.242067642897,715
9,27,0,Ca IR,8000,9500,2.417561229575053e+39,3.64639768667134e-07,14
9,27,1,Ca IR,8000,9500,1.0507203137313226e+47,15.847971395545311,142
9,28,0,Ca IR,8000,9500,2.1565493693011423e+40,3.252714568389424e-06,5
10,6,0,5500-5800,5500,5800,2.0511967293278983e+50,28729.43937858013,8
10,6,1,5500-5800,5500,5800,2.770537569578871e+52,3880465.9744838607,80
10,6,2,5500-5800,5500,5800,1.7955240268690637e+39,2.5148440393438593e-07,4
10,8,0,5500-5800,5500,5800,4.593427143733666e+52,6433638.703639189,19
10,8,1,5500-5800,5500,5800,1.0266854188824445e+49,1437.9945170992996,7
10,8,2,5500-5800,5500,5800,6.236942683310183e+30,8.735576854519983e-16,2
10,12,0,5500-5800,5500,5800,2.0586724282648827e+43,0.0028834145395488114,65
10,12,1,5500-5800,5500,5800,2.5959404298917126e+51,363592.20032208366,32
10,12,2,5500-5800,5500,5800,1.376267720960238e+49,1927.6259313741884,37
10,14,0,5500-5800,5500,5800,9.17807772132292e+46,12.854984787004915,55
10,14,1,5500-5800,5500,5800,1.4717579262477742e+52,2061371.2725612014,82
10,14,2,5500-5800,5500,5800,7.97980741406366e+47,111.76665313336609,61
10,20,0,5500-5800,5500,5800,5.328123594361844e+40,7.462668091127358e-06,175
10,20,1,5500-5800,5500,5800,2.125855818211034e+48,297.7512833540237,380
10,20,2,5500-5800,5500,5800,4.219496869269948e+49,5909.905070564353,31
10,20,3,5500-5800,5500,5800,2.5685304006769073e+41,3.5975310111998086e-05,1
10,22,0,5500-5800,5500,5800,1.3794629252057281e+40,1.932101193320568e-06,115
10,22,1,5500-5800,5500,5800,4.394647197267122e+48,615.5223847568352,348
10,22,2,5500-5800,5500,5800,1.6096485571626267e+49,2254.503431222573,628
10,22,3,5500-5800,5500,5800,1.3620895755376298e+33,1.907767759625203e-13,1
10,24,0,5500-5800,5500,5800,4.493594552377602e+42,0.0006293811336504571,307
10,24,1,5500-5800,5500,5800,5.673778195254286e+50,79467.98294743692,2267
10,24,2,5500-5800,5500,5800,2.9958108100980156e+50,41959.87826414255,1291
10,25,0,5500-5800,5500,5800,4.373793327673151e+41,6.126015533526962e-05,85
10,25,1,5500-5800,5500,5800,2.642250259838401e+49,3700.784404426092,1494
10,25,2,5500-5800,5500,5800,4.646033414738552e+49,6507.320016219248,5514
10,26,0,5500-5800,5500,5800,2.8331323729770386e+43,0.003968137409599255,50
10,26,1,5500-5800,5500,5800,6.965041348629502e+50,97553.65262322803,521
10,26,2,5500-5800,5500,5800,1.9353555139878987e+50,27106.945969699722,1094
10,27,0,5500-5800,5500,5800,3.0882708294558e+37,4.325489033348813e-09,6
10,27,1,5500-5800,5500,5800,8.626283364165847e+45,1.2082131442090451,52
10,28,0,5500-5800,5500,5800,4.959737649555991e+39,6.946699948340365e-07,3
10,28,2,5500-5800,5500,5800,2.1402604004864924e+44,0.02997688156918027,49
10,6,0,Si red,5800,6800,4.447534415987766e+51,622929.8660696311,20
10,6,1,Si red,5800,6800,4.667889610235596e+53,65379322.06391005,230
10,6,2,Si red,5800,6800,2.3173171766460596e+39,3.2456771403496575e-07,2
10,8,0,Si red,5800,6800,1.0483920246189846e+54,146839718.90959054,89
10,8,1,Si red,5800,6800,5.286660075453566e+52,7404593.522468685,291
10,8,2,Si red,5800,6800,1.7516287699695625e+31,2.453363533643432e-15,3
10,12,0,Si red,5800,6800,7.984574958807246e+43,0.01118334282435918,286
10,12,1,Si red,5800,6800,3.560147779838898e+52,4986408.585644635,119
10,12,2,Si red,5800,6800,2.4913764474124593e+49,3489.4677624906,58
10,12,3,Si red,5800,6800,4.494071194626749e+37,6.294478930422129e-09,3
10,14,0,Si red,5800,6800,4.226349824335955e+47,59.19503445713747,209
10,14,1,Si red,5800,6800,3.2455614775655145e+52,4545793.213590281,277
10,14,2,Si red,5800,6800,7.034822175359534e+48,985.310157413842,160
10,20,0,Si red,5800,6800,7.6050328383831675e+40,1.065174913641906e-05,503
10,20,1,Si red,5800,6800,5.745149548881788e+49,8046.7623278415995,1986
10,20,2,Si red,5800,6800,1.839863280380056e+51,257694.64148801615,656
10,20,3,Si red,5800,6800,9.528853604931469e+41,0.00013346287953566697,8
10,22,0,Si red,5800,6800,7.976658372954571e+39,1.117225470832975e-06,287
10,22,1,Si red,5800,6800,8.285029696898736e+48,1160.4165267208678,966
10,22,2,Si red,5800,6800,1.2791921225246094e+50,17916.600593288676,2033
10,22,3,Si red,5800,6800,2.502940564355311e+33,3.505664677780404e-13,2
10,24,0,Si red,5800,6800,6.840769900628874e+42,0.0009581308382220803,609
10,24,1,Si red,5800,6800,1.9492472267579967e+51,273015.1585867568,7042
10,24,2,Si red,5800,6800,9.180955494738629e+50,128590.15449481593,2831
10,24,3,Si red,5800,6800,6.973310694464526e+28,9.766947460484052e-18,1
10,25,0,Si red,5800,6800,1.978667984493106e+42,0.0002771358841307161,221
10,25,1,Si red,5800,6800,3.1015475927621575e+50,43440.84712695413,5753
10,25,2,Si red,5800,6800,1.0496283593460838e+50,14701.2882229744,14062
10,26,0,Si red,5800,6800,4.2528058842980135e+43,0.005956558290819954,159
10,26,1,Si red,5800,6800,6.975210897943299e+51,976960.8920492731,2123
10,26,2,Si red,5800,6800,1.2953505074686178e+50,18142.917910427124,1658
10,27,0,Si red,5800,6800,1.1268082847854243e+38,1.5782284481134096e-08,5
10,27,1,Si red,5800,6800,2.6562453661589747e+47,37.20386208235786,116
10,28,0,Si red,5800,6800,2.1108050950998688e+41,2.9564325134010905e-05,2
10,28,2,Si red,5800,6800,1.7265836643885515e+44,0.02418284897243911,68
10,6,0,OI/cont,6800,8000,2.003502289607253e+52,2806142.226688232,15
10,6,1,OI/cont,6800,8000,4.0414723418888315e+53,56605606.36938427,312
10,6,2,OI/cont,6800,8000,3.2293011140291184e+40,4.523018648780711e-06,28
10,6,3,OI/cont,6800,8000,1426761373577.3848,1.998348271709761e-34,8
10,8,0,OI/cont,6800,8000,5.62776459423368e+53,78823507.97231114,30
10,8,1,OI/cont,6800,8000,4.5122626243807607e+51,631995.8182161128,57
10,8,2,OI/cont,6800,8000,7.752369965870312e+31,1.0858112232256435e-14,8
10,8,3,OI/cont,6800,8000,7.49461685947181e-10,1.0497098481647401e-55,3
10,12,0,OI/cont,6800,8000,1.9100965900834843e+44,0.02675316482686521,299
10,12,1,OI/cont,6800,8000,2.784403594313096e+52,3899886.984245043,61
10,12,2,OI/cont,6800,8000,4.845283716761682e+49,6786.3936609501925,69
10,12,3,OI/cont,6800,8000,1.3343754274357089e+38,1.8689508130866805e-08,25
10,14,0,OI/cont,6800,8000,6.564916730671773e+47,91.9494334904973,201
10,14,1,OI/cont,6800,8000,5.258686775405242e+52,7365413.602938467,328
10,14,2,OI/cont,6800,8000,5.307898628588251e+48,743.4340631366018,93
10,20,0,OI/cont,6800,8000,9.217657034680535e+40,1.2910420302647824e-05,605
10,20,1,OI/cont,6800,8000,6.813219877897273e+49,9542.721312700396,1880
10,20,2,OI/cont,6800,8000,8.255815424302407e+51,1156324.72186595,654
10,20,3,OI/cont,6800,8000,6.973672094417302e+42,0.0009767453643917668,17
10,22,0,OI/cont,6800,8000,2.044782614393745e+40,2.8639602102840918e-06,209
10,22,1,OI/cont,6800,8000,1.268723450465422e+49,1776.9974443296123,1133
10,22,2,OI/cont,6800,8000,4.250390176068059e+49,5953.174805357223,978
10,24,0,OI/cont,6800,8000,1.0383052280971597e+43,0.001454269436011354,760
10,24,1,OI/cont,6800,8000,2.2602482409278484e+51,316574.53373356356,7337
10,24,2,OI/cont,6800,8000,3.3642815579974093e+50,47120.74745976785,1610
10,24,3,OI/cont,6800,8000,1.133083631465199e+29,1.5870178143130737e-17,1
10,25,0,OI/cont,6800,8000,1.8394964615500455e+42,0.0002576432641667235,204
10,25,1,OI/cont,6800,8000,1.814635188623922e+50,25416.114846717555,5635
10,25,2,OI/cont,6800,8000,1.7117841913435575e+50,23975.56482577396,12830
10,25,3,OI/cont,6800,8000,2.0269856664934635e+30,2.8390334770988056e-16,1
10,26,0,OI/cont,6800,8000,1.4842713327764716e+44,0.02078897780338129,217
10,26,1,OI/cont,6800,8000,3.146535806082795e+51,440709.6033299916,1310
10,26,2,OI/cont,6800,8000,4.1698221127457824e+49,5840.329691186951,809
10,27,0,OI/cont,6800,8000,8.567703697135935e+38,1.2000083680962014e-07,2
10,27,1,OI/cont,6800,8000,2.338991153646816e+47,32.760341119376534,144
10,28,0,OI/cont,6800,8000,5.7966165205897445e+40,8.118847916831755e-06,4
10,28,2,OI/cont,6800,8000,3.2691039042931674e+42,0.0004578767170296929,13
10,6,0,Ca IR,8000,9500,9.007399782801688e+52,12615930.121116605,116
10,6,1,Ca IR,8000,9500,1.4073289768237836e+54,197113089.87230152,354
10,6,2,Ca IR,8000,9500,5.384377266245159e+40,7.541458020590818e-06,26
10,6,3,Ca IR,8000,9500,238885301690.66794,3.3458715564570135e-35,3
10,8,0,Ca IR,8000,9500,2.4654283302475112e+54,345312435.1426224,104
10,8,1,Ca IR,8000,9500,1.5472077353847242e+53,21670476.656020433,353
10,12,0,Ca IR,8000,9500,2.880913643388018e+44,0.04035060737434005,211
10,12,1,Ca IR,8000,9500,6.820924069733761e+52,9553511.94575683,184
10,12,2,Ca IR,8000,9500,2.1396762071640777e+50,29968.69924985335,64
10,12,3,Ca IR,8000,9500,3.3385641314875933e+37,4.676054444495077e-09,5
10,14,0,Ca IR,8000,9500,2.55112027044878e+48,357.3146061974287,174
10,14,1,Ca IR,8000,9500,1.2891633939986007e+53,18056260.059025668,290
10,14,2,Ca IR,8000,9500,7.587845991535239e+48,1062.7676922010435,137
10,20,0,Ca IR,8000,9500,4.2486379244809326e+40,5.950720569494393e-06,419
10,20,1,Ca IR,8000,9500,3.7461232096569966e+49,5246.889199740346,1675
10,20,2,Ca IR,8000,9500,1.836942466994343e+52,2572855.4698283677,1066
10,22,0,Ca IR,8000,9500,1.869174253822429e+40,2.6179999044162793e-06,202
10,22,1,Ca IR,8000,9500,1.6938476245493107e+49,2372.4341965963717,1366
10,22,2,Ca IR,8000,9500,2.8175904399648163e+49,3946.3690918208376,914
10,24,0,Ca IR,8000,9500,1.2830054866764213e+43,0.0017970011274312835,802
10,24,1,Ca IR,8000,9500,3.30671509488932e+51,463144.60969322326,7715
10,24,2,Ca IR,8000,9500,6.268698134988208e+50,87800.54125318976,1453
10,25,0,Ca IR,8000,9500,3.2214976274027193e+42,0.0004512088941611757,326
10,25,1,Ca IR,8000,9500,2.982446103793317e+50,41772.68972483595,5131
10,25,2,Ca IR,8000,9500,2.7964516830836306e+50,39167.61759395168,17584
10,26,0,Ca IR,8000,9500,6.007784755028887e+43,0.008414614037324205,101
10,26,1,Ca IR,8000,9500,4.331389034951983e+51,606662.3299729694,1094
10,26,2,Ca IR,8000,9500,4.617464772382997e+49,6467.306249282754,715
10,27,0,Ca IR,8000,9500,1.5364532392503762e+39,2.151984720136049e-07,14
10,27,1,Ca IR,8000,9500,7.911483835004375e+46,11.080970049462309,142
10,28,0,Ca IR,8000,9500,1.3693402823858869e+40,1.9179232332504513e-06,5
11,6,0,5500-5800,5500,5800,1.4428015097563783e+50,18815.181377833534,8
11,6,1,5500-5800,5500,5800,2.243395122978251e+52,2925550.455523867,80
11,6,2,5500-5800,5500,5800,1.4504249282368427e+39,1.8914596301133197e-07,4
11,8,0,5500-5800,5500,5800,3.542531952910052e+52,4619719.398687635,19
11,8,1,5500-5800,5500,5800,8.868200940365608e+48,1156.4779220131752,7
11,8,2,5500-5800,5500,5800,5.107080197574582e+30,6.660004136309291e-16,2
11,12,0,5500-5800,5500,5800,1.2739564294530964e+43,0.0016613318689737554,65
11,12,1,5500-5800,5500,5800,2.0057764919598186e+51,261567.84730555912,32
11,12,2,5500-5800,5500,5800,1.1751969381685906e+49,1532.5423072263252,37
11,14,0,5500-5800,5500,5800,5.934163646257022e+46,7.738581126722326,55
11,14,1,5500-5800,5500,5800,1.1383870031086912e+52,1484539.4738514677,82
11,14,2,5500-5800,5500,5800,6.7605608265283995e+47,88.16263173198811,61
11,20,0,5500-5800,5500,5800,2.8396460060404665e+40,3.7031049864588456e-06,175
11,20,1,5500-5800,5500,5800,1.406916352612329e+48,183.47212820917238,380
11,20,2,5500-5800,5500,5800,3.2680981070817554e+49,4261.837697666426,31
11,20,3,5500-5800,5500,5800,2.078134827828601e+41,2.7100390073607724e-05,1
11,22,0,5500-5800,5500,5800,7.806121136384073e+39,1.017974988556856e-06,115
11,22,1,5500-5800,5500,5800,3.0827024363215134e+48,402.0068254785259,348
11,22,2,5500-5800,5500,5800,1.298580743308232e+49,1693.4437657493074,628
11,22,3,5500-5800,5500,5800,1.0992672334373349e+33,1.4335244480943958e-13,1
11,24,0,5500-5800,5500,5800,2.724482924121965e+42,0.0003552923949103764,307
11,24,1,5500-5800,5500,5800,4.236490334222658e+50,55246.91615917235,2267
11,24,2,5500-5800,5500,5800,2.548161539375907e+50,33229.88035372427,1291
11,25,0,5500-5800,5500,5800,2.737174587272681e+41,3.569474801216985e-05,85
11,25,1,5500-5800,5500,5800,2.027349841728881e+49,2643.8116906941623,1494
11,25,2,5500-5800,5500,5800,4.039317136747902e+49,5267.563421342408,5514
11,26,0,5500-5800,5500,5800,1.7872391559384877e+43,0.0023306898874971946,50
11,26,1,5500-5800,5500,5800,5.388136193940271e+50,70265.21603416812,521
11,26,2,5500-5800,5500,5800,1.6822611853651527e+50,21937.9097634013,1094
11,27,0,5500-5800,5500,5800,1.947501414753565e+37,2.5396835326546727e-09,6
11,27,1,5500-5800,5500,5800,6.686214520862574e+45,0.8719310181646248,52
11,28,0,5500-5800,5500,5800,3.124853575292834e+39,4.075036406652634e-07,3
11,28,2,5500-5800,5500,5800,1.8049019296640254e+44,0.023537234294663693,49
11,6,0,Si red,5800,6800,3.128373440895251e+51,407962.65674812195,20
11,6,1,Si red,5800,6800,3.779743289240126e+53,49290602.392501205,230
11,6,2,Si red,5800,6800,1.871929614609367e+39,2.4411324071431276e-07,2
11,8,0,Si red,5800,6800,8.085384028470738e+53,105439290.1424137,89
11,8,1,Si red,5800,6800,4.566458526659834e+52,5954994.145242261,291
11,8,2,Si red,5800,6800,1.4343098949028097e+31,1.8704444542184132e-15,3
11,12,0,Si red,5800,6800,4.941048641621912e+43,0.0064434869079470275,286
11,12,1,Si red,5800,6800,2.7507798878889055e+52,3587217.103055679,119
11,12,2,Si red,5800,6800,2.127389844456762e+49,2774.271132525622,58
11,12,3,Si red,5800,6800,3.8705330497276236e+37,5.04745669221133e-09,3
11,14,0,Si red,5800,6800,2.7325821643101306e+47,35.63485947558334,209
11,14,1,Si red,5800,6800,2.5104026538320875e+52,3273747.7015269366,277
11,14,2,Si red,5800,6800,5.959961281334948e+48,777.2223119735785,160
11,20,0,Si red,5800,6800,4.0531344183107093e+40,5.285582161757832e-06,503
11,20,1,Si red,5800,6800,3.802207458889264e+49,4958.355150822699,1986
11,20,2,Si red,5800,6800,1.4250167473022975e+51,185832.55136370345,656
11,20,3,Si red,5800,6800,7.70956128861451e+41,0.00010053828818996685,8
11,22,0,Si red,5800,6800,4.5138408858323925e+39,5.8863769134784e-07,287
11,22,1,Si red,5800,6800,5.811679546769634e+48,757.8852949826743,966
11,22,2,Si red,5800,6800,1.0319856778116649e+50,13457.844045804733,2033
11,22,3,Si red,5800,6800,2.0199850281879882e+33,2.6342074380198483e-13,2
11,24,0,Si red,5800,6800,4.1475839809022316e+42,0.0005408751262926612,609
11,24,1,Si red,5800,6800,1.4554617313164934e+51,189802.798777494,7042
11,24,2,Si red,5800,6800,7.809090483136837e+50,101836.22129764946,2831
11,24,3,Si red,5800,6800,5.692865440064831e+28,7.423910710524983e-18,1
11,25,0,Si red,5800,6800,1.2382751808453339e+42,0.0001614800924848532,221
11,25,1,Si red,5800,6800,2.379760205486939e+50,31033.804441712615,5753
11,25,2,Si red,5800,6800,9.125594761487112e+49,11900.439489211487,14062
11,26,0,Si red,5800,6800,2.682818943273081e+43,0.003498591086870573,159
11,26,1,Si red,5800,6800,5.396003328389445e+51,703678.0919101199,2123
11,26,2,Si red,5800,6800,1.1259522420598197e+50,14683.236407696157,1658
11,27,0,Si red,5800,6800,7.105791071964854e+37,9.2664685300048e-09,5
11,27,1,Si red,5800,6800,2.0588503285161276e+47,26.848906172397946,116
11,28,0,Si red,5800,6800,1.3299003524429652e+41,1.7342868146765547e-05,2
11,28,2,Si red,5800,6800,1.4560444079014522e+44,0.018987878404335686,68
11,6,0,OI/cont,6800,8000,1.409253479646912e+52,1837769.0657793179,15
11,6,1,OI/cont,6800,8000,3.2725126852631152e+53,42675946.28791549,312
11,6,2,OI/cont,6800,8000,2.6086305537989905e+40,3.40184402952101e-06,28
11,6,3,OI/cont,6800,8000,970459660916.431,1.26555000230743e-34,8
11,8,0,OI/cont,6800,8000,4.340231220544342e+53,56599772.792077646,30
11,8,1,OI/cont,6800,8000,3.897557217893229e+51,508269.81736058695,57
11,8,2,OI/cont,6800,8000,6.347978031434344e+31,8.278225191496188e-15,8
11,8,3,OI/cont,6800,8000,4.4697709682592384e-10,5.828906534716107e-56,3
11,12,0,OI/cont,6800,8000,1.1820140972423788e+44,0.015414323786316792,299
11,12,1,OI/cont,6800,8000,2.1513942343563724e+52,2805574.603361445,61
11,12,2,OI/cont,6800,8000,4.1373945648624047e+49,5395.463523093576,69
11,12,3,OI/cont,6800,8000,1.1492350630335945e+38,1.4986861332293837e-08,25
11,14,0,OI/cont,6800,8000,4.2446023434024335e+47,55.352702660658544,201
11,14,1,OI/cont,6800,8000,4.067530788710053e+52,5304356.076146919,328
11,14,2,OI/cont,6800,8000,4.496896939689888e+48,586.4280774974824,93
11,20,0,OI/cont,6800,8000,4.9125893046624025e+40,6.406373862031482e-06,605
11,20,1,OI/cont,6800,8000,4.509068949099106e+49,5880.153960802429,1880
11,20,2,OI/cont,6800,8000,6.39432036484654e+51,833865.8965839115,654
11,20,3,OI/cont,6800,8000,5.642226719779432e+42,0.0007357874135121618,17
11,22,0,OI/cont,6800,8000,1.1571040072098502e+40,1.5089478089295495e-06,209
11,22,1,OI/cont,6800,8000,8.899683401662295e+48,1160.5834640126275,1133
11,22,2,OI/cont,6800,8000,3.428993745018354e+49,4471.657315279004,978
11,24,0,OI/cont,6800,8000,6.295282832049246e+42,0.0008209506817730477,760
11,24,1,OI/cont,6800,8000,1.6876796194895032e+51,220085.70086490863,7337
11,24,2,OI/cont,6800,8000,2.8615735161995002e+50,37317.00055012397,1610
11,24,3,OI/cont,6800,8000,9.250258491123656e+28,1.2063010062397595e-17,1
11,25,0,OI/cont,6800,8000,1.1511799005398878e+42,0.00015012223428315972,204
11,25,1,OI/cont,6800,8000,1.3923360774604925e+50,18157.075425256455,5635
11,25,2,OI/cont,6800,8000,1.4882456928901102e+50,19407.80658819461,12830
11,25,3,OI/cont,6800,8000,1.740629815734241e+30,2.269907916871718e-16,1
11,26,0,OI/cont,6800,8000,9.363303562083912e+43,0.012210429059370118,217
11,26,1,OI/cont,6800,8000,2.4341511577127574e+51,317431.0203013464,1310
11,26,2,OI/cont,6800,8000,3.624517479837768e+49,4726.634490546854,809
11,27,0,OI/cont,6800,8000,5.402898901292875e+38,7.045773247845298e-08,2
11,27,1,OI/cont,6800,8000,1.8129472399026308e+47,23.642150993431123,144
11,28,0,OI/cont,6800,8000,3.652124192614895e+40,4.7626356524970585e-06,4
11,28,2,OI/cont,6800,8000,2.756866381207511e+42,0.00035951543331576817,13
11,6,0,Ca IR,8000,9500,6.335759910198292e+52,8262291.872491588,116
11,6,1,Ca IR,8000,9500,1.1395604223884788e+54,148606969.79628342,354
11,6,2,Ca IR,8000,9500,4.3495018129118195e+40,5.6720668061242914e-06,26
11,6,3,Ca IR,8000,9500,162485860053.36728,2.118933829472912e-35,3
11,8,0,Ca IR,8000,9500,1.901381770999933e+54,247954016.1827997,104
11,8,1,Ca IR,8000,9500,1.3364316704541414e+53,17428041.28540285,353
11,12,0,Ca IR,8000,9500,1.782779235930527e+44,0.023248738273314012,211
11,12,1,Ca IR,8000,9500,5.270247727944039e+52,6872786.466942759,184
11,12,2,Ca IR,8000,9500,1.8270725157871049e+50,23826.354867616974,64
11,12,3,Ca IR,8000,9500,2.8753489319456923e+37,3.749664199357064e-09,5
11,14,0,Ca IR,8000,9500,1.6494483513639766e+48,215.10006535494978,174
11,14,1,Ca IR,8000,9500,9.971523349312182e+52,13003591.912118973,290
11,14,2,Ca IR,8000,9500,6.428487769979962e+48,838.3215747936176,137
11,20,0,Ca IR,8000,9500,2.264329552364548e+40,2.9528504744995286e-06,419
11,20,1,Ca IR,8000,9500,2.4792283453175433e+49,3233.094135179565,1675
11,20,2,Ca IR,8000,9500,1.422754509648679e+52,1855375.391150693,1066
11,22,0,Ca IR,8000,9500,1.0577305401790444e+40,1.379357578139974e-06,202
11,22,1,Ca IR,8000,9500,1.188179156270546e+49,1549.4720641348918,1366
11,22,2,Ca IR,8000,9500,2.2730854332061586e+49,2964.2687801391885,914
11,24,0,Ca IR,8000,9500,7.77890951055027e+42,0.001014426394573646,802
11,24,1,Ca IR,8000,9500,2.4690543153844445e+51,321982.64599490975,7715
11,24,2,Ca IR,8000,9500,5.33199741308491e+50,69533.12548880791,1453
11,25,0,Ca IR,8000,9500,2.0160535210695502e+42,0.0002629080466705953,326
11,25,1,Ca IR,8000,9500,2.288375831916882e+50,29842.085724901288,5131
11,25,2,Ca IR,8000,9500,2.431268610710772e+50,31705.511520070893,17584
11,26,0,Ca IR,8000,9500,3.789921098305477e+43,0.004942332842743991,101
11,26,1,Ca IR,8000,9500,3.3507502484321925e+51,436962.21032314986,1094
11,26,2,Ca IR,8000,9500,4.013620084386949e+49,5234.05259550964,715
11,27,0,Ca IR,8000,9500,9.689062334180338e+38,1.2635242198320155e-07,14
11,27,1,Ca IR,8000,9500,6.132174873702514e+46,7.996802173348723,142
11,28,0,Ca IR,8000,9500,8.627448021548286e+39,1.1250819898342879e-06,5
12,6,0,5500-5800,5500,5800,9.749994954233548e+49,11867.457453653564,8
12,6,1,5500-5800,5500,5800,1.7836094128560222e+52,2170966.1307890182,80
12,6,2,5500-5800,5500,5800,1.1909859406169453e+39,1.449639209508929e-07,4
12,8,0,5500-5800,5500,5800,2.775041939801375e+52,3377713.763677114,19
12,8,1,5500-5800,5500,5800,7.971501180446222e+48,970.2717954701892,7
12,8,2,5500-5800,5500,5800,4.52617499461803e+30,5.509150458903249e-16,2
12,12,0,5500-5800,5500,5800,7.898592945024008e+42,0.0009613975818325873,65
12,12,1,5500-5800,5500,5800,1.575338783702697e+51,191746.41708470252,32
12,12,2,5500-5800,5500,5800,1.0463385224099794e+49,1273.5778792816106,37
12,14,0,5500-5800,5500,5800,3.829189905860872e+46,4.660797108416131,55
12,14,1,5500-5800,5500,5800,8.950187207468176e+51,1089395.085694305,82
12,14,2,5500-5800,5500,5800,5.976703502317193e+47,72.74698588028883,61
12,20,0,5500-5800,5500,5800,1.485028157272564e+40,1.807540266085717e-06,175
12,20,1,5500-5800,5500,5800,9.274129009698366e+47,112.88244964116652,380
12,20,2,5500-5800,5500,5800,2.5728166971184073e+49,3131.570101566517,31
12,20,3,5500-5800,5500,5800,1.7619606390359454e+41,2.1446157682052946e-05,1
12,22,0,5500-5800,5500,5800,4.3327198410018555e+39,5.273681536559541e-07,115
12,22,1,5500-5800,5500,5800,2.153266279542699e+48,262.09035059822423,348
12,22,2,5500-5800,5500,5800,1.0662431400329968e+49,1297.8052972322048,628
12,22,3,5500-5800,5500,5800,9.345391864809027e+32,1.1374984383472394e-13,1
12,24,0,5500-5800,5500,5800,1.6349040829054687e+42,0.00019899656087781392,307
12,24,1,5500-5800,5500,5800,3.1803305407142184e+50,38710.21221820516,2267
12,24,2,5500-5800,5500,5800,2.2291358934055958e+50,27132.50160392776,1291
12,25,0,5500-5800,5500,5800,1.7076093221559938e+41,2.078460663135953e-05,85
12,25,1,5500-5800,5500,5800,1.575845216042885e+49,1918.080588012218,1494
12,25,2,5500-5800,5500,5800,3.641132010272946e+49,4431.8975976790225,5514
12,26,0,5500-5800,5500,5800,1.1265890187410048e+43,0.0013712568376106605,50
12,26,1,5500-5800,5500,5800,4.232537627504911e+50,51517.42175373349,521
12,26,2,5500-5800,5500,5800,1.5208112231886136e+50,18510.94546299535,1094
12,27,0,5500-5800,5500,5800,1.2281780250920635e+37,1.4949085129488765e-09,6
12,27,1,5500-5800,5500,5800,5.2656106801237506e+45,0.6409173646468285,52
12,28,0,5500-5800,5500,5800,1.969424123156174e+39,2.397135290783559e-07,3
12,28,2,5500-5800,5500,5800,1.5888997992961345e+44,0.019339703102182637,49
12,6,0,Si red,5800,6800,2.1140555410728147e+51,257317.7145845447,20
12,6,1,Si red,5800,6800,3.0050817351863476e+53,36577126.24927083,230
12,6,2,Si red,5800,6800,1.5370956534333657e+39,1.8709155599506929e-07,2
12,8,0,Si red,5800,6800,6.333684516232844e+53,77092072.22576082,89
12,8,1,Si red,5800,6800,4.104725386863738e+52,4996172.215082587,291
12,8,2,Si red,5800,6800,1.2711642131497003e+31,1.5472302587819089e-15,3
12,12,0,Si red,5800,6800,3.0634746243629035e+43,0.0037287870338012933,286
12,12,1,Si red,5800,6800,2.1604651665782708e+52,2629665.816733102,119
12,12,2,Si red,5800,6800,1.8941250390830687e+49,2305.483071399728,58
12,12,3,Si red,5800,6800,3.5948574278407285e+37,4.3755732979457725e-09,3
12,14,0,Si red,5800,6800,1.7632772980758143e+47,21.462183736640622,209
12,14,1,Si red,5800,6800,1.9737201546192323e+52,2402364.3161160555,277
12,14,2,Si red,5800,6800,5.268929956824464e+48,641.3213789587079,160
12,20,0,Si red,5800,6800,2.119636998273152e+40,2.5799707602181018e-06,503
12,20,1,Si red,5800,6800,2.506343922288093e+49,3050.6610517846493,1986
12,20,2,Si red,5800,6800,1.1218472521336077e+51,136548.52742680552,656
12,20,3,Si red,5800,6800,6.536603570119454e+41,7.95619537486116e-05,8
12,22,0,Si red,5800,6800,2.505368239036914e+39,3.0494734737883564e-07,287
12,22,1,Si red,5800,6800,4.059455576419402e+48,494.107089945064,966
12,22,2,Si red,5800,6800,8.47346347348238e+49,10313.694286885364,2033
12,22,3,Si red,5800,6800,1.7172850309051074e+33,2.0902377012219258e-13,2
12,24,0,Si red,5800,6800,2.488876668865781e+42,0.00030294003344412553,609
12,24,1,Si red,5800,6800,1.0926141758319321e+51,132990.34825975983,7042
12,24,2,Si red,5800,6800,6.831405160865823e+50,83150.20723168938,2831
12,24,3,Si red,5800,6800,4.96577209493491e+28,6.044217390655334e-18,1
12,25,0,Si red,5800,6800,7.72508356623597e+41,9.402784409484906e-05,221
12,25,1,Si red,5800,6800,1.8497713901946941e+50,22514.96885399855,5753
12,25,2,Si red,5800,6800,8.226017931729335e+49,10012.509573187084,14062
12,26,0,Si red,5800,6800,1.6911191491743614e+43,0.002058389224414035,159
12,26,1,Si red,5800,6800,4.238717490332843e+51,515926.4154566586,2123
12,26,2,Si red,5800,6800,1.0178923590436822e+50,12389.538989560999,1658
12,27,0,Si red,5800,6800,4.481216999057708e+37,5.454428676787659e-09,5
12,27,1,Si red,5800,6800,1.6214113748196383e+47,19.73542611648932,116
12,28,0,Si red,5800,6800,8.381633802632273e+40,1.020192143808779e-05,2
12,28,2,Si red,5800,6800,1.2817918965334183e+44,0.015601660173109334,68
12,6,0,OI/cont,6800,8000,9.523288008004335e+51,1159151.5255585583,15
12,6,1,OI/cont,6800,8000,2.601808468486457e+53,31668581.82722599,312
12,6,2,OI/cont,6800,8000,2.1420221435487297e+40,2.607217416282926e-06,28
12,6,3,OI/cont,6800,8000,705342059322.2882,8.585252524305189e-35,8
12,8,0,OI/cont,6800,8000,3.399919556280057e+53,41382996.472709544,30
12,8,1,OI/cont,6800,8000,3.503459401993621e+51,426432.5836979908,57
12,8,2,OI/cont,6800,8000,5.625926815464526e+31,6.847741709948649e-15,8
12,8,3,OI/cont,6800,8000,3.0728524787313027e-10,3.740201530757029e-56,3
12,12,0,OI/cont,6800,8000,7.32854593261528e+43,0.00892012841654794,299
12,12,1,OI/cont,6800,8000,1.68970709847359e+52,2056670.5105385443,61
12,12,2,OI/cont,6800,8000,3.683736040336896e+49,4483.754190068188,69
12,12,3,OI/cont,6800,8000,1.0673817145088209e+38,1.2991911424775699e-08,25
12,14,0,OI/cont,6800,8000,2.7389518416806446e+47,33.337857713082585,201
12,14,1,OI/cont,6800,8000,3.1979600901697713e+52,3892479.481960437,328
12,14,2,OI/cont,6800,8000,3.9755014973817446e+48,483.88840300505217,93
12,20,0,OI/cont,6800,8000,2.5690996085502043e+40,3.1270457514882174e-06,605
12,20,1,OI/cont,6800,8000,2.9722937735370017e+49,3617.803913005475,1880
12,20,2,OI/cont,6800,8000,5.0339413513175454e+51,612719.1356648706,654
12,20,3,OI/cont,6800,8000,4.78380000356175e+42,0.000582272537324812,17
12,22,0,OI/cont,6800,8000,6.422405446379181e+39,7.817196187565551e-07,209
12,22,1,OI/cont,6800,8000,6.216424894474185e+48,756.648165412354,1133
12,22,2,OI/cont,6800,8000,2.815489969863238e+49,3426.946125139499,978
12,24,0,OI/cont,6800,8000,3.7776649337888356e+42,0.0004598082161717613,760
12,24,1,OI/cont,6800,8000,1.266939993570943e+51,154208.86411337863,7337
12,24,2,OI/cont,6800,8000,2.503309204698798e+50,30469.672671166707,1610
12,24,3,OI/cont,6800,8000,8.068814548624472e+28,9.821165426926032e-18,1
12,25,0,OI/cont,6800,8000,7.181732355622991e+41,8.741430490369203e-05,204
12,25,1,OI/cont,6800,8000,1.0822533445529781e+50,13172.92529980225,5635
12,25,2,OI/cont,6800,8000,1.3415383957437508e+50,16328.880074977586,12830
12,25,3,OI/cont,6800,8000,1.6058698821050075e+30,1.9546258835456974e-16,1
12,26,0,OI/cont,6800,8000,5.902173157482748e+43,0.007183982059407004,217
12,26,1,OI/cont,6800,8000,1.9120965015028155e+51,232735.7499709424,1310
12,26,2,OI/cont,6800,8000,3.2766653061570243e+49,3988.2775625229065,809
12,27,0,OI/cont,6800,8000,3.407300067713503e+38,4.147283026835125e-08,2
12,27,1,OI/cont,6800,8000,1.4277547211722755e+47,17.37828428352961,144
12,28,0,OI/cont,6800,8000,2.3017339252524853e+40,2.8016147244983044e-06,4
12,28,2,OI/cont,6800,8000,2.4269376456383234e+42,0.0002954009657182131,13
12,6,0,Ca IR,8000,9500,4.281505580493827e+52,5211344.780443021,116
12,6,1,Ca IR,8000,9500,9.060065590193318e+53,110276921.60214257,354
12,6,2,Ca IR,8000,9500,3.571501983327749e+40,4.3471456171756815e-06,26
12,6,3,Ca IR,8000,9500,118096728546.72568,1.4374447453794752e-35,3
12,8,0,Ca IR,8000,9500,1.4894471604594171e+54,181291896.9618765,104
12,8,1,Ca IR,8000,9500,1.2012996446798711e+53,14621928.000216298,353
12,12,0,Ca IR,8000,9500,1.1053319540528756e+44,0.013453832538847122,211
12,12,1,Ca IR,8000,9500,4.1392576285701056e+52,5038204.022396667,184
12,12,2,Ca IR,8000,9500,1.6267370126778787e+50,19800.248489211466,64
12,12,3,Ca IR,8000,9500,2.6705545031752857e+37,3.2505341892853327e-09,5
12,14,0,Ca IR,8000,9500,1.0643540275916806e+48,129.55059153732682,174
12,14,1,Ca IR,8000,9500,7.839776848845752e+52,9542386.292150542,290
12,14,2,Ca IR,8000,9500,5.6831328576585045e+48,691.7371517452721,137
12,20,0,Ca IR,8000,9500,1.1841592703642848e+40,1.441329952001222e-06,419
12,20,1,Ca IR,8000,9500,1.6342608767240236e+49,1989.1827138096742,1675
12,20,2,Ca IR,8000,9500,1.1200663010674609e+52,1363317.5438124246,1066
12,22,0,Ca IR,8000,9500,5.870841635427413e+39,7.145846090445455e-07,202
12,22,1,Ca IR,8000,9500,8.29942611751329e+48,1010.1860237021294,1366
12,22,2,Ca IR,8000,9500,1.8663928002586416e+49,2271.7280627163086,914
12,24,0,Ca IR,8000,9500,4.6679576541847655e+42,0.0005681724874374457,802
12,24,1,Ca IR,8000,9500,1.853517469983843e+51,225605.65228893503,7715
12,24,2,Ca IR,8000,9500,4.66444008097085e+50,56774.433695478176,1453
12,25,0,Ca IR,8000,9500,1.2577318971728486e+42,0.0001530880769463445,326
12,25,1,Ca IR,8000,9500,1.778738939382631e+50,21650.379085698343,5131
12,25,2,Ca IR,8000,9500,2.1916006256339966e+50,26675.631425653944,17584
12,26,0,Ca IR,8000,9500,2.388982737457857e+43,0.0029078118632239473,101
12,26,1,Ca IR,8000,9500,2.6321117351878682e+51,320374.25841990905,1094
12,26,2,Ca IR,8000,9500,3.628424957463412e+49,4416.430881102621,715
12,27,0,Ca IR,8000,9500,6.110338792279291e+38,7.437356222763682e-08,14
12,27,1,Ca IR,8000,9500,4.829286497853623e+46,5.878090431205435,142
12,28,0,Ca IR,8000,9500,5.4374081362583337e+39,6.618281344563843e-07,5
13,6,0,5500-5800,5500,5800,6.662135643706241e+49,7586.062703455578,8
13,6,1,5500-5800,5500,5800,1.4267227799881479e+52,1624585.425495396,80
13,6,2,5500-5800,5500,5800,9.830403183170957e+38,1.1193716089859975e-07,4
13,8,0,5500-5800,5500,5800,2.1907014833121285e+52,2494515.2284101015,19
13,8,1,5500-5800,5500,5800,7.190797501278856e+48,818.8041140244069,7
13,8,2,5500-5800,5500,5800,4.0277418880612953e+30,4.586322487299212e-16,2
13,12,0,5500-5800,5500,5800,4.972813625013286e+42,0.0005662459906169455,65
13,12,1,5500-5800,5500,5800,1.2472439773169545e+51,142021.5907397839,32
13,12,2,5500-5800,5500,5800,9.355342347213712e+48,1065.2772242081635,37
13,14,0,5500-5800,5500,5800,2.505973378028992e+46,2.853510074787749,55
13,14,1,5500-5800,5500,5800,7.093405779651386e+51,807714.2811753647,82
13,14,2,5500-5800,5500,5800,5.307277466714149e+47,60.43308302370807,61
13,20,0,5500-5800,5500,5800,7.925111784947774e+39,9.024192563431918e-07,175
13,20,1,5500-5800,5500,5800,6.194049693951693e+47,70.53061042224147,380
13,20,2,5500-5800,5500,5800,2.041031966700833e+49,2324.0890469975698,31
13,20,3,5500-5800,5500,5800,1.5020463169478253e+41,1.710355080300005e-05,1
13,22,0,5500-5800,5500,5800,2.4386914596368047e+39,2.776897276876002e-07,115
13,22,1,5500-5800,5500,5800,1.514443259184364e+48,172.44712715886564,348
13,22,2,5500-5800,5500,5800,8.771603758795911e+48,998.8078850804394,628
13,22,3,5500-5800,5500,5800,7.952442425489881e+32,9.05531350782066e-14,1
13,24,0,5500-5800,5500,5800,9.922523502186257e+41,0.00011298611960146342,307
13,24,1,5500-5800,5500,5800,2.3980548441932872e+50,27306.250408698255,2267
13,24,2,5500-5800,5500,5800,1.949537733109277e+50,22199.060897373318,1291
13,25,0,5500-5800,5500,5800,1.0796600814703815e+41,1.2293909212415635e-05,85
13,25,1,5500-5800,5500,5800,1.2330059926488198e+49,1404.0033518090995,1494
13,25,2,5500-5800,5500,5800,3.288987085601173e+49,3745.114719451407,5514
13,26,0,5500-5800,5500,5800,7.204440097933349e+42,0.0008203575737435392,50
13,26,1,5500-5800,5500,5800,3.3501689090291355e+50,38147.814410040875,521
13,26,2,5500-5800,5500,5800,1.3794166505395328e+50,15707.187251687517,1094
13,27,0,5500-5800,5500,5800,7.860271058463127e+36,8.950359510015356e-10,6
13,27,1,5500-5800,5500,5800,4.179585433117449e+45,0.4759224198629447,52
13,28,0,5500-5800,5500,5800,1.2597428411945372e+39,1.434448155158641e-07,3
13,28,2,5500-5800,5500,5800,1.4051352988835993e+44,0.01600004120936778,49
13,6,0,Si red,5800,6800,1.444526365302416e+51,164485.80710498212,20
13,6,1,Si red,5800,6800,2.4037878116214917e+53,27371530.752289448,230
13,6,2,Si red,5800,6800,1.2687194272438092e+39,1.4446696439235947e-07,2
13,8,0,Si red,5800,6800,5.0000008524323335e+53,56934175.48427736,89
13,8,1,Si red,5800,6800,3.702721531008218e+52,4216227.229506997,291
13,8,2,Si red,5800,6800,1.1311806003955893e+31,1.2880564765504565e-15,3
13,12,0,Si red,5800,6800,1.9287091331262417e+43,0.0021961889104502707,286
13,12,1,Si red,5800,6800,1.710506460638474e+52,1947725.1678788387,119
13,12,2,Si red,5800,6800,1.6935425590790285e+49,1928.4086562063733,58
13,12,3,Si red,5800,6800,3.348807537567166e+37,3.81323127003407e-09,3
13,14,0,Si red,5800,6800,1.153958428726055e+47,13.139932096349442,209
13,14,1,Si red,5800,6800,1.56425755435689e+52,1781193.9783777664,277
13,14,2,Si red,5800,6800,4.6787787319059737e+48,532.7647279197028,160
13,20,0,Si red,5800,6800,1.1311812555580174e+40,1.2880572225729825e-06,503
13,20,1,Si red,5800,6800,1.67394898092874e+49,1906.097775674608,1986
13,20,2,Si red,5800,6800,8.89968611415151e+50,101339.2409186486,656
13,20,3,Si red,5800,6800,5.5723613231326176e+41,6.345154866897615e-05,8
13,22,0,Si red,5800,6800,1.4101581343814394e+39,1.6057235399149481e-07,287
13,22,1,Si red,5800,6800,2.8551114147259046e+48,325.10677320003106,966
13,22,2,Si red,5800,6800,6.970817561528954e+49,7937.553653093961,2033
13,22,3,Si red,5800,6800,1.4613202457409796e+33,1.6639809825086466e-13,2
13,24,0,Si red,5800,6800,1.510543492984333e+42,0.0001720030672882114,609
13,24,1,Si red,5800,6800,8.238605024368331e+50,93811.62084699539,7042
13,24,2,Si red,5800,6800,5.97454922809505e+50,68031.19523996538,2831
13,24,3,Si red,5800,6800,4.331258832829317e+28,4.931932168294924e-18,1
13,25,0,Si red,5800,6800,4.884293054782184e+41,5.5616630097638444e-05,221
13,25,1,Si red,5800,6800,1.4473370772211222e+50,16480.585818164847,5753
13,25,2,Si red,5800,6800,7.430454778087909e+49,8460.934882797992,14062
13,26,0,Si red,5800,6800,1.0814561837563606e+43,0.001231436112947639,159
13,26,1,Si red,5800,6800,3.3550604389174136e+51,382035.1344475411,2123
13,26,2,Si red,5800,6800,9.232557250451596e+49,10512.958900999753,1658
13,27,0,Si red,5800,6800,2.8679539582012915e+37,3.265691321985029e-09,5
13,27,1,Si red,5800,6800,1.2869974206159559e+47,14.654824900182913,116
13,28,0,Si red,5800,6800,5.361315044450105e+40,6.104839990551772e-06,2
13,28,2,Si red,5800,6800,1.1335460174643639e+44,0.012907499375010002,68
13,6,0,OI/cont,6800,8000,6.507227622292993e+51,740967.1524026607,15
13,6,1,OI/cont,6800,8000,2.0812064482277707e+53,23698350.588233843,312
13,6,2,OI/cont,6800,8000,1.7680260177929853e+40,2.0132217279288193e-06,28
13,6,3,OI/cont,6800,8000,517347652481.34595,5.890951402222888e-35,8
13,8,0,OI/cont,6800,8000,2.683998648185382e+53,30562244.796620823,30
13,8,1,OI/cont,6800,8000,3.160341639976705e+51,359862.8296896629,57
13,8,2,OI/cont,6800,8000,5.006386434629236e+31,5.700688704335457e-15,8
13,8,3,OI/cont,6800,8000,2.138320322304217e-10,2.4348696743209686e-56,3
13,12,0,OI/cont,6800,8000,4.613922165491994e+43,0.005253796189117215,299
13,12,1,OI/cont,6800,8000,1.3377928759218703e+52,1523322.427481179,61
13,12,2,OI/cont,6800,8000,3.293638821090627e+49,3750.4115730416256,69
13,12,3,OI/cont,6800,8000,9.943248105824103e+37,1.1322210720530259e-08,25
13,14,0,OI/cont,6800,8000,1.7924784530664533e+47,20.41065307999417,201
13,14,1,OI/cont,6800,8000,2.5345200118022656e+52,2886015.6503806473,328
13,14,2,OI/cont,6800,8000,3.5302218869921e+48,401.98047629265886,93
13,20,0,OI/cont,6800,8000,1.3710448172121064e+40,1.5611858582382e-06,605
13,20,1,OI/cont,6800,8000,1.9851497988715353e+49,2260.4569548532786,1880
13,20,2,OI/cont,6800,8000,3.993457920280066e+51,454728.3905195685,654
13,20,3,OI/cont,6800,8000,4.0781212798808325e+42,0.000464368866021195,17
13,22,0,OI/cont,6800,8000,3.6148806955374764e+39,4.1162043357320124e-07,209
13,22,1,OI/cont,6800,8000,4.372159108747894e+48,497.8504630085023,1133
13,22,2,OI/cont,6800,8000,2.3162036382940097e+49,2637.422438354224,978
13,24,0,OI/cont,6800,8000,2.2927320006620814e+42,0.0002610695676193984,760
13,24,1,OI/cont,6800,8000,9.553068619725026e+50,108779.1984963724,7337
13,24,2,OI/cont,6800,8000,2.1893217755980487e+50,24929.441782557355,1610
13,24,3,OI/cont,6800,8000,7.0378027054118205e+28,8.013828518823462e-18,1
13,25,0,OI/cont,6800,8000,4.540751587359901e+41,5.170478072608654e-05,204
13,25,1,OI/cont,6800,8000,8.467994482027449e+49,9642.364032900288,5635
13,25,2,OI/cont,6800,8000,1.211794146982481e+50,13798.497770567024,12830
13,25,3,OI/cont,6800,8000,1.483687844017579e+30,1.6894505934752572e-16,1
13,26,0,OI/cont,6800,8000,3.7743890854034766e+43,0.004297833877963541,217
13,26,1,OI/cont,6800,8000,1.513476503733854e+51,172337.04432869382,1310
13,26,2,OI/cont,6800,8000,2.972023491568915e+49,3384.1935632883833,809
13,27,0,OI/cont,6800,8000,2.18065309446815e+38,2.4830732956852496e-08,2
13,27,1,OI/cont,6800,8000,1.1332821959666917e+47,12.90449528363316,144
13,28,0,OI/cont,6800,8000,1.4723049243575683e+40,1.6764890527760948e-06,4
13,28,2,OI/cont,6800,8000,2.1462497229759458e+42,0.00024438987505682205,13
13,6,0,Ca IR,8000,9500,2.9255369946781055e+52,3331260.164880198,116
13,6,1,Ca IR,8000,9500,7.247215602555807e+53,82522834.9086345,354
13,6,2,Ca IR,8000,9500,2.9479193051951095e+40,3.356746528429492e-06,26
13,6,3,Ca IR,8000,9500,86620476507.63802,9.86332913847104e-36,3
13,8,0,Ca IR,8000,9500,1.1758143388517682e+54,133888016.98413733,104
13,8,1,Ca IR,8000,9500,1.083648147031655e+53,12339320.649575269,353
13,12,0,Ca IR,8000,9500,6.958973376061213e+43,0.0079240668767155,211
13,12,1,Ca IR,8000,9500,3.2771770753100686e+52,3731666.857776388,184
13,12,2,Ca IR,8000,9500,1.4544701677840227e+50,16561.809130288057,64
13,12,3,Ca IR,8000,9500,2.48776849408715e+37,2.8327804771815503e-09,5
13,14,0,Ca IR,8000,9500,6.965553873053579e+47,79.3155997884877,174
13,14,1,Ca IR,8000,9500,6.213358125557098e+52,7075047.231142766,290
13,14,2,Ca IR,8000,9500,5.046588465380598e+48,574.646608600348,137
13,20,0,Ca IR,8000,9500,6.319472491387037e+39,7.195877889054065e-07,419
13,20,1,Ca IR,8000,9500,1.0914979803196519e+49,1242.8705391524609,1675
13,20,2,Ca IR,8000,9500,8.885557715260104e+51,1011783.6319771702,1066
13,22,0,Ca IR,8000,9500,3.304430446138987e+39,3.7626998164319236e-07,202
13,22,1,Ca IR,8000,9500,5.8371832867024736e+48,664.6703218407243,1366
13,22,2,Ca IR,8000,9500,1.5354150931870652e+49,1748.351549064131,914
13,24,0,Ca IR,8000,9500,2.833066478648992e+42,0.0003225965531097044,802
13,24,1,Ca IR,8000,9500,1.397602070221747e+51,159142.61591472628,7715
13,24,2,Ca IR,8000,9500,4.079384289033733e+50,46451.26827661751,1453
13,25,0,Ca IR,8000,9500,7.952187335537901e+41,9.055023041148373e-05,326
13,25,1,Ca IR,8000,9500,1.3917583715004309e+50,15847.720369121673,5131
13,25,2,Ca IR,8000,9500,1.9796442793529277e+50,22541.879116339755,17584
13,26,0,Ca IR,8000,9500,1.527733959829119e+43,0.001739605170664881,101
13,26,1,Ca IR,8000,9500,2.083388188450758e+51,237231.9370014176,1094
13,26,2,Ca IR,8000,9500,3.29107894868388e+49,3747.496689042112,715
13,27,0,Ca IR,8000,9500,3.910582845899495e+38,4.4529154407231124e-08,14
13,27,1,Ca IR,8000,9500,3.8332525370647825e+46,4.364860708266275,142
13,28,0,Ca IR,8000,9500,3.478040049254127e+39,3.9603861749193376e-07,5
14,6,0,5500-5800,5500,5800,4.883321950312538e+49,5213.168702317198,8
14,6,1,5500-5800,5500,5800,1.144494165215888e+52,1221799.6730087104,80
14,6,2,5500-5800,5500,5800,7.130966711950424e+38,7.612631904727579e-08,4
14,8,0,5500-5800,5500,5800,1.7457536143476808e+52,1863671.5327958236,19
14,8,1,5500-5800,5500,5800,6.045902524090714e+48,645.4276440617039,7
14,8,2,5500-5800,5500,5800,2.8609895986238977e+30,3.054236764431758e-16,2
14,12,0,5500-5800,5500,5800,3.25333623882681e+42,0.00034730846810705995,65
14,12,1,5500-5800,5500,5800,9.950987579274285e+50,106231.32681657362,32
14,12,2,5500-5800,5500,5800,7.736192839857769e+48,825.8738374858893,37
14,14,0,5500-5800,5500,5800,1.7378824349332595e+46,1.8552686901016289,55
14,14,1,5500-5800,5500,5800,5.666719911398412e+51,604948.1723196481,82
14,14,2,5500-5800,5500,5800,4.342365836687024e+47,46.35673401050162,61
14,20,0,5500-5800,5500,5800,4.674147329589556e+39,4.989865263148637e-07,175
14,20,1,5500-5800,5500,5800,4.422758508766084e+47,47.21496241780821,380
14,20,2,5500-5800,5500,5800,1.6303446074653898e+49,1740.4671590588507,31
14,20,3,5500-5800,5500,5800,1.153613242681073e+41,1.231534703735584e-05,1
14,22,0,5500-5800,5500,5800,1.5054924476803474e+39,1.6071817892981221e-07,115
14,22,1,5500-5800,5500,5800,1.129224883147059e+48,120.54990186185205,348
14,22,2,5500-5800,5500,5800,7.148735927342075e+48,763.1601351855381,628
14,22,3,5500-5800,5500,5800,5.882334223790037e+32,6.279659826661422e-14,1
14,24,0,5500-5800,5500,5800,6.4428867065639215e+41,6.878075144950234e-05,307
14,24,1,5500-5800,5500,5800,1.864403911031017e+50,19903.361310926102,2267
14,24,2,5500-5800,5500,5800,1.6356953573219106e+50,17461.793283505267,1291
14,25,0,5500-5800,5500,5800,7.204473230551376e+40,7.691103462836144e-06,85
14,25,1,5500-5800,5500,5800,9.793243425236727e+48,1045.4733609228915,1494
14,25,2,5500-5800,5500,5800,2.7992243528332524e+49,2988.299550067648,5514
14,26,0,5500-5800,5500,5800,4.8411248389333224e+42,0.0005168121363106594,50
14,26,1,5500-5800,5500,5800,2.6802601244437713e+50,28612.998153694956,521
14,26,2,5500-5800,5500,5800,1.1693683804232365e+50,12483.540311962455,1094
14,27,0,5500-5800,5500,5800,5.2738189422652405e+36,5.630042035165251e-10,6
14,27,1,5500-5800,5500,5800,3.34897046523229e+45,0.35751785755629456,52
14,28,0,5500-5800,5500,5800,8.43937793435556e+38,9.009420505562405e-08,3
14,28,2,5500-5800,5500,5800,1.1425180413137197e+44,0.012196900706962874,49
14,6,0,Si red,5800,6800,1.0588327354382994e+51,113035.21933512024,20
14,6,1,Si red,5800,6800,1.928280085946844e+53,20585268.584874354,230
14,6,2,Si red,5800,6800,9.2032807138253e+38,9.824921531721431e-08,2
14,8,0,Si red,5800,6800,3.984463253605041e+53,42535960.84914562,89
14,8,1,Si red,5800,6800,3.11318646455366e+52,3323468.410771066,291
14,8,2,Si red,5800,6800,8.035013220409383e+30,8.577742747570074e-16,3
14,12,0,Si red,5800,6800,1.261808664091866e+43,0.001347038246277289,286
14,12,1,Si red,5800,6800,1.3647072147582221e+52,1456887.1379345993,119
14,12,2,Si red,5800,6800,1.4004374541615362e+49,1495.0307966322891,58
14,12,3,Si red,5800,6800,2.541006141049404e+37,2.7126398426519373e-09,3
14,14,0,Si red,5800,6800,8.002655181850037e+46,8.543199066935795,209
14,14,1,Si red,5800,6800,1.2496408220798576e+52,1334048.5204723617,277
14,14,2,Si red,5800,6800,3.8281339255897276e+48,408.6707403734827,160
14,20,0,Si red,5800,6800,6.671587718157482e+39,7.122223896140298e-07,503
14,20,1,Si red,5800,6800,1.195255521742452e+49,1275.989734164623,1986
14,20,2,Si red,5800,6800,7.108930923700851e+50,75891.0769665725,656
14,20,3,Si red,5800,6800,4.279728090164417e+41,4.568804752397079e-05,8
14,22,0,Si red,5800,6800,8.705416230319032e+38,9.293428509180886e-08,287
14,22,1,Si red,5800,6800,2.1288766245373118e+48,227.2672804098509,966
14,22,2,Si red,5800,6800,5.681120045473837e+49,6064.854522498885,2033
14,22,3,Si red,5800,6800,1.0809225183305753e+33,1.1539340431630144e-13,2
14,24,0,Si red,5800,6800,9.808251488133091e+41,0.00010470755400249416,609
14,24,1,Si red,5800,6800,6.405227747841306e+50,68378.72490492437,7042
14,24,2,Si red,5800,6800,5.012748544702572e+50,53513.37489463917,2831
14,24,3,Si red,5800,6800,3.1211951285495454e+28,3.3320180245207904e-18,1
14,25,0,Si red,5800,6800,3.25924419799081e+41,3.479391696688597e-05,221
14,25,1,Si red,5800,6800,1.1495584287589197e+50,12272.06005106296,5753
14,25,2,Si red,5800,6800,6.323986511989623e+49,6751.143769267644,14062
14,26,0,Si red,5800,6800,7.26699691056185e+42,0.0007757850340289808,159
14,26,1,Si red,5800,6800,2.684173530860906e+51,286547.75550436013,2123
14,26,2,Si red,5800,6800,7.826685660857175e+49,8355.3435847997,1658
14,27,0,Si red,5800,6800,1.924242789823569e+37,2.054216860906691e-09,5
14,27,1,Si red,5800,6800,1.0312305895989703e+47,11.008856449092805,116
14,28,0,Si red,5800,6800,3.591698432860832e+40,3.83430174149248e-06,2
14,28,2,Si red,5800,6800,9.216883076251275e+43,0.009839442673435653,68
14,6,0,OI/cont,6800,8000,4.76977491649292e+51,509195.20696699293,15
14,6,1,OI/cont,6800,8000,1.6695104823560423e+53,17822785.151923027,312
14,6,2,OI/cont,6800,8000,1.2825246781665791e+40,1.3691535352772585e-06,28
14,6,3,OI/cont,6800,8000,270720134170.26907,2.890060792435023e-35,8
14,8,0,OI/cont,6800,8000,2.1388584326376345e+53,22833288.390907973,30
14,8,1,OI/cont,6800,8000,2.657162504538059e+51,283664.20536213124,57
14,8,2,OI/cont,6800,8000,3.556141360155611e+31,3.796342946135764e-15,8
14,8,3,OI/cont,6800,8000,9.031165863454833e-11,9.641181086122118e-57,3
14,12,0,OI/cont,6800,8000,3.0185406725516024e+43,0.003222429715044774,299
14,12,1,OI/cont,6800,8000,1.0673421186268167e+52,1139436.347655541,61
14,12,2,OI/cont,6800,8000,2.7236015657286586e+49,2907.56877889856,69
14,12,3,OI/cont,6800,8000,7.544731733741852e+37,8.054344919692447e-09,25
14,14,0,OI/cont,6800,8000,1.2430765808975372e+47,13.270408938947316,201
14,14,1,OI/cont,6800,8000,2.0247558736761698e+52,2161519.158040761,328
14,14,2,OI/cont,6800,8000,2.888395229784384e+48,308.34935244993494,93
14,20,0,OI/cont,6800,8000,8.086277701837869e+39,8.632469917484889e-07,605
14,20,1,OI/cont,6800,8000,1.4174633071974904e+49,1513.2066705722834,1880
14,20,2,OI/cont,6800,8000,3.1899121090164036e+51,340537.65324243373,654
14,20,3,OI/cont,6800,8000,3.132110282251324e+42,0.00033436704484727793,17
14,22,0,OI/cont,6800,8000,2.2315966068162047e+39,2.382331065865303e-07,209
14,22,1,OI/cont,6800,8000,3.260043470585487e+48,348.02449566042014,1133
14,22,2,OI/cont,6800,8000,1.887673978376987e+49,2015.1779883412526,978
14,24,0,OI/cont,6800,8000,1.48871529762814e+42,0.00015892714171260295,760
14,24,1,OI/cont,6800,8000,7.4271772975044784e+50,79288.50202357252,7337
14,24,2,OI/cont,6800,8000,1.8368782523219628e+50,19609.512361475776,1610
14,24,3,OI/cont,6800,8000,5.071586891396897e+28,5.414150105671478e-18,1
14,25,0,OI/cont,6800,8000,3.0300021107722623e+41,3.234665322613442e-05,204
14,25,1,OI/cont,6800,8000,6.725768713248725e+49,7180.064577288095,5635
14,25,2,OI/cont,6800,8000,1.0313460036691332e+50,11010.088546883002,12830
14,25,3,OI/cont,6800,8000,1.1268018594788935e+30,1.2029123304418285e-16,1
14,26,0,OI/cont,6800,8000,2.5362538246916844e+43,0.002707566528389299,217
14,26,1,OI/cont,6800,8000,1.2108376718880074e+51,129262.43894833082,1310
14,26,2,OI/cont,6800,8000,2.519463786055084e+49,2689.642397066068,809
14,27,0,OI/cont,6800,8000,1.4631008918875685e+38,1.5619268718157095e-08,2
14,27,1,OI/cont,6800,8000,9.080634105462468e+46,9.693990688605188,144
14,28,0,OI/cont,6800,8000,9.863392182077497e+39,1.0529620603653962e-06,4
14,28,2,OI/cont,6800,8000,1.7451195138381643e+42,0.00018629946016075936,13
14,6,0,Ca IR,8000,9500,2.144408307876372e+52,2289253.5838016183,116
14,6,1,Ca IR,8000,9500,5.81360029259193e+53,62062832.23079866,354
14,6,2,Ca IR,8000,9500,2.138418337800212e+40,2.2828590177978645e-06,26
14,6,3,Ca IR,8000,9500,45327173921.768074,4.8388823603638564e-36,3
14,8,0,Ca IR,8000,9500,9.36997645497937e+53,100028768.3129744,104
14,8,1,Ca IR,8000,9500,9.111132758501016e+52,9726549.390468623,353
14,12,0,Ca IR,8000,9500,4.552730501600169e+43,0.00486024726661896,211
14,12,1,Ca IR,8000,9500,2.6146567122853827e+52,2791265.183512499,184
14,12,2,Ca IR,8000,9500,1.202741843129735e+50,12839.817233778624,64
14,12,3,Ca IR,8000,9500,1.8876674607514351e+37,2.0151710304789843e-09,5
14,14,0,Ca IR,8000,9500,4.830583529615256e+47,51.56868035069341,174
14,14,1,Ca IR,8000,9500,4.963674897571407e+52,5298949.134992147,290
14,14,2,Ca IR,8000,9500,4.129072482327747e+48,440.7973026044809,137
14,20,0,Ca IR,8000,9500,3.727158211967863e+39,3.978911228241225e-07,419
14,20,1,Ca IR,8000,9500,7.793660397128529e+48,832.0087610893469,1675
14,20,2,Ca IR,8000,9500,7.097645378290234e+51,757705.9862678283,1066
14,22,0,Ca IR,8000,9500,2.03994443859993e+39,2.1777336432005182e-07,202
14,22,1,Ca IR,8000,9500,4.3524196597398805e+48,464.6406315285815,1366
14,22,2,Ca IR,8000,9500,1.2513420968249912e+49,1335.8647087854845,914
14,24,0,Ca IR,8000,9500,1.8395649403176208e+42,0.00019638193980083698,802
14,24,1,Ca IR,8000,9500,1.086586811013088e+51,115998.09337087728,7715
14,24,2,Ca IR,8000,9500,3.422672887516971e+50,36538.59269780715,1453
14,25,0,Ca IR,8000,9500,5.306422064358242e+41,5.6648473536395294e-05,326
14,25,1,Ca IR,8000,9500,1.1054146210542193e+50,11800.804788623169,5131
14,25,2,Ca IR,8000,9500,1.6848556508390363e+50,17986.601817875613,17584
14,26,0,Ca IR,8000,9500,1.0265823186360168e+43,0.001095923403846635,101
14,26,1,Ca IR,8000,9500,1.6667882834779035e+51,177937.2443846323,1094
14,26,2,Ca IR,8000,9500,2.7899356286312873e+49,2978.3834137188983,715
14,27,0,Ca IR,8000,9500,2.6237906726889266e+38,2.801016102454248e-08,14
14,27,1,Ca IR,8000,9500,3.071464799041461e+46,3.278928631688341,142
14,28,0,Ca IR,8000,9500,2.3300385988815807e+39,2.487422378142211e-07,5
15,6,0,5500-5800,5500,5800,3.402248806412719e+49,3412.0186672952414,8
15,6,1,5500-5800,5500,5800,9.267035684342464e+51,929364.68038052,80
15,6,2,5500-5800,5500,5800,5.974977504281103e+38,5.992135185072408e-08,4
15,8,0,5500-5800,5500,5800,1.397712671339941e+52,1401726.3279328956,19
15,8,1,5500-5800,5500,5800,5.501825588788088e+48,551.7624571655258,7
15,8,2,5500-5800,5500,5800,2.584970215037323e+30,2.592393187554435e-16,2
15,12,0,5500-5800,5500,5800,2.105462317778193e+42,0.00021115083406026599,65
15,12,1,5500-5800,5500,5800,7.994012519683336e+50,80169.68039592181,32
15,12,2,5500-5800,5500,5800,6.987679131158551e+48,700.7744874990822,37
15,14,0,5500-5800,5500,5800,1.165530223955491e+46,1.1688771479432245,55
15,14,1,5500-5800,5500,5800,4.556743068235797e+51,456982.81623565307,82
15,14,2,5500-5800,5500,5800,3.897694191366991e+47,39.08886767859485,61
15,20,0,5500-5800,5500,5800,2.5836543663616842e+39,2.591073560301968e-07,175
15,20,1,5500-5800,5500,5800,3.021196325643761e+47,30.298719603429912,380
15,20,2,5500-5800,5500,5800,1.3117316434247678e+49,1315.498397827711,31
15,20,3,5500-5800,5500,5800,9.970025310197893e+40,9.998655127068508e-06,1
15,22,0,5500-5800,5500,5800,8.69884592158815e+38,8.723825433472239e-08,115
15,22,1,5500-5800,5500,5800,8.05191511830096e+47,80.7503691068587,348
15,22,2,5500-5800,5500,5800,5.919572839286868e+48,593.6571420641291,628
15,22,3,5500-5800,5500,5800,5.051755135857163e+32,5.0662617012785003e-14,1
15,24,0,5500-5800,5500,5800,3.9940603307106135e+41,4.005529631166799e-05,307
15,24,1,5500-5800,5500,5800,1.4187576351685557e+50,14228.317242520725,2267
15,24,2,5500-5800,5500,5800,1.4343226644265337e+50,14384.414498797563,1291
15,25,0,5500-5800,5500,5800,4.665336960838906e+40,4.678733892007366e-06,85
15,25,1,5500-5800,5500,5800,7.756646617402153e+48,777.8920519952746,1494
15,25,2,5500-5800,5500,5800,2.543842376320035e+49,2551.14724658022,5514
15,26,0,5500-5800,5500,5800,3.175885811909042e+42,0.0003185005651264308,50
15,26,1,5500-5800,5500,5800,2.1509683226786787e+50,21571.45020054742,521
15,26,2,5500-5800,5500,5800,1.069427935891928e+50,10724.988935884534,1094
15,27,0,5500-5800,5500,5800,3.464438050512537e+36,3.474386493355938e-10,6
15,27,1,5500-5800,5500,5800,2.6962752368103957e+45,0.2704017831624443,52
15,28,0,5500-5800,5500,5800,5.541925732350557e+38,5.5578398663563603e-08,3
15,28,2,5500-5800,5500,5800,1.0215934472246299e+44,0.01024527043920753,49
15,6,0,Si red,5800,6800,7.3769709369768476e+50,73981.54566949127,20
15,6,1,Si red,5800,6800,1.5613395776906918e+53,15658231.035385555,230
15,6,2,Si red,5800,6800,7.711352114228266e+38,7.733495949573335e-08,2
15,8,0,Si red,5800,6800,3.1901035359638072e+53,31992642.027817264,89
15,8,1,Si red,5800,6800,2.833027638983657e+52,2841162.9305170225,291
15,8,2,Si red,5800,6800,7.259820120345643e+30,7.280667341299686e-16,3
15,12,0,Si red,5800,6800,8.166049862246941e+42,0.0008189499402728379,286
15,12,1,Si red,5800,6800,1.0963219955375538e+52,1099470.1819249406,119
15,12,2,Si red,5800,6800,1.2649384232667717e+49,1268.5708067647042,58
15,12,3,Si red,5800,6800,2.3962496930722754e+37,2.4031307377792287e-09,3
15,14,0,Si red,5800,6800,5.367069888532729e+46,5.3824819083882165,209
15,14,1,Si red,5800,6800,1.0048656441168026e+52,1007751.2054344062,277
15,14,2,Si red,5800,6800,3.436121212884677e+48,344.59883414033476,160
15,20,0,Si red,5800,6800,3.687747844288892e+39,3.6983375411213566e-07,503
15,20,1,Si red,5800,6800,8.164817462532405e+48,818.8263464068149,1986
15,20,2,Si red,5800,6800,5.7196555874382705e+50,57360.800885740755,656
15,20,3,Si red,5800,6800,3.698726384289641e+41,3.709347606978856e-05,8
15,22,0,Si red,5800,6800,5.030053427867923e+38,5.044497674899269e-08,287
15,22,1,Si red,5800,6800,1.5179911578230036e+48,152.235020481712,966
15,22,2,Si red,5800,6800,4.704300768656143e+49,4717.809587873799,2033
15,22,3,Si red,5800,6800,9.28297453986193e+32,9.309631429169822e-14,2
15,24,0,Si red,5800,6800,6.0803099552371526e+41,6.0977701075556186e-05,609
15,24,1,Si red,5800,6800,4.874193686505393e+50,48881.903683888195,7042
15,24,2,Si red,5800,6800,4.3956222144628994e+50,44082.446356822074,2831
15,24,3,Si red,5800,6800,2.7448477822262963e+28,2.7527298574365237e-18,1
15,25,0,Si red,5800,6800,2.1105599166925577e+41,2.1166205777269448e-05,221
15,25,1,Si red,5800,6800,9.104969733480784e+49,9131.115466111514,5753
15,25,2,Si red,5800,6800,5.747029479860288e+49,5763.532587569566,14062
15,26,0,Si red,5800,6800,4.7673119680436524e+42,0.00047810017295401024,159
15,26,1,Si red,5800,6800,2.1541089183097723e+51,216029.46341862893,2123
15,26,2,Si red,5800,6800,7.15777545493064e+49,7178.329645526931,1658
15,27,0,Si red,5800,6800,1.2640593111878378e+37,1.2676891702370305e-09,5
15,27,1,Si red,5800,6800,8.30249633743554e+46,8.326337696139674,116
15,28,0,Si red,5800,6800,2.358577388374132e+40,2.365350253698281e-06,2
15,28,2,Si red,5800,6800,8.241364262140709e+43,0.008265030074638474,68
15,6,0,OI/cont,6800,8000,3.323139694989138e+51,333268.23870027374,15
15,6,1,OI/cont,6800,8000,1.3518123277158726e+53,13556941.773784164,312
15,6,2,OI/cont,6800,8000,1.0746167259326206e+40,1.0777025837025183e-06,28
15,6,3,OI/cont,6800,8000,204579094914.1046,2.0516656203085868e-35,8
15,8,0,OI/cont,6800,8000,1.7124464236707128e+53,17173638.6630351,30
15,8,1,OI/cont,6800,8000,2.4180417402998785e+51,242498.53628140036,57
15,8,2,OI/cont,6800,8000,3.213055895374824e+31,3.222282471939834e-15,8
15,8,3,OI/cont,6800,8000,6.542829843525415e-11,6.561618162953664e-57,3
15,12,0,OI/cont,6800,8000,1.9535096203367166e+43,0.00195911929743834,299
15,12,1,OI/cont,6800,8000,8.574371328589642e+51,859899.3400578474,61
15,12,2,OI/cont,6800,8000,2.4600800699253e+49,2467.144409252199,69
15,12,3,OI/cont,6800,8000,7.114922238568516e+37,7.135353372332091e-09,25
15,14,0,OI/cont,6800,8000,8.33683163258953e+46,8.360771588155947,201
15,14,1,OI/cont,6800,8000,1.6281539296984193e+52,1632829.3189170163,328
15,14,2,OI/cont,6800,8000,2.592614655906556e+48,260.0059580117406,93
15,20,0,OI/cont,6800,8000,4.46972361348334e+39,4.482558823478785e-07,605
15,20,1,OI/cont,6800,8000,9.68272386329019e+48,971.0528668432578,1880
15,20,2,OI/cont,6800,8000,2.5665179214140357e+51,257388.7906524312,654
15,20,3,OI/cont,6800,8000,2.706905367677876e+42,0.0002714678487860774,17
15,22,0,OI/cont,6800,8000,1.2894329076006632e+39,1.2931356291949396e-07,209
15,22,1,OI/cont,6800,8000,2.3245673823596685e+48,233.12425849183109,1133
15,22,2,OI/cont,6800,8000,1.5631048237619843e+49,1567.593418671378,978
15,24,0,OI/cont,6800,8000,9.228811532446909e+41,9.255312887848395e-05,760
15,24,1,OI/cont,6800,8000,5.651867836276885e+50,56680.97678839473,7337
15,24,2,OI/cont,6800,8000,1.610737658026548e+50,16153.630348677416,1610
15,24,3,OI/cont,6800,8000,4.4600652820087685e+28,4.472872757243991e-18,1
15,25,0,OI/cont,6800,8000,1.9621116473665996e+41,1.967746025956025e-05,204
15,25,1,OI/cont,6800,8000,5.327082037459811e+49,5342.379228634562,5635
15,25,2,OI/cont,6800,8000,9.372530880300412e+49,9399.444938627097,12830
15,25,3,OI/cont,6800,8000,1.0511098376114649e+30,1.0541281932550495e-16,1
15,26,0,OI/cont,6800,8000,1.6638390467561552e+43,0.0016686169089710167,217
15,26,1,OI/cont,6800,8000,9.717241443785627e+50,97451.45369238911,1310
15,26,2,OI/cont,6800,8000,2.3041370036875423e+49,2310.753538591712,809
15,27,0,OI/cont,6800,8000,9.611293935352536e+37,9.63889362308626e-09,2
15,27,1,OI/cont,6800,8000,7.310870348746458e+46,7.331864164984349,144
15,28,0,OI/cont,6800,8000,6.477039820624487e+39,6.49563921813439e-07,4
15,28,2,OI/cont,6800,8000,1.560415324305034e+42,0.000156489619607687,13
15,6,0,Ca IR,8000,9500,1.494026132245277e+52,1498316.3615310888,116
15,6,1,Ca IR,8000,9500,4.707305900138922e+53,47208233.488596484,354
15,6,2,Ca IR,8000,9500,1.791762881417764e+40,1.7969080883329447e-06,26
15,6,3,Ca IR,8000,9500,34253057107.66708,3.4351417816064497e-36,3
15,8,0,Ca IR,8000,9500,7.501937681037095e+53,75234801.641603,104
15,8,1,Ca IR,8000,9500,8.291212627697035e+52,8315021.5842223,353
15,12,0,Ca IR,8000,9500,2.946391584035975e+43,0.0029548524102481002,211
15,12,1,Ca IR,8000,9500,2.1004546861476178e+52,2106486.329111244,184
15,12,2,Ca IR,8000,9500,1.0863708094385268e+50,10894.904201075182,64
15,12,3,Ca IR,8000,9500,1.7801305161663529e+37,1.7852423197072632e-09,5
15,14,0,Ca IR,8000,9500,3.2396846817341767e+47,32.48987725234148,174
15,14,1,Ca IR,8000,9500,3.9914079990064144e+52,4002869.6830555587,290
15,14,2,Ca IR,8000,9500,3.7062427338873956e+48,371.6885540444838,137
15,20,0,Ca IR,8000,9500,2.0602021950637087e+39,2.066118249409206e-07,419
15,20,1,Ca IR,8000,9500,5.323867018389209e+48,533.9154977349964,1675
15,20,2,Ca IR,8000,9500,5.710575539600146e+51,572697.3966568765,1066
15,22,0,Ca IR,8000,9500,1.1786948773687343e+39,1.1820796048328543e-07,202
15,22,1,Ca IR,8000,9500,3.103484007701051e+48,311.2395938818265,1366
15,22,2,Ca IR,8000,9500,1.036184685559591e+49,1039.1601822979355,914
15,24,0,Ca IR,8000,9500,1.1403791015606852e+42,0.00011436538018573197,802
15,24,1,Ca IR,8000,9500,8.268612425007e+50,82923.56483034605,7715
15,24,2,Ca IR,8000,9500,3.001302946486048e+50,30099.214555728046,1453
15,25,0,Ca IR,8000,9500,3.436232767397892e+41,3.446100216255297e-05,326
15,25,1,Ca IR,8000,9500,8.755332844205118e+49,8780.474563325377,5131
15,25,2,Ca IR,8000,9500,1.531141009918875e+50,15355.378178860752,17584
15,26,0,Ca IR,8000,9500,6.734608854315723e+42,0.0006753947884277568,101
15,26,1,Ca IR,8000,9500,1.3376346443675759e+51,134147.5781547926,1094
15,26,2,Ca IR,8000,9500,2.551492883293646e+49,2558.819722666928,715
15,27,0,Ca IR,8000,9500,1.7236011214179137e+38,1.728550595760141e-08,14
15,27,1,Ca IR,8000,9500,2.4728538410134625e+46,2.4799548613632902,142
15,28,0,Ca IR,8000,9500,1.530077331404392e+39,1.5344710849238722e-07,5
16,6,0,5500-5800,5500,5800,2.380218736775793e+49,2246.691766106738,8
16,6,1,5500-5800,5500,5800,7.546269428707384e+51,712293.4177581382,80
16,6,2,5500-5800,5500,5800,5.0940796591738795e+38,4.80830885385801e-08,4
16,8,0,5500-5800,5500,5800,1.1258008287356119e+52,1062644.9633039308,19
16,8,1,5500-5800,5500,5800,5.054421448015507e+48,477.0875413354667,7
16,8,2,5500-5800,5500,5800,2.3942191944131163e+30,2.2599068174839525e-16,2
16,12,0,5500-5800,5500,5800,1.3774194798498211e+42,0.00013001481569906327,65
16,12,1,5500-5800,5500,5800,6.464336586948332e+50,61016.96268012948,32
16,12,2,5500-5800,5500,5800,6.381475562145378e+48,602.3483631804506,37
16,14,0,5500-5800,5500,5800,7.877640183782381e+45,0.7435715492782706,55
16,14,1,5500-5800,5500,5800,3.6882929191468974e+51,348138.4800651483,82
16,14,2,5500-5800,5500,5800,3.539441846769687e+47,33.408840670344375,61
16,20,0,5500-5800,5500,5800,1.4423743565471637e+39,1.3614591551731263e-07,175
16,20,1,5500-5800,5500,5800,2.0763718557380092e+47,19.598902737743526,380
16,20,2,5500-5800,5500,5800,1.0622021432491185e+49,1002.6140758858825,31
16,20,3,5500-5800,5500,5800,8.745553520070124e+40,8.25494009437258e-06,1
16,22,0,5500-5800,5500,5800,5.0539968168889614e+38,4.7704746034455184e-08,115
16,22,1,5500-5800,5500,5800,5.751633537576898e+47,54.28974871461404,348
16,22,2,5500-5800,5500,5800,4.91833537328449e+48,464.2423578716092,628
16,22,3,5500-5800,5500,5800,4.403458717522895e+32,4.1564307894033383e-14,1
16,24,0,5500-5800,5500,5800,2.4854547184973244e+41,2.3460241551762366e-05,307
16,24,1,5500-5800,5500,5800,1.0802344035886861e+50,10196.347514243324,2267
16,24,2,5500-5800,5500,5800,1.2613073675665473e+50,11905.497732028214,1291
16,25,0,5500-5800,5500,5800,3.04217207058182e+40,2.8715104357654143e-06,85
16,25,1,5500-5800,5500,5800,6.168266358843553e+48,582.2235169167307,1494
16,25,2,5500-5800,5500,5800,2.3272132884216915e+49,2196.659849906772,5514
16,26,0,5500-5800,5500,5800,2.1016831502867747e+42,0.00019837816397961347,50
16,26,1,5500-5800,5500,5800,1.7361620082859104e+50,16387.657270218002,521
16,26,2,5500-5800,5500,5800,9.868746379385847e+49,9315.12339172481,1094
16,27,0,5500-5800,5500,5800,2.2972585612425007e+36,2.168385541386445e-10,6
16,27,1,5500-5800,5500,5800,2.1843961017353594e+45,0.2061854509360066,52
16,28,0,5500-5800,5500,5800,3.674288683549471e+38,3.4681661832524894e-08,3
16,28,2,5500-5800,5500,5800,9.244348364193767e+43,0.008725753239380876,49
16,6,0,Si red,5800,6800,5.160940731832165e+50,48714.19113051212,20
16,6,1,Si red,5800,6800,1.2714194187107169e+53,12000945.522993974,230
16,6,2,Si red,5800,6800,6.574458551797356e+38,6.2056405433315e-08,2
16,8,0,Si red,5800,6800,2.5694989236217517e+53,24253535.969307415,89
16,8,1,Si red,5800,6800,2.602648053853323e+52,2456643.1069216407,291
16,8,2,Si red,5800,6800,6.724100950566317e+30,6.346888211026989e-16,3
16,12,0,Si red,5800,6800,5.3423307834611435e+42,0.0005042633434303271,286
16,12,1,Si red,5800,6800,8.86537814317853e+51,836804.2722276082,119
16,12,2,Si red,5800,6800,1.155200959314406e+49,1090.3957873241275,58
16,12,3,Si red,5800,6800,2.309831977700389e+37,2.180253606615624e-09,3
16,14,0,Si red,5800,6800,3.62752029540578e+46,3.424021436833575,209
16,14,1,Si red,5800,6800,8.133526039081478e+51,767724.6506416523,277
16,14,2,Si red,5800,6800,3.1202938492184845e+48,294.52496909459524,160
16,20,0,Si red,5800,6800,2.0587556111480892e+39,1.943262276078852e-07,503
16,20,1,Si red,5800,6800,5.611418576986419e+48,529.6625775734879,1986
16,20,2,Si red,5800,6800,4.631610782645706e+50,43717.8384003347,656
16,20,3,Si red,5800,6800,3.2444661416068607e+41,3.0624560899113936e-05,8
16,22,0,Si red,5800,6800,2.92244215409492e+38,2.758497201573273e-08,287
16,22,1,Si red,5800,6800,1.0843294700456669e+48,102.35000903313865,966
16,22,2,Si red,5800,6800,3.9086146087254295e+49,3689.346748947599,2033
16,22,3,Si red,5800,6800,8.091681814099296e+32,7.637749684433712e-14,2
16,24,0,Si red,5800,6800,3.783702252059294e+41,3.5714418022841904e-05,609
16,24,1,Si red,5800,6800,3.7111847572840376e+50,35029.9243841146,7042
16,24,2,Si red,5800,6800,3.865399900348024e+50,36485.56325787694,2831
16,24,3,Si red,5800,6800,2.4559175778990342e+28,2.3181440072086565e-18,1
16,25,0,Si red,5800,6800,1.3762535237534152e+41,1.2990476094144945e-05,221
16,25,1,Si red,5800,6800,7.240484358191368e+49,6834.3032255129565,5753
16,25,2,Si red,5800,6800,5.257622680942178e+49,4962.677338877486,14062
16,26,0,Si red,5800,6800,3.154829810891445e+42,0.00029778482330573895,159
16,26,1,Si red,5800,6800,1.7386969516231065e+51,164115.8463552788,2123
16,26,2,Si red,5800,6800,6.605238953888902e+49,6234.694207546498,1658
16,27,0,Si red,5800,6800,8.381939674502054e+36,7.911724481345859e-10,5
16,27,1,Si red,5800,6800,6.72629425459565e+46,6.348958473741561,116
16,28,0,Si red,5800,6800,1.5637333710177847e+40,1.4760100972110453e-06,2
16,28,2,Si red,5800,6800,7.457569588217368e+43,0.00703921027514969,68
16,6,0,OI/cont,6800,8000,2.3248738751933064e+51,219445.1674516617,15
16,6,1,OI/cont,6800,8000,1.1007986145157348e+53,10390453.386331644,312
16,6,2,OI/cont,6800,8000,9.161847389482413e+39,8.647880454953147e-07,28
16,6,3,OI/cont,6800,8000,161082192411.16464,1.520457047770373e-35,8
16,8,0,OI/cont,6800,8000,1.3793060923498927e+53,13019289.331454689,30
16,8,1,OI/cont,6800,8000,2.2214084828996914e+51,209679.05472632672,57
16,8,2,OI/cont,6800,8000,2.975956957909303e+31,2.809009899098482e-15,8
16,8,3,OI/cont,6800,8000,5.0272565092704e-11,4.745234390005654e-57,3
16,12,0,OI/cont,6800,8000,1.2780101464676477e+43,0.0012063155493680137,299
16,12,1,OI/cont,6800,8000,6.933642166935015e+51,654467.44557119,61
16,12,2,OI/cont,6800,8000,2.246660236178636e+49,2120.625712197904,69
16,12,3,OI/cont,6800,8000,6.858331564114468e+37,6.473588673282234e-09,25
16,14,0,OI/cont,6800,8000,5.634736751092897e+46,5.318635832607479,201
16,14,1,OI/cont,6800,8000,1.3178510441039264e+52,1243921.427891169,328
16,14,2,OI/cont,6800,8000,2.3543172848164695e+48,222.22433496868052,93
16,20,0,OI/cont,6800,8000,2.4953085075463922e+39,2.3553251603231342e-07,605
16,20,1,OI/cont,6800,8000,6.654627223649414e+48,628.1311863856316,1880
16,20,2,OI/cont,6800,8000,2.0782915853852512e+51,196170.23092503243,654
16,20,3,OI/cont,6800,8000,2.3744559346883015e+42,0.00022412522492255257,17
16,22,0,OI/cont,6800,8000,7.491556775862355e+38,7.07129082869518e-08,209
16,22,1,OI/cont,6800,8000,1.660481949983402e+48,156.7331215050416,1133
16,22,2,OI/cont,6800,8000,1.29872103200378e+49,1225.8645829437419,978
16,24,0,OI/cont,6800,8000,5.742976137108488e+41,5.420803139154729e-05,760
16,24,1,OI/cont,6800,8000,4.303301656281337e+50,40618.9240041743,7337
16,24,2,OI/cont,6800,8000,1.4164422871321307e+50,13369.818388942944,1610
16,24,3,OI/cont,6800,8000,3.990586580279626e+28,3.766720206561758e-18,1
16,25,0,OI/cont,6800,8000,1.279453403491913e+41,1.2076778416744698e-05,204
16,25,1,OI/cont,6800,8000,4.2362199212148943e+49,3998.5738576711933,5635
16,25,2,OI/cont,6800,8000,8.574382836695725e+49,8093.37184898642,12830
16,25,3,OI/cont,6800,8000,9.993715856259874e+29,9.43308225423165e-17,1
16,26,0,OI/cont,6800,8000,1.1010668192930519e+43,0.0010392984974943727,217
16,26,1,OI/cont,6800,8000,7.843307240820836e+50,74033.08580314484,1310
16,26,2,OI/cont,6800,8000,2.1262717149599785e+49,2006.9908200862205,809
16,27,0,OI/cont,6800,8000,6.37322040564132e+37,6.015691578133543e-09,2
16,27,1,OI/cont,6800,8000,5.922925253352907e+46,5.59065735949927,144
16,28,0,OI/cont,6800,8000,4.2942679612066784e+39,4.0533654831101374e-07,4
16,28,2,OI/cont,6800,8000,1.4120120768090962e+42,0.00013328001572273542,13
16,6,0,Ca IR,8000,9500,1.0452230849490359e+52,986587.5192128959,116
16,6,1,Ca IR,8000,9500,3.833221303529785e+53,36181829.03631401,354
16,6,2,Ca IR,8000,9500,1.5276012071598927e+40,1.4419048976439216e-06,26
16,6,3,Ca IR,8000,9500,26970290087.579395,2.5457294211268325e-36,3
16,8,0,Ca IR,8000,9500,6.0425063259517245e+53,57035300.9973906,104
16,8,1,Ca IR,8000,9500,7.616977721156736e+52,7189675.83287001,353
16,12,0,Ca IR,8000,9500,1.9275658029346273e+43,0.0018194320341954689,211
16,12,1,Ca IR,8000,9500,1.6985269967314214e+52,1603241.9874299767,184
16,12,2,Ca IR,8000,9500,9.92124658521724e+49,9364.67840880701,64
16,12,3,Ca IR,8000,9500,1.7159323598908943e+37,1.6196709338508656e-09,5
16,14,0,Ca IR,8000,9500,2.1896532331012282e+47,20.668167229459645,174
16,14,1,Ca IR,8000,9500,3.230702639958425e+52,3049464.701620659,290
16,14,2,Ca IR,8000,9500,3.3655874428687307e+48,317.6782654121954,137
16,20,0,Ca IR,8000,9500,1.1501471923454952e+39,1.0856255296745072e-07,419
16,20,1,Ca IR,8000,9500,3.658923965598201e+48,345.36634046732263,1675
16,20,2,Ca IR,8000,9500,4.624258023929542e+51,436484.35608857847,1066
16,22,0,Ca IR,8000,9500,6.848172978349887e+38,6.463999970092925e-08,202
16,22,1,Ca IR,8000,9500,2.2168766609891303e+48,209.25129542779638,1366
16,22,2,Ca IR,8000,9500,8.609242475099529e+48,812.6275910012919,914
16,24,0,Ca IR,8000,9500,7.096439172578702e+41,6.698338775076913e-05,802
16,24,1,Ca IR,8000,9500,6.295676858417232e+50,59424.98116385125,7715
16,24,2,Ca IR,8000,9500,2.6392705160352266e+50,24912.110997566575,1453
16,25,0,Ca IR,8000,9500,2.240698033334811e+41,2.114997980666295e-05,326
16,25,1,Ca IR,8000,9500,6.962444946534879e+49,6571.861439314784,5131
16,25,2,Ca IR,8000,9500,1.4007517674445427e+50,13221.715356043576,17584
16,26,0,Ca IR,8000,9500,4.456713745756313e+42,0.00042066982843974636,101
16,26,1,Ca IR,8000,9500,1.0796767325824277e+51,101910.8364988246,1094
16,26,2,Ca IR,8000,9500,2.354533233044094e+49,2222.4471835182985,715
16,27,0,Ca IR,8000,9500,1.1429147742326322e+38,1.0787988401891446e-08,14
16,27,1,Ca IR,8000,9500,2.0033905354785443e+46,1.8910031043839273,142
16,28,0,Ca IR,8000,9500,1.0144390407321893e+39,9.575304171907762e-08,5
17,6,0,5500-5800,5500,5800,1.6474685118300246e+49,1466.2197329224477,8
17,6,1,5500-5800,5500,5800,6.181185335461834e+51,550115.2736229086,80
17,6,2,5500-5800,5500,5800,4.5611999965584355e+38,4.059392572748471e-08,4
17,8,0,5500-5800,5500,5800,9.111091537088976e+51,810872.0806629204,19
17,8,1,5500-5800,5500,5800,4.7677312785612276e+48,424.3201998521282,7
17,8,2,5500-5800,5500,5800,2.3999132968282726e+30,2.13588314911334e-16,2
17,12,0,5500-5800,5500,5800,9.053043706544723e+41,8.057059197326104e-05,65
17,12,1,5500-5800,5500,5800,5.2595127234644195e+50,46808.793523671615,32
17,12,2,5500-5800,5500,5800,6.007013313536631e+48,534.6142516831289,37
17,14,0,5500-5800,5500,5800,5.3064155291672016e+45,0.4722622073855936,55
17,14,1,5500-5800,5500,5800,3.003502863625566e+51,267306.7882581321,82
17,14,2,5500-5800,5500,5800,3.3181881578401915e+47,29.53132590783522,61
17,20,0,5500-5800,5500,5800,7.972889172157137e+38,7.095739523200437e-08,175
17,20,1,5500-5800,5500,5800,1.416508182345751e+47,12.606688588508401,380
17,20,2,5500-5800,5500,5800,8.654213285373056e+48,770.2106717559376,31
17,20,3,5500-5800,5500,5800,7.990298327932296e+40,7.1112333839618214e-06,1
17,22,0,5500-5800,5500,5800,2.894182133609829e+38,2.57577424059935e-08,115
17,22,1,5500-5800,5500,5800,4.061026615448462e+47,36.14246534447955,348
17,22,2,5500-5800,5500,5800,4.107461728478064e+48,365.5573017191384,628
17,22,3,5500-5800,5500,5800,4.0261221205232136e+32,3.58318211114663e-14,1
17,24,0,5500-5800,5500,5800,1.5279040276180961e+41,1.359809319097002e-05,307
17,24,1,5500-5800,5500,5800,8.158090799728154e+49,7260.565909237001,2267
17,24,2,5500-5800,5500,5800,1.1207301843673408e+50,9974.313316470516,1291
17,25,0,5500-5800,5500,5800,1.9747419385827702e+40,1.7574876709257042e-06,85
17,25,1,5500-5800,5500,5800,4.906801543448463e+48,436.6972234599369,1494
17,25,2,5500-5800,5500,5800,2.1717107477548136e+49,1932.7866540045884,5514
17,26,0,5500-5800,5500,5800,1.389874604498945e+42,0.00012369654149811085,50
17,26,1,5500-5800,5500,5800,1.407202212777058e+50,12523.866998185942,521
17,26,2,5500-5800,5500,5800,9.339719640265051e+49,8312.196037852304,1094
17,27,0,5500-5800,5500,5800,1.5246516250402082e+36,1.356914734584543e-10,6
17,27,1,5500-5800,5500,5800,1.7791050649135408e+45,0.15833740884193848,52
17,28,0,5500-5800,5500,5800,2.4395214855846318e+38,2.1711337821438804e-08,3
17,28,2,5500-5800,5500,5800,8.643442396920422e+43,0.0076925208049443815,49
17,6,0,Si red,5800,6800,3.5721453729214107e+50,31791.503127589764,20
17,6,1,Si red,5800,6800,1.0414257190790837e+53,9268516.689223643,230
17,6,2,Si red,5800,6800,5.8867199435775615e+38,5.239083406743773e-08,2
17,8,0,Si red,5800,6800,2.079492153497721e+53,18507136.30046199,89
17,8,1,Si red,5800,6800,2.455024113257309e+52,2184930.864420482,291
17,8,2,Si red,5800,6800,6.740092685805813e+30,5.998571035920565e-16,3
17,12,0,Si red,5800,6800,3.511229134262438e+42,0.0003124935867665889,286
17,12,1,Si red,5800,6800,7.213047853435282e+51,641949.3314304918,119
17,12,2,Si red,5800,6800,1.0874142625532532e+49,967.7807121459509,58
17,12,3,Si red,5800,6800,2.3912810303521485e+37,2.128200574693099e-09,3
17,14,0,Si red,5800,6800,2.4435147555404247e+46,2.174687726371662,209
17,14,1,Si red,5800,6800,6.623407979050853e+51,589472.3576411705,277
17,14,2,Si red,5800,6800,2.9252414780900575e+48,260.3416543588171,160
17,20,0,Si red,5800,6800,1.1380007031970297e+39,1.0128018078194734e-07,503
17,20,1,Si red,5800,6800,3.828129487934627e+48,340.69719421570085,1986
17,20,2,Si red,5800,6800,3.773570579065281e+50,33584.15415451625,656
17,20,3,Si red,5800,6800,2.9642780559081625e+41,2.6381584523358468e-05,8
17,22,0,Si red,5800,6800,1.6735427771987002e+38,1.489425397935457e-08,287
17,22,1,Si red,5800,6800,7.656069895624335e+47,68.13775606022678,966
17,22,2,Si red,5800,6800,3.2642110995348206e+49,2905.093901458572,2033
17,22,3,Si red,5800,6800,7.398297845814014e+32,6.584362744220585e-14,2
17,24,0,Si red,5800,6800,2.3259864149624337e+41,2.0700894467106667e-05,609
17,24,1,Si red,5800,6800,2.802741897861118e+50,24943.939428424525,7042
17,24,2,Si red,5800,6800,3.4345873609923077e+50,30567.259568069512,2831
17,24,3,Si red,5800,6800,2.334884284416016e+28,2.078008403388824e-18,1
17,25,0,Si red,5800,6800,8.933569464262468e+40,7.950729097325823e-06,221
17,25,1,Si red,5800,6800,5.759741515239736e+49,5126.07470524356,5753
17,25,2,Si red,5800,6800,4.906312515766563e+49,4366.537008049059,14062
17,26,0,Si red,5800,6800,2.0863362943533712e+42,0.00018568048022327363,159
17,26,1,Si red,5800,6800,1.4092568469968726e+51,125421.52902987144,2123
17,26,2,Si red,5800,6800,6.251156693533258e+49,5563.426087863432,1658
17,27,0,Si red,5800,6800,5.562951494152481e+36,4.95093484060369e-10,5
17,27,1,Si red,5800,6800,5.47830321018388e+46,4.8755992676191,116
17,28,0,Si red,5800,6800,1.0382312019746902e+40,9.240086015241187e-07,2
17,28,2,Si red,5800,6800,6.972808749446567e+43,0.0062056844843585484,68
17,6,0,OI/cont,6800,8000,1.6091615632542617e+51,143212.71821352773,15
17,6,1,OI/cont,6800,8000,9.01669403355358e+52,8024708.589443658,312
17,6,2,OI/cont,6800,8000,8.203448135350346e+39,7.300933187910007e-07,28
17,6,3,OI/cont,6800,8000,143521667384.1513,1.2773191069176925e-35,8
17,8,0,OI/cont,6800,8000,1.1162706354709617e+53,9934624.068725562,30
17,8,1,OI/cont,6800,8000,2.095408706082558e+51,186487.90986499435,57
17,8,2,OI/cont,6800,8000,2.983034590458977e+31,2.654851457927254e-15,8
17,8,3,OI/cont,6800,8000,4.6270759729755704e-11,4.118021102431897e-57,3
17,12,0,OI/cont,6800,8000,8.399679170096165e+42,0.0007475575563949419,299
17,12,1,OI/cont,6800,8000,5.641349070618187e+51,502070.7387272658,61
17,12,2,OI/cont,6800,8000,2.1148271772400723e+49,1882.1612168755028,69
17,12,3,OI/cont,6800,8000,7.100169331563215e+37,6.319033296402603e-09,25
17,14,0,OI/cont,6800,8000,3.795585213491199e+46,3.378008076055802,201
17,14,1,OI/cont,6800,8000,1.0731711042390879e+52,955104.5367717887,328
17,14,2,OI/cont,6800,8000,2.2071467967205784e+48,196.4324151612173,93
17,20,0,OI/cont,6800,8000,1.3793103080835096e+39,1.2275633658630058e-07,605
17,20,1,OI/cont,6800,8000,4.5398100955330876e+48,404.0355914540184,1880
17,20,2,OI/cont,6800,8000,1.6932726753971372e+51,150698.46810776673,654
17,20,3,OI/cont,6800,8000,2.1694008550915285e+42,0.00019307308877307435,17
17,22,0,OI/cont,6800,8000,4.290056080203668e+38,3.8180789708395496e-08,209
17,22,1,OI/cont,6800,8000,1.1724080383944667e+48,104.3423767184099,1133
17,22,2,OI/cont,6800,8000,1.0846041455206195e+49,965.2797544551165,978
17,24,0,OI/cont,6800,8000,3.530426969801228e+41,3.142021623839224e-05,760
17,24,1,OI/cont,6800,8000,3.2499173821843083e+50,28923.72729378107,7337
17,24,2,OI/cont,6800,8000,1.2585747664869133e+50,11201.107303298584,1610
17,24,3,OI/cont,6800,8000,3.7939212519775404e+28,3.3765271778239814e-18,1
17,25,0,OI/cont,6800,8000,8.305218231310396e+40,7.391506890440008e-06,204
17,25,1,OI/cont,6800,8000,3.369875624453651e+49,2999.1335813634523,5635
17,25,2,OI/cont,6800,8000,8.001449396348742e+49,7121.157650457937,12830
17,25,3,OI/cont,6800,8000,1.0138307610822372e+30,9.02292612616518e-17,1
17,26,0,OI/cont,6800,8000,7.281520098702922e+42,0.0006480432480333285,217
17,26,1,OI/cont,6800,8000,6.357194347127894e+50,56577.97846119708,1310
17,26,2,OI/cont,6800,8000,2.0122902072175467e+49,1790.9050091109589,809
17,27,0,OI/cont,6800,8000,4.229798513818543e+37,3.764450733178355e-09,2
17,27,1,OI/cont,6800,8000,4.823990625588975e+46,4.293271887069128,144
17,28,0,OI/cont,6800,8000,2.851152932845037e+39,2.537478963451298e-07,4
17,28,2,OI/cont,6800,8000,1.3202277292932592e+42,0.00011749808477316075,13
17,6,0,Ca IR,8000,9500,7.234512079439947e+51,643859.6120515754,116
17,6,1,Ca IR,8000,9500,3.1398098799417994e+53,27943788.73124407,354
17,6,2,Ca IR,8000,9500,1.3678024465699725e+40,1.2173215594104238e-06,26
17,6,3,Ca IR,8000,9500,24030098828.822216,2.1386390594960817e-36,3
17,8,0,Ca IR,8000,9500,4.890192549513075e+53,43521905.046438724,104
17,8,1,Ca IR,8000,9500,7.184937643757714e+52,6394475.692523451,353
17,12,0,Ca IR,8000,9500,1.2668862112441408e+43,0.0011275077787254026,211
17,12,1,Ca IR,8000,9500,1.3819553221429622e+52,1229917.3846378587,184
17,12,2,Ca IR,8000,9500,9.339072091383821e+49,8311.619730055903,64
17,12,3,Ca IR,8000,9500,1.7764393865824004e+37,1.581001678784435e-09,5
17,14,0,Ca IR,8000,9500,1.4749607304405552e+47,13.126906600815046,174
17,14,1,Ca IR,8000,9500,2.6308714745146136e+52,2341432.1081203697,290
17,14,2,Ca IR,8000,9500,3.1552015488812065e+48,280.8077203963216,137
17,20,0,Ca IR,8000,9500,6.357570109739042e+38,5.658132268630004e-08,419
17,20,1,Ca IR,8000,9500,2.4961307973463396e+48,222.151513351792,1675
17,20,2,Ca IR,8000,9500,3.76757997336278e+51,335308.38754372986,1066
17,22,0,Ca IR,8000,9500,3.921620966514609e+38,3.490177812114302e-08,202
17,22,1,Ca IR,8000,9500,1.56525881988583e+48,139.3054466514922,1366
17,22,2,Ca IR,8000,9500,7.189858212951442e+48,639.8854917739137,914
17,24,0,Ca IR,8000,9500,4.362452436906668e+41,3.8825105311561224e-05,802
17,24,1,Ca IR,8000,9500,4.754588752782526e+50,42315.05367903578,7715
17,24,2,Ca IR,8000,9500,2.3451144487787867e+50,20871.130805052762,1453
17,25,0,Ca IR,8000,9500,1.454487213565121e+41,1.2944695686132755e-05,326
17,25,1,Ca IR,8000,9500,5.538563612910734e+49,4929.230029577531,5131
17,25,2,Ca IR,8000,9500,1.3071546486222403e+50,11633.460221113939,17584
17,26,0,Ca IR,8000,9500,2.9472916761514977e+42,0.0002623040855239881,101
17,26,1,Ca IR,8000,9500,8.751046733673798e+50,77882.86885305199,1094
17,26,2,Ca IR,8000,9500,2.2283154754339947e+49,1983.163925620982,715
17,27,0,Ca IR,8000,9500,7.585331913503752e+37,6.750819971661506e-09,14
17,27,1,Ca IR,8000,9500,1.6316831209496168e+46,1.45217099606675,142
17,28,0,Ca IR,8000,9500,6.735305929449619e+38,5.99431090191755e-08,5
18,6,0,5500-5800,5500,5800,1.196326479989849e+49,1005.5803028185535,8
18,6,1,5500-5800,5500,5800,5.081994382161583e+51,427170.47020304983,80
18,6,2,5500-5800,5500,5800,3.7644276501507915e+38,3.164215086511576e-08,4
18,8,0,5500-5800,5500,5800,7.428368736016266e+51,624396.5512720654,19
18,8,1,5500-5800,5500,5800,4.300737101518058e+48,361.5013618125558,7
18,8,2,5500-5800,5500,5800,2.0818789507621433e+30,1.7499374132023995e-16,2
18,12,0,5500-5800,5500,5800,6.112777779383581e+41,5.138136648540308e-05,65
18,12,1,5500-5800,5500,5800,4.305029913156805e+50,36186.219699424226,32
18,12,2,5500-5800,5500,5800,5.379234011163309e+48,452.1551479762749,37
18,14,0,5500-5800,5500,5800,3.7179496816467235e+45,0.31251477161704055,55
18,14,1,5500-5800,5500,5800,2.4609451411405217e+51,206856.40597614556,82
18,14,2,5500-5800,5500,5800,2.9521720593638573e+47,24.81468163651088,61
18,20,0,5500-5800,5500,5800,4.7156296568723e+38,3.963754357738563e-08,175
18,20,1,5500-5800,5500,5800,1.0109562763682073e+47,8.497661261625549,380
18,20,2,5500-5800,5500,5800,7.090677304611777e+48,596.0116699264784,31
18,20,3,5500-5800,5500,5800,6.831046995120656e+40,5.741882689062843e-06,1
18,22,0,5500-5800,5500,5800,1.768887590536039e+38,1.48685041140133e-08,115
18,22,1,5500-5800,5500,5800,2.9906030039108194e+47,25.137715536550147,348
18,22,2,5500-5800,5500,5800,3.4219983649770386e+48,287.6383838070193,628
18,22,3,5500-5800,5500,5800,3.374871631393368e+32,2.8367711438595634e-14,1
18,24,0,5500-5800,5500,5800,9.864196936769852e+40,8.291417358598501e-06,307
18,24,1,5500-5800,5500,5800,6.31126451418013e+49,5304.976014065238,2267
18,24,2,5500-5800,5500,5800,9.73020915419503e+49,8178.793022993458,1291
18,25,0,5500-5800,5500,5800,1.3314142540916463e+40,1.119129243731006e-06,85
18,25,1,5500-5800,5500,5800,3.949466271091128e+48,331.9750549105273,1494
18,25,2,5500-5800,5500,5800,1.9529676633489595e+49,1641.5801598924345,5514
18,26,0,5500-5800,5500,5800,9.512320663901053e+41,7.995645380844508e-05,50
18,26,1,5500-5800,5500,5800,1.1499497942891805e+50,9665.980664218512,521
18,26,2,5500-5800,5500,5800,8.467171845813808e+49,7117.1384828014725,1094
18,27,0,5500-5800,5500,5800,1.0454276653220843e+36,8.787412849696306e-11,6
18,27,1,5500-5800,5500,5800,1.4593955973263108e+45,0.12267048261808162,52
18,28,0,5500-5800,5500,5800,1.6722392988350085e+38,1.4056120370434848e-08,3
18,28,2,5500-5800,5500,5800,7.659160358595832e+43,0.006437958969860811,49
18,6,0,Si red,5800,6800,2.5939507003093515e+50,21803.627808485937,20
18,6,1,Si red,5800,6800,8.562305393813359e+52,7197103.629110366,230
18,6,2,Si red,5800,6800,4.858399399504074e+38,4.083760429183378e-08,2
18,8,0,Si red,5800,6800,1.6954318192229527e+53,14251066.666992895,89
18,8,1,Si red,5800,6800,2.2145571283525495e+52,1861460.9514926383,291
18,8,2,Si red,5800,6800,5.846901680702291e+30,4.914652698050125e-16,3
18,12,0,Si red,5800,6800,2.3708450026290222e+42,0.0001992829779793703,286
18,12,1,Si red,5800,6800,5.904042523851201e+51,496268.2819691732,119
18,12,2,Si red,5800,6800,9.737710705866004e+48,818.509850291644,58
18,12,3,Si red,5800,6800,2.169462269089367e+37,1.8235561629654997e-09,3
18,14,0,Si red,5800,6800,1.7120530530496144e+46,1.439077757053132,209
18,14,1,Si red,5800,6800,5.4269446123187015e+51,456165.4947804267,277
18,14,2,Si red,5800,6800,2.602569760278679e+48,218.76075899194765,160
18,20,0,Si red,5800,6800,6.730797016817831e+38,5.657616892705846e-08,503
18,20,1,Si red,5800,6800,2.7321208453373323e+48,229.6502629461574,1986
18,20,2,Si red,5800,6800,3.091808623153836e+50,25988.406204587485,656
18,20,3,Si red,5800,6800,2.5342136019786835e+41,2.1301503593786916e-05,8
18,22,0,Si red,5800,6800,1.0228482224529844e+38,8.59761981763054e-09,287
18,22,1,Si red,5800,6800,5.638048650286149e+47,47.39099872727543,966
18,22,2,Si red,5800,6800,2.7194714848108687e+49,2285.870124036491,2033
18,22,3,Si red,5800,6800,6.201576795984428e+32,5.212777261698204e-14,2
18,24,0,Si red,5800,6800,1.5016642180863234e+41,1.2622340008455254e-05,609
18,24,1,Si red,5800,6800,2.1682579805272796e+50,18225.438900807978,7042
18,24,2,Si red,5800,6800,2.9819178466827224e+50,25064.711860868483,2831
18,24,3,Si red,5800,6800,1.969858846176613e+28,1.655778157702313e-18,1
18,25,0,Si red,5800,6800,6.023208142919775e+40,5.062848285651788e-06,221
18,25,1,Si red,5800,6800,4.6359944748561377e+49,3896.8164676339293,5753
18,25,2,Si red,5800,6800,4.4121297919082607e+49,3708.645496386168,14062
18,26,0,Si red,5800,6800,1.4278913925316916e+42,0.000120022375405935,159
18,26,1,Si red,5800,6800,1.1516288182254442e+51,96800.93813317092,2123
18,26,2,Si red,5800,6800,5.667152762387763e+49,4763.563530725529,1658
18,27,0,Si red,5800,6800,3.814421142061524e+36,3.2062374537962804e-10,5
18,27,1,Si red,5800,6800,4.493838921283426e+46,3.77732665695098,116
18,28,0,Si red,5800,6800,7.116850691736008e+39,5.982116916588733e-07,2
18,28,2,Si red,5800,6800,6.178772057399181e+43,0.005193608584655759,68
18,6,0,OI/cont,6800,8000,1.1685094888791119e+51,98219.85430627438,15
18,6,1,OI/cont,6800,8000,7.413268804819853e+52,6231273.16356764,312
18,6,2,OI/cont,6800,8000,6.77043037152321e+39,5.690930976689583e-07,28
18,6,3,OI/cont,6800,8000,103107041822.47292,8.666732039522133e-36,8
18,8,0,OI/cont,6800,8000,9.101071870160189e+52,7649967.42966582,30
18,8,1,OI/cont,6800,8000,1.8901656655055283e+51,158879.15164365582,57
18,8,2,OI/cont,6800,8000,2.5877255363681158e+31,2.1751301772526454e-15,8
18,8,3,OI/cont,6800,8000,3.092905953146595e-11,2.5997629885955965e-57,3
18,12,0,OI/cont,6800,8000,5.671614304457165e+42,0.0004767313710045496,299
18,12,1,OI/cont,6800,8000,4.617571584383093e+51,388133.0982617469,61
18,12,2,OI/cont,6800,8000,1.8938113977384516e+49,1591.855961288443,69
18,12,3,OI/cont,6800,8000,6.441547134551342e+37,5.4144859505551415e-09,25
18,14,0,OI/cont,6800,8000,2.659383675966542e+46,2.2353629104756125,201
18,14,1,OI/cont,6800,8000,8.793117018711907e+51,739111.389933484,328
18,14,2,OI/cont,6800,8000,1.9636852385230965e+48,165.05888900922213,93
18,20,0,OI/cont,6800,8000,8.1580421530787e+38,6.8572974316919e-08,605
18,20,1,OI/cont,6800,8000,3.2400444747156967e+48,272.3441266683186,1880
18,20,2,OI/cont,6800,8000,1.3873531578255045e+51,116614.90670793185,654
18,20,3,OI/cont,6800,8000,1.8546590607988038e+42,0.00015589462000365154,17
18,22,0,OI/cont,6800,8000,2.6220281283786654e+38,2.2039634526489425e-08,209
18,22,1,OI/cont,6800,8000,8.633794686530243e+47,72.57194436946651,1133
18,22,2,OI/cont,6800,8000,9.036027254705799e+48,759.5293738830273,978
18,24,0,OI/cont,6800,8000,2.279254866242653e+41,1.9158430720486907e-05,760
18,24,1,OI/cont,6800,8000,2.5142020053123808e+50,21133.294766412684,7337
18,24,2,OI/cont,6800,8000,1.0926979468321262e+50,9184.746393593032,1610
18,24,3,OI/cont,6800,8000,3.2007964547907443e+28,2.6904510784517118e-18,1
18,25,0,OI/cont,6800,8000,5.599559983237274e+40,4.706747963684772e-06,204
18,25,1,OI/cont,6800,8000,2.7124003281368164e+49,2279.9264155350866,5635
18,25,2,OI/cont,6800,8000,7.195512545649743e+49,6048.236669182952,12830
18,25,3,OI/cont,6800,8000,9.075573116061145e+29,7.628534279687704e-17,1
18,26,0,OI/cont,6800,8000,4.983482241872647e+42,0.00041888996571535407,217
18,26,1,OI/cont,6800,8000,5.195027598278979e+50,43667.155352713125,1310
18,26,2,OI/cont,6800,8000,1.824295336950362e+49,1533.4237668772375,809
18,27,0,OI/cont,6800,8000,2.900300837555284e+37,2.437867457818449e-09,2
18,27,1,OI/cont,6800,8000,3.9571078849523e+46,3.3261737592482143,144
18,28,0,OI/cont,6800,8000,1.9544037670771137e+39,1.642787286580668e-07,4
18,28,2,OI/cont,6800,8000,1.1698852637838688e+42,9.833549599510062e-05,13
18,6,0,Ca IR,8000,9500,5.2534165650465436e+51,441579.47756504844,116
18,6,1,Ca IR,8000,9500,2.5814621799764315e+53,21698654.707345188,354
18,6,2,Ca IR,8000,9500,1.1288681385812893e+40,9.488777383297759e-07,26
18,6,3,Ca IR,8000,9500,17263403150.896866,1.4510870116579665e-36,3
18,8,0,Ca IR,8000,9500,3.9870254074418995e+53,33513211.348416455,104
18,8,1,Ca IR,8000,9500,6.48118068976561e+52,5447800.203077979,353
18,12,0,Ca IR,8000,9500,8.55424333752208e+42,0.0007190327013243105,211
18,12,1,Ca IR,8000,9500,1.1311616328884707e+52,950805.5504600797,184
18,12,2,Ca IR,8000,9500,8.363066902726878e+49,7029.632369758525,64
18,12,3,Ca IR,8000,9500,1.6116542445649871e+37,1.3546868604816123e-09,5
18,14,0,Ca IR,8000,9500,1.0334339156141287e+47,8.686598576460808,174
18,14,1,Ca IR,8000,9500,2.1556265021690608e+52,1811926.4156330104,290
18,14,2,Ca IR,8000,9500,2.8071638530382796e+48,235.95805364297235,137
18,20,0,Ca IR,8000,9500,3.760236158784955e+38,3.16069190013443e-08,419
18,20,1,Ca IR,8000,9500,1.7814786583402252e+48,149.74339184849896,1675
18,20,2,Ca IR,8000,9500,3.08690032583149e+51,259471.49179935065,1066
18,22,0,Ca IR,8000,9500,2.3968452371729063e+38,2.014684452546758e-08,202
18,22,1,Ca IR,8000,9500,1.1526808789780691e+48,96.88936981030116,1366
18,22,2,Ca IR,8000,9500,5.989996906983467e+48,503.49323569747804,914
18,24,0,Ca IR,8000,9500,2.816413150767276e+41,2.3673550961061607e-05,802
18,24,1,Ca IR,8000,9500,3.6782462970326626e+50,30917.747680739398,7715
18,24,2,Ca IR,8000,9500,2.0360345777626703e+50,17114.0261584196,1453
18,25,0,Ca IR,8000,9500,9.806471269478609e+40,8.242895659074117e-06,326
18,25,1,Ca IR,8000,9500,4.457969205762991e+49,3747.1761253039995,5131
18,25,2,Ca IR,8000,9500,1.1754929897522988e+50,9880.685718886984,17584
18,26,0,Ca IR,8000,9500,2.0171304247771612e+42,0.00016955126023701712,101
18,26,1,Ca IR,8000,9500,7.151256798654215e+50,60110.37202139807,1094
18,26,2,Ca IR,8000,9500,2.0201388032939384e+49,1698.0413152512228,715
18,27,0,Ca IR,8000,9500,5.201132968863098e+37,4.371847445751845e-09,14
18,27,1,Ca IR,8000,9500,1.3384657319612814e+46,1.1250564110804457,142
18,28,0,Ca IR,8000,9500,4.616906771043632e+38,3.880772169274795e-08,5
19,6,0,5500-5800,5500,5800,8.645807284140393e+48,687.4592313539431,8
19,6,1,5500-5800,5500,5800,4.200621365741934e+51,334006.5121043251,80
19,6,2,5500-5800,5500,5800,3.2149844701661358e+38,2.5563497774575034e-08,4
19,8,0,5500-5800,5500,5800,6.083253101192803e+51,483701.33217621077,19
19,8,1,5500-5800,5500,5800,3.950476959606815e+48,314.1166307412993,7
19,8,2,5500-5800,5500,5800,1.9056288479109763e+30,1.5152340319149624e-16,2
19,12,0,5500-5800,5500,5800,4.1523121819381515e+41,3.3016527515864334e-05,65
19,12,1,5500-5800,5500,5800,3.5431075119806826e+50,28172.522087771642,32
19,12,2,5500-5800,5500,5800,4.9189932096262594e+48,391.1268409981855,37
19,14,0,5500-5800,5500,5800,2.605906109069263e+45,0.20720496673659258,55
19,14,1,5500-5800,5500,5800,2.027371570582152e+51,161203.60491239128,82
19,14,2,5500-5800,5500,5800,2.6851295226710557e+47,21.350430527491845,61
19,20,0,5500-5800,5500,5800,2.7816873954907673e+38,2.2118196900813345e-08,175
19,20,1,5500-5800,5500,5800,7.19733663918884e+46,5.72286121025224,380
19,20,2,5500-5800,5500,5800,5.8415706229851776e+48,464.4842891355794,31
19,20,3,5500-5800,5500,5800,6.007810882620545e+40,4.777026500535526e-06,1
19,22,0,5500-5800,5500,5800,1.0747765478588345e+38,8.545934869767806e-09,115
19,22,1,5500-5800,5500,5800,2.1903153711034807e+47,17.415985251066516,348
19,22,2,5500-5800,5500,5800,2.864565405172929e+48,227.77189762437234,628
19,22,3,5500-5800,5500,5800,2.9247345448399386e+32,2.3255616231444785e-14,1
19,24,0,5500-5800,5500,5800,6.333188834985524e+40,5.0357462125081345e-06,307
19,24,1,5500-5800,5500,5800,4.861750910006305e+49,3865.752998864779,2267
19,24,2,5500-5800,5500,5800,8.509099242845975e+49,6765.8908332733145,1291
19,25,0,5500-5800,5500,5800,8.96983706278485e+39,7.132240044100492e-07,85
19,25,1,5500-5800,5500,5800,3.182391579328817e+48,253.04339977665458,1494
19,25,2,5500-5800,5500,5800,1.7797447344679647e+49,1415.1390459603806,5514
19,26,0,5500-5800,5500,5800,6.524289630864629e+41,5.187697328151395e-05,50
19,26,1,5500-5800,5500,5800,9.43479186661809e+49,7501.942330483692,521
19,26,2,5500-5800,5500,5800,7.809928560470138e+49,6209.955078409801,1094
19,27,0,5500-5800,5500,5800,7.192322441820654e+35,5.71887424159182e-11,6
19,27,1,5500-5800,5500,5800,1.2029872471902528e+45,0.09565384250456743,52
19,28,0,5500-5800,5500,5800,1.1505823128690627e+38,9.14869377050949e-09,3
19,28,2,5500-5800,5500,5800,6.942578951789132e+43,0.005520294210774268,49
19,6,0,Si red,5800,6800,1.8746385902639187e+50,14905.925635114423,20
19,6,1,Si red,5800,6800,7.077340168558301e+52,5627447.700843837,230
19,6,2,Si red,5800,6800,4.149283787840736e+38,3.2992447665249746e-08,2
19,8,0,Si red,5800,6800,1.3884260782778672e+53,11039875.088536302,89
19,8,1,Si red,5800,6800,2.0341994185605402e+52,1617465.1166114968,291
19,8,2,Si red,5800,6800,5.351907952941517e+30,4.2554944919432535e-16,3
19,12,0,Si red,5800,6800,1.6104770926085268e+42,0.0001280548256296078,286
19,12,1,Si red,5800,6800,4.8591201081739494e+51,386366.1153712467,119
19,12,2,Si red,5800,6800,8.904563872859114e+48,708.0338983274536,58
19,12,3,Si red,5800,6800,2.0657925709310982e+37,1.6425859682924641e-09,3
19,14,0,Si red,5800,6800,1.1999757640659203e+46,0.9541438865071082,209
19,14,1,Si red,5800,6800,4.470816125970144e+51,355490.6692313384,277
19,14,2,Si red,5800,6800,2.367150951100411e+48,188.22068545609963,160
19,20,0,Si red,5800,6800,3.970407895794613e+38,3.1570141115815655e-08,503
19,20,1,Si red,5800,6800,1.9450884199937458e+48,154.66097568207638,1986
19,20,2,Si red,5800,6800,2.547149961705465e+50,20253.305414629805,656
19,20,3,Si red,5800,6800,2.228805638100228e+41,1.772203520678008e-05,8
19,22,0,Si red,5800,6800,6.214828389284053e+37,4.941633565359611e-09,287
19,22,1,Si red,5800,6800,4.129302553900343e+47,32.83356968804381,966
19,22,2,Si red,5800,6800,2.2764779830032858e+49,1810.109516621283,2033
19,22,3,Si red,5800,6800,5.3744165315718694e+32,4.273391872321459e-14,2
19,24,0,Si red,5800,6800,9.641254245878668e+40,7.666107993544843e-06,609
19,24,1,Si red,5800,6800,1.6702722863654745e+50,13280.935653549743,7042
19,24,2,Si red,5800,6800,2.607696760608428e+50,20734.734788045585,2831
19,24,3,Si red,5800,6800,1.7317608224920516e+28,1.3769853118321324e-18,1
19,25,0,Si red,5800,6800,4.057880218060998e+40,3.2265665009117105e-06,221
19,25,1,Si red,5800,6800,3.735580649615499e+49,2970.2945227059417,5753
19,25,2,Si red,5800,6800,4.020785859542864e+49,3197.0714423748145,14062
19,26,0,Si red,5800,6800,9.793590161073099e+41,7.787235758397139e-05,159
19,26,1,Si red,5800,6800,9.448567460523479e+50,75128.9580062987,2123
19,26,2,Si red,5800,6800,5.227254037297202e+49,4156.377680501833,1658
19,27,0,Si red,5800,6800,2.624241513079913e+36,2.086628806517972e-10,5
19,27,1,Si red,5800,6800,3.7042943826439486e+46,2.9454176866426978,116
19,28,0,Si red,5800,6800,4.8967408761091e+39,3.8935747793088703e-07,2
19,28,2,Si red,5800,6800,5.600693917507519e+43,0.00445331315982627,68
19,6,0,OI/cont,6800,8000,8.444774916813607e+50,67147.44248254367,15
19,6,1,OI/cont,6800,8000,6.127581612608782e+52,4872260.515440591,312
19,6,2,OI/cont,6800,8000,5.7822411595336e+39,4.597667901212443e-07,28
19,6,3,OI/cont,6800,8000,80670329693.18216,6.414388040509977e-36,8
19,8,0,OI/cont,6800,8000,7.453066163759339e+52,5926200.952416321,30
19,8,1,OI/cont,6800,8000,1.7362270083385888e+51,138053.6536822743,57
19,8,2,OI/cont,6800,8000,2.368650891433305e+31,1.8833995110642466e-15,8
19,8,3,OI/cont,6800,8000,2.339911884161104e-11,1.8605480927988128e-57,3
19,12,0,OI/cont,6800,8000,3.852636889088253e+42,0.00030633701485769196,299
19,12,1,OI/cont,6800,8000,3.800334236409373e+51,302178.2428394501,61
19,12,2,OI/cont,6800,8000,1.731779169014747e+49,1376.9998998121505,69
19,12,3,OI/cont,6800,8000,6.133732033719234e+37,4.8771509364621765e-09,25
19,14,0,OI/cont,6800,8000,1.8639585688235722e+46,1.4821004943628595,201
19,14,1,OI/cont,6800,8000,7.243930456847465e+51,575990.96303948,328
19,14,2,OI/cont,6800,8000,1.7860575539516172e+48,142.01585957690708,93
19,20,0,OI/cont,6800,8000,4.812320873423481e+38,3.826449399052464e-08,605
19,20,1,OI/cont,6800,8000,2.3066962791157564e+48,183.41371706454618,1880
19,20,2,OI/cont,6800,8000,1.1429544883093372e+51,90880.42194128061,654
19,20,3,OI/cont,6800,8000,1.6311468647451526e+42,0.0001296983535499411,17
19,22,0,OI/cont,6800,8000,1.5931449546511855e+38,1.2667668500649545e-08,209
19,22,1,OI/cont,6800,8000,6.323384677982711e+47,50.279505746738394,1133
19,22,2,OI/cont,6800,8000,7.564086335910225e+48,601.4477084075689,978
19,24,0,OI/cont,6800,8000,1.4633681346290407e+41,1.1635766331101557e-05,760
19,24,1,OI/cont,6800,8000,1.936763046423358e+50,15399.899528772592,7337
19,24,2,OI/cont,6800,8000,9.555678736915909e+49,7598.063828690305,1610
19,24,3,OI/cont,6800,8000,2.813914261895844e+28,2.23744443058234e-18,1
19,25,0,OI/cont,6800,8000,3.7724652953483613e+40,2.9996228310650576e-06,204
19,25,1,OI/cont,6800,8000,2.1855915132670735e+49,1737.8424158498576,5635
19,25,2,OI/cont,6800,8000,6.55729012069673e+49,5213.937204462189,12830
19,25,3,OI/cont,6800,8000,8.485221367221756e+29,6.746904675609237e-17,1
19,26,0,OI/cont,6800,8000,3.418059868359578e+42,0.00027178223300611785,217
19,26,1,OI/cont,6800,8000,4.2622733944133705e+50,33890.868663227506,1310
19,26,2,OI/cont,6800,8000,1.682688920719754e+49,1337.9664778877968,809
19,27,0,OI/cont,6800,8000,1.9953459712158486e+37,1.5865713432838992e-09,2
19,27,1,OI/cont,6800,8000,3.2618642471409556e+46,2.593625574136747,144
19,28,0,OI/cont,6800,8000,1.3447252484558807e+39,1.0692394073847697e-07,4
19,28,2,OI/cont,6800,8000,1.0604322703909527e+42,8.431878360776602e-05,13
19,6,0,Ca IR,8000,9500,3.7966247478772356e+51,301883.2880652791,116
19,6,1,Ca IR,8000,9500,2.133757806999277e+53,16966275.718243025,354
19,6,2,Ca IR,8000,9500,9.64102347473412e+39,7.665924499108249e-07,26
19,6,3,Ca IR,8000,9500,13506782846.18998,1.0739728805358842e-36,3
19,8,0,Ca IR,8000,9500,3.2650620259007993e+53,25961682.430351328,104
19,8,1,Ca IR,8000,9500,5.953341109115955e+52,4733715.624645222,353
19,12,0,Ca IR,8000,9500,5.810760688447284e+42,0.00046203448043415963,211
19,12,1,Ca IR,8000,9500,9.309638631088174e+51,740242.8491843453,184
19,12,2,Ca IR,8000,9500,7.647532942569864e+49,6080.828482144163,64
19,12,3,Ca IR,8000,9500,1.534639902601033e+37,1.2202473790764e-09,5
19,14,0,Ca IR,8000,9500,7.243324909188797e+46,5.75942813767319,174
19,14,1,Ca IR,8000,9500,1.775844497397293e+52,1412037.8271955112,290
19,14,2,Ca IR,8000,9500,2.5532382209431048e+48,203.0171535343875,137
19,20,0,Ca IR,8000,9500,2.218113441482239e+38,1.763701770607808e-08,419
19,20,1,Ca IR,8000,9500,1.268294378236307e+48,100.846647367707,1675
19,20,2,Ca IR,8000,9500,2.543106319015867e+51,202211.52957329951,1066
19,22,0,Ca IR,8000,9500,1.456323772942485e+38,1.1579754077864059e-08,202
19,22,1,Ca IR,8000,9500,8.44222601228292e+47,67.12717522592004,1366
19,22,2,Ca IR,8000,9500,5.014244919708725e+48,398.7006470346164,914
19,24,0,Ca IR,8000,9500,1.808244141462428e+41,1.437799949427887e-05,802
19,24,1,Ca IR,8000,9500,2.8334602743470874e+50,22529.861680443988,7715
19,24,2,Ca IR,8000,9500,1.7805187955881951e+50,14157.545297957777,1453
19,25,0,Ca IR,8000,9500,6.606692783841057e+40,5.253219038669083e-06,326
19,25,1,Ca IR,8000,9500,3.592131869860948e+49,2856.2332388630534,5131
19,25,2,Ca IR,8000,9500,1.0712299533562954e+50,8517.734621364027,17584
19,26,0,Ca IR,8000,9500,1.3835049909974406e+42,0.00011000745753726428,101
19,26,1,Ca IR,8000,9500,5.867266537644434e+50,46652.746372414476,1094
19,26,2,Ca IR,8000,9500,1.863330522075037e+49,1481.6011118057274,715
19,27,0,Ca IR,8000,9500,3.57827008177771e+37,2.845211232626141e-09,14
19,27,1,Ca IR,8000,9500,1.1033041413174612e+46,0.8772768025156548,142
19,28,0,Ca IR,8000,9500,3.17665735677244e+38,2.5258745111836668e-08,5
20,6,0,5500-5800,5500,5800,6.457498178199709e+48,486.4430929366853,8
20,6,1,5500-5800,5500,5800,3.4866026452226255e+51,262645.64507491054,80
20,6,2,5500-5800,5500,5800,2.612813285306203e+38,1.968231257209197e-08,4
20,8,0,5500-5800,5500,5800,5.014173849767952e+51,377717.5259975637,19
20,8,1,5500-5800,5500,5800,3.531835976639659e+48,266.05307021559656,7
20,8,2,5500-5800,5500,5800,1.5945308129741404e+30,1.201159456869149e-16,2
20,12,0,5500-5800,5500,5800,2.8773700377785226e+41,2.167521758543567e-05,65
20,12,1,5500-5800,5500,5800,2.9316943308071283e+50,22084.442278857125,32
20,12,2,5500-5800,5500,5800,4.3628236561085855e+48,328.65134060424396,37
20,14,0,5500-5800,5500,5800,1.8773309463872223e+45,0.141419269014947,55
20,14,1,5500-5800,5500,5800,1.6792576180254153e+51,126498.41269912798,82
20,14,2,5500-5800,5500,5800,2.3652235797113464e+47,17.817220258547987,61
20,20,0,5500-5800,5500,5800,1.7190500610197838e+38,1.2949597592121838e-08,175
20,20,1,5500-5800,5500,5800,5.285419699240453e+46,3.9815046555441653,380
20,20,2,5500-5800,5500,5800,4.837235871136535e+48,364.3887947756174,31
20,20,3,5500-5800,5500,5800,5.073466905619551e+40,3.821840696468506e-06,1
20,22,0,5500-5800,5500,5800,6.835522248123413e+37,5.149196317917788e-09,115
20,22,1,5500-5800,5500,5800,1.652774311040931e+47,12.450342618806467,348
20,22,2,5500-5800,5500,5800,2.4001110302828315e+48,180.8002729143205,628
20,22,3,5500-5800,5500,5800,2.4052408238668222e+32,1.811867000705135e-14,1
20,24,0,5500-5800,5500,5800,4.214732425208475e+40,3.1749563379521256e-06,307
20,24,1,5500-5800,5500,5800,3.8166580213820826e+49,2875.0870404741004,2267
20,24,2,5500-5800,5500,5800,7.354756797846978e+49,5540.335507363963,1291
20,25,0,5500-5800,5500,5800,6.212361183827898e+39,4.679769324446863e-07,85
20,25,1,5500-5800,5500,5800,2.5897576865622146e+48,195.08634834165613,1494
20,25,2,5500-5800,5500,5800,1.5871444735105662e+49,1195.5953301516668,5514
20,26,0,5500-5800,5500,5800,4.586644404212467e+41,3.455117490730557e-05,50
20,26,1,5500-5800,5500,5800,7.79481564397391e+49,5871.831669309165,521
20,26,2,5500-5800,5500,5800,7.018481975060818e+49,5287.019810853089,1094
20,27,0,5500-5800,5500,5800,5.065294016208937e+35,3.815684061974128e-11,6
20,27,1,5500-5800,5500,5800,9.976731035341772e+44,0.07515467706383577,52
20,28,0,5500-5800,5500,5800,8.099995968720765e+37,6.101723892236077e-09,3
20,28,2,5500-5800,5500,5800,6.089456790968255e+43,0.004587185491903192,49
20,6,0,Si red,5800,6800,1.4001555764049986e+50,10547.36664856293,20
20,6,1,Si red,5800,6800,5.874338771420628e+52,4425137.169336982,230
20,6,2,Si red,5800,6800,3.3721170058453472e+38,2.540214462011846e-08,2
20,8,0,Si red,5800,6800,1.1444221731743636e+53,8620927.89160433,89
20,8,1,Si red,5800,6800,1.8186307029738128e+52,1369973.819041533,291
20,8,2,Si red,5800,6800,4.47819739322359e+30,3.3734243984688183e-16,3
20,12,0,Si red,5800,6800,1.1159899183296677e+42,8.406747823656193e-05,286
20,12,1,Si red,5800,6800,4.02061038951678e+51,302872.4282064253,119
20,12,2,Si red,5800,6800,7.897762866558485e+48,594.9381773051111,58
20,12,3,Si red,5800,6800,1.811460973857966e+37,1.3645728648168688e-09,3
20,14,0,Si red,5800,6800,8.644792032051404e+45,0.6512118560191167,209
20,14,1,Si red,5800,6800,3.703145564071635e+51,278957.81494188163,277
20,14,2,Si red,5800,6800,2.085128929165896e+48,157.0726831792918,160
20,20,0,Si red,5800,6800,2.45366533514992e+38,1.8483451666952097e-08,503
20,20,1,Si red,5800,6800,1.4283906904982685e+48,107.60061655978006,1986
20,20,2,Si red,5800,6800,2.109221296656912e+50,15888.75603089613,656
20,20,3,Si red,5800,6800,1.8821783616177084e+41,1.4178442462047648e-05,8
20,22,0,Si red,5800,6800,3.9525981291508262e+37,2.977490672116486e-09,287
20,22,1,Si red,5800,6800,3.1159006934073885e+47,23.47206810993198,966
20,22,2,Si red,5800,6800,1.9073748176025185e+49,1436.824726945235,2033
20,22,3,Si red,5800,6800,4.419808310127793e+32,3.329439924310166e-14,2
20,24,0,Si red,5800,6800,6.416247477938433e+40,4.833356792499665e-06,609
20,24,1,Si red,5800,6800,1.3112268064841505e+50,9877.466561910293,7042
20,24,2,Si red,5800,6800,2.2539372182000466e+50,16978.90051921019,2831
20,24,3,Si red,5800,6800,1.4163514542142628e+28,1.066937013469569e-18,1
20,25,0,Si red,5800,6800,2.810420900497231e+40,2.117088998812408e-06,221
20,25,1,Si red,5800,6800,3.0399303353973674e+49,2289.9783691073576,5753
20,25,2,Si red,5800,6800,3.585664804930909e+49,2701.0799380993094,14062
20,26,0,Si red,5800,6800,6.884997149257955e+41,5.1864657421847155e-05,159
20,26,1,Si red,5800,6800,7.80619673392235e+50,58804.05040052341,2123
20,26,2,Si red,5800,6800,4.697531860345956e+49,3538.6489693944714,1658
20,27,0,Si red,5800,6800,1.8481589140108006e+36,1.3922174092204836e-10,5
20,27,1,Si red,5800,6800,3.0720815052432014e+46,2.3141978331625537,116
20,28,0,Si red,5800,6800,3.447261522511135e+39,2.5968207979261815e-07,2
20,28,2,Si red,5800,6800,4.912466080246984e+43,0.003700558835756584,68
20,6,0,OI/cont,6800,8000,6.307348388468309e+50,47513.23149689402,15
20,6,1,OI/cont,6800,8000,5.086019519296952e+52,3831296.575592542,312
20,6,2,OI/cont,6800,8000,4.6992191286364226e+39,3.5399199879579757e-07,28
20,6,3,OI/cont,6800,8000,55253463417.68355,4.1622413043955706e-36,8
20,8,0,OI/cont,6800,8000,6.143254084165053e+52,4627710.972471842,30
20,8,1,OI/cont,6800,8000,1.5522351033466065e+51,116929.811484256,57
20,8,2,OI/cont,6800,8000,1.981963505490295e+31,1.4930123572518292e-15,8
20,8,3,OI/cont,6800,8000,1.4514662947186064e-11,1.0933890095081855e-57,3
20,12,0,OI/cont,6800,8000,2.6697082168635256e+42,0.00020110901875804028,299
20,12,1,OI/cont,6800,8000,3.144532955429647e+51,236877.54831190393,61
20,12,2,OI/cont,6800,8000,1.5359742946885789e+49,1157.0488538455281,69
20,12,3,OI/cont,6800,8000,5.378573027870298e+37,4.051677022683233e-09,25
20,14,0,OI/cont,6800,8000,1.3428216357672008e+46,1.0115470291112092,201
20,14,1,OI/cont,6800,8000,6.000096667338819e+51,451987.0544652791,328
20,14,2,OI/cont,6800,8000,1.5732669153053194e+48,118.51413708171381,93
20,20,0,OI/cont,6800,8000,2.9739576433051692e+38,2.2402811651669372e-08,605
20,20,1,OI/cont,6800,8000,1.6939402121917603e+48,127.60445196100852,1880
20,20,2,OI/cont,6800,8000,9.464475920520695e+50,71295.86122603291,654
20,20,3,OI/cont,6800,8000,1.377468398752243e+42,0.00010376464225320013,17
20,22,0,OI/cont,6800,8000,1.0132318018753496e+38,7.63267132199898e-09,209
20,22,1,OI/cont,6800,8000,4.7715173314673775e+47,35.943821967396715,1133
20,22,2,OI/cont,6800,8000,6.337661907124028e+48,477.41583117998044,978
20,24,0,OI/cont,6800,8000,9.738703973212504e+40,7.336162010726262e-06,760
20,24,1,OI/cont,6800,8000,1.5204321145771166e+50,11453.40935460166,7337
20,24,2,OI/cont,6800,8000,8.259357558611361e+49,6221.770917480924,1610
20,24,3,OI/cont,6800,8000,2.3014099320801128e+28,1.733651229288251e-18,1
20,25,0,OI/cont,6800,8000,2.612747233212718e+40,1.9681815001922175e-06,204
20,25,1,OI/cont,6800,8000,1.7785845267860788e+49,1339.8070497022659,5635
20,25,2,OI/cont,6800,8000,5.847673868455308e+49,4405.050508042836,12830
20,25,3,OI/cont,6800,8000,7.343976648906034e+29,5.532214825253894e-17,1
20,26,0,OI/cont,6800,8000,2.4029321283207685e+42,0.00018101278612256026,217
20,26,1,OI/cont,6800,8000,3.521395681362939e+50,26526.660316823058,1310
20,26,2,OI/cont,6800,8000,1.5121677193671033e+49,1139.115369681794,809
20,27,0,OI/cont,6800,8000,1.4052504027764046e+37,1.0585745956302402e-09,2
20,27,1,OI/cont,6800,8000,2.705161035042647e+46,2.03779678207329,144
20,28,0,OI/cont,6800,8000,9.466744768889223e+38,7.131295245219101e-08,4
20,28,2,OI/cont,6800,8000,9.301235945800744e+41,7.006617511536927e-05,13
20,6,0,Ca IR,8000,9500,2.8356747481172608e+51,213611.271264993,116
20,6,1,Ca IR,8000,9500,1.7710631276651848e+53,13341411.825961307,354
20,6,2,Ca IR,8000,9500,7.835246002738101e+39,5.902287843237619e-07,26
20,6,3,Ca IR,8000,9500,9251189808.210575,6.968917775064553e-37,3
20,8,0,Ca IR,8000,9500,2.691255543013987e+53,20273217.802001752,104
20,8,1,Ca IR,8000,9500,5.322452079932214e+52,4009401.133878954,353
20,12,0,Ca IR,8000,9500,4.0266020397906e+42,0.000303323778994387,211
20,12,1,Ca IR,8000,9500,7.703129161148933e+51,580276.427655877,184
20,12,2,Ca IR,8000,9500,6.78285905486105e+49,5109.525154399771,64
20,12,3,Ca IR,8000,9500,1.3457015634604502e+37,1.0137164775506493e-09,5
20,14,0,Ca IR,8000,9500,5.218191844837537e+46,3.9308619383109584,174
20,14,1,Ca IR,8000,9500,1.470919511723557e+52,1108043.110502597,290
20,14,2,Ca IR,8000,9500,2.2490457885947915e+48,169.42053398538982,137
20,20,0,Ca IR,8000,9500,1.370767992517764e+38,1.0325990090559344e-08,419
20,20,1,Ca IR,8000,9500,9.313817634520984e+47,70.16095292879712,1675
20,20,2,Ca IR,8000,9500,2.1058728729656503e+51,158635.3236792494,1066
20,22,0,Ca IR,8000,9500,9.262142507901917e+37,6.977168439589476e-09,202
20,22,1,Ca IR,8000,9500,6.37035856351278e+47,47.98788690660967,1366
20,22,2,Ca IR,8000,9500,4.201246206003821e+48,316.4797174138373,914
20,24,0,Ca IR,8000,9500,1.2033851215068618e+41,9.065095557843189e-06,802
20,24,1,Ca IR,8000,9500,2.224373293600158e+50,16756.195587286755,7715
20,24,2,Ca IR,8000,9500,1.5389740255475866e+50,11593.085499643123,1453
20,25,0,Ca IR,8000,9500,4.575686438507888e+40,3.4468628593198583e-06,326
20,25,1,Ca IR,8000,9500,2.923194990064513e+49,2202.041677726708,5131
20,25,2,Ca IR,8000,9500,9.553036833884388e+49,7196.2990250635185,17584
20,26,0,Ca IR,8000,9500,9.726185966881237e+41,7.326732201302948e-05,101
20,26,1,Ca IR,8000,9500,4.847405395005175e+50,36515.48646230787,1094
20,26,2,Ca IR,8000,9500,1.674503368565648e+49,1261.4027526757448,715
20,27,0,Ca IR,8000,9500,2.5200469222873117e+37,1.8983503911181476e-09,14
20,27,1,Ca IR,8000,9500,9.150029390429771e+45,0.6892713670703845,142
20,28,0,Ca IR,8000,9500,2.2363381998895828e+38,1.684632718100171e-08,5
21,6,0,5500-5800,5500,5800,4.7506947644437337e+48,339.5227745548302,8
21,6,1,5500-5800,5500,5800,2.9087182842091633e+51,207880.35250012472,80
21,6,2,5500-5800,5500,5800,2.2431522402994937e+38,1.6031366150389678e-08,4
21,8,0,5500-5800,5500,5800,4.145754281689086e+51,296288.8727090134,19
21,8,1,5500-5800,5500,5800,3.25034163272148e+48,232.29549868205265,7
21,8,2,5500-5800,5500,5800,1.4587788786831074e+30,1.0425604609654749e-16,2
21,12,0,5500-5800,5500,5800,1.9966834239628616e+41,1.4269902185367783e-05,65
21,12,1,5500-5800,5500,5800,2.437560435350742e+50,17420.76313446902,32
21,12,2,5500-5800,5500,5800,4.001250011676515e+48,285.9614378552961,37
21,14,0,5500-5800,5500,5800,1.3423659032190883e+45,0.09593624059787635,55
21,14,1,5500-5800,5500,5800,1.3975836796466043e+51,99882.54605149852,82
21,14,2,5500-5800,5500,5800,2.158198715585293e+47,15.424220083354259,61
21,20,0,5500-5800,5500,5800,1.0450417573045785e+38,7.46870709567155e-09,175
21,20,1,5500-5800,5500,5800,3.8356329467351513e+46,2.7412511323529003,380
21,20,2,5500-5800,5500,5800,4.025442583431401e+48,287.6904331903179,31
21,20,3,5500-5800,5500,5800,4.482560894174433e+40,3.203597762777524e-06,1
21,22,0,5500-5800,5500,5800,4.261814980668745e+37,3.0458350170291817e-09,115
21,22,1,5500-5800,5500,5800,1.2286611763281508e+47,8.780998827727906,348
21,22,2,5500-5800,5500,5800,2.0219800469667158e+48,144.50692155151114,628
21,22,3,5500-5800,5500,5800,2.0891376568254837e+32,1.493065433252307e-14,1
21,24,0,5500-5800,5500,5800,2.7570728502649146e+40,1.970425527604584e-06,307
21,24,1,5500-5800,5500,5800,2.963689381050812e+49,2118.090282508145,2267
21,24,2,5500-5800,5500,5800,6.430283447137108e+49,4595.596613544222,1291
21,25,0,5500-5800,5500,5800,4.2622935224554136e+39,3.046177021395293e-07,85
21,25,1,5500-5800,5500,5800,2.1028408416621732e+48,150.2858828885325,1494
21,25,2,5500-5800,5500,5800,1.4458109101230193e+49,1033.2925098884782,5514
21,26,0,5500-5800,5500,5800,3.2092452280039552e+41,2.2935841978185605e-05,50
21,26,1,5500-5800,5500,5800,6.455566110814027e+49,4613.6656340672225,521
21,26,2,5500-5800,5500,5800,6.483997351246061e+49,4633.984880228367,1094
21,27,0,5500-5800,5500,5800,3.5573668528281135e+35,2.5423798494092677e-11,6
21,27,1,5500-5800,5500,5800,8.306298934440787e+44,0.05936347840342432,52
21,28,0,5500-5800,5500,5800,5.690171561775759e+37,4.06665326260613e-09,3
21,28,2,5500-5800,5500,5800,5.538193733053719e+43,0.003958037709224924,49
21,6,0,Si red,5800,6800,1.0300756705886304e+50,7361.747428970634,20
21,6,1,Si red,5800,6800,4.900700862910907e+52,3502434.142248225,230
21,6,2,Si red,5800,6800,2.895029606115749e+38,2.0690204970512117e-08,2
21,8,0,Si red,5800,6800,9.462163193079384e+52,6762421.203419654,89
21,8,1,Si red,5800,6800,1.6736822229342198e+52,1196147.6378292637,291
21,8,2,Si red,5800,6800,4.096941695108069e+30,2.928003335266554e-16,3
21,12,0,Si red,5800,6800,7.74415018569826e+41,5.5345912292587536e-05,286
21,12,1,Si red,5800,6800,3.342940874994992e+51,238913.38368988037,119
21,12,2,Si red,5800,6800,7.243227380457982e+48,517.6591591088184,58
21,12,3,Si red,5800,6800,1.7224069757420446e+37,1.230970256589423e-09,3
21,14,0,Si red,5800,6800,6.181368333898596e+45,0.44177018969484594,209
21,14,1,Si red,5800,6800,3.081990367736361e+51,220263.76618360498,277
21,14,2,Si red,5800,6800,1.9026203760850265e+48,135.97652154959738,160
21,20,0,Si red,5800,6800,1.4916277261647988e+38,1.0660368836592369e-08,503
21,20,1,Si red,5800,6800,1.036584170235765e+48,74.08262390843649,1986
21,20,2,Si red,5800,6800,1.7552481317079607e+50,12544.411823087295,656
21,20,3,Si red,5800,6800,1.6629612997581092e+41,1.1884856057202224e-05,8
21,22,0,Si red,5800,6800,2.464367945551322e+37,1.7612351116722258e-09,287
21,22,1,Si red,5800,6800,2.316339372961619e+47,16.554420136706284,966
21,22,2,Si red,5800,6800,1.606873088210672e+49,1148.4004683905587,2033
21,22,3,Si red,5800,6800,3.838945308517449e+32,2.7436184119160333e-14,2
21,24,0,Si red,5800,6800,4.1971968650251324e+40,2.999653725665174e-06,609
21,24,1,Si red,5800,6800,1.018186313983412e+50,7276.776544869892,7042
21,24,2,Si red,5800,6800,1.9706233099809387e+50,14083.655696315698,2831
21,24,3,Si red,5800,6800,1.2413834101763224e+28,8.871922121032193e-19,1
21,25,0,Si red,5800,6800,1.9282263933311104e+40,1.3780653304302305e-06,221
21,25,1,Si red,5800,6800,2.4683736622352154e+49,1764.0979182932174,5753
21,25,2,Si red,5800,6800,3.2663650861893154e+49,2334.4066326304564,14062
21,26,0,Si red,5800,6800,4.817387680148878e+41,3.4428918555493024e-05,159
21,26,1,Si red,5800,6800,6.464991783200783e+50,46204.01976011875,2123
21,26,2,Si red,5800,6800,4.339796589648322e+49,3101.5669332178577,1658
21,27,0,Si red,5800,6800,1.2979659696795837e+36,9.276306501559965e-11,5
21,27,1,Si red,5800,6800,2.557714269646311e+46,1.8279478863771608,116
21,28,0,Si red,5800,6800,2.4216690424470116e+39,1.7307190487145987e-07,2
21,28,2,Si red,5800,6800,4.467753002174911e+43,0.0031930148547477033,68
21,6,0,OI/cont,6800,8000,4.640231578814441e+50,33162.81887877705,15
21,6,1,OI/cont,6800,8000,4.243040998633539e+52,3032417.6227614153,312
21,6,2,OI/cont,6800,8000,4.034373208119879e+39,2.8832868730326023e-07,28
21,6,3,OI/cont,6800,8000,43514748262.95845,3.1099131383627366e-36,8
21,8,0,OI/cont,6800,8000,5.079285777877425e+52,3630065.254810705,30
21,8,1,OI/cont,6800,8000,1.4285188818364986e+51,102093.4238703679,57
21,8,2,OI/cont,6800,8000,1.813227111451789e+31,1.2958776143350836e-15,8
21,8,3,OI/cont,6800,8000,1.1040474943870955e-11,7.890409447901179e-58,3
21,12,0,OI/cont,6800,8000,1.8525813758540136e+42,0.00013240033300523135,299
21,12,1,OI/cont,6800,8000,2.61452534094903e+51,186854.96373010386,61
21,12,2,OI/cont,6800,8000,1.4086787935956273e+49,1006.7549193810198,69
21,12,3,OI/cont,6800,8000,5.114154727281581e+37,3.654985404461484e-09,25
21,14,0,OI/cont,6800,8000,9.601705982781858e+45,0.6862149679943766,201
21,14,1,OI/cont,6800,8000,4.993657368924199e+51,356886.83216671395,328
21,14,2,OI/cont,6800,8000,1.435560961344363e+48,102.59670738818949,93
21,20,0,OI/cont,6800,8000,1.8079228709984896e+38,1.292086778415485e-08,605
21,20,1,OI/cont,6800,8000,1.2292936526149392e+48,87.85519010866965,1880
21,20,2,OI/cont,6800,8000,7.876131207009682e+50,56289.154592211074,654
21,20,3,OI/cont,6800,8000,1.217034838715256e+42,8.697907688432127e-05,17
21,22,0,OI/cont,6800,8000,6.317302929279248e+37,4.514851668234662e-09,209
21,22,1,OI/cont,6800,8000,3.5471135158547846e+47,25.350519919268518,1133
21,22,2,OI/cont,6800,8000,5.339180462462073e+48,381.5806854255611,978
21,24,0,OI/cont,6800,8000,6.37058622291619e+40,4.552932186116877e-06,760
21,24,1,OI/cont,6800,8000,1.1806372190896722e+50,8437.78108768815,7337
21,24,2,OI/cont,6800,8000,7.221178300371911e+49,5160.833548910365,1610
21,24,3,OI/cont,6800,8000,2.017106771909367e+28,1.4415863820545749e-18,1
21,25,0,OI/cont,6800,8000,1.7926027283999559e+40,1.2811377749969528e-06,204
21,25,1,OI/cont,6800,8000,1.444181516549119e+49,1032.1280144736327,5635
21,25,2,OI/cont,6800,8000,5.326944597017923e+49,3807.062122820179,12830
21,25,3,OI/cont,6800,8000,6.838179123418284e+29,4.887111599470959e-17,1
21,26,0,OI/cont,6800,8000,1.6813159657522884e+42,0.0001201603323092874,217
21,26,1,OI/cont,6800,8000,2.9163746343311906e+50,20842.75367258615,1310
21,26,2,OI/cont,6800,8000,1.3970102825449136e+49,998.4156649281483,809
21,27,0,OI/cont,6800,8000,9.869103721843923e+36,7.053253564275665e-10,2
21,27,1,OI/cont,6800,8000,2.2522283244148545e+46,1.609623113148684,144
21,28,0,OI/cont,6800,8000,6.65029983651093e+38,4.752837982799994e-08,4
21,28,2,OI/cont,6800,8000,8.459218677943356e+41,6.0456365616191496e-05,13
21,6,0,Ca IR,8000,9500,2.0861678637440487e+51,149094.2980775652,116
21,6,1,Ca IR,8000,9500,1.4775195874376609e+53,10559540.754765412,354
21,6,2,Ca IR,8000,9500,6.726714734336588e+39,4.807450201461719e-07,26
21,6,3,Ca IR,8000,9500,7285754968.76983,5.2069852187462525e-37,3
21,8,0,Ca IR,8000,9500,2.225149052437834e+53,15902700.921476822,104
21,8,1,Ca IR,8000,9500,4.898242075224702e+52,3500676.8952377243,353
21,12,0,Ca IR,8000,9500,2.7941660065217445e+42,0.00019969352739759432,211
21,12,1,Ca IR,8000,9500,6.404775107111427e+51,457736.63065907476,184
21,12,2,Ca IR,8000,9500,6.220722406339556e+49,4445.827475474764,64
21,12,3,Ca IR,8000,9500,1.2795449604607346e+37,9.144655185906219e-10,5
21,14,0,Ca IR,8000,9500,3.7312136266894587e+46,2.6666247060786086,174
21,14,1,Ca IR,8000,9500,1.224191619911104e+52,874905.5790530425,290
21,14,2,Ca IR,8000,9500,2.052189811514632e+48,146.66595377448698,137
21,20,0,Ca IR,8000,9500,8.333147615886368e+37,5.955536062843631e-09,419
21,20,1,Ca IR,8000,9500,6.759044278732558e+47,48.30555488493769,1675
21,20,2,Ca IR,8000,9500,1.7524616462701506e+51,125244.97361855587,1066
21,22,0,Ca IR,8000,9500,5.774765447380704e+37,4.127110842339372e-09,202
21,22,1,Ca IR,8000,9500,4.73568120825172e+47,33.844978533809524,1366
21,22,2,Ca IR,8000,9500,3.539351260734509e+48,252.95044614583333,914
21,24,0,Ca IR,8000,9500,7.871959859362136e+40,5.6259342794207816e-06,802
21,24,1,Ca IR,8000,9500,1.7272575831534927e+50,12344.368899310073,7715
21,24,2,Ca IR,8000,9500,1.3455290873723465e+50,9616.230712359386,1453
21,25,0,Ca IR,8000,9500,3.139372951851143e+40,2.2436478616821727e-06,326
21,25,1,Ca IR,8000,9500,2.3735864730301427e+49,1696.3553857440265,5131
21,25,2,Ca IR,8000,9500,8.702348847100823e+49,6219.396892904071,17584
21,26,0,Ca IR,8000,9500,6.805348998109672e+41,4.863648557144627e-05,101
21,26,1,Ca IR,8000,9500,4.01455883277555e+50,28691.259302094,1094
21,26,2,Ca IR,8000,9500,1.546983442432818e+49,1105.5985210758402,715
21,27,0,Ca IR,8000,9500,1.7698343591170133e+37,1.2648656710325155e-09,14
21,27,1,Ca IR,8000,9500,7.618014268059806e+45,0.5444444379479736,142
21,28,0,Ca IR,8000,9500,1.5710067111964486e+38,1.1227674769211001e-08,5
22,6,0,5500-5800,5500,5800,3.53476425233226e+48,239.99504882648884,8
22,6,1,5500-5800,5500,5800,2.4369943216974826e+51,165461.26685528312,80
22,6,2,5500-5800,5500,5800,1.9180434383385746e+38,1.3022676924823771e-08,4
22,8,0,5500-5800,5500,5800,3.443405563875032e+51,233792.1930398406,19
22,8,1,5500-5800,5500,5800,2.9831571794630453e+48,202.54333863140675,7
22,8,2,5500-5800,5500,5800,1.3193657577986003e+30,8.957917045074523e-17,2
22,12,0,5500-5800,5500,5800,1.400934094047767e+41,9.511730409796027e-06,65
22,12,1,5500-5800,5500,5800,2.0362958473440837e+50,13825.55911574787,32
22,12,2,5500-5800,5500,5800,3.659819010412709e+48,248.4857205174509,37
22,14,0,5500-5800,5500,5800,9.708777274914685e+44,0.06591835578854424,55
22,14,1,5500-5800,5500,5800,1.1686705452215324e+51,79347.62392639388,82
22,14,2,5500-5800,5500,5800,1.9638909355236534e+47,13.33396139926207,61
22,20,0,5500-5800,5500,5800,6.467879170845585e+37,4.391407365814356e-09,175
22,20,1,5500-5800,5500,5800,2.815857011130294e+46,1.9118438816074765,380
22,20,2,5500-5800,5500,5800,3.36552007171568e+48,228.50410841543442,31
22,20,3,5500-5800,5500,5800,3.9476754139454654e+40,2.6802991263020045e-06,1
22,22,0,5500-5800,5500,5800,2.70086684758187e+37,1.8337705846481072e-09,115
22,22,1,5500-5800,5500,5800,9.224918957175014e+46,6.2633169215934315,348
22,22,2,5500-5800,5500,5800,1.7083378816602894e+48,115.98867818431904,628
22,22,3,5500-5800,5500,5800,1.8048168140285837e+32,1.225391761614271e-14,1
22,24,0,5500-5800,5500,5800,1.825669728756285e+40,1.2395499796197497e-06,307
22,24,1,5500-5800,5500,5800,2.3146163454653733e+49,1571.5233695656827,2267
22,24,2,5500-5800,5500,5800,5.614250536992479e+49,3811.830819723361,1291
22,25,0,5500-5800,5500,5800,2.955620197611944e+39,2.006736978768561e-07,85
22,25,1,5500-5800,5500,5800,1.7145747577607528e+48,116.41213482170807,1494
22,25,2,5500-5800,5500,5800,1.3130822750574597e+49,891.5254942608553,5514
22,26,0,5500-5800,5500,5800,2.2703517495966223e+41,1.541469642956344e-05,50
22,26,1,5500-5800,5500,5800,5.370690723681197e+49,3646.464347972823,521
22,26,2,5500-5800,5500,5800,5.97393213239217e+49,4056.038907979834,1094
22,27,0,5500-5800,5500,5800,2.5264103493913784e+35,1.7153222446387277e-11,6
22,27,1,5500-5800,5500,5800,6.948191327019497e+44,0.04717518334309233,52
22,28,0,5500-5800,5500,5800,4.042270610996095e+37,2.7445251320955676e-09,3
22,28,2,5500-5800,5500,5800,5.022751058898856e+43,0.003410228517583246,49
22,6,0,Si red,5800,6800,7.664299303851847e+49,5203.724362763668,20
22,6,1,Si red,5800,6800,4.105925362414033e+52,2787743.927138282,230
22,6,2,Si red,5800,6800,2.475441675356301e+38,1.680716741865526e-08,2
22,8,0,Si red,5800,6800,7.859140501705835e+52,5336013.023206939,89
22,8,1,Si red,5800,6800,1.5361022635966472e+52,1042946.3224064099,291
22,8,2,Si red,5800,6800,3.705403651787554e+30,2.5158071850077484e-16,3
22,12,0,Si red,5800,6800,5.433532373919698e+41,3.6891310828402896e-05,286
22,12,1,Si red,5800,6800,2.7926350144789775e+51,189607.716048455,119
22,12,2,Si red,5800,6800,6.625154935678409e+48,449.81907385254857,58
22,12,3,Si red,5800,6800,1.6200038376231368e+37,1.0999118253867594e-09,3
22,14,0,Si red,5800,6800,4.470728008221549e+45,0.30354289848754157,209
22,14,1,Si red,5800,6800,2.57718476244709e+51,174979.58526944887,277
22,14,2,Si red,5800,6800,1.7313229237663854e+48,117.54926211828064,160
22,20,0,Si red,5800,6800,9.231849190027382e+37,6.268022246908085e-09,503
22,20,1,Si red,5800,6800,7.609885627532656e+47,51.6677985395679,1986
22,20,2,Si red,5800,6800,1.4674964791247919e+50,9963.659922380295,656
22,20,3,Si red,5800,6800,1.4645269952561235e+41,9.94349842432338e-06,8
22,22,0,Si red,5800,6800,1.5617594181290779e+37,1.06036640933497e-09,287
22,22,1,Si red,5800,6800,1.7391322688931086e+47,11.807948253220335,966
22,22,2,Si red,5800,6800,1.357620799339141e+49,921.7652062942368,2033
22,22,3,Si red,5800,6800,3.316484683674063e+32,2.2517481981025835e-14,2
22,24,0,Si red,5800,6800,2.779286467302049e+40,1.8870140801691488e-06,609
22,24,1,Si red,5800,6800,7.951949013764539e+49,5399.02594795389,7042
22,24,2,Si red,5800,6800,1.7205420363228475e+50,11681.728696415328,2831
22,24,3,Si red,5800,6800,1.0771807983781886e+28,7.313586984794183e-19,1
22,25,0,Si red,5800,6800,1.3370981711308172e+40,9.078312384047098e-07,221
22,25,1,Si red,5800,6800,2.0126160240661155e+49,1366.4783461754853,5753
22,25,2,Si red,5800,6800,2.966505556509312e+49,2014.127661862473,14062
22,26,0,Si red,5800,6800,3.408017702316184e+41,2.3138951185478646e-05,159
22,26,1,Si red,5800,6800,5.378532386268653e+50,36517.8849425589,2123
22,26,2,Si red,5800,6800,3.9984054419707335e+49,2714.7425988613422,1658
22,27,0,Si red,5800,6800,9.218039057032733e+35,6.258645769989817e-11,5
22,27,1,Si red,5800,6800,2.139519447303272e+46,1.4526402259556,116
22,28,0,Si red,5800,6800,1.7203420834621895e+39,1.1680371103853816e-07,2
22,28,2,Si red,5800,6800,4.051936823488313e+43,0.0027510880680466894,68
22,6,0,OI/cont,6800,8000,3.452573890896382e+50,23441.468238681595,15
22,6,1,OI/cont,6800,8000,3.554922068780171e+52,2413636.7649082597,312
22,6,2,OI/cont,6800,8000,3.4496557659457514e+39,2.3421655445238686e-07,28
22,6,3,OI/cont,6800,8000,33799480327.33836,2.294837039306755e-36,8
22,8,0,OI/cont,6800,8000,4.21878377724995e+52,2864369.8598611075,30
22,8,1,OI/cont,6800,8000,1.3110918296859037e+51,89017.40688190657,57
22,8,2,OI/cont,6800,8000,1.6399399504064528e+31,1.113447574928431e-15,8
22,8,3,OI/cont,6800,8000,8.210704276846119e-12,5.574709466186826e-58,3
22,12,0,OI/cont,6800,8000,1.2998276944077448e+42,8.825262131118958e-05,299
22,12,1,OI/cont,6800,8000,2.1841292701258988e+51,148292.8346583145,61
22,12,2,OI/cont,6800,8000,1.2884747049850975e+49,874.8180293227871,69
22,12,3,OI/cont,6800,8000,4.810100284704988e+37,3.2658479329318804e-09,25
22,14,0,OI/cont,6800,8000,6.944516738878332e+45,0.47150234495095633,201
22,14,1,OI/cont,6800,8000,4.175735853946042e+51,283514.22007650766,328
22,14,2,OI/cont,6800,8000,1.3063139825895223e+48,88.6930119391816,93
22,20,0,OI/cont,6800,8000,1.1189434870034976e+38,7.59713739382481e-09,605
22,20,1,OI/cont,6800,8000,9.024625657677038e+47,61.273265223442635,1880
22,20,2,OI/cont,6800,8000,6.58493497678006e+50,44708.83143702889,654
22,20,3,OI/cont,6800,8000,1.0718110973027064e+42,7.277129060593335e-05,17
22,22,0,OI/cont,6800,8000,4.0035041702220558e+37,2.718204412573025e-09,209
22,22,1,OI/cont,6800,8000,2.6632106024094934e+47,18.08203639433009,1133
22,22,2,OI/cont,6800,8000,4.510986275422234e+48,306.27625893615516,978
22,24,0,OI/cont,6800,8000,4.218454517983591e+40,2.8641463072050732e-06,760
22,24,1,OI/cont,6800,8000,9.22067684569838e+49,6260.436713244911,7337
22,24,2,OI/cont,6800,8000,6.304777150785059e+49,4280.668220361311,1610
22,24,3,OI/cont,6800,8000,1.7502962140204254e+28,1.1883746562942371e-18,1
22,25,0,OI/cont,6800,8000,1.243052080397546e+40,8.439780518093674e-07,204
22,25,1,OI/cont,6800,8000,1.1775295233197508e+49,799.4910983307971,5635
22,25,2,OI/cont,6800,8000,4.83791931682282e+49,3284.735840285304,12830
22,25,3,OI/cont,6800,8000,6.294954311405257e+29,4.27399894159678e-17,1
22,26,0,OI/cont,6800,8000,1.189431898554104e+42,8.075722910825769e-05,217
22,26,1,OI/cont,6800,8000,2.426269970211275e+50,16473.313024564457,1310
22,26,2,OI/cont,6800,8000,1.2871141310033852e+49,873.8942590346904,809
22,27,0,OI/cont,6800,8000,7.008949825419707e+36,4.758770700094479e-10,2
22,27,1,OI/cont,6800,8000,1.8839814740210157e+46,1.279141106928263,144
22,28,0,OI/cont,6800,8000,4.724341136570401e+38,3.2076212182922876e-08,4
22,28,2,OI/cont,6800,8000,7.67191463861433e+41,5.2088948423421755e-05,13
22,6,0,Ca IR,8000,9500,1.5522175081248912e+51,105388.78693422626,116
22,6,1,Ca IR,8000,9500,1.2379015404585199e+53,8404810.602254625,354
22,6,2,Ca IR,8000,9500,5.751785735259359e+39,3.905211210230711e-07,26
22,6,3,Ca IR,8000,9500,5659109648.265296,3.8422881963168044e-37,3
22,8,0,Ca IR,8000,9500,1.8481777035019937e+53,12548319.110654397,104
22,8,1,Ca IR,8000,9500,4.49559697551542e+52,3052313.9271060573,353
22,12,0,Ca IR,8000,9500,1.9604722391076544e+42,0.00013310749944276371,211
22,12,1,Ca IR,8000,9500,5.350438399246145e+51,363271.39045353764,184
22,12,2,Ca IR,8000,9500,5.689901419502298e+49,3863.1944636487847,64
22,12,3,Ca IR,8000,9500,1.2034715230206876e+37,8.171045826834669e-10,5
22,14,0,Ca IR,8000,9500,2.698632465245375e+46,1.8322535366650903,174
22,14,1,Ca IR,8000,9500,1.0236787311790187e+52,695033.1324354855,290
22,14,2,Ca IR,8000,9500,1.8674262660352792e+48,126.7900844027426,137
22,20,0,Ca IR,8000,9500,5.157477346301334e+37,3.5017017803391292e-09,419
22,20,1,Ca IR,8000,9500,4.962023865450792e+47,33.68997406492747,1675
22,20,2,Ca IR,8000,9500,1.4651668041943648e+51,99478.42447472067,1066
22,22,0,Ca IR,8000,9500,3.6596784750483083e+37,2.4847617878022782e-09,202
22,22,1,Ca IR,8000,9500,3.5555998834190423e+47,24.14096971433331,1366
22,22,2,Ca IR,8000,9500,2.990340010666978e+48,203.03102148730383,914
22,24,0,Ca IR,8000,9500,5.212629336160318e+40,3.539147571781519e-06,802
22,24,1,Ca IR,8000,9500,1.3489735666490705e+50,9158.941131080415,7715
22,24,2,Ca IR,8000,9500,1.174775181128672e+50,7976.210203243312,1453
22,25,0,Ca IR,8000,9500,2.1769486440677028e+40,1.4780530152217835e-06,326
22,25,1,Ca IR,8000,9500,1.935330231080638e+49,1314.0046694687421,5131
22,25,2,Ca IR,8000,9500,7.903454001133891e+49,5366.099953196377,17584
22,26,0,Ca IR,8000,9500,4.814383104678991e+41,3.268755780571501e-05,101
22,26,1,Ca IR,8000,9500,3.3399013367305278e+50,22676.470824197797,1094
22,26,2,Ca IR,8000,9500,1.4252896160193632e+49,967.7093762696044,715
22,27,0,Ca IR,8000,9500,1.2569206456812196e+37,8.533942016988897e-10,14
22,27,1,Ca IR,8000,9500,6.372443501518102e+45,0.4326610716066284,142
22,28,0,Ca IR,8000,9500,1.1160356395941818e+38,7.577394380397018e-09,5
23,6,0,5500-5800,5500,5800,2.595941001199034e+48,167.6576602296656,8
23,6,1,5500-5800,5500,5800,2.0509105861615628e+51,132457.12058065998,80
23,6,2,5500-5800,5500,5800,1.7216800018931456e+38,1.1119391413298137e-08,4
23,8,0,5500-5800,5500,5800,2.866363375558253e+51,185122.7653833945,19
23,8,1,5500-5800,5500,5800,2.80675023047494e+48,181.27267772000636,7
23,8,2,5500-5800,5500,5800,1.2905990886259265e+30,8.335275084973768e-17,2
23,12,0,5500-5800,5500,5800,9.847951887513215e+40,6.3602546080676275e-06,65
23,12,1,5500-5800,5500,5800,1.7084543857640994e+50,11033.97437746152,32
23,12,2,5500-5800,5500,5800,3.447465183552407e+48,222.6529594203654,37
23,14,0,5500-5800,5500,5800,6.979488318402135e+44,0.04507670553849646,55
23,14,1,5500-5800,5500,5800,9.814730241381034e+50,63387.98560118439,82
23,14,2,5500-5800,5500,5800,1.843468453132072e+47,11.905956545875569,61
23,20,0,5500-5800,5500,5800,3.949521574741961e+37,2.5507804142774214e-09,175
23,20,1,5500-5800,5500,5800,2.0466190059495954e+46,1.3217995083886152,380
23,20,2,5500-5800,5500,5800,2.8263294032471812e+48,182.53718962328543,31
23,20,3,5500-5800,5500,5800,3.618521644657269e+40,2.3370056259114682e-06,1
23,22,0,5500-5800,5500,5800,1.682689984412685e+37,1.0867576171731843e-09,115
23,22,1,5500-5800,5500,5800,6.834793350629029e+46,4.41421997183472,348
23,22,2,5500-5800,5500,5800,1.4497326935295624e+48,93.63032181523054,628
23,22,3,5500-5800,5500,5800,1.635871002866869e+32,1.0565197924434168e-14,1
23,24,0,5500-5800,5500,5800,1.1892936498450132e+40,7.6809985499253e-07,307
23,24,1,5500-5800,5500,5800,1.787250567371415e+49,1154.2875906318009,2267
23,24,2,5500-5800,5500,5800,4.941619999429637e+49,3191.522636553836,1291
23,25,0,5500-5800,5500,5800,2.0301987417161796e+39,1.3111945559630562e-07,85
23,25,1,5500-5800,5500,5800,1.3928914375099562e+48,89.95925533707836,1494
23,25,2,5500-5800,5500,5800,1.2127395630868156e+49,783.2422906420794,5514
23,26,0,5500-5800,5500,5800,1.5994402906307932e+41,1.0329911838533926e-05,50
23,26,1,5500-5800,5500,5800,4.4752810370149506e+49,2890.339754214586,521
23,26,2,5500-5800,5500,5800,5.63553051800745e+49,3639.6815658198484,1094
23,27,0,5500-5800,5500,5800,1.79072733462071e+35,1.1565330448309168e-11,6
23,27,1,5500-5800,5500,5800,5.831915770291728e+44,0.03766516081266797,52
23,28,0,5500-5800,5500,5800,2.8680456831996914e+37,1.85231416451666e-09,3
23,28,2,5500-5800,5500,5800,4.703142962296277e+43,0.0030375033347060094,49
23,6,0,Si red,5800,6800,5.628683382548825e+49,3635.25937475411,20
23,6,1,Si red,5800,6800,3.455439233809394e+52,2231679.598028944,230
23,6,2,Si red,5800,6800,2.2220135076844345e+38,1.4350772437625267e-08,2
23,8,0,Si red,5800,6800,6.542114217909673e+52,4225194.494880082,89
23,8,1,Si red,5800,6800,1.4452659122570968e+52,933418.3679320833,291
23,8,2,Si red,5800,6800,3.624613226257607e+30,2.340939845979409e-16,3
23,12,0,Si red,5800,6800,3.819534810734799e+41,2.466829058278959e-05,286
23,12,1,Si red,5800,6800,2.3430237529324995e+51,151323.11562464302,119
23,12,2,Si red,5800,6800,6.240743302171133e+48,403.05554696839874,58
23,12,3,Si red,5800,6800,1.6366038240796996e+37,1.0569930816662962e-09,3
23,14,0,Si red,5800,6800,3.213936526153315e+45,0.2075706180736157,209
23,14,1,Si red,5800,6800,2.1643715869318043e+51,139784.94733314344,277
23,14,2,Si red,5800,6800,1.625161119905416e+48,104.96028636001901,160
23,20,0,Si red,5800,6800,5.637301901855169e+37,3.640825605962286e-09,503
23,20,1,Si red,5800,6800,5.531011161734854e+47,35.72178218427591,1986
23,20,2,Si red,5800,6800,1.2323885639456995e+50,7959.325078247101,656
23,20,3,Si red,5800,6800,1.342415998234946e+41,8.669932221687109e-06,8
23,22,0,Si red,5800,6800,9.730049940450915e+36,6.284108175726304e-10,287
23,22,1,Si red,5800,6800,1.2885326930758295e+47,8.321929363985571,966
23,22,2,Si red,5800,6800,1.1521065471573225e+49,744.0827350947404,2033
23,22,3,Si red,5800,6800,3.006034232008534e+32,1.9414334365690365e-14,2
23,24,0,Si red,5800,6800,1.8105069578571918e+40,1.1693076238776714e-06,609
23,24,1,Si red,5800,6800,6.140164617087661e+49,3965.597186725004,7042
23,24,2,Si red,5800,6800,1.5144078235430855e+50,9780.733545618321,2831
23,24,3,Si red,5800,6800,9.918788934055604e+27,6.406004390036444e-19,1
23,25,0,Si red,5800,6800,9.184451462248392e+39,5.931735898243686e-07,221
23,25,1,Si red,5800,6800,1.6350151046071778e+49,1055.9670144737008,5753
23,25,2,Si red,5800,6800,2.739812059635246e+49,1769.4950662410968,14062
23,26,0,Si red,5800,6800,2.400914671145545e+41,1.5506197405465476e-05,159
23,26,1,Si red,5800,6800,4.481815325746485e+50,28945.598946549428,2123
23,26,2,Si red,5800,6800,3.7719102581384835e+49,2436.0709591769573,1658
23,27,0,Si red,5800,6800,6.5337741016642144e+35,4.219808069013272e-11,5
23,27,1,Si red,5800,6800,1.795790676784104e+46,1.1598031811693958,116
23,28,0,Si red,5800,6800,1.2206059813706178e+39,7.88322780850605e-08,2
23,28,2,Si red,5800,6800,3.794103655863059e+43,0.002450404463418117,68
23,6,0,OI/cont,6800,8000,2.535580164118035e+50,16375.928322116271,15
23,6,1,OI/cont,6800,8000,2.9917292949464934e+52,1932194.6585057192,312
23,6,2,OI/cont,6800,8000,3.096490531407761e+39,1.999854223109654e-07,28
23,6,3,OI/cont,6800,8000,29724021183.367165,1.9197122900399336e-36,8
23,8,0,OI/cont,6800,8000,3.5118045447136386e+52,2268082.8758382564,30
23,8,1,OI/cont,6800,8000,1.2335613156686193e+51,79668.9924151985,57
23,8,2,OI/cont,6800,8000,1.6041836714993006e+31,1.0360546746554748e-15,8
23,8,3,OI/cont,6800,8000,7.31727972397244e-12,4.7258315855427735e-58,3
23,12,0,OI/cont,6800,8000,9.137218268133778e+41,5.901230556224078e-05,299
23,12,1,OI/cont,6800,8000,1.8324867850068372e+51,118350.31945414883,61
23,12,2,OI/cont,6800,8000,1.2137134849253575e+49,783.8712935994698,69
23,12,3,OI/cont,6800,8000,4.859388809661796e+37,3.138413999385233e-09,25
23,14,0,OI/cont,6800,8000,4.992304600619785e+45,0.3224257054020523,201
23,14,1,OI/cont,6800,8000,3.506866938104822e+51,226489.3945231643,328
23,14,2,OI/cont,6800,8000,1.2262130107276004e+48,79.19440550721552,93
23,20,0,OI/cont,6800,8000,6.832674708515859e+37,4.412851656532508e-09,605
23,20,1,OI/cont,6800,8000,6.5592714117142935e+47,42.36275389892953,1880
23,20,2,OI/cont,6800,8000,5.529961178884498e+50,35715.00091814195,654
23,20,3,OI/cont,6800,8000,9.824444129507348e+41,6.34507223026055e-05,17
23,22,0,OI/cont,6800,8000,2.494257121863859e+37,1.6109045346936685e-09,209
23,22,1,OI/cont,6800,8000,1.97318742865654e+47,12.743740606213466,1133
23,22,2,OI/cont,6800,8000,3.828121095802767e+48,247.23744711519615,978
23,24,0,OI/cont,6800,8000,2.7480223237395995e+40,1.7747976276974926e-06,760
23,24,1,OI/cont,6800,8000,7.119823532011531e+49,4598.305408612194,7337
23,24,2,OI/cont,6800,8000,5.54941619633463e+49,3584.06502570102,1610
23,24,3,OI/cont,6800,8000,1.6116903258100951e+28,1.0409028129502952e-18,1
23,25,0,OI/cont,6800,8000,8.538454201760456e+39,5.514521527199984e-07,204
23,25,1,OI/cont,6800,8000,9.566050025076396e+48,617.8189581748802,5635
23,25,2,OI/cont,6800,8000,4.468216706585449e+49,2885.7772887719875,12830
23,25,3,OI/cont,6800,8000,6.1702006100248015e+29,3.9849957951532764e-17,1
23,26,0,OI/cont,6800,8000,8.379429759493963e+41,5.4118163197341247e-05,217
23,26,1,OI/cont,6800,8000,2.021758568313697e+50,13057.435086397954,1310
23,26,2,OI/cont,6800,8000,1.214203778127562e+49,784.1879472178307,809
23,27,0,OI/cont,6800,8000,4.967964939815788e+36,3.2085373956026427e-10,2
23,27,1,OI/cont,6800,8000,1.5813066670393065e+46,1.0212796661361954,144
23,28,0,OI/cont,6800,8000,3.351983948290035e+38,2.164863475857615e-08,4
23,28,2,OI/cont,6800,8000,7.183734753489275e+41,4.639582178193741e-05,13
23,6,0,Ca IR,8000,9500,1.1399529882259427e+51,73623.34147405515,116
23,6,1,Ca IR,8000,9500,1.0417855106792666e+53,6728323.991222384,354
23,6,2,Ca IR,8000,9500,5.162935456846658e+39,3.334458210767801e-07,26
23,6,3,Ca IR,8000,9500,4976747968.754389,3.21420987460311e-37,3
23,8,0,Ca IR,8000,9500,1.538462078477879e+53,9936086.849066768,104
23,8,1,Ca IR,8000,9500,4.22975293893885e+52,2731766.5569613916,353
23,12,0,Ca IR,8000,9500,1.3781259496479345e+42,8.900563306833164e-05,211
23,12,1,Ca IR,8000,9500,4.489023518304177e+51,289921.5272793927,184
23,12,2,Ca IR,8000,9500,5.359756038692081e+49,3461.5738818173486,64
23,12,3,Ca IR,8000,9500,1.2158033524392607e+37,7.852210249585769e-10,5
23,14,0,Ca IR,8000,9500,1.940004722891983e+46,1.2529431621301814,174
23,14,1,Ca IR,8000,9500,8.59705983131179e+51,555237.1704543479,290
23,14,2,Ca IR,8000,9500,1.7529188346033766e+48,113.2114598314715,137
23,20,0,Ca IR,8000,9500,3.1493426998879753e+37,2.033988553979901e-09,419
23,20,1,Ca IR,8000,9500,3.6064943322284226e+47,23.29237841282541,1675
23,20,2,Ca IR,8000,9500,1.2304321267188913e+51,79466.89518052114,1066
23,22,0,Ca IR,8000,9500,2.280047356517382e+37,1.47255813914867e-09,202
23,22,1,Ca IR,8000,9500,2.6343635704016915e+47,17.01391642582836,1366
23,22,2,Ca IR,8000,9500,2.5376675918584657e+48,163.89409878542148,914
23,24,0,Ca IR,8000,9500,3.395656328658372e+40,2.19306908263309e-06,802
23,24,1,Ca IR,8000,9500,1.041621336981378e+50,6727.263682916204,7715
23,24,2,Ca IR,8000,9500,1.0340280490953796e+50,6678.22278099167,1453
23,25,0,Ca IR,8000,9500,1.495333670252333e+40,9.657544000474096e-07,326
23,25,1,Ca IR,8000,9500,1.57222943789689e+49,1015.4171792819751,5131
23,25,2,Ca IR,8000,9500,7.299490317004265e+49,4714.342378554711,17584
23,26,0,Ca IR,8000,9500,3.391685149018814e+41,2.1905043144568777e-05,101
23,26,1,Ca IR,8000,9500,2.7830679305111785e+50,17974.31672269145,1094
23,26,2,Ca IR,8000,9500,1.3445521224660855e+49,868.3728282167193,715
23,27,0,Ca IR,8000,9500,8.909091740432026e+36,5.753896083471701e-10,14
23,27,1,Ca IR,8000,9500,5.348665861758613e+45,0.34544113418546163,142
23,28,0,Ca IR,8000,9500,7.918423842599566e+37,5.114077760410756e-09,5
24,6,0,5500-5800,5500,5800,1.9604975635464934e+48,120.58997395164894,8
24,6,1,5500-5800,5500,5800,1.7323186881371013e+51,106554.7182320962,80
24,6,2,5500-5800,5500,5800,1.4815771446196593e+38,9.11316354578097e-09,4
24,8,0,5500-5800,5500,5800,2.3993647313794172e+51,147584.6416937857,19
24,8,1,5500-5800,5500,5800,2.581130976747625e+48,158.76506201248782,7
24,8,2,5500-5800,5500,5800,1.1696299266251639e+30,7.194379886381975e-17,2
24,12,0,5500-5800,5500,5800,7.037359027105433e+40,4.328671239110777e-06,65
24,12,1,5500-5800,5500,5800,1.439677369336158e+50,8855.43852209478,32
24,12,2,5500-5800,5500,5800,3.1638990089463e+48,194.61105495295564,37
24,14,0,5500-5800,5500,5800,5.133692965043969e+44,0.031577284891419574,55
24,14,1,5500-5800,5500,5800,8.279015899766481e+50,50924.12917321389,82
24,14,2,5500-5800,5500,5800,1.6837073121539203e+47,10.356463822762972,61
24,20,0,5500-5800,5500,5800,2.507372719286423e+37,1.5422820029363141e-09,175
24,20,1,5500-5800,5500,5800,1.5267262335236528e+46,0.9390875059230863,380
24,20,2,5500-5800,5500,5800,2.3835298357044357e+48,146.6106391280703,31
24,20,3,5500-5800,5500,5800,3.2036676048973725e+40,1.9705721660038873e-06,1
24,22,0,5500-5800,5500,5800,1.090388534744975e+37,6.706967019342328e-10,115
24,22,1,5500-5800,5500,5800,5.198231579805649e+46,3.1974261149778584,348
24,22,2,5500-5800,5500,5800,1.2324212282209046e+48,75.80608442061632,628
24,22,3,5500-5800,5500,5800,1.4193560063867185e+32,8.730442058222522e-15,1
24,24,0,5500-5800,5500,5800,8.001317253237487e+39,4.921600807303965e-07,307
24,24,1,5500-5800,5500,5800,1.4052743518284917e+49,864.38259670859,2267
24,24,2,5500-5800,5500,5800,4.3159926450485864e+49,2654.7619865459455,1291
24,25,0,5500-5800,5500,5800,1.4283795186931262e+39,8.785945576013875e-08,85
24,25,1,5500-5800,5500,5800,1.1419994708205836e+48,70.2442527854665,1494
24,25,2,5500-5800,5500,5800,1.1006468315159426e+49,677.0065681814597,5514
24,26,0,5500-5800,5500,5800,1.1503922581985957e+41,7.076049214740959e-06,50
24,26,1,5500-5800,5500,5800,3.751453012271068e+49,2307.5143241302712,521
24,26,2,5500-5800,5500,5800,5.20074237589729e+49,3198.9705026930933,1094
24,27,0,5500-5800,5500,5800,1.294197351708592e+35,7.960592649169647e-12,6
24,27,1,5500-5800,5500,5800,4.919625266439092e+44,0.030260557001589715,52
24,28,0,5500-5800,5500,5800,2.0739009379724492e+37,1.2756540214005067e-09,3
24,28,2,5500-5800,5500,5800,4.2818513179437357e+43,0.0026337616965032436,49
24,6,0,Si red,5800,6800,4.2508747511459876e+49,2614.7080467935516,20
24,6,1,Si red,5800,6800,2.9186654946539016e+52,1795267.7040679413,230
24,6,2,Si red,5800,6800,1.9121349056743803e+38,1.176151925688654e-08,2
24,8,0,Si red,5800,6800,5.476248495552725e+52,3368433.992016021,89
24,8,1,Si red,5800,6800,1.3290889140260156e+52,817521.0237542419,291
24,8,2,Si red,5800,6800,3.284874551078401e+30,2.0205224628405147e-16,3
24,12,0,Si red,5800,6800,2.729444465884319e+41,1.6788780724014235e-05,286
24,12,1,Si red,5800,6800,1.9744151796041908e+51,121446.04487419105,119
24,12,2,Si red,5800,6800,5.72742014713587e+48,352.29293787229165,58
24,12,3,Si red,5800,6800,1.5412012841847478e+37,9.479910925157297e-10,3
24,14,0,Si red,5800,6800,2.363978931078495e+45,0.14540806528997358,209
24,14,1,Si red,5800,6800,1.8257115927304232e+51,112299.3047807295,277
24,14,2,Si red,5800,6800,1.484319222476527e+48,91.30030034343949,160
24,20,0,Si red,5800,6800,3.578868156965722e+37,2.201357583144211e-09,503
24,20,1,Si red,5800,6800,4.1259950259353285e+47,25.378946750747893,1986
24,20,2,Si red,5800,6800,1.039310884276506e+50,6392.7889936190095,656
24,20,3,Si red,5800,6800,1.1885115160748485e+41,7.310520320435066e-06,8
24,22,0,Si red,5800,6800,6.305103730243446e+36,3.878261869487248e-10,287
24,22,1,Si red,5800,6800,9.799991006520116e+46,6.027962911949973,966
24,22,2,Si red,5800,6800,9.794085297421893e+48,602.4330317247675,2033
24,22,3,Si red,5800,6800,2.6081718761003226e+32,1.6042834454300633e-14,2
24,24,0,Si red,5800,6800,1.218070958412761e+40,7.492340101690287e-07,609
24,24,1,Si red,5800,6800,4.827871374011409e+49,2969.6179891229976,7042
24,24,2,Si red,5800,6800,1.3226781963749535e+50,8135.777988865992,2831
24,24,3,Si red,5800,6800,8.606456609099927e+27,5.293821311513935e-19,1
24,25,0,Si red,5800,6800,6.461870992993035e+39,3.9746892279443853e-07,221
24,25,1,Si red,5800,6800,1.3405110649419951e+49,824.5467753136475,5753
24,25,2,Si red,5800,6800,2.48657300724247e+49,1529.4881245851227,14062
24,26,0,Si red,5800,6800,1.7268501152937546e+41,1.0621834696135668e-05,159
24,26,1,Si red,5800,6800,3.756930450881563e+50,23108.83490160585,2123
24,26,2,Si red,5800,6800,3.4809027215628263e+49,2141.099159348843,1658
24,27,0,Si red,5800,6800,4.722099772284459e+35,2.904558001626744e-11,5
24,27,1,Si red,5800,6800,1.5148739341790783e+46,0.9317971705724835,116
24,28,0,Si red,5800,6800,8.826274645790058e+38,5.4290311266723556e-08,2
24,28,2,Si red,5800,6800,3.454240678948123e+43,0.00212469936837645,68
24,6,0,OI/cont,6800,8000,1.9149120614198024e+50,11778.601509128379,15
24,6,1,OI/cont,6800,8000,2.5269890371879805e+52,1554347.9769459777,312
24,6,2,OI/cont,6800,8000,2.6646587024419964e+39,1.6390284257034968e-07,28
24,6,3,OI/cont,6800,8000,23333698828.334354,1.4352530634184242e-36,8
24,8,0,OI/cont,6800,8000,2.9396482106679114e+52,1808174.147945316,30
24,8,1,OI/cont,6800,8000,1.1344020885859356e+51,69776.93870009748,57
24,8,2,OI/cont,6800,8000,1.4538219083872678e+31,8.942441415005591e-16,8
24,8,3,OI/cont,6800,8000,5.503845810603666e-12,3.38540906796107e-58,3
24,12,0,OI/cont,6800,8000,6.529467872747833e+41,4.016267988971244e-05,299
24,12,1,OI/cont,6800,8000,1.544196775731883e+51,94983.36158340855,61
24,12,2,OI/cont,6800,8000,1.1138812685972192e+49,685.1470548240897,69
24,12,3,OI/cont,6800,8000,4.576120478036375e+37,2.814766309873698e-09,25
24,14,0,OI/cont,6800,8000,3.672039817014244e+45,0.22586673613719294,201
24,14,1,OI/cont,6800,8000,2.958146217460371e+51,181955.22501104872,328
24,14,2,OI/cont,6800,8000,1.119945290581233e+48,68.88770275957549,93
24,20,0,OI/cont,6800,8000,4.337756317994106e+37,2.668148796110987e-09,605
24,20,1,OI/cont,6800,8000,4.893051275276083e+47,30.09710069530685,1880
24,20,2,OI/cont,6800,8000,4.66358501773182e+50,28685.65645102081,654
24,20,3,OI/cont,6800,8000,8.698097312834497e+41,5.3501894003182466e-05,17
24,22,0,OI/cont,6800,8000,1.6162866562349107e+37,9.941760163230288e-10,209
24,22,1,OI/cont,6800,8000,1.5007162145690823e+47,9.23088773935174,1133
24,22,2,OI/cont,6800,8000,3.254294894310043e+48,200.17129520218637,978
24,24,0,OI/cont,6800,8000,1.8488115558411362e+40,1.1372018078771917e-06,760
24,24,1,OI/cont,6800,8000,5.598154831639514e+49,3443.4184355909147,7337
24,24,2,OI/cont,6800,8000,4.846839597228888e+49,2981.2853208567185,1610
24,24,3,OI/cont,6800,8000,1.398451257367279e+28,8.601857193512988e-19,1
24,25,0,OI/cont,6800,8000,6.007369058254947e+39,3.6951256238361864e-07,204
24,25,1,OI/cont,6800,8000,7.842983144479547e+48,482.42096837147176,5635
24,25,2,OI/cont,6800,8000,4.0552223332371146e+49,2494.362475251358,12830
24,25,3,OI/cont,6800,8000,5.6682303150291954e+29,3.4865217827908184e-17,1
24,26,0,OI/cont,6800,8000,6.026877764620434e+41,3.707125406116909e-05,217
24,26,1,OI/cont,6800,8000,1.6947611129789972e+50,10424.455621291476,1310
24,26,2,OI/cont,6800,8000,1.1205264565074712e+49,689.2345020716725,809
24,27,0,OI/cont,6800,8000,3.590455645695804e+36,2.2084850337981049e-10,2
24,27,1,OI/cont,6800,8000,1.3339418022434872e+46,0.8205060295742773,144
24,28,0,OI/cont,6800,8000,2.4238395835702864e+38,1.4909008696596872e-08,4
24,28,2,OI/cont,6800,8000,6.540240083828552e+41,4.022893963304391e-05,13
24,6,0,Ca IR,8000,9500,8.60911343879635e+50,52954.555243272676,116
24,6,1,Ca IR,8000,9500,8.799527982142756e+52,5412579.285402596,354
24,6,2,Ca IR,8000,9500,4.4429203821844776e+39,2.7328350879849e-07,26
24,6,3,Ca IR,8000,9500,3906804450.5506167,2.403070810625429e-37,3
24,8,0,Ca IR,8000,9500,1.2878100812830724e+53,7921304.624101041,104
24,8,1,Ca IR,8000,9500,3.8897463038016656e+52,2392578.3646751354,353
24,12,0,Ca IR,8000,9500,9.848105680268665e+41,6.0575581910358273e-05,211
24,12,1,Ca IR,8000,9500,3.7828025281634106e+51,232679.73743882665,184
24,12,2,Ca IR,8000,9500,4.91889719435481e+49,3025.607863878473,64
24,12,3,Ca IR,8000,9500,1.144930532683553e+37,7.042454205502661e-10,5
24,14,0,Ca IR,8000,9500,1.42695110926738e+46,0.8777159446479931,174
24,14,1,Ca IR,8000,9500,7.251874813082887e+51,446061.96461082494,290
24,14,2,Ca IR,8000,9500,1.6010050263781682e+48,98.47763038182617,137
24,20,0,Ca IR,8000,9500,1.999375321781569e+37,1.2298134027621878e-09,419
24,20,1,Ca IR,8000,9500,2.690353940846334e+47,16.548335365461504,1675
24,20,2,Ca IR,8000,9500,1.0376609610593387e+51,63826.40335366128,1066
24,22,0,Ca IR,8000,9500,1.4774780376968178e+37,9.087949987435286e-10,202
24,22,1,Ca IR,8000,9500,2.0035765826177215e+47,12.323975933483736,1366
24,22,2,Ca IR,8000,9500,2.1572772858976854e+48,132.6938714691835,914
24,24,0,Ca IR,8000,9500,2.284526077483051e+40,1.4052092963440734e-06,802
24,24,1,Ca IR,8000,9500,8.190030966559165e+49,5037.678389836704,7715
24,24,2,Ca IR,8000,9500,9.031162766834964e+49,5555.057568322772,1453
24,25,0,Ca IR,8000,9500,1.0520664525656828e+40,6.47124834375193e-07,326
24,25,1,Ca IR,8000,9500,1.289034549093463e+49,792.8836311163816,5131
24,25,2,Ca IR,8000,9500,6.624803159420728e+49,4074.908611384263,17584
24,26,0,Ca IR,8000,9500,2.439458578437835e+41,1.5005080949847799e-05,101
24,26,1,Ca IR,8000,9500,2.3329369675150273e+50,14349.867777165657,1094
24,26,2,Ca IR,8000,9500,1.2408182650361026e+49,763.2258516493962,715
24,27,0,Ca IR,8000,9500,6.438793172852408e+36,3.9604940879892775e-10,14
24,27,1,Ca IR,8000,9500,4.5119704659128896e+45,0.2775307713062309,142
24,28,0,Ca IR,8000,9500,5.725859504479603e+37,3.521969429265358e-09,5
25,6,0,5500-5800,5500,5800,1.484478234794204e+48,87.06415332572126,8
25,6,1,5500-5800,5500,5800,1.4689143070718107e+51,86151.3341561221,80
25,6,2,5500-5800,5500,5800,1.291033621168327e+38,7.571869125965527e-09,4
25,8,0,5500-5800,5500,5800,2.0148326311442987e+51,118169.26177293021,19
25,8,1,5500-5800,5500,5800,2.3875886825600703e+48,140.03127985637641,7
25,8,2,5500-5800,5500,5800,1.0783105064809259e+30,6.324255153663911e-17,2
25,12,0,5500-5800,5500,5800,5.063813521128462e+40,2.96990973988587e-06,65
25,12,1,5500-5800,5500,5800,1.2180522705907729e+50,7143.83593910757,32
25,12,2,5500-5800,5500,5800,2.9251528976915714e+48,171.55924177029317,37
25,14,0,5500-5800,5500,5800,3.793921026163039e+44,0.022251220272914866,55
25,14,1,5500-5800,5500,5800,7.011686729006812e+50,41123.30879211606,82
25,14,2,5500-5800,5500,5800,1.5499053725885307e+47,9.090143313425822,61
25,20,0,5500-5800,5500,5800,1.6017823631145632e+37,9.394400132513617e-10,175
25,20,1,5500-5800,5500,5800,1.1430168972910622e+46,0.670375597749571,380
25,20,2,5500-5800,5500,5800,2.0182208274098446e+48,118.3679783537779,31
25,20,3,5500-5800,5500,5800,2.865749594899214e+40,1.6807525787538276e-06,1
25,22,0,5500-5800,5500,5800,7.097868500636269e+36,4.162876200814584e-10,115
25,22,1,5500-5800,5500,5800,3.96142767245533e+46,2.323364116626607,348
25,22,2,5500-5800,5500,5800,1.0511606000943885e+48,61.650218582869556,628
25,22,3,5500-5800,5500,5800,1.2461331992283802e+32,7.308529648932976e-15,1
25,24,0,5500-5800,5500,5800,5.396603237791585e+39,3.1650897986948707e-07,307
25,24,1,5500-5800,5500,5800,1.1052638421074004e+49,648.2335568089679,2267
25,24,2,5500-5800,5500,5800,3.7775290521698433e+49,2215.508189219602,1291
25,25,0,5500-5800,5500,5800,1.0080738514884655e+39,5.912319514863716e-08,85
25,25,1,5500-5800,5500,5800,9.37346856752104e+47,54.975080498207326,1494
25,25,2,5500-5800,5500,5800,1.0021198720443691e+49,587.739962401797,5514
25,26,0,5500-5800,5500,5800,8.315159050598727e+40,4.876813048117539e-06,50
25,26,1,5500-5800,5500,5800,3.15400920034547e+49,1849.815875863495,521
25,26,2,5500-5800,5500,5800,4.825848786859398e+49,2830.344216964016,1094
25,27,0,5500-5800,5500,5800,9.407893175128364e+34,5.517697967359789e-12,6
25,27,1,5500-5800,5500,5800,4.165430920980703e+44,0.024430113414376904,52
25,28,0,5500-5800,5500,5800,1.5087620350820886e+37,8.848839011278921e-10,3
25,28,2,5500-5800,5500,5800,3.9299395067212073e+43,0.002304896412451736,49
25,6,0,Si red,5800,6800,3.21873955073793e+49,1887.780010461791,20
25,6,1,Si red,5800,6800,2.474873435247863e+52,1451505.0148784826,230
25,6,2,Si red,5800,6800,1.6662179626622701e+38,9.772312774623459e-09,2
25,8,0,Si red,5800,6800,4.5986022970134724e+52,2697064.9086458283,89
25,8,1,Si red,5800,6800,1.2294291447554258e+52,721056.0926609733,291
25,8,2,Si red,5800,6800,3.0284063875828053e+30,1.776150245124042e-16,3
25,12,0,Si red,5800,6800,1.9640035044793235e+41,1.1518815044799024e-05,286
25,12,1,Si red,5800,6800,1.6704721098135365e+51,97972.63205769348,119
25,12,2,Si red,5800,6800,5.295232114653106e+48,310.5635973095652,58
25,12,3,Si red,5800,6800,1.4739646187584702e+37,8.64475332520226e-10,3
25,14,0,Si red,5800,6800,1.7470365744688267e+45,0.10246311237179123,209
25,14,1,Si red,5800,6800,1.5462366422201066e+51,90686.26332184834,277
25,14,2,Si red,5800,6800,1.366362384332562e+48,80.13669809346858,160
25,20,0,Si red,5800,6800,2.2862847033653044e+37,1.3408983526635754e-09,503
25,20,1,Si red,5800,6800,3.0890161767236652e+47,18.1169768429233,1986
25,20,2,Si red,5800,6800,8.800220754025795e+49,5161.300119263209,656
25,20,3,Si red,5800,6800,1.0631491202513991e+41,6.235334129132959e-06,8
25,22,0,Si red,5800,6800,4.104298214269666e+36,2.4071572128586755e-10,287
25,22,1,Si red,5800,6800,7.468300510862123e+46,4.380133339242955,966
25,22,2,Si red,5800,6800,8.353602114980996e+48,489.93597771516124,2033
25,22,3,Si red,5800,6800,2.2898621272448046e+32,1.3429964998364714e-14,2
25,24,0,Si red,5800,6800,8.215454368304749e+39,4.818336584515237e-07,609
25,24,1,Si red,5800,6800,3.7971743077051685e+49,2227.0300660646853,7042
25,24,2,Si red,5800,6800,1.1576607571864268e+50,6789.641727338796,2831
25,24,3,Si red,5800,6800,7.563521551450802e+27,4.435980161940203e-19,1
25,25,0,Si red,5800,6800,4.5604428616338645e+39,2.6746845270757765e-07,221
25,25,1,Si red,5800,6800,1.1002840765433278e+49,645.3129409155549,5753
25,25,2,Si red,5800,6800,2.2639816446977277e+49,1327.8176831464798,14062
25,26,0,Si red,5800,6800,1.2481858481642768e+41,7.3205683664762854e-06,159
25,26,1,Si red,5800,6800,3.1586143204723435e+50,18525.167634576137,2123
25,26,2,Si red,5800,6800,3.229983137384556e+49,1894.374336527263,1658
25,27,0,Si red,5800,6800,3.4326302832640254e+35,2.0132262116597795e-11,5
25,27,1,Si red,5800,6800,1.2826388972883244e+46,0.7522634350413768,116
25,28,0,Si red,5800,6800,6.42111098604101e+38,3.765960175816588e-08,2
25,28,2,Si red,5800,6800,3.170347567425761e+43,0.001859398273659766,68
25,6,0,OI/cont,6800,8000,1.4499611372024968e+50,8503.973706508146,15
25,6,1,OI/cont,6800,8000,2.1427525870143305e+52,1256717.2451724382,312
25,6,2,OI/cont,6800,8000,2.3219607472242156e+39,1.361822233390045e-07,28
25,6,3,OI/cont,6800,8000,18873279332.482727,1.1069115377028352e-36,8
25,8,0,OI/cont,6800,8000,2.4685280488946445e+52,1447783.4669472384,30
25,8,1,OI/cont,6800,8000,1.0493406233856196e+51,61543.477555950114,57
25,8,2,OI/cont,6800,8000,1.3403140623201059e+31,7.860897269580746e-16,8
25,8,3,OI/cont,6800,8000,4.317290273400388e-12,2.5320763451077854e-58,3
25,12,0,OI/cont,6800,8000,4.69835453505263e+41,2.7555692635340565e-05,299
25,12,1,OI/cont,6800,8000,1.3064818750234771e+51,76624.72619552344,61
25,12,2,OI/cont,6800,8000,1.0298283893728485e+49,603.9909153937051,69
25,12,3,OI/cont,6800,8000,4.376481998176928e+37,2.5667920942563273e-09,25
25,14,0,OI/cont,6800,8000,2.7137246355672738e+45,0.15915904471820735,201
25,14,1,OI/cont,6800,8000,2.5053212636073836e+51,146936.25646531754,328
25,14,2,OI/cont,6800,8000,1.0309447552713327e+48,60.464566026954834,93
25,20,0,OI/cont,6800,8000,2.7710844551380095e+37,1.625231790037697e-09,605
25,20,1,OI/cont,6800,8000,3.663289569632916e+47,21.485071137553668,1880
25,20,2,OI/cont,6800,8000,3.9488259270734825e+50,23159.732349930408,654
25,20,3,OI/cont,6800,8000,7.78063517343208e+41,4.563316577053768e-05,17
25,22,0,OI/cont,6800,8000,1.0521194766571588e+37,6.170645637344454e-10,209
25,22,1,OI/cont,6800,8000,1.1436540772811518e+47,6.707493016884565,1133
25,22,2,OI/cont,6800,8000,2.7756634628285484e+48,162.7917362775003,978
25,24,0,OI/cont,6800,8000,1.2469574836920467e+40,7.313364049818524e-07,760
25,24,1,OI/cont,6800,8000,4.4030107785566043e+49,2582.351135462753,7337
25,24,2,OI/cont,6800,8000,4.242147495488421e+49,2488.0053564997575,1610
25,24,3,OI/cont,6800,8000,1.2289861791166417e+28,7.207962947913301e-19,1
25,25,0,OI/cont,6800,8000,4.239679710199448e+39,2.486558008659027e-07,204
25,25,1,OI/cont,6800,8000,6.437477236968551e+48,377.5558927396264,5635
25,25,2,OI/cont,6800,8000,3.6922096801004435e+49,2165.4686620820803,12830
25,25,3,OI/cont,6800,8000,5.271860208931518e+29,3.091928428346498e-17,1
25,26,0,OI/cont,6800,8000,4.356292111163044e+41,2.5549507928656778e-05,217
25,26,1,OI/cont,6800,8000,1.424859147972517e+50,8356.751376946504,1310
25,26,2,OI/cont,6800,8000,1.0397537216689146e+49,609.8120896795863,809
25,27,0,OI/cont,6800,8000,2.610005585326558e+36,1.53075957016886e-10,2
25,27,1,OI/cont,6800,8000,1.1294442419748756e+46,0.6624152806779674,144
25,28,0,OI/cont,6800,8000,1.7633422483502484e+38,1.0341943470620936e-08,4
25,28,2,OI/cont,6800,8000,6.002718445913395e+41,3.5205743465722904e-05,13
25,6,0,Ca IR,8000,9500,6.518774498066029e+50,38232.394998644304,116
25,6,1,Ca IR,8000,9500,7.461532705825806e+52,4376164.044163044,354
25,6,2,Ca IR,8000,9500,3.8715227286033014e+39,2.270635166933663e-07,26
25,6,3,Ca IR,8000,9500,3159988145.689627,1.8533225073651822e-37,3
25,8,0,Ca IR,8000,9500,1.0814203195334942e+53,6342494.103489988,104
25,8,1,Ca IR,8000,9500,3.598079422024924e+52,2110261.579690516,353
25,12,0,Ca IR,8000,9500,7.086318959878092e+41,4.156102433683191e-05,211
25,12,1,Ca IR,8000,9500,3.200474847187857e+51,187706.7822751253,184
25,12,2,Ca IR,8000,9500,4.5477198674258096e+49,2667.222533410063,64
25,12,3,Ca IR,8000,9500,1.0949816311660623e+37,6.422030743879968e-10,5
25,14,0,Ca IR,8000,9500,1.0545507597784084e+46,0.6184905031755585,174
25,14,1,Ca IR,8000,9500,6.141777598077358e+51,360213.2075487235,290
25,14,2,Ca IR,8000,9500,1.4737753254455913e+48,86.43643126236068,137
25,20,0,Ca IR,8000,9500,1.2772589025327054e+37,7.491080860620789e-10,419
25,20,1,Ca IR,8000,9500,2.0141921626535788e+47,11.813169850957657,1675
25,20,2,Ca IR,8000,9500,8.786250258038573e+50,51531.064699650335,1066
25,22,0,Ca IR,8000,9500,9.617622058547106e+36,5.640703257938084e-10,202
25,22,1,Ca IR,8000,9500,1.52686997422344e+47,8.955041470356,1366
25,22,2,Ca IR,8000,9500,1.8399917451014095e+48,107.91490212436764,914
25,24,0,Ca IR,8000,9500,1.5408313951775777e+40,9.036924738571415e-07,802
25,24,1,Ca IR,8000,9500,6.441550065508166e+49,3777.947627749905,7715
25,24,2,Ca IR,8000,9500,7.904434166664252e+49,4635.924273655193,1453
25,25,0,Ca IR,8000,9500,7.424922207159889e+39,4.3546921088091216e-07,326
25,25,1,Ca IR,8000,9500,1.0580324367133193e+49,620.5324950848151,5131
25,25,2,Ca IR,8000,9500,6.031768505883051e+49,3537.6121098485582,17584
25,26,0,Ca IR,8000,9500,1.763266914610642e+41,1.0341501640750889e-05,101
25,26,1,Ca IR,8000,9500,1.9614012584723756e+50,11503.552958765707,1094
25,26,2,Ca IR,8000,9500,1.1513743397074814e+49,675.2772098507069,715
25,27,0,Ca IR,8000,9500,4.680544143207361e+36,2.7451235281230375e-10,14
25,27,1,Ca IR,8000,9500,3.820270909956703e+45,0.2240576146246922,142
25,28,0,Ca IR,8000,9500,4.165560312161607e+37,2.4430872289337087e-09,5
26,6,0,5500-5800,5500,5800,1.145639987159876e+48,64.13797544372103,8
26,6,1,5500-5800,5500,5800,1.2499905327113278e+51,69979.97886812134,80
26,6,2,5500-5800,5500,5800,1.0980004737016896e+38,6.147090552771122e-09,4
26,8,0,5500-5800,5500,5800,1.70012643923313e+51,95180.5707140862,19
26,8,1,5500-5800,5500,5800,2.179991424640608e+48,122.04552741541974,7
26,8,2,5500-5800,5500,5800,9.501305001154987e+29,5.31924927269792e-17,2
26,12,0,5500-5800,5500,5800,3.689302826601154e+40,2.0654343139995e-06,65
26,12,1,5500-5800,5500,5800,1.0346268314761928e+50,5792.296974125648,32
26,12,2,5500-5800,5500,5800,2.6640191636003642e+48,149.1435334063265,37
26,14,0,5500-5800,5500,5800,2.849366496359939e+44,0.015952009394046385,55
26,14,1,5500-5800,5500,5800,5.961888068200526e+50,33377.27687599443,82
26,14,2,5500-5800,5500,5800,1.4043392095411456e+47,7.862109802879549,61
26,20,0,5500-5800,5500,5800,1.0511181578899146e+37,5.884622687300155e-10,175
26,20,1,5500-5800,5500,5800,8.712063356532338e+45,0.48773970172833636,380
26,20,2,5500-5800,5500,5800,1.7154812718687733e+48,96.04020191548027,31
26,20,3,5500-5800,5500,5800,2.5126569697761136e+40,1.4066961072606591e-06,1
26,22,0,5500-5800,5500,5800,4.747607962012056e+36,2.657920169483836e-10,115
26,22,1,5500-5800,5500,5800,3.0739427607675976e+46,1.7209286295451445,348
26,22,2,5500-5800,5500,5800,8.988063818212256e+47,50.319142393783,628
26,22,3,5500-5800,5500,5800,1.0669355140572148e+32,5.973175218009028e-15,1
26,24,0,5500-5800,5500,5800,3.724566827633335e+39,2.0851766559009592e-07,307
26,24,1,5500-5800,5500,5800,8.809877840102869e+48,493.2157875978945,2267
26,24,2,5500-5800,5500,5800,3.2962114031623114e+49,1845.3644111833419,1291
26,25,0,5500-5800,5500,5800,7.239438957471595e+38,4.052956978498286e-08,85
26,25,1,5500-5800,5500,5800,7.750586906661567e+47,43.391201273119776,1494
26,25,2,5500-5800,5500,5800,9.038016574174644e+48,505.9879993639413,5514
26,26,0,5500-5800,5500,5800,6.1015146969919e+40,3.415896827897275e-06,50
26,26,1,5500-5800,5500,5800,2.665094077345552e+49,1492.0371181504622,521
26,26,2,5500-5800,5500,5800,4.4221653944226177e+49,2475.723077532296,1094
26,27,0,5500-5800,5500,5800,6.936537958134771e+34,3.883379649886478e-12,6
26,27,1,5500-5800,5500,5800,3.5422228291820233e+44,0.01983092449465626,52
26,28,0,5500-5800,5500,5800,1.1129494795664617e+37,6.230781675794833e-10,3
26,28,2,5500-5800,5500,5800,3.548831401233192e+43,0.0019867922193469714,49
26,6,0,Si red,5800,6800,2.4840490423826217e+49,1390.6801287226867,20
26,6,1,Si red,5800,6800,2.1060237134495788e+52,1179044.8895903735,230
26,6,2,Si red,5800,6800,1.4170878916676195e+38,7.933482543909186e-09,2
26,8,0,Si red,5800,6800,3.880324959910222e+52,2172376.922783235,89
26,8,1,Si red,5800,6800,1.1225321230356582e+52,628442.9537112673,291
26,8,2,Si red,5800,6800,2.6684162477256914e+30,1.4938970155409982e-16,3
26,12,0,Si red,5800,6800,1.430898600491004e+41,8.010800978435075e-06,286
26,12,1,Si red,5800,6800,1.4189171579701358e+51,79437.23582848624,119
26,12,2,Si red,5800,6800,4.822517086296714e+48,269.98575985865926,58
26,12,3,Si red,5800,6800,1.351756338385324e+37,7.567727716294631e-10,3
26,14,0,Si red,5800,6800,1.3120851617307722e+45,0.07345630985854819,209
26,14,1,Si red,5800,6800,1.3147321242591045e+51,73604.49848634172,277
26,14,2,Si red,5800,6800,1.2380344662949677e+48,69.3106255784225,160
26,20,0,Si red,5800,6800,1.5003008031256175e+37,8.399345095104233e-10,503
26,20,1,Si red,5800,6800,2.354445039679668e+47,13.181220962174024,1986
26,20,2,Si red,5800,6800,7.480159597409825e+49,4187.723001561344,656
26,20,3,Si red,5800,6800,9.321571750950452e+40,5.218626678189704e-06,8
26,22,0,Si red,5800,6800,2.745274708708931e+36,1.5369257692370517e-10,287
26,22,1,Si red,5800,6800,5.795165326437106e+46,3.2443889491041022,966
26,22,2,Si red,5800,6800,7.142838964346651e+48,399.88760450780853,2033
26,22,3,Si red,5800,6800,1.960573097133517e+32,1.0976152244066301e-14,2
26,24,0,Si red,5800,6800,5.670049745336675e+39,3.1743437328216286e-07,609
26,24,1,Si red,5800,6800,3.026665716728394e+49,1694.4608567402222,7042
26,24,2,Si red,5800,6800,1.010156251912751e+50,5655.299885273631,2831
26,24,3,Si red,5800,6800,6.423414729431949e+27,3.596110652548733e-19,1
26,25,0,Si red,5800,6800,3.275062404117245e+39,1.833524269458065e-07,221
26,25,1,Si red,5800,6800,9.097856674757329e+48,509.3381119165214,5753
26,25,2,Si red,5800,6800,2.0418618769291579e+49,1143.1242658229305,14062
26,26,0,Si red,5800,6800,9.158964068887248e+40,5.12759173146979e-06,159
26,26,1,Si red,5800,6800,2.6689853400515243e+50,14942.156185055295,2123
26,26,2,Si red,5800,6800,2.9597942839825526e+49,1657.0232815908776,1658
26,27,0,Si red,5800,6800,2.5309141816205787e+35,1.4169172990667695e-11,5
26,27,1,Si red,5800,6800,1.0907377579321063e+46,0.6106430669133589,116
26,28,0,Si red,5800,6800,4.73658003315547e+38,2.651746248896861e-08,2
26,28,2,Si red,5800,6800,2.862901319692493e+43,0.0016027783300008808,68
26,6,0,OI/cont,6800,8000,1.1190015587108108e+50,6264.663882063315,15
26,6,1,OI/cont,6800,8000,1.8234014297606527e+52,1020820.4797037528,312
26,6,2,OI/cont,6800,8000,1.9747851322893696e+39,1.1055717480270314e-07,28
26,6,3,OI/cont,6800,8000,14279714198.936565,7.994413331410163e-37,8
26,8,0,OI/cont,6800,8000,2.0829570342678217e+52,1166131.146010286,30
26,8,1,OI/cont,6800,8000,9.581020287191481e+50,53638.77402962234,57
26,8,2,OI/cont,6800,8000,1.1809893928419814e+31,6.611699096255751e-16,8
26,8,3,OI/cont,6800,8000,3.0635336360318983e-12,1.7151011427764258e-58,3
26,12,0,OI/cont,6800,8000,3.423043244823369e+41,1.916370465765161e-05,299
26,12,1,OI/cont,6800,8000,1.1097398981744939e+51,62128.13024664473,61
26,12,2,OI/cont,6800,8000,9.378937308453261e+48,525.0742445443532,69
26,12,3,OI/cont,6800,8000,4.013622311943934e+37,2.2470026550138802e-09,25
26,14,0,OI/cont,6800,8000,2.0381014796062026e+45,0.11410190296766587,201
26,14,1,OI/cont,6800,8000,2.1302213755099745e+51,119259.18072295928,328
26,14,2,OI/cont,6800,8000,9.34119055462294e+47,52.29610149108003,93
26,20,0,OI/cont,6800,8000,1.8184350476792688e+37,1.0180400801406264e-09,605
26,20,1,OI/cont,6800,8000,2.792155645258071e+47,15.6317178361214,1880
26,20,2,OI/cont,6800,8000,3.356489454356802e+50,18791.107207626013,654
26,20,3,OI/cont,6800,8000,6.8219732919466264e+41,3.819241300762427e-05,17
26,22,0,OI/cont,6800,8000,7.037395527851379e+36,3.939844162318815e-10,209
26,22,1,OI/cont,6800,8000,8.874394441491309e+46,4.968277112754386,1133
26,22,2,OI/cont,6800,8000,2.373361438731896e+48,132.871233007353,978
26,24,0,OI/cont,6800,8000,8.606110685893444e+39,4.81808004280798e-07,760
26,24,1,OI/cont,6800,8000,3.509568087722771e+49,1964.810886066056,7337
26,24,2,OI/cont,6800,8000,3.7016300220096033e+49,2072.335621262326,1610
26,24,3,OI/cont,6800,8000,1.0437317949721288e+28,5.8432705724343135e-19,1
26,25,0,OI/cont,6800,8000,3.0447077280995174e+39,1.7045615698372327e-07,204
26,25,1,OI/cont,6800,8000,5.322920370978067e+48,298.0005410679076,5635
26,25,2,OI/cont,6800,8000,3.329966126307731e+49,1864.2617928082416,12830
26,25,3,OI/cont,6800,8000,4.7195260678351104e+29,2.642198687523354e-17,1
26,26,0,OI/cont,6800,8000,3.1965690829133716e+41,1.789580248960397e-05,217
26,26,1,OI/cont,6800,8000,1.2039862394495376e+50,6740.445578530258,1310
26,26,2,OI/cont,6800,8000,9.52778076927416e+48,533.4071574507503,809
26,27,0,OI/cont,6800,8000,1.9243843947361163e+36,1.0773551939283058e-10,2
26,27,1,OI/cont,6800,8000,9.604632159569365e+45,0.5377096369720783,144
26,28,0,OI/cont,6800,8000,1.3007424577012154e+38,7.282129529841868e-09,4
26,28,2,OI/cont,6800,8000,5.4206014309345436e+41,3.0346915729553828e-05,13
26,6,0,Ca IR,8000,9500,5.030837473543568e+50,28164.84532277941,116
26,6,1,Ca IR,8000,9500,6.349482197086554e+52,3554719.9626530656,354
26,6,2,Ca IR,8000,9500,3.2926592462451765e+39,1.843375757193634e-07,26
26,6,3,Ca IR,8000,9500,2390879019.8857036,1.3385194440226653e-37,3
26,8,0,Ca IR,8000,9500,9.125081898830731e+52,5108622.999447331,104
26,8,1,Ca IR,8000,9500,3.285231808344705e+52,1839217.5501215225,353
26,12,0,Ca IR,8000,9500,5.162823721646358e+41,2.8903762507462513e-05,211
26,12,1,Ca IR,8000,9500,2.718518104940767e+51,152194.6243254424,184
26,12,2,Ca IR,8000,9500,4.141736620697456e+49,2318.726691193808,64
26,12,3,Ca IR,8000,9500,1.0041953120903028e+37,5.62192791709526e-10,5
26,14,0,Ca IR,8000,9500,7.920042570475969e+45,0.4433988876014364,174
26,14,1,Ca IR,8000,9500,5.2222228394829224e+51,292363.04946961754,290
26,14,2,Ca IR,8000,9500,1.3353592497849646e+48,74.75929587930976,137
26,20,0,Ca IR,8000,9500,8.381600744861298e+36,4.692389483416031e-10,419
26,20,1,Ca IR,8000,9500,1.5352152513980233e+47,8.594811563717826,1675
26,20,2,Ca IR,8000,9500,7.468284720340225e+50,41810.74922038777,1066
26,22,0,Ca IR,8000,9500,6.43301563796059e+36,3.601485664265756e-10,202
26,22,1,Ca IR,8000,9500,1.184802877137593e+47,6.633048661987417,1366
26,22,2,Ca IR,8000,9500,1.5733050904371972e+48,88.08055269273723,914
26,24,0,Ca IR,8000,9500,1.0634336542041026e+40,5.953570263242822e-07,802
26,24,1,Ca IR,8000,9500,5.134454509054607e+49,2874.4939152747197,7715
26,24,2,Ca IR,8000,9500,6.897282767617226e+49,3861.4028642149633,1453
26,25,0,Ca IR,8000,9500,5.3321759118482913e+39,2.985187070360181e-07,326
26,25,1,Ca IR,8000,9500,8.748492931664254e+48,489.7791898933998,5131
26,25,2,Ca IR,8000,9500,5.439990289439343e+49,3045.5463104348723,17584
26,26,0,Ca IR,8000,9500,1.293853662780116e+41,7.2435630199052124e-06,101
26,26,1,Ca IR,8000,9500,1.6573568893458762e+50,9278.614282124689,1094
26,26,2,Ca IR,8000,9500,1.0550616038664037e+49,590.6699835796927,715
26,27,0,Ca IR,8000,9500,3.4510141122685815e+36,1.9320297900681476e-10,14
26,27,1,Ca IR,8000,9500,3.248703696596798e+45,0.18187675033306383,142
26,28,0,Ca IR,8000,9500,3.0727563881674216e+37,1.7202644458788094e-09,5
27,6,0,5500-5800,5500,5800,8.85411786399104e+47,47.36668010778993,8
27,6,1,5500-5800,5500,5800,1.0675255031158038e+51,57109.17766143367,80
27,6,2,5500-5800,5500,5800,9.466917972500688e+37,5.064496340553584e-09,4
27,8,0,5500-5800,5500,5800,1.4385846182479627e+51,76959.64574592127,19
27,8,1,5500-5800,5500,5800,2.0033658024287035e+48,107.17362086227399,7
27,8,2,5500-5800,5500,5800,8.535699969361926e+29,4.566324688189715e-17,2
27,12,0,5500-5800,5500,5800,2.703986503314104e+40,1.4465457280521047e-06,65
27,12,1,5500-5800,5500,5800,8.820255379334621e+49,4718.552671645112,32
27,12,2,5500-5800,5500,5800,2.4458231610752982e+48,130.84366511770943,37
27,14,0,5500-5800,5500,5800,2.147720008250318e+44,0.011489610614471454,55
27,14,1,5500-5800,5500,5800,5.0877817552610525e+50,27217.994447509216,82
27,14,2,5500-5800,5500,5800,1.2833834626784356e+47,6.865688357226814,61
27,20,0,5500-5800,5500,5800,6.92845023917194e+36,3.7064978257887133e-10,175
27,20,1,5500-5800,5500,5800,6.656461514524945e+45,0.3560992614414976,380
27,20,2,5500-5800,5500,5800,1.4635232917829377e+48,78.29378449332587,31
27,20,3,5500-5800,5500,5800,2.227911252032107e+40,1.1918607952208007e-06,1
27,22,0,5500-5800,5500,5800,3.185012187244832e+36,1.703878982977936e-10,115
27,22,1,5500-5800,5500,5800,2.387749973221681e+46,1.2773693652638483,348
27,22,2,5500-5800,5500,5800,7.710339922837984e+47,41.24783634659758,628
27,22,3,5500-5800,5500,5800,9.25626433512634e+31,4.9518034262697946e-15,1
27,24,0,5500-5800,5500,5800,2.5744823148053082e+39,1.3772651564136553e-07,307
27,24,1,5500-5800,5500,5800,7.021816185155591e+48,375.6445601098487,2267
27,24,2,5500-5800,5500,5800,2.88395843130726e+49,1542.824915573463,1291
27,25,0,5500-5800,5500,5800,5.210004999538272e+38,2.7871849456257174e-08,85
27,25,1,5500-5800,5500,5800,6.413768767778777e+47,34.31159808073443,1494
27,25,2,5500-5800,5500,5800,8.182571583504994e+48,437.7412370251292,5514
27,26,0,5500-5800,5500,5800,4.494684076045019e+40,2.4045112803551138e-06,50
27,26,1,5500-5800,5500,5800,2.2577477412504318e+49,1207.822356406828,521
27,26,2,5500-5800,5500,5800,4.07690407623101e+49,2181.0124303217035,1094
27,27,0,5500-5800,5500,5800,5.138906484183257e+34,2.749149528832183e-12,6
27,27,1,5500-5800,5500,5800,3.0222694190354877e+44,0.016168168412712125,52
27,28,0,5500-5800,5500,5800,8.251295485884574e+36,4.41417744555045e-10,3
27,28,2,5500-5800,5500,5800,3.233062362443003e+43,0.0017295842797979755,49
27,6,0,Si red,5800,6800,1.919805807033209e+49,1027.0343011881948,20
27,6,1,Si red,5800,6800,1.7986008417179596e+52,962193.5467759268,230
27,6,2,Si red,5800,6800,1.2218077452201609e+38,6.536278092301893e-09,2
27,8,0,Si red,5800,6800,3.283388618818503e+52,1756507.2067725034,89
27,8,1,Si red,5800,6800,1.031583171382461e+52,551863.7862521899,291
27,8,2,Si red,5800,6800,2.3972286418748036e+30,1.2824401478402372e-16,3
27,12,0,Si red,5800,6800,1.0487429970348167e+41,5.61043740538615e-06,286
27,12,1,Si red,5800,6800,1.209635330794556e+51,64711.59593870568,119
27,12,2,Si red,5800,6800,4.427529706057048e+48,236.85858543564746,58
27,12,3,Si red,5800,6800,1.261609811786416e+37,6.74920633468955e-10,3
27,14,0,Si red,5800,6800,9.889888008360855e+44,0.05290771692785435,209
27,14,1,Si red,5800,6800,1.1219717710802376e+51,60021.877715069364,277
27,14,2,Si red,5800,6800,1.131402548240488e+48,60.526393932019836,160
27,20,0,Si red,5800,6800,9.889239739814484e+36,5.290424889983264e-10,503
27,20,1,Si red,5800,6800,1.7989163018357457e+47,9.623623077831267,1986
27,20,2,Si red,5800,6800,6.381525684123231e+49,3413.910796340584,656
27,20,3,Si red,5800,6800,8.265208836850343e+40,4.421620640395452e-06,8
27,22,0,Si red,5800,6800,1.8417134427559846e+36,9.852574003788696e-11,287
27,22,1,Si red,5800,6800,4.5015170840591904e+46,2.4081667196631615,966
27,22,2,Si red,5800,6800,6.127428280783947e+48,327.7976865879365,2033
27,22,3,Si red,5800,6800,1.70090718663921e+32,9.099305864250683e-15,2
27,24,0,Si red,5800,6800,3.919232348077137e+39,2.0966631317893197e-07,609
27,24,1,Si red,5800,6800,2.4123706029198265e+49,1290.5406095241856,7042
27,24,2,Si red,5800,6800,8.838172930433448e+49,4728.137984651445,2831
27,24,3,Si red,5800,6800,5.537111492225914e+27,2.9621763884585403e-19,1
27,25,0,Si red,5800,6800,2.356963239760507e+39,1.2608994539997361e-07,221
27,25,1,Si red,5800,6800,7.528661983537472e+48,402.75917860117113,5753
27,25,2,Si red,5800,6800,1.848600390858262e+49,988.9416958975254,14062
27,26,0,Si red,5800,6800,6.746955796696111e+40,3.6094041420344375e-06,159
27,26,1,Si red,5800,6800,2.261044243861615e+50,12095.858791773284,2123
27,26,2,Si red,5800,6800,2.728707839917693e+49,1459.7708472647303,1658
27,27,0,Si red,5800,6800,1.8750176784643e+35,1.0030740942975921e-11,5
27,27,1,Si red,5800,6800,9.306312812474227e+45,0.4978577750407273,116
27,28,0,Si red,5800,6800,3.511652789606505e+38,1.8786211894850807e-08,2
27,28,2,Si red,5800,6800,2.608165183860195e+43,0.0013952844069832003,68
27,6,0,OI/cont,6800,8000,8.648241857703736e+49,4626.530975317344,15
27,6,1,OI/cont,6800,8000,1.5572338171755155e+52,833069.9591335362,312
27,6,2,OI/cont,6800,8000,1.7026521671407377e+39,9.108640948160775e-08,28
27,6,3,OI/cont,6800,8000,11168330169.029202,5.974697091011314e-37,8
27,8,0,OI/cont,6800,8000,1.7625218223891083e+52,942892.4329506569,30
27,8,1,OI/cont,6800,8000,8.804754082415442e+50,47102.59976836828,57
27,8,2,OI/cont,6800,8000,1.0609670064346587e+31,5.675831920319335e-16,8
27,8,3,OI/cont,6800,8000,2.2782009267604316e-12,1.2187641521917867e-58,3
27,12,0,OI/cont,6800,8000,2.5088378941205155e+41,1.3421475046814227e-05,299
27,12,1,OI/cont,6800,8000,9.460598748024119e+50,50611.15758897582,61
27,12,2,OI/cont,6800,8000,8.610757162980142e+48,460.6477870409722,69
27,12,3,OI/cont,6800,8000,3.745960085973673e+37,2.003968049832184e-09,25
27,14,0,OI/cont,6800,8000,1.536226151387256e+45,0.0821831534250458,201
27,14,1,OI/cont,6800,8000,1.817897505790982e+51,97251.66408247601,328
27,14,2,OI/cont,6800,8000,8.53663374068161e+47,45.6682422578423,93
27,20,0,OI/cont,6800,8000,1.1986223096273042e+37,6.412243476120312e-10,605
27,20,1,OI/cont,6800,8000,2.133349567675969e+47,11.412733383769403,1880
27,20,2,OI/cont,6800,8000,2.863511584550108e+50,15318.865108172102,654
27,20,3,OI/cont,6800,8000,6.048876245747409e+41,3.235954056012291e-05,17
27,22,0,OI/cont,6800,8000,4.721154463893368e+36,2.525665646943414e-10,209
27,22,1,OI/cont,6800,8000,6.893373344641645e+46,3.6877328164686065,1133
27,22,2,OI/cont,6800,8000,2.035969461554016e+48,108.91781166236798,978
27,24,0,OI/cont,6800,8000,5.94868632661055e+39,3.1823556747542195e-07,760
27,24,1,OI/cont,6800,8000,2.7972626236766926e+49,1496.4454495464254,7337
27,24,2,OI/cont,6800,8000,3.238671858641404e+49,1732.5851796739094,1610
27,24,3,OI/cont,6800,8000,8.997176050709156e+27,4.813199535106626e-19,1
27,25,0,OI/cont,6800,8000,2.191183954822861e+39,1.172212873599957e-07,204
27,25,1,OI/cont,6800,8000,4.4048251880653726e+48,235.6439668172451,5635
27,25,2,OI/cont,6800,8000,3.0147860402267637e+49,1612.813474525895,12830
27,25,3,OI/cont,6800,8000,4.28662722876268e+29,2.2932075651703727e-17,1
27,26,0,OI/cont,6800,8000,2.3547543304340304e+41,1.2597177586229462e-05,217
27,26,1,OI/cont,6800,8000,1.0199629482953312e+50,5456.473409980816,1310
27,26,2,OI/cont,6800,8000,8.783897658979559e+48,469.91024617432254,809
27,27,0,OI/cont,6800,8000,1.4256725046206922e+36,7.626888923568133e-11,2
27,27,1,OI/cont,6800,8000,8.194793906755555e+45,0.4383950919709028,144
27,28,0,OI/cont,6800,8000,9.643573734999458e+37,5.159001486294949e-09,4
27,28,2,OI/cont,6800,8000,4.938285448575917e+41,2.641823733507577e-05,13
27,6,0,Ca IR,8000,9500,3.888099965484317e+50,20800.083093674875,116
27,6,1,Ca IR,8000,9500,5.422628411646559e+52,2900931.625977907,354
27,6,2,Ca IR,8000,9500,2.838918173733668e+39,1.51872982778231e-07,26
27,6,3,Ca IR,8000,9500,1869934223.91304,1.0003546097676732e-37,3
27,8,0,Ca IR,8000,9500,7.721309519680219e+52,4130652.0158188874,104
27,8,1,Ca IR,8000,9500,3.0190582327514504e+52,1615098.9599890907,353
27,12,0,Ca IR,8000,9500,3.783968494443914e+41,2.0243013247340002e-05,211
27,12,1,Ca IR,8000,9500,2.3175528808498814e+51,123981.61807462295,184
27,12,2,Ca IR,8000,9500,3.802508440023816e+49,2034.2195987505515,64
27,12,3,Ca IR,8000,9500,9.372270894593072e+36,5.013863200908814e-10,5
27,14,0,Ca IR,8000,9500,5.969759915593801e+45,0.31936293664243093,174
27,14,1,Ca IR,8000,9500,4.456563051954154e+51,238411.77597217727,290
27,14,2,Ca IR,8000,9500,1.2203447473838366e+48,65.28451524870101,137
27,20,0,Ca IR,8000,9500,5.524736039376832e+36,2.9555559195953975e-10,419
27,20,1,Ca IR,8000,9500,1.172982888121487e+47,6.275080825332264,1675
27,20,2,Ca IR,8000,9500,6.371394906560449e+50,34084.911564912996,1066
27,22,0,Ca IR,8000,9500,4.315696108774247e+36,2.3087584801429344e-10,202
27,22,1,Ca IR,8000,9500,9.203206625265274e+46,4.923419259615972,1366
27,22,2,Ca IR,8000,9500,1.3496474096036152e+48,72.2017914048704,914
27,24,0,Ca IR,8000,9500,7.350629650151542e+39,3.93235021916257e-07,802
27,24,1,Ca IR,8000,9500,4.09236046492147e+49,2189.281100673384,7715
27,24,2,Ca IR,8000,9500,6.034648375919255e+49,3228.342603701426,1453
27,25,0,Ca IR,8000,9500,3.837405539620664e+39,2.0528884235695211e-07,326
27,25,1,Ca IR,8000,9500,7.239556359533855e+48,387.29295845378124,5131
27,25,2,Ca IR,8000,9500,4.925097181620784e+49,2634.7684352651568,17584
27,26,0,Ca IR,8000,9500,9.531179950606993e+40,5.098874430012212e-06,101
27,26,1,Ca IR,8000,9500,1.4040381557912728e+50,7511.15212221935,1094
27,26,2,Ca IR,8000,9500,9.726874890077196e+48,520.3564922492511,715
27,27,0,Ca IR,8000,9500,2.5566700428341224e+36,1.3677361643512906e-10,14
27,27,1,Ca IR,8000,9500,2.7718351744684964e+45,0.14828425828226838,142
27,28,0,Ca IR,8000,9500,2.2781106762173355e+37,1.2187158710567256e-09,5
28,6,0,5500-5800,5500,5800,6.821270695397381e+47,34.90536018213237,8
28,6,1,5500-5800,5500,5800,9.148630221865104e+50,46814.77210438425,80
28,6,2,5500-5800,5500,5800,8.354690840033978e+37,4.275207743602956e-09,4
28,8,0,5500-5800,5500,5800,1.2195911586589241e+51,62408.120962943125,19
28,8,1,5500-5800,5500,5800,1.8615367401956525e+48,95.25734032611423,7
28,8,2,5500-5800,5500,5800,7.946042998628926e+29,4.0660971434105494e-17,2
28,12,0,5500-5800,5500,5800,1.990281211901917e+40,1.0184536821276258e-06,65
28,12,1,5500-5800,5500,5800,7.545066606265765e+49,3860.9121269382954,32
28,12,2,5500-5800,5500,5800,2.2767361320414865e+48,116.50365199874733,37
28,14,0,5500-5800,5500,5800,1.6194172961747732e+44,0.00828677625215728,55
28,14,1,5500-5800,5500,5800,4.3568254893629934e+50,22294.46238800101,82
28,14,2,5500-5800,5500,5800,1.1901752658370096e+47,6.090287013816536,61
28,20,0,5500-5800,5500,5800,4.561082632740027e+36,2.333967368040134e-10,175
28,20,1,5500-5800,5500,5800,5.077695795852902e+45,0.2598325276390744,380
28,20,2,5500-5800,5500,5800,1.2529636383819973e+48,64.11583566438544,31
28,20,3,5500-5800,5500,5800,2.0135207972237617e+40,1.0303456907044109e-06,1
28,22,0,5500-5800,5500,5800,2.1296526932122592e+36,1.0897719448310446e-10,115
28,22,1,5500-5800,5500,5800,1.8482772881703224e+46,0.9457883632087933,348
28,22,2,5500-5800,5500,5800,6.635711428522364e+47,33.95582844022756,628
28,22,3,5500-5800,5500,5800,8.215595557528368e+31,4.204030815545113e-15,1
28,24,0,5500-5800,5500,5800,1.771661105437931e+39,9.0658283137352e-08,307
28,24,1,5500-5800,5500,5800,5.5743058848490974e+48,285.2447342506509,2267
28,24,2,5500-5800,5500,5800,2.532377205560282e+49,1295.851497826448,1291
28,25,0,5500-5800,5500,5800,3.740399122091691e+38,1.91401257055576e-08,85
28,25,1,5500-5800,5500,5800,5.2990958520914226e+47,27.116186648581508,1494
28,25,2,5500-5800,5500,5800,7.456456239940338e+48,381.5569009935964,5514
28,26,0,5500-5800,5500,5800,3.3134471991487315e+40,1.6955355254967847e-06,50
28,26,1,5500-5800,5500,5800,1.9156347178248318e+49,980.2560664861272,521
28,26,2,5500-5800,5500,5800,3.797983088611441e+49,1943.4790612118773,1094
28,27,0,5500-5800,5500,5800,3.815806209216385e+34,1.9525993918960845e-12,6
28,27,1,5500-5800,5500,5800,2.586077426934221e+44,0.013233306238224642,52
28,28,0,5500-5800,5500,5800,6.134227442914056e+36,3.1389667394157313e-10,3
28,28,2,5500-5800,5500,5800,2.990211186991544e+43,0.0015301313078369331,49
28,6,0,Si red,5800,6800,1.4790310331905243e+49,756.8400850724352,20
28,6,1,Si red,5800,6800,1.5413902496555114e+52,788750.1353927462,230
28,6,2,Si red,5800,6800,1.0782628524853528e+38,5.517616133077696e-09,2
28,8,0,Si red,5800,6800,2.7835635659925874e+52,1424386.9390257618,89
28,8,1,Si red,5800,6800,9.585518389941372e+51,490503.8765858059,291
28,8,2,Si red,5800,6800,2.2316250494106762e+30,1.1419525718823668e-16,3
28,12,0,Si red,5800,6800,7.719319162850259e+40,3.950079505302904e-06,286
28,12,1,Si red,5800,6800,1.0347522546252794e+51,52949.665479981086,119
28,12,2,Si red,5800,6800,4.121441409948595e+48,210.89970374710433,58
28,12,3,Si red,5800,6800,1.2165294739180493e+37,6.225145043421527e-10,3
28,14,0,Si red,5800,6800,7.457143219994806e+44,0.03815920546875487,209
28,14,1,Si red,5800,6800,9.607792640738587e+50,49164.367997667345,277
28,14,2,Si red,5800,6800,1.0492322581518167e+48,53.69062674819958,160
28,20,0,Si red,5800,6800,6.510206189149333e+36,3.3313601239360676e-10,503
28,20,1,Si red,5800,6800,1.3722530691405207e+47,7.022003638076712,1986
28,20,2,Si red,5800,6800,5.463404432645755e+49,2795.6975768581347,656
28,20,3,Si red,5800,6800,7.469853151114633e+40,3.822424389684819e-06,8
28,22,0,Si red,5800,6800,1.2314583941618704e+36,6.301538337502718e-11,287
28,22,1,Si red,5800,6800,3.4844736182957357e+46,1.783052045915987,966
28,22,2,Si red,5800,6800,5.2734180693921075e+48,269.8478997869082,2033
28,22,3,Si red,5800,6800,1.5096765844609422e+32,7.725218260975452e-15,2
28,24,0,Si red,5800,6800,2.6970670858104282e+39,1.3801255260124632e-07,609
28,24,1,Si red,5800,6800,1.915073151120231e+49,979.9687052455945,7042
28,24,2,Si red,5800,6800,7.7607178469921e+49,3971.263769138267,2831
28,24,3,Si red,5800,6800,4.90366652898017e+27,2.509272158376766e-19,1
28,25,0,Si red,5800,6800,1.6921256761910767e+39,8.658834818084135e-08,221
28,25,1,Si red,5800,6800,6.220227596789136e+48,318.297417557794,5753
28,25,2,Si red,5800,6800,1.6845569609629828e+49,862.0104683634131,14062
28,26,0,Si red,5800,6800,4.973804923574146e+40,2.5451629188409586e-06,159
28,26,1,Si red,5800,6800,1.9184317064936747e+50,9816.87323230962,2123
28,26,2,Si red,5800,6800,2.542023563956333e+49,1300.787669242241,1658
28,27,0,Si red,5800,6800,1.3922619767251295e+35,7.1243919110656466e-12,5
28,27,1,Si red,5800,6800,7.963170106789785e+45,0.40748613151599056,116
28,28,0,Si red,5800,6800,2.6106539208104245e+38,1.3359067464991624e-08,2
28,28,2,Si red,5800,6800,2.4122531012385024e+43,0.0012343823769669436,68
28,6,0,OI/cont,6800,8000,6.662662464724921e+49,3409.374051965386,15
28,6,1,OI/cont,6800,8000,1.3345401417334414e+52,682902.151297868,312
28,6,2,OI/cont,6800,8000,1.5026149488033592e+39,7.689082920932541e-08,28
28,6,3,OI/cont,6800,8000,9263249321.578114,4.7401293463510764e-37,8
28,8,0,OI/cont,6800,8000,1.4942159149088458e+52,764610.3934118876,30
28,8,1,OI/cont,6800,8000,8.181418087966643e+50,41865.41744396377,57
28,8,2,OI/cont,6800,8000,9.876740611217409e+30,5.054061095869675e-16,8
28,8,3,OI/cont,6800,8000,1.8433519925894433e-12,9.432680231734676e-59,3
28,12,0,OI/cont,6800,8000,1.846641215943819e+41,9.449511630315798e-06,299
28,12,1,OI/cont,6800,8000,8.092832306900997e+50,41412.112080023544,61
28,12,2,OI/cont,6800,8000,8.015469911803813e+48,410.1623829257194,69
28,12,3,OI/cont,6800,8000,3.612107967244514e+37,1.8483642600269905e-09,25
28,14,0,OI/cont,6800,8000,1.1583405615424031e+45,0.05927384547499712,201
28,14,1,OI/cont,6800,8000,1.5567220787506386e+51,79659.56386825864,328
28,14,2,OI/cont,6800,8000,7.916644266605008e+47,40.51053416574063,93
28,20,0,OI/cont,6800,8000,7.890675708034284e+36,4.0377649556582176e-10,605
28,20,1,OI/cont,6800,8000,1.6273661474997595e+47,8.327451594175312,1880
28,20,2,OI/cont,6800,8000,2.45153316907992e+50,12544.825163281977,654
28,20,3,OI/cont,6800,8000,5.466796807788498e+41,2.7974335008746123e-05,17
28,22,0,OI/cont,6800,8000,3.156791474571746e+36,1.615372682895593e-10,209
28,22,1,OI/cont,6800,8000,5.335929445991862e+46,2.730466910578185,1133
28,22,2,OI/cont,6800,8000,1.752206252818977e+48,89.66275214572445,978
28,24,0,OI/cont,6800,8000,4.093660357540018e+39,2.094781099065104e-07,760
28,24,1,OI/cont,6800,8000,2.2206217157312136e+49,1136.3220179513378,7337
28,24,2,OI/cont,6800,8000,2.8438477829915875e+49,1455.235184193158,1610
28,24,3,OI/cont,6800,8000,7.967900071571183e+27,4.077281701796297e-19,1
28,25,0,OI/cont,6800,8000,1.573108383137286e+39,8.049807311706462e-08,204
28,25,1,OI/cont,6800,8000,3.6392941074719654e+48,186.22757738632828,5635
28,25,2,OI/cont,6800,8000,2.7472561593044757e+49,1405.8079503839122,12830
28,25,3,OI/cont,6800,8000,4.0009891013475635e+29,2.0473599700647416e-17,1
28,26,0,OI/cont,6800,8000,1.7359071313696128e+41,8.882870416515354e-06,217
28,26,1,OI/cont,6800,8000,8.654095402028281e+49,4428.41708748131,1310
28,26,2,OI/cont,6800,8000,8.182948172707423e+48,418.73247093507246,809
28,27,0,OI/cont,6800,8000,1.0586084825992551e+36,5.417042077207138e-11,2
28,27,1,OI/cont,6800,8000,7.012072255094277e+45,0.35881717441935385,144
28,28,0,OI/cont,6800,8000,7.169283266390879e+37,3.6686187344824272e-09,4
28,28,2,OI/cont,6800,8000,4.5673466012982264e+41,2.337172725054349e-05,13
28,6,0,Ca IR,8000,9500,2.99541781154683e+50,15327.956076947006,116
28,6,1,Ca IR,8000,9500,4.647160374523857e+52,2378014.50697946,354
28,6,2,Ca IR,8000,9500,2.5053859905193066e+39,1.2820397298314562e-07,26
28,6,3,Ca IR,8000,9500,1550963006.0089672,7.93648643652778e-38,3
28,8,0,Ca IR,8000,9500,6.545906792010369e+52,3349628.602892995,104
28,8,1,Ca IR,8000,9500,2.8053228293323586e+52,1435521.446921557,353
28,12,0,Ca IR,8000,9500,2.7852067278035747e+41,1.4252277670387702e-05,211
28,12,1,Ca IR,8000,9500,1.982492580716475e+51,101446.81347275339,184
28,12,2,Ca IR,8000,9500,3.539629722857304e+49,1811.2761669329693,64
28,12,3,Ca IR,8000,9500,9.0373772257464e+36,4.6245475550373425e-10,5
28,14,0,Ca IR,8000,9500,4.501300180743439e+45,0.2303375882777426,174
28,14,1,Ca IR,8000,9500,3.816293314788801e+51,195284.86503731506,290
28,14,2,Ca IR,8000,9500,1.1317148587056985e+48,57.91137242691138,137
28,20,0,Ca IR,8000,9500,3.637000588848314e+36,1.8611021495164728e-10,419
28,20,1,Ca IR,8000,9500,8.947772426273749e+46,4.5786955732101,1675
28,20,2,Ca IR,8000,9500,5.454731187753808e+50,27912.593607189407,1066
28,22,0,Ca IR,8000,9500,2.885682471779577e+36,1.4766425574738794e-10,202
28,22,1,Ca IR,8000,9500,7.123894031863616e+46,3.6453924523084273,1366
28,22,2,Ca IR,8000,9500,1.1615403250711518e+48,59.437581681132414,914
28,24,0,Ca IR,8000,9500,5.058424591523032e+39,2.5884639417756046e-07,802
28,24,1,Ca IR,8000,9500,3.248741980851221e+49,1662.4249944653443,7715
28,24,2,Ca IR,8000,9500,5.298968884174302e+49,2711.553693666175,1453
28,25,0,Ca IR,8000,9500,2.754973999598652e+39,1.4097572731322113e-07,326
28,25,1,Ca IR,8000,9500,5.981366722872032e+48,306.0745851709762,5131
28,25,2,Ca IR,8000,9500,4.488047704494176e+49,2296.594412323573,17584
28,26,0,Ca IR,8000,9500,7.026313969481527e+40,3.5954594211161598e-06,101
28,26,1,Ca IR,8000,9500,1.1912864255131045e+50,6095.9729674234095,1094
28,26,2,Ca IR,8000,9500,9.061411710158466e+48,463.68463241766625,715
28,27,0,Ca IR,8000,9500,1.8984111608939854e+36,9.714425406031226e-11,14
28,27,1,Ca IR,8000,9500,2.371787349839538e+45,0.12136755073718908,142
28,28,0,Ca IR,8000,9500,1.693606664790257e+37,8.666413236063486e-10,5
29,6,0,5500-5800,5500,5800,5.3464955723678936e+47,26.19478273052532,8
29,6,1,5500-5800,5500,5800,7.865214492195538e+50,38535.070676359726,80
29,6,2,5500-5800,5500,5800,7.207859889745776e+37,3.5314407579381576e-09,4
29,8,0,5500-5800,5500,5800,1.0386012957582541e+51,50885.54721084409,19
29,8,1,5500-5800,5500,5800,1.7094277305399648e+48,83.75222122403764,7
29,8,2,5500-5800,5500,5800,7.093899151957621e+29,3.475606488073627e-17,2
29,12,0,5500-5800,5500,5800,1.4809377915282277e+40,7.255751578098675e-07,65
29,12,1,5500-5800,5500,5800,6.476678297655505e+49,3173.203428792076,32
29,12,2,5500-5800,5500,5800,2.089981655630945e+48,102.39719576872224,37
29,14,0,5500-5800,5500,5800,1.2387234315479469e+44,0.006069039189017486,55
29,14,1,5500-5800,5500,5800,3.7438044740148894e+50,18342.50930445558,82
29,14,2,5500-5800,5500,5800,1.087632201438595e+47,5.328778228986536,61
29,20,0,5500-5800,5500,5800,3.075247985827676e+36,1.5066963348398436e-10,175
29,20,1,5500-5800,5500,5800,3.9361326109272264e+45,0.19284807617657798,380
29,20,2,5500-5800,5500,5800,1.0763131240328774e+48,52.733211974900236,31
29,20,3,5500-5800,5500,5800,1.7860674451443706e+40,8.750713066970796e-07,1
29,22,0,5500-5800,5500,5800,1.4594470525443397e+36,7.150459199047464e-11,115
29,22,1,5500-5800,5500,5800,1.4546683870560919e+46,0.7127046460270787,348
29,22,2,5500-5800,5500,5800,5.725044777635395e+47,28.049458199825963,628
29,22,3,5500-5800,5500,5800,7.125179189218195e+31,3.490931924497407e-15,1
29,24,0,5500-5800,5500,5800,1.2458466392315179e+39,6.103938849007836e-08,307
29,24,1,5500-5800,5500,5800,4.483617244078383e+48,219.6717045132687,2267
29,24,2,5500-5800,5500,5800,2.219634636787508e+49,1087.4945329103964,1291
29,25,0,5500-5800,5500,5800,2.7294032989738345e+38,1.337252138954525e-08,85
29,25,1,5500-5800,5500,5800,4.410668105014411e+47,21.60976122461104,1494
29,25,2,5500-5800,5500,5800,6.74088178788031e+48,330.26480889327024,5514
29,26,0,5500-5800,5500,5800,2.475989810369697e+40,1.2130939649671126e-06,50
29,26,1,5500-5800,5500,5800,1.6330119035611192e+49,800.0828099666783,521
29,26,2,5500-5800,5500,5800,3.498177641215213e+49,1713.9077742438033,1094
29,27,0,5500-5800,5500,5800,2.8691353625444905e+34,1.4057128904164439e-12,6
29,27,1,5500-5800,5500,5800,2.2214283931885055e+44,0.010883733713674683,52
29,28,0,5500-5800,5500,5800,4.6163405069437984e+36,2.261743883497882e-10,3
29,28,2,5500-5800,5500,5800,2.724153944747509e+43,0.0013346802544074803,49
29,6,0,Si red,5800,6800,1.1592609681482792e+49,567.9718383302361,20
29,6,1,Si red,5800,6800,1.325156295064232e+52,649251.0984690086,230
29,6,2,Si red,5800,6800,9.302519642965546e+37,4.557704716961073e-09,2
29,8,0,Si red,5800,6800,2.3704769470814764e+52,1161398.6723834048,89
29,8,1,Si red,5800,6800,8.80227104496707e+51,431261.14000687073,291
29,8,2,Si red,5800,6800,1.992302715733274e+30,9.761148413138085e-17,3
29,12,0,Si red,5800,6800,5.743827256555727e+40,2.814148164729715e-06,286
29,12,1,Si red,5800,6800,8.882303922163135e+50,43518.229509074416,119
29,12,2,Si red,5800,6800,3.7833707737692915e+48,185.36361634732245,58
29,12,3,Si red,5800,6800,1.1283179261417655e+37,5.528115103843708e-10,3
29,14,0,Si red,5800,6800,5.7041122512622276e+44,0.02794690074458743,209
29,14,1,Si red,5800,6800,8.255941662484061e+50,40449.411237215725,277
29,14,2,Si red,5800,6800,9.588325547594844e+47,46.97733329601446,160
29,20,0,Si red,5800,6800,4.389418057632784e+36,2.150564809730351e-10,503
29,20,1,Si red,5800,6800,1.0637443188897672e+47,5.21174121197434,1986
29,20,2,Si red,5800,6800,4.693140098103353e+49,2299.371308359411,656
29,20,3,Si red,5800,6800,6.626036121211361e+40,3.24638025432561e-06,8
29,22,0,Si red,5800,6800,8.439161603292457e+35,4.1347084577895216e-11,287
29,22,1,Si red,5800,6800,2.742420550481096e+46,1.3436298506792594,966
29,22,2,Si red,5800,6800,4.54970878460642e+48,222.90981351574356,2033
29,22,3,Si red,5800,6800,1.3093044937191659e+32,6.414846187908527e-15,2
29,24,0,Si red,5800,6800,1.8965997245891377e+39,9.292258272718169e-08,609
29,24,1,Si red,5800,6800,1.54036308401591e+49,754.6901660305391,7042
29,24,2,Si red,5800,6800,6.802287629858615e+49,3332.733453583893,2831
29,24,3,Si red,5800,6800,4.2108438774996874e+27,2.0630736337525046e-19,1
29,25,0,Si red,5800,6800,1.2347595141909672e+39,6.049618251971455e-08,221
29,25,1,Si red,5800,6800,5.1773661456341124e+48,253.6614488230064,5753
29,25,2,Si red,5800,6800,1.522894921313618e+49,746.1317613616402,14062
29,26,0,Si red,5800,6800,3.71670033332661e+40,1.8209714454667155e-06,159
29,26,1,Si red,5800,6800,1.6353962390233274e+50,8012.509985220382,2123
29,26,2,Si red,5800,6800,2.3413611349505437e+49,1147.1335829903765,1658
29,27,0,Si red,5800,6800,1.0468529721713757e+35,5.1289832350294014e-12,5
29,27,1,Si red,5800,6800,6.840325811893304e+45,0.33513699959764937,116
29,28,0,Si red,5800,6800,1.9646593733935113e+38,9.62571178240785e-09,2
29,28,2,Si red,5800,6800,2.197620298544774e+43,0.0010767087611947132,68
29,6,0,OI/cont,6800,8000,5.222178822469141e+49,2558.570147172973,15
29,6,1,OI/cont,6800,8000,1.1473241576746852e+52,562123.4811658296,312
29,6,2,OI/cont,6800,8000,1.296354135249855e+39,6.351396808442236e-08,28
29,6,3,OI/cont,6800,8000,7217921402.289501,3.5363703259412714e-37,8
29,8,0,OI/cont,6800,8000,1.2724711673651452e+52,623438.3870484632,30
29,8,1,OI/cont,6800,8000,7.512901922763834e+50,36808.93977723522,57
29,8,2,OI/cont,6800,8000,8.817546275310879e+30,4.320095392799998e-16,8
29,8,3,OI/cont,6800,8000,1.3582656704825917e-12,6.6547280638381035e-59,3
29,12,0,OI/cont,6800,8000,1.3740574687290032e+41,6.732098879616378e-06,299
29,12,1,OI/cont,6800,8000,6.946879875804343e+50,34035.754175545015,61
29,12,2,OI/cont,6800,8000,7.357982702154656e+48,360.4992384432901,69
29,12,3,OI/cont,6800,8000,3.3501910623466146e+37,1.6414027804955367e-09,25
29,14,0,OI/cont,6800,8000,8.860369706339892e+44,0.04341076434613221,201
29,14,1,OI/cont,6800,8000,1.3376856836367147e+51,65538.97851462923,328
29,14,2,OI/cont,6800,8000,7.23456240341076e+47,35.445234685538395,93
29,20,0,OI/cont,6800,8000,5.320180871920394e+36,2.6065855688220516e-10,605
29,20,1,OI/cont,6800,8000,1.2615030952276402e+47,6.1806465648559605,1880
29,20,2,OI/cont,6800,8000,2.1059009559846298e+50,10317.715080345926,654
29,20,3,OI/cont,6800,8000,4.849251033847219e+41,2.3758567741812498e-05,17
29,22,0,OI/cont,6800,8000,2.1633433600441265e+36,1.059915013878574e-10,209
29,22,1,OI/cont,6800,8000,4.199590575681415e+46,2.0575601568938655,1133
29,22,2,OI/cont,6800,8000,1.511738321519381e+48,74.0665662986251,978
29,24,0,OI/cont,6800,8000,2.878695582886806e+39,1.4103968537964413e-07,760
29,24,1,OI/cont,6800,8000,1.7861269228674424e+49,875.1004473932999,7337
29,24,2,OI/cont,6800,8000,2.49263933785998e+49,1221.2512850148073,1610
29,24,3,OI/cont,6800,8000,6.842142106242011e+27,3.3522598767440935e-19,1
29,25,0,OI/cont,6800,8000,1.1479115116937651e+39,5.6241125117718466e-08,204
29,25,1,OI/cont,6800,8000,3.0291428750544806e+48,148.41074568893515,5635
29,25,2,OI/cont,6800,8000,2.4836099636314275e+49,1216.8274059914718,12830
29,25,3,OI/cont,6800,8000,3.6072954214849844e+29,1.7673692707982266e-17,1
29,26,0,OI/cont,6800,8000,1.2971651910202424e+41,6.35537051970788e-06,217
29,26,1,OI/cont,6800,8000,7.377315035359475e+49,3614.464126457557,1310
29,26,2,OI/cont,6800,8000,7.537002053227563e+48,369.2701668812567,809
29,27,0,OI/cont,6800,8000,7.959762278228554e+35,3.89983009697854e-11,2
29,27,1,OI/cont,6800,8000,6.023337213465414e+45,0.29510921216294134,144
29,28,0,OI/cont,6800,8000,5.395276431529318e+37,2.643378115292108e-09,4
29,28,2,OI/cont,6800,8000,4.160962046788996e+41,2.0386343781694556e-05,13
29,6,0,Ca IR,8000,9500,2.3478012795523702e+50,11502.888869893155,116
29,6,1,Ca IR,8000,9500,3.995233410779428e+52,1957436.7870794423,354
29,6,2,Ca IR,8000,9500,2.161476891863261e+39,1.0590005507913154e-07,26
29,6,3,Ca IR,8000,9500,1208509960.8788483,5.92101039351965e-38,3
29,8,0,Ca IR,8000,9500,5.574480618218423e+52,2731177.9585947483,104
29,8,1,Ca IR,8000,9500,2.57609561714777e+52,1262140.1078680449,353
29,12,0,Ca IR,8000,9500,2.0724297027762217e+41,1.0153725006166487e-05,211
29,12,1,Ca IR,8000,9500,1.701769824288437e+51,83377.02744015752,184
29,12,2,Ca IR,8000,9500,3.249283517921088e+49,1591.9638318174807,64
29,12,3,Ca IR,8000,9500,8.382069606808324e+36,4.1067366316968756e-10,5
29,14,0,Ca IR,8000,9500,3.4431310691127384e+45,0.16869380895827552,174
29,14,1,Ca IR,8000,9500,3.27932712038654e+51,160668.34856238385,290
29,14,2,Ca IR,8000,9500,1.0342086233065889e+48,50.67033128310177,137
29,20,0,Ca IR,8000,9500,2.4521982248303963e+36,1.201437443315105e-10,419
29,20,1,Ca IR,8000,9500,6.936141954580345e+46,3.3983144478289518,1675
29,20,2,Ca IR,8000,9500,4.685689660581313e+50,22957.21018379824,1066
29,22,0,Ca IR,8000,9500,1.9775528617603636e+36,9.688882530767541e-11,202
29,22,1,Ca IR,8000,9500,5.606790446009423e+46,2.74700793371752,1366
29,22,2,Ca IR,8000,9500,1.0021337491377784e+48,49.09884515992367,914
29,24,0,Ca IR,8000,9500,3.5571257154156794e+39,1.742788972687969e-07,802
29,24,1,Ca IR,8000,9500,2.613081497105575e+49,1280.2610821862354,7715
29,24,2,Ca IR,8000,9500,4.644558815624889e+49,2275.5692473258123,1453
29,25,0,Ca IR,8000,9500,2.0103296139388227e+39,9.849469945515321e-08,326
29,25,1,Ca IR,8000,9500,4.97855184456684e+48,243.9206805951335,5131
29,25,2,Ca IR,8000,9500,4.057342799426782e+49,1987.866849521683,17584
29,26,0,Ca IR,8000,9500,5.250447871136761e+40,2.572420370703954e-06,101
29,26,1,Ca IR,8000,9500,1.0155302027636174e+50,4975.519507612306,1094
29,26,2,Ca IR,8000,9500,8.346121376204217e+48,408.912404645341,715
29,27,0,Ca IR,8000,9500,1.4274306124913576e+36,6.993596880610845e-11,14
29,27,1,Ca IR,8000,9500,2.0373542209774227e+45,0.0998187512572581,142
29,28,0,Ca IR,8000,9500,1.274531328070091e+37,6.244477484390333e-10,5
