name,consumer_sites,read_form,default_unset_behavior,polarity,history_status,observed_values,history_evidence,recent_firing_run_id,launcher_set_sites,audit_coverage,audit_documents,off_neutrality_evidence,global_side_effect_risk,risk_basis,dead_path_candidate,unresolved,cluster_membership,off_neutral_battery_priority,off_neutral_battery_requirement
LUMINA_A4_ANALYTIC_JAC,src/lumina_plasma.c:13750,literal getenv,unset: source ternary selects fallback expression `0`,ON_GATE/parameter (non-NULL/nonzero or selector value requests the named branch/override),DORMANT,NONE,NONE,NONE,NONE,UNAUDITED,NONE,UNTESTED,MEDIUM,parameter/mask can alter arithmetic over multiple selected records or shells; no direct layout reconstruction identified,NO_EVIDENCE (no #if 0; repository dead_code_audit found no unreferenced non-static consumer function),required RESOLVED_CONFIG evidence unavailable (0 files); stdout RUN FOOTER used as fallback,C1_DORMANT_UNAUDITED,NOT_REQUIRED_BY_C2_C3,NONE
LUMINA_A4_BOOT_FAC,src/lumina_plasma.c:13428,literal getenv,unset: source ternary selects fallback expression `10.0`,ON_GATE/parameter (non-NULL/nonzero or selector value requests the named branch/override),DORMANT,NONE,NONE,NONE,NONE,UNAUDITED,NONE,UNTESTED,MEDIUM,parameter/mask can alter arithmetic over multiple selected records or shells; no direct layout reconstruction identified,NO_EVIDENCE (no #if 0; repository dead_code_audit found no unreferenced non-static consumer function),required RESOLVED_CONFIG evidence unavailable (0 files); stdout RUN FOOTER used as fallback,C1_DORMANT_UNAUDITED,NOT_REQUIRED_BY_C2_C3,NONE
LUMINA_A4_GAMMA_RESP,src/lumina_plasma.c:13109,literal getenv,unset: source comment/default states 0,ON_GATE,DORMANT,NONE,NONE,NONE,NONE,UNAUDITED,NONE,UNTESTED,MEDIUM,parameter/mask can alter arithmetic over multiple selected records or shells; no direct layout reconstruction identified,NO_EVIDENCE (no #if 0; repository dead_code_audit found no unreferenced non-static consumer function),required RESOLVED_CONFIG evidence unavailable (0 files); stdout RUN FOOTER used as fallback,C1_DORMANT_UNAUDITED,NOT_REQUIRED_BY_C2_C3,NONE
LUMINA_A4_GLOBAL,src/lumina_plasma.c:13134,literal getenv,unset: NULL makes the guarded named branch false; no env-requested override/action at this consumer,ON_GATE/parameter (non-NULL/nonzero or selector value requests the named branch/override),DORMANT,NONE,NONE,NONE,scripts/run_stage3.sh:25,COVERED,docs/TRANSPORT_COUPLED_TE_DESIGN.md,UNTESTED,MEDIUM,parameter/mask can alter arithmetic over multiple selected records or shells; no direct layout reconstruction identified,NO_EVIDENCE (no #if 0; repository dead_code_audit found no unreferenced non-static consumer function),required RESOLVED_CONFIG evidence unavailable (0 files); stdout RUN FOOTER used as fallback,NONE,NOT_REQUIRED_BY_C2_C3,NONE
LUMINA_A4_SRC_BLEND,src/lumina_plasma.c:10985|src/lumina_plasma.c:11143,literal getenv,unset: NULL makes the guarded named branch false; no env-requested override/action at this consumer,ON_GATE/parameter (non-NULL/nonzero or selector value requests the named branch/override),DORMANT,NONE,NONE,NONE,scripts/run_srcbl.sh:35,UNAUDITED,NONE,UNTESTED,MEDIUM,parameter/mask can alter arithmetic over multiple selected records or shells; no direct layout reconstruction identified,NO_EVIDENCE (no #if 0; repository dead_code_audit found no unreferenced non-static consumer function),required RESOLVED_CONFIG evidence unavailable (0 files); stdout RUN FOOTER used as fallback,C1_DORMANT_UNAUDITED,NOT_REQUIRED_BY_C2_C3,NONE
LUMINA_A4_STAGE1,src/lumina_plasma.c:10983|src/lumina_plasma.c:11141,literal getenv,unset: NULL makes the guarded named branch false; no env-requested override/action at this consumer,ON_GATE/parameter (non-NULL/nonzero or selector value requests the named branch/override),DORMANT,NONE,NONE,NONE,NONE,UNAUDITED,NONE,UNTESTED,MEDIUM,parameter/mask can alter arithmetic over multiple selected records or shells; no direct layout reconstruction identified,NO_EVIDENCE (no #if 0; repository dead_code_audit found no unreferenced non-static consumer function),required RESOLVED_CONFIG evidence unavailable (0 files); stdout RUN FOOTER used as fallback,C1_DORMANT_UNAUDITED,NOT_REQUIRED_BY_C2_C3,NONE
LUMINA_A4_TAIL_COLOR,src/lumina_plasma.c:11474,literal getenv,unset: NULL makes the guarded named branch false; no env-requested override/action at this consumer,ON_GATE/parameter (non-NULL/nonzero or selector value requests the named branch/override),DORMANT,NONE,NONE,NONE,NONE,COVERED,docs/GATE_B_PHASE1_6_CODEX_A_REPORT.md,UNTESTED,MEDIUM,parameter/mask can alter arithmetic over multiple selected records or shells; no direct layout reconstruction identified,NO_EVIDENCE (no #if 0; repository dead_code_audit found no unreferenced non-static consumer function),required RESOLVED_CONFIG evidence unavailable (0 files); stdout RUN FOOTER used as fallback,NONE,NOT_REQUIRED_BY_C2_C3,NONE
LUMINA_ALPHA_SPINGATE,src/lumina_atomic.c:921|src/lumina_plasma.c:5869|src/lumina_plasma.c:9626,literal getenv,unset: 0/OFF,ON_GATE,ACTIVE_OBSERVED,1,/gpfs/kjhan/lumina_runner2/logs/coevolve_consume_parity51/stdout.log:11|/gpfs/kjhan/lumina_runner2/logs/coevolve_consume_parity51/stdout.log:37860|/gpfs/kjhan/lumina_runner2/logs/coevolve_consume_parity56/stdout.log:11|/gpfs/kjhan/lumina_runner2/logs/coevolve_consume_parity56/stdout.log:38089|/gpfs/kjhan/lumina_runner2/logs/coevolve_consume_parity57/stdout.log:11|/gpfs/kjhan/lumina_runner2/logs/coevolve_consume_parity57/stdout.log:38856|/gpfs/kjhan/lumina_runner2/logs/coevolve_consume_parity58/stdout.log:11|/gpfs/kjhan/lumina_runner2/logs/coevolve_consume_parity58/stdout.log:38089|/gpfs/kjhan/lumina_runner2/logs/coevolve_consume_parity59/stdout.log:11|/gpfs/kjhan/lumina_runner2/logs/coevolve_consume_parity59/stdout.log:38088|/gpfs/kjhan/lumina_runner2/logs/coevolve_consume_parity60/stdout.log:11|/gpfs/kjhan/lumina_runner2/logs/coevolve_consume_parity60/stdout.log:38905,"coevolve_consume_parity60 (/gpfs/kjhan/lumina_runner2/logs/coevolve_consume_parity60/stdout.log:38905, value=1)",scripts/bake_level_multiplicity.py:3|scripts/launch_parity27_syn08.sh:14|scripts/launch_parity28_syn08.sh:14|scripts/launch_parity29_syn08.sh:14|scripts/launch_parity30_syn08.sh:14|scripts/launch_parity31_syn08.sh:14|scripts/launch_parity32_syn08.sh:14|scripts/launch_parity33_syn08.sh:18|scripts/launch_parity34_syn08.sh:27|scripts/launch_parity35_syn08.sh:22|scripts/launch_parity36a_base.sh:34|scripts/launch_parity36b_noskip.sh:42|scripts/launch_parity37_taudump.sh:48|scripts/launch_parity38_nofloor.sh:57|scripts/launch_parity39_baseline.sh:34|scripts/launch_parity40_tepin.sh:62|scripts/launch_parity41_sivcaiv.sh:74|scripts/launch_parity42_gphoff.sh:67|scripts/run_ioniz_saha_selftest.sh:34|scripts/sbatch_gpu_determinism_probe_a100.sh:25|scripts/sbatch_gpu_determinism_probe_h100.sh:25|scripts/sbatch_parity26_diag.sh:21|scripts/sbatch_parity27_tepin.sh:26|scripts/sbatch_parity28_binfield.sh:26|scripts/spingate_predict.py:4,COVERED,docs/CODEX_WAVE1_BF_REPAIR_REPORT_2026-07-31.md,UNTESTED,MEDIUM,parameter/mask can alter arithmetic over multiple selected records or shells; no direct layout reconstruction identified,NO_EVIDENCE (no #if 0; repository dead_code_audit found no unreferenced non-static consumer function),required RESOLVED_CONFIG evidence unavailable (0 files); stdout RUN FOOTER used as fallback,C3_ACTIVE_OFF_UNTESTED,P2,"required: same binary/input; UNSET vs explicit neutral/OFF vs ON(shadow); byte-compare registered state, layout/table manifests, oracle outputs, RNG/event counters; ON must not commit target state"
LUMINA_ARTIS_PARITY,src/lumina_nlte_assemble.cu:384|src/lumina_plasma.c:363,literal + dynamic helper,unset: NULL makes the guarded named branch false; no env-requested override/action at this consumer,ON_GATE/parameter (non-NULL/nonzero or selector value requests the named branch/override),ACTIVE_OBSERVED,1,/gpfs/kjhan/lumina_runner2/logs/coevolve_consume_parity51/stdout.log:101|/gpfs/kjhan/lumina_runner2/logs/coevolve_consume_parity51/stdout.log:37950|/gpfs/kjhan/lumina_runner2/logs/coevolve_consume_parity56/stdout.log:101|/gpfs/kjhan/lumina_runner2/logs/coevolve_consume_parity56/stdout.log:38179|/gpfs/kjhan/lumina_runner2/logs/coevolve_consume_parity57/stdout.log:101|/gpfs/kjhan/lumina_runner2/logs/coevolve_consume_parity57/stdout.log:38946|/gpfs/kjhan/lumina_runner2/logs/coevolve_consume_parity58/stdout.log:102|/gpfs/kjhan/lumina_runner2/logs/coevolve_consume_parity58/stdout.log:38180|/gpfs/kjhan/lumina_runner2/logs/coevolve_consume_parity59/stdout.log:102|/gpfs/kjhan/lumina_runner2/logs/coevolve_consume_parity59/stdout.log:38179|/gpfs/kjhan/lumina_runner2/logs/coevolve_consume_parity60/stdout.log:104|/gpfs/kjhan/lumina_runner2/logs/coevolve_consume_parity60/stdout.log:38998,"coevolve_consume_parity60 (/gpfs/kjhan/lumina_runner2/logs/coevolve_consume_parity60/stdout.log:38998, value=1)",scripts/launch_parity1_syn08.sh:5|scripts/launch_parity27_syn08.sh:8|scripts/launch_parity28_syn08.sh:8|scripts/launch_parity29_syn08.sh:8|scripts/launch_parity30_syn08.sh:8|scripts/launch_parity31_syn08.sh:8|scripts/launch_parity32_syn08.sh:8|scripts/launch_parity33_syn08.sh:12|scripts/launch_parity34_syn08.sh:21|scripts/launch_parity35_syn08.sh:15|scripts/launch_parity36a_base.sh:28|scripts/launch_parity36b_noskip.sh:35|scripts/launch_parity37_taudump.sh:41|scripts/launch_parity38_nofloor.sh:49|scripts/launch_parity39_baseline.sh:24|scripts/launch_parity40_tepin.sh:52|scripts/launch_parity41_sivcaiv.sh:62|scripts/launch_parity42_gphoff.sh:57|scripts/run_ioniz_saha_selftest.sh:35|scripts/sbatch_gpu_determinism_probe_a100.sh:20|scripts/sbatch_gpu_determinism_probe_h100.sh:20|scripts/sbatch_parity26_diag.sh:16|scripts/sbatch_parity27_tepin.sh:21|scripts/sbatch_parity28_binfield.sh:21|scripts/sbatch_parity_smoke.sh:28,COVERED,docs/V3_FUNCTION_AUDIT_VERIFICATION_2026-07-31.md;docs/ARTIS_FUNCTION_PARITY_AUDIT_2026-07-31.md;docs/RE_RE_ARTIS_CMFGEN_PARITY_DIAGNOSIS_2026-07-31.md,UNTESTED,HIGH,source-selected model-wide mode/backend/layout/table/profile or cross-shell arithmetic; off-target impact cannot be excluded statically,NO_EVIDENCE (no #if 0; repository dead_code_audit found no unreferenced non-static consumer function),required RESOLVED_CONFIG evidence unavailable (0 files); stdout RUN FOOTER used as fallback,C3_ACTIVE_OFF_UNTESTED,P0,"required: same binary/input; UNSET vs explicit neutral/OFF vs ON(shadow); byte-compare registered state, layout/table manifests, oracle outputs, RNG/event counters; ON must not commit target state"
LUMINA_ARTIS_PARITY_R1,src/lumina_plasma.c:2029,literal getenv,unset: source ternary selects fallback expression `artis_parity_enabled()) ? 1 : 0`,ON_GATE/parameter (non-NULL/nonzero or selector value requests the named branch/override),DORMANT,NONE,NONE,NONE,NONE,UNAUDITED,NONE,UNTESTED,MEDIUM,parameter/mask can alter arithmetic over multiple selected records or shells; no direct layout reconstruction identified,NO_EVIDENCE (no #if 0; repository dead_code_audit found no unreferenced non-static consumer function),required RESOLVED_CONFIG evidence unavailable (0 files); stdout RUN FOOTER used as fallback,C1_DORMANT_UNAUDITED,NOT_REQUIRED_BY_C2_C3,NONE
LUMINA_AUL_SCALE2_FACTOR,src/lumina_atomic.c:679,dynamic-name family,unset: 1.0 (no line-array scaling),ON_GATE(parameter family),DORMANT,NONE,NONE,NONE,scripts/slurm_ddc15_223_ionlock_smoke.sh:191|scripts/slurm_ddc15_223_perionresc_smoke.sh:187|scripts/slurm_ddc15_A1_eps_fine.sh:185|scripts/slurm_ddc15_A1b_eps_dense.sh:185|scripts/slurm_ddc15_A1c_eps_top.sh:183|scripts/slurm_ddc15_A1d_e1p00_mcvar.sh:186|scripts/slurm_ddc15_A1e_e0p70_mcvar.sh:187|scripts/slurm_ddc15_A2_s2W.sh:200|scripts/slurm_ddc15_FI_ablation.sh:191|scripts/slurm_ddc15_FI_prod.sh:185|scripts/slurm_ddc15_KL1_stack.sh:185|scripts/slurm_ddc15_N1_KLM_stack.sh:186|scripts/slurm_ddc15_O1_CoCr_stack.sh:189|scripts/slurm_ddc15_P1_FeCo_push.sh:184|scripts/slurm_ddc15_P2_FeCo_stack.sh:183|scripts/slurm_ddc15_Q1_eps_uv_on_stack.sh:186|scripts/slurm_ddc15_Q1b_lambdamin_iron3_red.sh:187|scripts/slurm_ddc15_Q1c_lambdamin_wide.sh:182|scripts/slurm_ddc15_R1_eps_uv_2step.sh:194|scripts/slurm_ddc15_R2_aszeta.sh:191|scripts/slurm_ddc15_S1_siII_opt_aul.sh:192|scripts/slurm_ddc15_S2_siII_opt_finer.sh:188|scripts/slurm_ddc15_T1_s1_h2_stack.sh:195|scripts/slurm_ddc15_U1_feII_opt_aul.sh:193|scripts/slurm_ddc15_U1_ni2_opt.sh:195|scripts/slurm_ddc15_W1_ca2_boost.sh:191|scripts/slurm_ddc15_X1_u1f005_ca2.sh:186|scripts/slurm_nlte3_diag.sh:185|scripts/slurm_nlte3fix_femerge.sh:199|scripts/slurm_nlte3fix_femerge_combo.sh:186|scripts/slurm_nlte3fix_femerge_drop.sh:218|scripts/slurm_nlte3fix_femerge_probez.sh:191|scripts/slurm_nlte3fix_femerge_struct.sh:192|scripts/slurm_nlte3fix_femerge_sweep134.sh:186|scripts/slurm_nlte3fix_femerge_sweep34.sh:190|scripts/slurm_nlte3fix_optA.sh:191|scripts/slurm_nlte3fix_optAp.sh:194|scripts/slurm_nlte3fix_optC.sh:202|scripts/slurm_nlte3fix_optD.sh:201|scripts/slurm_nlte_o_prod.sh:185|scripts/slurm_nlte_o_recal.sh:186|scripts/slurm_nlte_o_recal_prod.sh:197|scripts/slurm_nlte_o_recal_seed.sh:190|scripts/slurm_nlte_o_seed.sh:189|scripts/slurm_nlte_o_smoke.sh:185|scripts/slurm_o_triplet_prod.sh:188|scripts/slurm_o_triplet_smoke.sh:188|scripts/slurm_v1_epoch_bracket.sh:202|scripts/slurm_v2_hst_epoch_bracket.sh:184|scripts/slurm_v32_4epoch.sh:189|scripts/slurm_v3_4epoch_w5frozen.sh:190|scripts/slurm_v3_de_l_sweep.sh:177|scripts/slurm_v3_epsir_sweep.sh:177|scripts/slurm_v3_vinner_sweep.sh:176|scripts/slurm_v4_ablation.sh:209|scripts/slurm_v4_probe.sh:178|scripts/slurm_v4_smoke.sh:188|scripts/slurm_viLzeta_grid.sh:204|scripts/slurm_w1_p37_retune.sh:188|scripts/slurm_w2_logL_red5_diag.sh:191|scripts/slurm_w3_nir_damp.sh:193|scripts/slurm_w4_ni2_nir_push.sh:188|scripts/slurm_w5_stack_closer.sh:188|scripts/slurm_zeta_clean_mcvar.sh:206|scripts/slurm_zeta_clean_smoke.sh:203,UNAUDITED,NONE,UNTESTED,HIGH,dynamic family mutates shared AtomicData A_ul/B/f arrays across every matching line; broad masks can hit multiple elements/ions,NO_EVIDENCE (no #if 0; repository dead_code_audit found no unreferenced non-static consumer function),required RESOLVED_CONFIG evidence unavailable (0 files); stdout RUN FOOTER used as fallback,C1_DORMANT_UNAUDITED|C2_DORMANT_HIGH,P1,"required: same binary/input; UNSET vs explicit neutral/OFF vs ON(shadow); byte-compare registered state, layout/table manifests, oracle outputs, RNG/event counters; ON must not commit target state"
LUMINA_AUL_SCALE2_IONMASK,src/lumina_atomic.c:689,dynamic-name family,unset: ion stage II mask (1<<1; only under armed FACTOR),ON_GATE(parameter family),DORMANT,NONE,NONE,NONE,scripts/slurm_ddc15_223_ionlock_smoke.sh:194|scripts/slurm_ddc15_223_perionresc_smoke.sh:190|scripts/slurm_ddc15_A1_eps_fine.sh:188|scripts/slurm_ddc15_A1b_eps_dense.sh:188|scripts/slurm_ddc15_A1c_eps_top.sh:186|scripts/slurm_ddc15_A1d_e1p00_mcvar.sh:189|scripts/slurm_ddc15_A1e_e0p70_mcvar.sh:190|scripts/slurm_ddc15_A2_s2W.sh:203|scripts/slurm_ddc15_FI_ablation.sh:194|scripts/slurm_ddc15_FI_prod.sh:188|scripts/slurm_ddc15_KL1_stack.sh:188|scripts/slurm_ddc15_N1_KLM_stack.sh:189|scripts/slurm_ddc15_O1_CoCr_stack.sh:192|scripts/slurm_ddc15_P1_FeCo_push.sh:187|scripts/slurm_ddc15_P2_FeCo_stack.sh:186|scripts/slurm_ddc15_Q1_eps_uv_on_stack.sh:189|scripts/slurm_ddc15_Q1b_lambdamin_iron3_red.sh:190|scripts/slurm_ddc15_Q1c_lambdamin_wide.sh:185|scripts/slurm_ddc15_R1_eps_uv_2step.sh:197|scripts/slurm_ddc15_R2_aszeta.sh:194|scripts/slurm_ddc15_S1_siII_opt_aul.sh:195|scripts/slurm_ddc15_S2_siII_opt_finer.sh:191|scripts/slurm_ddc15_T1_s1_h2_stack.sh:198|scripts/slurm_ddc15_U1_feII_opt_aul.sh:196|scripts/slurm_ddc15_U1_ni2_opt.sh:198|scripts/slurm_ddc15_W1_ca2_boost.sh:194|scripts/slurm_ddc15_X1_u1f005_ca2.sh:189|scripts/slurm_nlte3_diag.sh:188|scripts/slurm_nlte3fix_femerge.sh:202|scripts/slurm_nlte3fix_femerge_combo.sh:189|scripts/slurm_nlte3fix_femerge_drop.sh:219|scripts/slurm_nlte3fix_femerge_probez.sh:194|scripts/slurm_nlte3fix_femerge_struct.sh:195|scripts/slurm_nlte3fix_femerge_sweep134.sh:189|scripts/slurm_nlte3fix_femerge_sweep34.sh:193|scripts/slurm_nlte3fix_optA.sh:194|scripts/slurm_nlte3fix_optAp.sh:197|scripts/slurm_nlte3fix_optC.sh:205|scripts/slurm_nlte3fix_optD.sh:204|scripts/slurm_nlte_o_prod.sh:188|scripts/slurm_nlte_o_recal.sh:189|scripts/slurm_nlte_o_recal_prod.sh:200|scripts/slurm_nlte_o_recal_seed.sh:193|scripts/slurm_nlte_o_seed.sh:192|scripts/slurm_nlte_o_smoke.sh:188|scripts/slurm_o_triplet_prod.sh:191|scripts/slurm_o_triplet_smoke.sh:191|scripts/slurm_v1_epoch_bracket.sh:205|scripts/slurm_v2_hst_epoch_bracket.sh:187|scripts/slurm_v32_4epoch.sh:192|scripts/slurm_v3_4epoch_w5frozen.sh:193|scripts/slurm_v3_de_l_sweep.sh:180|scripts/slurm_v3_epsir_sweep.sh:180|scripts/slurm_v3_vinner_sweep.sh:179|scripts/slurm_v4_ablation.sh:212|scripts/slurm_v4_probe.sh:181|scripts/slurm_v4_smoke.sh:191|scripts/slurm_viLzeta_grid.sh:207|scripts/slurm_w1_p37_retune.sh:191|scripts/slurm_w2_logL_red5_diag.sh:194|scripts/slurm_w3_nir_damp.sh:196|scripts/slurm_w4_ni2_nir_push.sh:191|scripts/slurm_w5_stack_closer.sh:191|scripts/slurm_zeta_clean_mcvar.sh:209|scripts/slurm_zeta_clean_smoke.sh:206,UNAUDITED,NONE,UNTESTED,HIGH,dynamic family mutates shared AtomicData A_ul/B/f arrays across every matching line; broad masks can hit multiple elements/ions,NO_EVIDENCE (no #if 0; repository dead_code_audit found no unreferenced non-static consumer function),required RESOLVED_CONFIG evidence unavailable (0 files); stdout RUN FOOTER used as fallback,C1_DORMANT_UNAUDITED|C2_DORMANT_HIGH,P1,"required: same binary/input; UNSET vs explicit neutral/OFF vs ON(shadow); byte-compare registered state, layout/table manifests, oracle outputs, RNG/event counters; ON must not commit target state"
LUMINA_AUL_SCALE2_LAMBDA_MAX,src/lumina_atomic.c:693,dynamic-name family,unset: 4000 Angstrom (only under armed FACTOR),ON_GATE(parameter family),DORMANT,NONE,NONE,NONE,scripts/slurm_ddc15_223_ionlock_smoke.sh:192|scripts/slurm_ddc15_223_perionresc_smoke.sh:188|scripts/slurm_ddc15_A1_eps_fine.sh:186|scripts/slurm_ddc15_A1b_eps_dense.sh:186|scripts/slurm_ddc15_A1c_eps_top.sh:184|scripts/slurm_ddc15_A1d_e1p00_mcvar.sh:187|scripts/slurm_ddc15_A1e_e0p70_mcvar.sh:188|scripts/slurm_ddc15_A2_s2W.sh:201|scripts/slurm_ddc15_FI_ablation.sh:192|scripts/slurm_ddc15_FI_prod.sh:186|scripts/slurm_ddc15_KL1_stack.sh:186|scripts/slurm_ddc15_N1_KLM_stack.sh:187|scripts/slurm_ddc15_O1_CoCr_stack.sh:190|scripts/slurm_ddc15_P1_FeCo_push.sh:185|scripts/slurm_ddc15_P2_FeCo_stack.sh:184|scripts/slurm_ddc15_Q1_eps_uv_on_stack.sh:187|scripts/slurm_ddc15_Q1b_lambdamin_iron3_red.sh:188|scripts/slurm_ddc15_Q1c_lambdamin_wide.sh:183|scripts/slurm_ddc15_R1_eps_uv_2step.sh:195|scripts/slurm_ddc15_R2_aszeta.sh:192|scripts/slurm_ddc15_S1_siII_opt_aul.sh:193|scripts/slurm_ddc15_S2_siII_opt_finer.sh:189|scripts/slurm_ddc15_T1_s1_h2_stack.sh:196|scripts/slurm_ddc15_U1_feII_opt_aul.sh:194|scripts/slurm_ddc15_U1_ni2_opt.sh:196|scripts/slurm_ddc15_W1_ca2_boost.sh:192|scripts/slurm_ddc15_X1_u1f005_ca2.sh:187|scripts/slurm_nlte3_diag.sh:186|scripts/slurm_nlte3fix_femerge.sh:200|scripts/slurm_nlte3fix_femerge_combo.sh:187|scripts/slurm_nlte3fix_femerge_drop.sh:218|scripts/slurm_nlte3fix_femerge_probez.sh:192|scripts/slurm_nlte3fix_femerge_struct.sh:193|scripts/slurm_nlte3fix_femerge_sweep134.sh:187|scripts/slurm_nlte3fix_femerge_sweep34.sh:191|scripts/slurm_nlte3fix_optA.sh:192|scripts/slurm_nlte3fix_optAp.sh:195|scripts/slurm_nlte3fix_optC.sh:203|scripts/slurm_nlte3fix_optD.sh:202|scripts/slurm_nlte_o_prod.sh:186|scripts/slurm_nlte_o_recal.sh:187|scripts/slurm_nlte_o_recal_prod.sh:198|scripts/slurm_nlte_o_recal_seed.sh:191|scripts/slurm_nlte_o_seed.sh:190|scripts/slurm_nlte_o_smoke.sh:186|scripts/slurm_o_triplet_prod.sh:189|scripts/slurm_o_triplet_smoke.sh:189|scripts/slurm_v1_epoch_bracket.sh:203|scripts/slurm_v2_hst_epoch_bracket.sh:185|scripts/slurm_v32_4epoch.sh:190|scripts/slurm_v3_4epoch_w5frozen.sh:191|scripts/slurm_v3_de_l_sweep.sh:178|scripts/slurm_v3_epsir_sweep.sh:178|scripts/slurm_v3_vinner_sweep.sh:177|scripts/slurm_v4_ablation.sh:210|scripts/slurm_v4_probe.sh:179|scripts/slurm_v4_smoke.sh:189|scripts/slurm_viLzeta_grid.sh:205|scripts/slurm_w1_p37_retune.sh:189|scripts/slurm_w2_logL_red5_diag.sh:192|scripts/slurm_w3_nir_damp.sh:194|scripts/slurm_w4_ni2_nir_push.sh:189|scripts/slurm_w5_stack_closer.sh:189|scripts/slurm_zeta_clean_mcvar.sh:207|scripts/slurm_zeta_clean_smoke.sh:204,UNAUDITED,NONE,UNTESTED,HIGH,dynamic family mutates shared AtomicData A_ul/B/f arrays across every matching line; broad masks can hit multiple elements/ions,NO_EVIDENCE (no #if 0; repository dead_code_audit found no unreferenced non-static consumer function),required RESOLVED_CONFIG evidence unavailable (0 files); stdout RUN FOOTER used as fallback,C1_DORMANT_UNAUDITED|C2_DORMANT_HIGH,P1,"required: same binary/input; UNSET vs explicit neutral/OFF vs ON(shadow); byte-compare registered state, layout/table manifests, oracle outputs, RNG/event counters; ON must not commit target state"
LUMINA_AUL_SCALE2_LAMBDA_MIN,src/lumina_atomic.c:691,dynamic-name family,unset: 0 Angstrom (only under armed FACTOR),ON_GATE(parameter family),DORMANT,NONE,NONE,NONE,NONE,UNAUDITED,NONE,UNTESTED,HIGH,dynamic family mutates shared AtomicData A_ul/B/f arrays across every matching line; broad masks can hit multiple elements/ions,NO_EVIDENCE (no #if 0; repository dead_code_audit found no unreferenced non-static consumer function),required RESOLVED_CONFIG evidence unavailable (0 files); stdout RUN FOOTER used as fallback,C1_DORMANT_UNAUDITED|C2_DORMANT_HIGH,P1,"required: same binary/input; UNSET vs explicit neutral/OFF vs ON(shadow); byte-compare registered state, layout/table manifests, oracle outputs, RNG/event counters; ON must not commit target state"
LUMINA_AUL_SCALE2_ZMASK,src/lumina_atomic.c:687,dynamic-name family,unset: all Z=1..31 (only used when FACTOR arms family),ON_GATE(parameter family),DORMANT,NONE,NONE,NONE,scripts/slurm_ddc15_223_ionlock_smoke.sh:193|scripts/slurm_ddc15_223_perionresc_smoke.sh:189|scripts/slurm_ddc15_A1_eps_fine.sh:187|scripts/slurm_ddc15_A1b_eps_dense.sh:187|scripts/slurm_ddc15_A1c_eps_top.sh:185|scripts/slurm_ddc15_A1d_e1p00_mcvar.sh:188|scripts/slurm_ddc15_A1e_e0p70_mcvar.sh:189|scripts/slurm_ddc15_A2_s2W.sh:202|scripts/slurm_ddc15_FI_ablation.sh:193|scripts/slurm_ddc15_FI_prod.sh:187|scripts/slurm_ddc15_KL1_stack.sh:187|scripts/slurm_ddc15_N1_KLM_stack.sh:188|scripts/slurm_ddc15_O1_CoCr_stack.sh:191|scripts/slurm_ddc15_P1_FeCo_push.sh:186|scripts/slurm_ddc15_P2_FeCo_stack.sh:185|scripts/slurm_ddc15_Q1_eps_uv_on_stack.sh:188|scripts/slurm_ddc15_Q1b_lambdamin_iron3_red.sh:189|scripts/slurm_ddc15_Q1c_lambdamin_wide.sh:184|scripts/slurm_ddc15_R1_eps_uv_2step.sh:196|scripts/slurm_ddc15_R2_aszeta.sh:193|scripts/slurm_ddc15_S1_siII_opt_aul.sh:194|scripts/slurm_ddc15_S2_siII_opt_finer.sh:190|scripts/slurm_ddc15_T1_s1_h2_stack.sh:197|scripts/slurm_ddc15_U1_feII_opt_aul.sh:195|scripts/slurm_ddc15_U1_ni2_opt.sh:197|scripts/slurm_ddc15_W1_ca2_boost.sh:193|scripts/slurm_ddc15_X1_u1f005_ca2.sh:188|scripts/slurm_nlte3_diag.sh:187|scripts/slurm_nlte3fix_femerge.sh:201|scripts/slurm_nlte3fix_femerge_combo.sh:188|scripts/slurm_nlte3fix_femerge_drop.sh:219|scripts/slurm_nlte3fix_femerge_probez.sh:193|scripts/slurm_nlte3fix_femerge_struct.sh:194|scripts/slurm_nlte3fix_femerge_sweep134.sh:188|scripts/slurm_nlte3fix_femerge_sweep34.sh:192|scripts/slurm_nlte3fix_optA.sh:193|scripts/slurm_nlte3fix_optAp.sh:196|scripts/slurm_nlte3fix_optC.sh:204|scripts/slurm_nlte3fix_optD.sh:203|scripts/slurm_nlte_o_prod.sh:187|scripts/slurm_nlte_o_recal.sh:188|scripts/slurm_nlte_o_recal_prod.sh:199|scripts/slurm_nlte_o_recal_seed.sh:192|scripts/slurm_nlte_o_seed.sh:191|scripts/slurm_nlte_o_smoke.sh:187|scripts/slurm_o_triplet_prod.sh:190|scripts/slurm_o_triplet_smoke.sh:190|scripts/slurm_v1_epoch_bracket.sh:204|scripts/slurm_v2_hst_epoch_bracket.sh:186|scripts/slurm_v32_4epoch.sh:191|scripts/slurm_v3_4epoch_w5frozen.sh:192|scripts/slurm_v3_de_l_sweep.sh:179|scripts/slurm_v3_epsir_sweep.sh:179|scripts/slurm_v3_vinner_sweep.sh:178|scripts/slurm_v4_ablation.sh:211|scripts/slurm_v4_probe.sh:180|scripts/slurm_v4_smoke.sh:190|scripts/slurm_viLzeta_grid.sh:206|scripts/slurm_w1_p37_retune.sh:190|scripts/slurm_w2_logL_red5_diag.sh:193|scripts/slurm_w3_nir_damp.sh:195|scripts/slurm_w4_ni2_nir_push.sh:190|scripts/slurm_w5_stack_closer.sh:190|scripts/slurm_zeta_clean_mcvar.sh:208|scripts/slurm_zeta_clean_smoke.sh:205,UNAUDITED,NONE,UNTESTED,HIGH,dynamic family mutates shared AtomicData A_ul/B/f arrays across every matching line; broad masks can hit multiple elements/ions,NO_EVIDENCE (no #if 0; repository dead_code_audit found no unreferenced non-static consumer function),required RESOLVED_CONFIG evidence unavailable (0 files); stdout RUN FOOTER used as fallback,C1_DORMANT_UNAUDITED|C2_DORMANT_HIGH,P1,"required: same binary/input; UNSET vs explicit neutral/OFF vs ON(shadow); byte-compare registered state, layout/table manifests, oracle outputs, RNG/event counters; ON must not commit target state"
LUMINA_AUL_SCALE3_FACTOR,src/lumina_atomic.c:679,dynamic-name family,unset: 1.0 (no line-array scaling),ON_GATE(parameter family),DORMANT,NONE,NONE,NONE,scripts/slurm_ddc15_223_ionlock_smoke.sh:195|scripts/slurm_ddc15_223_perionresc_smoke.sh:191|scripts/slurm_ddc15_A1_eps_fine.sh:189|scripts/slurm_ddc15_A1b_eps_dense.sh:189|scripts/slurm_ddc15_A1c_eps_top.sh:187|scripts/slurm_ddc15_A1d_e1p00_mcvar.sh:190|scripts/slurm_ddc15_A1e_e0p70_mcvar.sh:191|scripts/slurm_ddc15_A2_s2W.sh:204|scripts/slurm_ddc15_FI_ablation.sh:195|scripts/slurm_ddc15_FI_prod.sh:189|scripts/slurm_ddc15_N1_KLM_stack.sh:190|scripts/slurm_ddc15_O1_CoCr_stack.sh:193|scripts/slurm_ddc15_P1_FeCo_push.sh:188|scripts/slurm_ddc15_P2_FeCo_stack.sh:187|scripts/slurm_ddc15_Q1_eps_uv_on_stack.sh:190|scripts/slurm_ddc15_Q1b_lambdamin_iron3_red.sh:191|scripts/slurm_ddc15_Q1c_lambdamin_wide.sh:186|scripts/slurm_ddc15_R1_eps_uv_2step.sh:198|scripts/slurm_ddc15_R2_aszeta.sh:195|scripts/slurm_ddc15_S1_siII_opt_aul.sh:196|scripts/slurm_ddc15_S2_siII_opt_finer.sh:192|scripts/slurm_ddc15_T1_s1_h2_stack.sh:199|scripts/slurm_ddc15_U1_feII_opt_aul.sh:197|scripts/slurm_ddc15_U1_ni2_opt.sh:199|scripts/slurm_ddc15_W1_ca2_boost.sh:195|scripts/slurm_ddc15_X1_u1f005_ca2.sh:190|scripts/slurm_nlte3_diag.sh:189|scripts/slurm_nlte3fix_femerge.sh:203|scripts/slurm_nlte3fix_femerge_combo.sh:190|scripts/slurm_nlte3fix_femerge_drop.sh:211|scripts/slurm_nlte3fix_femerge_optscan.sh:184|scripts/slurm_nlte3fix_femerge_probez.sh:195|scripts/slurm_nlte3fix_femerge_struct.sh:196|scripts/slurm_nlte3fix_femerge_sweep134.sh:190|scripts/slurm_nlte3fix_femerge_sweep34.sh:194|scripts/slurm_nlte3fix_optA.sh:195|scripts/slurm_nlte3fix_optAp.sh:198|scripts/slurm_nlte3fix_optC.sh:206|scripts/slurm_nlte3fix_optD.sh:205|scripts/slurm_nlte_o_prod.sh:189|scripts/slurm_nlte_o_recal.sh:190|scripts/slurm_nlte_o_recal_prod.sh:201|scripts/slurm_nlte_o_recal_seed.sh:194|scripts/slurm_nlte_o_seed.sh:193|scripts/slurm_nlte_o_smoke.sh:189|scripts/slurm_o_triplet_prod.sh:192|scripts/slurm_o_triplet_smoke.sh:192|scripts/slurm_v1_epoch_bracket.sh:206|scripts/slurm_v2_hst_epoch_bracket.sh:188|scripts/slurm_v32_4epoch.sh:193|scripts/slurm_v3_4epoch_w5frozen.sh:194|scripts/slurm_v3_de_l_sweep.sh:181|scripts/slurm_v3_epsir_sweep.sh:181|scripts/slurm_v3_vinner_sweep.sh:180|scripts/slurm_v4_ablation.sh:213|scripts/slurm_v4_inversion.sh:199|scripts/slurm_v4_probe.sh:182|scripts/slurm_v4_smoke.sh:192|scripts/slurm_viLzeta_grid.sh:208|scripts/slurm_w1_p37_retune.sh:192|scripts/slurm_w2_logL_red5_diag.sh:195|scripts/slurm_w3_nir_damp.sh:197|scripts/slurm_w4_ni2_nir_push.sh:192|scripts/slurm_w5_stack_closer.sh:192|scripts/slurm_zeta_clean_mcvar.sh:210|scripts/slurm_zeta_clean_smoke.sh:207,UNAUDITED,NONE,UNTESTED,HIGH,dynamic family mutates shared AtomicData A_ul/B/f arrays across every matching line; broad masks can hit multiple elements/ions,NO_EVIDENCE (no #if 0; repository dead_code_audit found no unreferenced non-static consumer function),required RESOLVED_CONFIG evidence unavailable (0 files); stdout RUN FOOTER used as fallback,C1_DORMANT_UNAUDITED|C2_DORMANT_HIGH,P1,"required: same binary/input; UNSET vs explicit neutral/OFF vs ON(shadow); byte-compare registered state, layout/table manifests, oracle outputs, RNG/event counters; ON must not commit target state"
LUMINA_AUL_SCALE3_IONMASK,src/lumina_atomic.c:689,dynamic-name family,unset: ion stage II mask (1<<1; only under armed FACTOR),ON_GATE(parameter family),DORMANT,NONE,NONE,NONE,scripts/slurm_ddc15_223_ionlock_smoke.sh:198|scripts/slurm_ddc15_223_perionresc_smoke.sh:194|scripts/slurm_ddc15_A1_eps_fine.sh:192|scripts/slurm_ddc15_A1b_eps_dense.sh:192|scripts/slurm_ddc15_A1c_eps_top.sh:190|scripts/slurm_ddc15_A1d_e1p00_mcvar.sh:193|scripts/slurm_ddc15_A1e_e0p70_mcvar.sh:194|scripts/slurm_ddc15_A2_s2W.sh:207|scripts/slurm_ddc15_FI_ablation.sh:198|scripts/slurm_ddc15_FI_prod.sh:192|scripts/slurm_ddc15_N1_KLM_stack.sh:193|scripts/slurm_ddc15_O1_CoCr_stack.sh:196|scripts/slurm_ddc15_P1_FeCo_push.sh:191|scripts/slurm_ddc15_P2_FeCo_stack.sh:190|scripts/slurm_ddc15_Q1_eps_uv_on_stack.sh:193|scripts/slurm_ddc15_Q1b_lambdamin_iron3_red.sh:194|scripts/slurm_ddc15_Q1c_lambdamin_wide.sh:189|scripts/slurm_ddc15_R1_eps_uv_2step.sh:201|scripts/slurm_ddc15_R2_aszeta.sh:198|scripts/slurm_ddc15_S1_siII_opt_aul.sh:199|scripts/slurm_ddc15_S2_siII_opt_finer.sh:195|scripts/slurm_ddc15_T1_s1_h2_stack.sh:202|scripts/slurm_ddc15_U1_feII_opt_aul.sh:200|scripts/slurm_ddc15_U1_ni2_opt.sh:202|scripts/slurm_ddc15_W1_ca2_boost.sh:198|scripts/slurm_ddc15_X1_u1f005_ca2.sh:193|scripts/slurm_nlte3_diag.sh:192|scripts/slurm_nlte3fix_femerge.sh:206|scripts/slurm_nlte3fix_femerge_combo.sh:193|scripts/slurm_nlte3fix_femerge_drop.sh:212|scripts/slurm_nlte3fix_femerge_optscan.sh:187|scripts/slurm_nlte3fix_femerge_probez.sh:198|scripts/slurm_nlte3fix_femerge_struct.sh:199|scripts/slurm_nlte3fix_femerge_sweep134.sh:193|scripts/slurm_nlte3fix_femerge_sweep34.sh:197|scripts/slurm_nlte3fix_optA.sh:198|scripts/slurm_nlte3fix_optAp.sh:201|scripts/slurm_nlte3fix_optC.sh:209|scripts/slurm_nlte3fix_optD.sh:208|scripts/slurm_nlte_o_prod.sh:192|scripts/slurm_nlte_o_recal.sh:193|scripts/slurm_nlte_o_recal_prod.sh:204|scripts/slurm_nlte_o_recal_seed.sh:197|scripts/slurm_nlte_o_seed.sh:196|scripts/slurm_nlte_o_smoke.sh:192|scripts/slurm_o_triplet_prod.sh:195|scripts/slurm_o_triplet_smoke.sh:195|scripts/slurm_v1_epoch_bracket.sh:209|scripts/slurm_v2_hst_epoch_bracket.sh:191|scripts/slurm_v32_4epoch.sh:196|scripts/slurm_v3_4epoch_w5frozen.sh:197|scripts/slurm_v3_de_l_sweep.sh:184|scripts/slurm_v3_epsir_sweep.sh:184|scripts/slurm_v3_vinner_sweep.sh:183|scripts/slurm_v4_ablation.sh:216|scripts/slurm_v4_inversion.sh:202|scripts/slurm_v4_probe.sh:185|scripts/slurm_v4_smoke.sh:195|scripts/slurm_viLzeta_grid.sh:211|scripts/slurm_w1_p37_retune.sh:195|scripts/slurm_w2_logL_red5_diag.sh:198|scripts/slurm_w3_nir_damp.sh:200|scripts/slurm_w4_ni2_nir_push.sh:195|scripts/slurm_w5_stack_closer.sh:195|scripts/slurm_zeta_clean_mcvar.sh:213|scripts/slurm_zeta_clean_smoke.sh:210,UNAUDITED,NONE,UNTESTED,HIGH,dynamic family mutates shared AtomicData A_ul/B/f arrays across every matching line; broad masks can hit multiple elements/ions,NO_EVIDENCE (no #if 0; repository dead_code_audit found no unreferenced non-static consumer function),required RESOLVED_CONFIG evidence unavailable (0 files); stdout RUN FOOTER used as fallback,C1_DORMANT_UNAUDITED|C2_DORMANT_HIGH,P1,"required: same binary/input; UNSET vs explicit neutral/OFF vs ON(shadow); byte-compare registered state, layout/table manifests, oracle outputs, RNG/event counters; ON must not commit target state"
LUMINA_AUL_SCALE3_LAMBDA_MAX,src/lumina_atomic.c:693,dynamic-name family,unset: 4000 Angstrom (only under armed FACTOR),ON_GATE(parameter family),DORMANT,NONE,NONE,NONE,scripts/slurm_ddc15_223_ionlock_smoke.sh:196|scripts/slurm_ddc15_223_perionresc_smoke.sh:192|scripts/slurm_ddc15_A1_eps_fine.sh:190|scripts/slurm_ddc15_A1b_eps_dense.sh:190|scripts/slurm_ddc15_A1c_eps_top.sh:188|scripts/slurm_ddc15_A1d_e1p00_mcvar.sh:191|scripts/slurm_ddc15_A1e_e0p70_mcvar.sh:192|scripts/slurm_ddc15_A2_s2W.sh:205|scripts/slurm_ddc15_FI_ablation.sh:196|scripts/slurm_ddc15_FI_prod.sh:190|scripts/slurm_ddc15_N1_KLM_stack.sh:191|scripts/slurm_ddc15_O1_CoCr_stack.sh:194|scripts/slurm_ddc15_P1_FeCo_push.sh:189|scripts/slurm_ddc15_P2_FeCo_stack.sh:188|scripts/slurm_ddc15_Q1_eps_uv_on_stack.sh:191|scripts/slurm_ddc15_Q1b_lambdamin_iron3_red.sh:192|scripts/slurm_ddc15_Q1c_lambdamin_wide.sh:187|scripts/slurm_ddc15_R1_eps_uv_2step.sh:199|scripts/slurm_ddc15_R2_aszeta.sh:196|scripts/slurm_ddc15_S1_siII_opt_aul.sh:197|scripts/slurm_ddc15_S2_siII_opt_finer.sh:193|scripts/slurm_ddc15_T1_s1_h2_stack.sh:200|scripts/slurm_ddc15_U1_feII_opt_aul.sh:198|scripts/slurm_ddc15_U1_ni2_opt.sh:200|scripts/slurm_ddc15_W1_ca2_boost.sh:196|scripts/slurm_ddc15_X1_u1f005_ca2.sh:191|scripts/slurm_nlte3_diag.sh:190|scripts/slurm_nlte3fix_femerge.sh:204|scripts/slurm_nlte3fix_femerge_combo.sh:191|scripts/slurm_nlte3fix_femerge_drop.sh:211|scripts/slurm_nlte3fix_femerge_optscan.sh:185|scripts/slurm_nlte3fix_femerge_probez.sh:196|scripts/slurm_nlte3fix_femerge_struct.sh:197|scripts/slurm_nlte3fix_femerge_sweep134.sh:191|scripts/slurm_nlte3fix_femerge_sweep34.sh:195|scripts/slurm_nlte3fix_optA.sh:196|scripts/slurm_nlte3fix_optAp.sh:199|scripts/slurm_nlte3fix_optC.sh:207|scripts/slurm_nlte3fix_optD.sh:206|scripts/slurm_nlte_o_prod.sh:190|scripts/slurm_nlte_o_recal.sh:191|scripts/slurm_nlte_o_recal_prod.sh:202|scripts/slurm_nlte_o_recal_seed.sh:195|scripts/slurm_nlte_o_seed.sh:194|scripts/slurm_nlte_o_smoke.sh:190|scripts/slurm_o_triplet_prod.sh:193|scripts/slurm_o_triplet_smoke.sh:193|scripts/slurm_v1_epoch_bracket.sh:207|scripts/slurm_v2_hst_epoch_bracket.sh:189|scripts/slurm_v32_4epoch.sh:194|scripts/slurm_v3_4epoch_w5frozen.sh:195|scripts/slurm_v3_de_l_sweep.sh:182|scripts/slurm_v3_epsir_sweep.sh:182|scripts/slurm_v3_vinner_sweep.sh:181|scripts/slurm_v4_ablation.sh:214|scripts/slurm_v4_inversion.sh:200|scripts/slurm_v4_probe.sh:183|scripts/slurm_v4_smoke.sh:193|scripts/slurm_viLzeta_grid.sh:209|scripts/slurm_w1_p37_retune.sh:193|scripts/slurm_w2_logL_red5_diag.sh:196|scripts/slurm_w3_nir_damp.sh:198|scripts/slurm_w4_ni2_nir_push.sh:193|scripts/slurm_w5_stack_closer.sh:193|scripts/slurm_zeta_clean_mcvar.sh:211|scripts/slurm_zeta_clean_smoke.sh:208,UNAUDITED,NONE,UNTESTED,HIGH,dynamic family mutates shared AtomicData A_ul/B/f arrays across every matching line; broad masks can hit multiple elements/ions,NO_EVIDENCE (no #if 0; repository dead_code_audit found no unreferenced non-static consumer function),required RESOLVED_CONFIG evidence unavailable (0 files); stdout RUN FOOTER used as fallback,C1_DORMANT_UNAUDITED|C2_DORMANT_HIGH,P1,"required: same binary/input; UNSET vs explicit neutral/OFF vs ON(shadow); byte-compare registered state, layout/table manifests, oracle outputs, RNG/event counters; ON must not commit target state"
LUMINA_AUL_SCALE3_LAMBDA_MIN,src/lumina_atomic.c:691,dynamic-name family,unset: 0 Angstrom (only under armed FACTOR),ON_GATE(parameter family),DORMANT,NONE,NONE,NONE,NONE,UNAUDITED,NONE,UNTESTED,HIGH,dynamic family mutates shared AtomicData A_ul/B/f arrays across every matching line; broad masks can hit multiple elements/ions,NO_EVIDENCE (no #if 0; repository dead_code_audit found no unreferenced non-static consumer function),required RESOLVED_CONFIG evidence unavailable (0 files); stdout RUN FOOTER used as fallback,C1_DORMANT_UNAUDITED|C2_DORMANT_HIGH,P1,"required: same binary/input; UNSET vs explicit neutral/OFF vs ON(shadow); byte-compare registered state, layout/table manifests, oracle outputs, RNG/event counters; ON must not commit target state"
LUMINA_AUL_SCALE3_ZMASK,src/lumina_atomic.c:687,dynamic-name family,unset: all Z=1..31 (only used when FACTOR arms family),ON_GATE(parameter family),DORMANT,NONE,NONE,NONE,scripts/slurm_ddc15_223_ionlock_smoke.sh:197|scripts/slurm_ddc15_223_perionresc_smoke.sh:193|scripts/slurm_ddc15_A1_eps_fine.sh:191|scripts/slurm_ddc15_A1b_eps_dense.sh:191|scripts/slurm_ddc15_A1c_eps_top.sh:189|scripts/slurm_ddc15_A1d_e1p00_mcvar.sh:192|scripts/slurm_ddc15_A1e_e0p70_mcvar.sh:193|scripts/slurm_ddc15_A2_s2W.sh:206|scripts/slurm_ddc15_FI_ablation.sh:197|scripts/slurm_ddc15_FI_prod.sh:191|scripts/slurm_ddc15_N1_KLM_stack.sh:192|scripts/slurm_ddc15_O1_CoCr_stack.sh:195|scripts/slurm_ddc15_P1_FeCo_push.sh:190|scripts/slurm_ddc15_P2_FeCo_stack.sh:189|scripts/slurm_ddc15_Q1_eps_uv_on_stack.sh:192|scripts/slurm_ddc15_Q1b_lambdamin_iron3_red.sh:193|scripts/slurm_ddc15_Q1c_lambdamin_wide.sh:188|scripts/slurm_ddc15_R1_eps_uv_2step.sh:200|scripts/slurm_ddc15_R2_aszeta.sh:197|scripts/slurm_ddc15_S1_siII_opt_aul.sh:198|scripts/slurm_ddc15_S2_siII_opt_finer.sh:194|scripts/slurm_ddc15_T1_s1_h2_stack.sh:201|scripts/slurm_ddc15_U1_feII_opt_aul.sh:199|scripts/slurm_ddc15_U1_ni2_opt.sh:201|scripts/slurm_ddc15_W1_ca2_boost.sh:197|scripts/slurm_ddc15_X1_u1f005_ca2.sh:192|scripts/slurm_nlte3_diag.sh:191|scripts/slurm_nlte3fix_femerge.sh:205|scripts/slurm_nlte3fix_femerge_combo.sh:192|scripts/slurm_nlte3fix_femerge_drop.sh:212|scripts/slurm_nlte3fix_femerge_optscan.sh:186|scripts/slurm_nlte3fix_femerge_probez.sh:197|scripts/slurm_nlte3fix_femerge_struct.sh:198|scripts/slurm_nlte3fix_femerge_sweep134.sh:192|scripts/slurm_nlte3fix_femerge_sweep34.sh:196|scripts/slurm_nlte3fix_optA.sh:197|scripts/slurm_nlte3fix_optAp.sh:200|scripts/slurm_nlte3fix_optC.sh:208|scripts/slurm_nlte3fix_optD.sh:207|scripts/slurm_nlte_o_prod.sh:191|scripts/slurm_nlte_o_recal.sh:192|scripts/slurm_nlte_o_recal_prod.sh:203|scripts/slurm_nlte_o_recal_seed.sh:196|scripts/slurm_nlte_o_seed.sh:195|scripts/slurm_nlte_o_smoke.sh:191|scripts/slurm_o_triplet_prod.sh:194|scripts/slurm_o_triplet_smoke.sh:194|scripts/slurm_v1_epoch_bracket.sh:208|scripts/slurm_v2_hst_epoch_bracket.sh:190|scripts/slurm_v32_4epoch.sh:195|scripts/slurm_v3_4epoch_w5frozen.sh:196|scripts/slurm_v3_de_l_sweep.sh:183|scripts/slurm_v3_epsir_sweep.sh:183|scripts/slurm_v3_vinner_sweep.sh:182|scripts/slurm_v4_ablation.sh:215|scripts/slurm_v4_inversion.sh:201|scripts/slurm_v4_probe.sh:184|scripts/slurm_v4_smoke.sh:194|scripts/slurm_viLzeta_grid.sh:210|scripts/slurm_w1_p37_retune.sh:194|scripts/slurm_w2_logL_red5_diag.sh:197|scripts/slurm_w3_nir_damp.sh:199|scripts/slurm_w4_ni2_nir_push.sh:194|scripts/slurm_w5_stack_closer.sh:194|scripts/slurm_zeta_clean_mcvar.sh:212|scripts/slurm_zeta_clean_smoke.sh:209,UNAUDITED,NONE,UNTESTED,HIGH,dynamic family mutates shared AtomicData A_ul/B/f arrays across every matching line; broad masks can hit multiple elements/ions,NO_EVIDENCE (no #if 0; repository dead_code_audit found no unreferenced non-static consumer function),required RESOLVED_CONFIG evidence unavailable (0 files); stdout RUN FOOTER used as fallback,C1_DORMANT_UNAUDITED|C2_DORMANT_HIGH,P1,"required: same binary/input; UNSET vs explicit neutral/OFF vs ON(shadow); byte-compare registered state, layout/table manifests, oracle outputs, RNG/event counters; ON must not commit target state"
LUMINA_AUL_SCALE4_FACTOR,src/lumina_atomic.c:679,dynamic-name family,unset: 1.0 (no line-array scaling),ON_GATE(parameter family),DORMANT,NONE,NONE,NONE,scripts/slurm_ddc15_223_ionlock_smoke.sh:199|scripts/slurm_ddc15_223_perionresc_smoke.sh:195|scripts/slurm_ddc15_A1_eps_fine.sh:193|scripts/slurm_ddc15_A1b_eps_dense.sh:193|scripts/slurm_ddc15_A1c_eps_top.sh:191|scripts/slurm_ddc15_A1d_e1p00_mcvar.sh:194|scripts/slurm_ddc15_A1e_e0p70_mcvar.sh:195|scripts/slurm_ddc15_A2_s2W.sh:208|scripts/slurm_ddc15_FI_ablation.sh:199|scripts/slurm_ddc15_FI_prod.sh:193|scripts/slurm_ddc15_O1_CoCr_stack.sh:197|scripts/slurm_ddc15_P1_FeCo_push.sh:192|scripts/slurm_ddc15_P2_FeCo_stack.sh:191|scripts/slurm_ddc15_Q1_eps_uv_on_stack.sh:194|scripts/slurm_ddc15_Q1b_lambdamin_iron3_red.sh:195|scripts/slurm_ddc15_Q1c_lambdamin_wide.sh:190|scripts/slurm_ddc15_R1_eps_uv_2step.sh:202|scripts/slurm_ddc15_R2_aszeta.sh:199|scripts/slurm_ddc15_S1_siII_opt_aul.sh:200|scripts/slurm_ddc15_S2_siII_opt_finer.sh:196|scripts/slurm_ddc15_T1_s1_h2_stack.sh:203|scripts/slurm_ddc15_U1_feII_opt_aul.sh:201|scripts/slurm_ddc15_U1_ni2_opt.sh:203|scripts/slurm_ddc15_W1_ca2_boost.sh:199|scripts/slurm_ddc15_X1_u1f005_ca2.sh:194|scripts/slurm_nlte3_diag.sh:193|scripts/slurm_nlte3fix_femerge.sh:207|scripts/slurm_nlte3fix_femerge_combo.sh:194|scripts/slurm_nlte3fix_femerge_drop.sh:213|scripts/slurm_nlte3fix_femerge_optscan.sh:188|scripts/slurm_nlte3fix_femerge_probez.sh:199|scripts/slurm_nlte3fix_femerge_struct.sh:200|scripts/slurm_nlte3fix_femerge_sweep134.sh:194|scripts/slurm_nlte3fix_femerge_sweep34.sh:198|scripts/slurm_nlte3fix_optA.sh:199|scripts/slurm_nlte3fix_optAp.sh:202|scripts/slurm_nlte3fix_optC.sh:210|scripts/slurm_nlte3fix_optD.sh:209|scripts/slurm_nlte_o_prod.sh:193|scripts/slurm_nlte_o_recal.sh:194|scripts/slurm_nlte_o_recal_prod.sh:205|scripts/slurm_nlte_o_recal_seed.sh:198|scripts/slurm_nlte_o_seed.sh:197|scripts/slurm_nlte_o_smoke.sh:193|scripts/slurm_o_triplet_prod.sh:196|scripts/slurm_o_triplet_smoke.sh:196|scripts/slurm_v1_epoch_bracket.sh:210|scripts/slurm_v2_hst_epoch_bracket.sh:192|scripts/slurm_v32_4epoch.sh:197|scripts/slurm_v3_4epoch_w5frozen.sh:198|scripts/slurm_v3_de_l_sweep.sh:185|scripts/slurm_v3_epsir_sweep.sh:185|scripts/slurm_v3_vinner_sweep.sh:184|scripts/slurm_v4_ablation.sh:217|scripts/slurm_v4_inversion.sh:203|scripts/slurm_v4_probe.sh:186|scripts/slurm_v4_smoke.sh:196|scripts/slurm_viLzeta_grid.sh:212|scripts/slurm_w1_p37_retune.sh:196|scripts/slurm_w2_logL_red5_diag.sh:199|scripts/slurm_w3_nir_damp.sh:201|scripts/slurm_w4_ni2_nir_push.sh:196|scripts/slurm_w5_stack_closer.sh:196|scripts/slurm_zeta_clean_mcvar.sh:214|scripts/slurm_zeta_clean_smoke.sh:211,UNAUDITED,NONE,UNTESTED,HIGH,dynamic family mutates shared AtomicData A_ul/B/f arrays across every matching line; broad masks can hit multiple elements/ions,NO_EVIDENCE (no #if 0; repository dead_code_audit found no unreferenced non-static consumer function),required RESOLVED_CONFIG evidence unavailable (0 files); stdout RUN FOOTER used as fallback,C1_DORMANT_UNAUDITED|C2_DORMANT_HIGH,P1,"required: same binary/input; UNSET vs explicit neutral/OFF vs ON(shadow); byte-compare registered state, layout/table manifests, oracle outputs, RNG/event counters; ON must not commit target state"
LUMINA_AUL_SCALE4_IONMASK,src/lumina_atomic.c:689,dynamic-name family,unset: ion stage II mask (1<<1; only under armed FACTOR),ON_GATE(parameter family),DORMANT,NONE,NONE,NONE,scripts/slurm_ddc15_223_ionlock_smoke.sh:202|scripts/slurm_ddc15_223_perionresc_smoke.sh:198|scripts/slurm_ddc15_A1_eps_fine.sh:196|scripts/slurm_ddc15_A1b_eps_dense.sh:196|scripts/slurm_ddc15_A1c_eps_top.sh:194|scripts/slurm_ddc15_A1d_e1p00_mcvar.sh:197|scripts/slurm_ddc15_A1e_e0p70_mcvar.sh:198|scripts/slurm_ddc15_A2_s2W.sh:211|scripts/slurm_ddc15_FI_ablation.sh:202|scripts/slurm_ddc15_FI_prod.sh:196|scripts/slurm_ddc15_O1_CoCr_stack.sh:200|scripts/slurm_ddc15_P1_FeCo_push.sh:195|scripts/slurm_ddc15_P2_FeCo_stack.sh:194|scripts/slurm_ddc15_Q1_eps_uv_on_stack.sh:197|scripts/slurm_ddc15_Q1b_lambdamin_iron3_red.sh:198|scripts/slurm_ddc15_Q1c_lambdamin_wide.sh:193|scripts/slurm_ddc15_R1_eps_uv_2step.sh:205|scripts/slurm_ddc15_R2_aszeta.sh:202|scripts/slurm_ddc15_S1_siII_opt_aul.sh:203|scripts/slurm_ddc15_S2_siII_opt_finer.sh:199|scripts/slurm_ddc15_T1_s1_h2_stack.sh:206|scripts/slurm_ddc15_U1_feII_opt_aul.sh:204|scripts/slurm_ddc15_U1_ni2_opt.sh:206|scripts/slurm_ddc15_W1_ca2_boost.sh:202|scripts/slurm_ddc15_X1_u1f005_ca2.sh:197|scripts/slurm_nlte3_diag.sh:196|scripts/slurm_nlte3fix_femerge.sh:210|scripts/slurm_nlte3fix_femerge_combo.sh:197|scripts/slurm_nlte3fix_femerge_drop.sh:214|scripts/slurm_nlte3fix_femerge_optscan.sh:191|scripts/slurm_nlte3fix_femerge_probez.sh:202|scripts/slurm_nlte3fix_femerge_struct.sh:203|scripts/slurm_nlte3fix_femerge_sweep134.sh:197|scripts/slurm_nlte3fix_femerge_sweep34.sh:201|scripts/slurm_nlte3fix_optA.sh:202|scripts/slurm_nlte3fix_optAp.sh:205|scripts/slurm_nlte3fix_optC.sh:213|scripts/slurm_nlte3fix_optD.sh:212|scripts/slurm_nlte_o_prod.sh:196|scripts/slurm_nlte_o_recal.sh:197|scripts/slurm_nlte_o_recal_prod.sh:208|scripts/slurm_nlte_o_recal_seed.sh:201|scripts/slurm_nlte_o_seed.sh:200|scripts/slurm_nlte_o_smoke.sh:196|scripts/slurm_o_triplet_prod.sh:199|scripts/slurm_o_triplet_smoke.sh:199|scripts/slurm_v1_epoch_bracket.sh:213|scripts/slurm_v2_hst_epoch_bracket.sh:195|scripts/slurm_v32_4epoch.sh:200|scripts/slurm_v3_4epoch_w5frozen.sh:201|scripts/slurm_v3_de_l_sweep.sh:188|scripts/slurm_v3_epsir_sweep.sh:188|scripts/slurm_v3_vinner_sweep.sh:187|scripts/slurm_v4_ablation.sh:220|scripts/slurm_v4_inversion.sh:206|scripts/slurm_v4_probe.sh:189|scripts/slurm_v4_smoke.sh:199|scripts/slurm_viLzeta_grid.sh:215|scripts/slurm_w1_p37_retune.sh:199|scripts/slurm_w2_logL_red5_diag.sh:202|scripts/slurm_w3_nir_damp.sh:204|scripts/slurm_w4_ni2_nir_push.sh:199|scripts/slurm_w5_stack_closer.sh:199|scripts/slurm_zeta_clean_mcvar.sh:217|scripts/slurm_zeta_clean_smoke.sh:214,UNAUDITED,NONE,UNTESTED,HIGH,dynamic family mutates shared AtomicData A_ul/B/f arrays across every matching line; broad masks can hit multiple elements/ions,NO_EVIDENCE (no #if 0; repository dead_code_audit found no unreferenced non-static consumer function),required RESOLVED_CONFIG evidence unavailable (0 files); stdout RUN FOOTER used as fallback,C1_DORMANT_UNAUDITED|C2_DORMANT_HIGH,P1,"required: same binary/input; UNSET vs explicit neutral/OFF vs ON(shadow); byte-compare registered state, layout/table manifests, oracle outputs, RNG/event counters; ON must not commit target state"
LUMINA_AUL_SCALE4_LAMBDA_MAX,src/lumina_atomic.c:693,dynamic-name family,unset: 4000 Angstrom (only under armed FACTOR),ON_GATE(parameter family),DORMANT,NONE,NONE,NONE,scripts/slurm_ddc15_223_ionlock_smoke.sh:200|scripts/slurm_ddc15_223_perionresc_smoke.sh:196|scripts/slurm_ddc15_A1_eps_fine.sh:194|scripts/slurm_ddc15_A1b_eps_dense.sh:194|scripts/slurm_ddc15_A1c_eps_top.sh:192|scripts/slurm_ddc15_A1d_e1p00_mcvar.sh:195|scripts/slurm_ddc15_A1e_e0p70_mcvar.sh:196|scripts/slurm_ddc15_A2_s2W.sh:209|scripts/slurm_ddc15_FI_ablation.sh:200|scripts/slurm_ddc15_FI_prod.sh:194|scripts/slurm_ddc15_O1_CoCr_stack.sh:198|scripts/slurm_ddc15_P1_FeCo_push.sh:193|scripts/slurm_ddc15_P2_FeCo_stack.sh:192|scripts/slurm_ddc15_Q1_eps_uv_on_stack.sh:195|scripts/slurm_ddc15_Q1b_lambdamin_iron3_red.sh:196|scripts/slurm_ddc15_Q1c_lambdamin_wide.sh:191|scripts/slurm_ddc15_R1_eps_uv_2step.sh:203|scripts/slurm_ddc15_R2_aszeta.sh:200|scripts/slurm_ddc15_S1_siII_opt_aul.sh:201|scripts/slurm_ddc15_S2_siII_opt_finer.sh:197|scripts/slurm_ddc15_T1_s1_h2_stack.sh:204|scripts/slurm_ddc15_U1_feII_opt_aul.sh:202|scripts/slurm_ddc15_U1_ni2_opt.sh:204|scripts/slurm_ddc15_W1_ca2_boost.sh:200|scripts/slurm_ddc15_X1_u1f005_ca2.sh:195|scripts/slurm_nlte3_diag.sh:194|scripts/slurm_nlte3fix_femerge.sh:208|scripts/slurm_nlte3fix_femerge_combo.sh:195|scripts/slurm_nlte3fix_femerge_drop.sh:213|scripts/slurm_nlte3fix_femerge_optscan.sh:189|scripts/slurm_nlte3fix_femerge_probez.sh:200|scripts/slurm_nlte3fix_femerge_struct.sh:201|scripts/slurm_nlte3fix_femerge_sweep134.sh:195|scripts/slurm_nlte3fix_femerge_sweep34.sh:199|scripts/slurm_nlte3fix_optA.sh:200|scripts/slurm_nlte3fix_optAp.sh:203|scripts/slurm_nlte3fix_optC.sh:211|scripts/slurm_nlte3fix_optD.sh:210|scripts/slurm_nlte_o_prod.sh:194|scripts/slurm_nlte_o_recal.sh:195|scripts/slurm_nlte_o_recal_prod.sh:206|scripts/slurm_nlte_o_recal_seed.sh:199|scripts/slurm_nlte_o_seed.sh:198|scripts/slurm_nlte_o_smoke.sh:194|scripts/slurm_o_triplet_prod.sh:197|scripts/slurm_o_triplet_smoke.sh:197|scripts/slurm_v1_epoch_bracket.sh:211|scripts/slurm_v2_hst_epoch_bracket.sh:193|scripts/slurm_v32_4epoch.sh:198|scripts/slurm_v3_4epoch_w5frozen.sh:199|scripts/slurm_v3_de_l_sweep.sh:186|scripts/slurm_v3_epsir_sweep.sh:186|scripts/slurm_v3_vinner_sweep.sh:185|scripts/slurm_v4_ablation.sh:218|scripts/slurm_v4_inversion.sh:204|scripts/slurm_v4_probe.sh:187|scripts/slurm_v4_smoke.sh:197|scripts/slurm_viLzeta_grid.sh:213|scripts/slurm_w1_p37_retune.sh:197|scripts/slurm_w2_logL_red5_diag.sh:200|scripts/slurm_w3_nir_damp.sh:202|scripts/slurm_w4_ni2_nir_push.sh:197|scripts/slurm_w5_stack_closer.sh:197|scripts/slurm_zeta_clean_mcvar.sh:215|scripts/slurm_zeta_clean_smoke.sh:212,UNAUDITED,NONE,UNTESTED,HIGH,dynamic family mutates shared AtomicData A_ul/B/f arrays across every matching line; broad masks can hit multiple elements/ions,NO_EVIDENCE (no #if 0; repository dead_code_audit found no unreferenced non-static consumer function),required RESOLVED_CONFIG evidence unavailable (0 files); stdout RUN FOOTER used as fallback,C1_DORMANT_UNAUDITED|C2_DORMANT_HIGH,P1,"required: same binary/input; UNSET vs explicit neutral/OFF vs ON(shadow); byte-compare registered state, layout/table manifests, oracle outputs, RNG/event counters; ON must not commit target state"
LUMINA_AUL_SCALE4_LAMBDA_MIN,src/lumina_atomic.c:691,dynamic-name family,unset: 0 Angstrom (only under armed FACTOR),ON_GATE(parameter family),DORMANT,NONE,NONE,NONE,NONE,UNAUDITED,NONE,UNTESTED,HIGH,dynamic family mutates shared AtomicData A_ul/B/f arrays across every matching line; broad masks can hit multiple elements/ions,NO_EVIDENCE (no #if 0; repository dead_code_audit found no unreferenced non-static consumer function),required RESOLVED_CONFIG evidence unavailable (0 files); stdout RUN FOOTER used as fallback,C1_DORMANT_UNAUDITED|C2_DORMANT_HIGH,P1,"required: same binary/input; UNSET vs explicit neutral/OFF vs ON(shadow); byte-compare registered state, layout/table manifests, oracle outputs, RNG/event counters; ON must not commit target state"
LUMINA_AUL_SCALE4_ZMASK,src/lumina_atomic.c:687,dynamic-name family,unset: all Z=1..31 (only used when FACTOR arms family),ON_GATE(parameter family),DORMANT,NONE,NONE,NONE,scripts/slurm_ddc15_223_ionlock_smoke.sh:201|scripts/slurm_ddc15_223_perionresc_smoke.sh:197|scripts/slurm_ddc15_A1_eps_fine.sh:195|scripts/slurm_ddc15_A1b_eps_dense.sh:195|scripts/slurm_ddc15_A1c_eps_top.sh:193|scripts/slurm_ddc15_A1d_e1p00_mcvar.sh:196|scripts/slurm_ddc15_A1e_e0p70_mcvar.sh:197|scripts/slurm_ddc15_A2_s2W.sh:210|scripts/slurm_ddc15_FI_ablation.sh:201|scripts/slurm_ddc15_FI_prod.sh:195|scripts/slurm_ddc15_O1_CoCr_stack.sh:199|scripts/slurm_ddc15_P1_FeCo_push.sh:194|scripts/slurm_ddc15_P2_FeCo_stack.sh:193|scripts/slurm_ddc15_Q1_eps_uv_on_stack.sh:196|scripts/slurm_ddc15_Q1b_lambdamin_iron3_red.sh:197|scripts/slurm_ddc15_Q1c_lambdamin_wide.sh:192|scripts/slurm_ddc15_R1_eps_uv_2step.sh:204|scripts/slurm_ddc15_R2_aszeta.sh:201|scripts/slurm_ddc15_S1_siII_opt_aul.sh:202|scripts/slurm_ddc15_S2_siII_opt_finer.sh:198|scripts/slurm_ddc15_T1_s1_h2_stack.sh:205|scripts/slurm_ddc15_U1_feII_opt_aul.sh:203|scripts/slurm_ddc15_U1_ni2_opt.sh:205|scripts/slurm_ddc15_W1_ca2_boost.sh:201|scripts/slurm_ddc15_X1_u1f005_ca2.sh:196|scripts/slurm_nlte3_diag.sh:195|scripts/slurm_nlte3fix_femerge.sh:209|scripts/slurm_nlte3fix_femerge_combo.sh:196|scripts/slurm_nlte3fix_femerge_drop.sh:214|scripts/slurm_nlte3fix_femerge_optscan.sh:190|scripts/slurm_nlte3fix_femerge_probez.sh:201|scripts/slurm_nlte3fix_femerge_struct.sh:202|scripts/slurm_nlte3fix_femerge_sweep134.sh:196|scripts/slurm_nlte3fix_femerge_sweep34.sh:200|scripts/slurm_nlte3fix_optA.sh:201|scripts/slurm_nlte3fix_optAp.sh:204|scripts/slurm_nlte3fix_optC.sh:212|scripts/slurm_nlte3fix_optD.sh:211|scripts/slurm_nlte_o_prod.sh:195|scripts/slurm_nlte_o_recal.sh:196|scripts/slurm_nlte_o_recal_prod.sh:207|scripts/slurm_nlte_o_recal_seed.sh:200|scripts/slurm_nlte_o_seed.sh:199|scripts/slurm_nlte_o_smoke.sh:195|scripts/slurm_o_triplet_prod.sh:198|scripts/slurm_o_triplet_smoke.sh:198|scripts/slurm_v1_epoch_bracket.sh:212|scripts/slurm_v2_hst_epoch_bracket.sh:194|scripts/slurm_v32_4epoch.sh:199|scripts/slurm_v3_4epoch_w5frozen.sh:200|scripts/slurm_v3_de_l_sweep.sh:187|scripts/slurm_v3_epsir_sweep.sh:187|scripts/slurm_v3_vinner_sweep.sh:186|scripts/slurm_v4_ablation.sh:219|scripts/slurm_v4_inversion.sh:205|scripts/slurm_v4_probe.sh:188|scripts/slurm_v4_smoke.sh:198|scripts/slurm_viLzeta_grid.sh:214|scripts/slurm_w1_p37_retune.sh:198|scripts/slurm_w2_logL_red5_diag.sh:201|scripts/slurm_w3_nir_damp.sh:203|scripts/slurm_w4_ni2_nir_push.sh:198|scripts/slurm_w5_stack_closer.sh:198|scripts/slurm_zeta_clean_mcvar.sh:216|scripts/slurm_zeta_clean_smoke.sh:213,UNAUDITED,NONE,UNTESTED,HIGH,dynamic family mutates shared AtomicData A_ul/B/f arrays across every matching line; broad masks can hit multiple elements/ions,NO_EVIDENCE (no #if 0; repository dead_code_audit found no unreferenced non-static consumer function),required RESOLVED_CONFIG evidence unavailable (0 files); stdout RUN FOOTER used as fallback,C1_DORMANT_UNAUDITED|C2_DORMANT_HIGH,P1,"required: same binary/input; UNSET vs explicit neutral/OFF vs ON(shadow); byte-compare registered state, layout/table manifests, oracle outputs, RNG/event counters; ON must not commit target state"
LUMINA_AUL_SCALE5_FACTOR,src/lumina_atomic.c:679,dynamic-name family,unset: 1.0 (no line-array scaling),ON_GATE(parameter family),DORMANT,NONE,NONE,NONE,scripts/slurm_ddc15_223_ionlock_smoke.sh:203|scripts/slurm_ddc15_223_perionresc_smoke.sh:199|scripts/slurm_ddc15_A1_eps_fine.sh:197|scripts/slurm_ddc15_A1b_eps_dense.sh:197|scripts/slurm_ddc15_A1c_eps_top.sh:195|scripts/slurm_ddc15_A1d_e1p00_mcvar.sh:198|scripts/slurm_ddc15_A1e_e0p70_mcvar.sh:199|scripts/slurm_ddc15_A2_s2W.sh:212|scripts/slurm_ddc15_FI_ablation.sh:203|scripts/slurm_ddc15_FI_prod.sh:197|scripts/slurm_ddc15_O1_CoCr_stack.sh:201|scripts/slurm_ddc15_Q1b_lambdamin_iron3_red.sh:199|scripts/slurm_ddc15_Q1c_lambdamin_wide.sh:194|scripts/slurm_ddc15_R1_eps_uv_2step.sh:206|scripts/slurm_ddc15_R2_aszeta.sh:203|scripts/slurm_ddc15_S1_siII_opt_aul.sh:204|scripts/slurm_ddc15_S2_siII_opt_finer.sh:200|scripts/slurm_ddc15_T1_s1_h2_stack.sh:207|scripts/slurm_ddc15_U1_feII_opt_aul.sh:205|scripts/slurm_ddc15_U1_ni2_opt.sh:207|scripts/slurm_ddc15_W1_ca2_boost.sh:203|scripts/slurm_ddc15_X1_u1f005_ca2.sh:198|scripts/slurm_v1_epoch_bracket.sh:214|scripts/slurm_v2_hst_epoch_bracket.sh:196|scripts/slurm_w1_p37_retune.sh:200|scripts/slurm_w2_logL_red5_diag.sh:203,UNAUDITED,NONE,UNTESTED,HIGH,dynamic family mutates shared AtomicData A_ul/B/f arrays across every matching line; broad masks can hit multiple elements/ions,NO_EVIDENCE (no #if 0; repository dead_code_audit found no unreferenced non-static consumer function),required RESOLVED_CONFIG evidence unavailable (0 files); stdout RUN FOOTER used as fallback,C1_DORMANT_UNAUDITED|C2_DORMANT_HIGH,P1,"required: same binary/input; UNSET vs explicit neutral/OFF vs ON(shadow); byte-compare registered state, layout/table manifests, oracle outputs, RNG/event counters; ON must not commit target state"
LUMINA_AUL_SCALE5_IONMASK,src/lumina_atomic.c:689,dynamic-name family,unset: ion stage II mask (1<<1; only under armed FACTOR),ON_GATE(parameter family),DORMANT,NONE,NONE,NONE,scripts/slurm_ddc15_223_ionlock_smoke.sh:207|scripts/slurm_ddc15_223_perionresc_smoke.sh:203|scripts/slurm_ddc15_A1_eps_fine.sh:201|scripts/slurm_ddc15_A1b_eps_dense.sh:201|scripts/slurm_ddc15_A1c_eps_top.sh:199|scripts/slurm_ddc15_A1d_e1p00_mcvar.sh:202|scripts/slurm_ddc15_A1e_e0p70_mcvar.sh:203|scripts/slurm_ddc15_A2_s2W.sh:216|scripts/slurm_ddc15_FI_ablation.sh:207|scripts/slurm_ddc15_FI_prod.sh:201|scripts/slurm_ddc15_O1_CoCr_stack.sh:204|scripts/slurm_ddc15_Q1b_lambdamin_iron3_red.sh:203|scripts/slurm_ddc15_Q1c_lambdamin_wide.sh:198|scripts/slurm_ddc15_R1_eps_uv_2step.sh:210|scripts/slurm_ddc15_R2_aszeta.sh:207|scripts/slurm_ddc15_S1_siII_opt_aul.sh:208|scripts/slurm_ddc15_S2_siII_opt_finer.sh:204|scripts/slurm_ddc15_T1_s1_h2_stack.sh:211|scripts/slurm_ddc15_U1_feII_opt_aul.sh:209|scripts/slurm_ddc15_U1_ni2_opt.sh:211|scripts/slurm_ddc15_W1_ca2_boost.sh:207|scripts/slurm_ddc15_X1_u1f005_ca2.sh:202|scripts/slurm_v1_epoch_bracket.sh:218|scripts/slurm_v2_hst_epoch_bracket.sh:200|scripts/slurm_w1_p37_retune.sh:204|scripts/slurm_w2_logL_red5_diag.sh:207,UNAUDITED,NONE,UNTESTED,HIGH,dynamic family mutates shared AtomicData A_ul/B/f arrays across every matching line; broad masks can hit multiple elements/ions,NO_EVIDENCE (no #if 0; repository dead_code_audit found no unreferenced non-static consumer function),required RESOLVED_CONFIG evidence unavailable (0 files); stdout RUN FOOTER used as fallback,C1_DORMANT_UNAUDITED|C2_DORMANT_HIGH,P1,"required: same binary/input; UNSET vs explicit neutral/OFF vs ON(shadow); byte-compare registered state, layout/table manifests, oracle outputs, RNG/event counters; ON must not commit target state"
LUMINA_AUL_SCALE5_LAMBDA_MAX,src/lumina_atomic.c:693,dynamic-name family,unset: 4000 Angstrom (only under armed FACTOR),ON_GATE(parameter family),DORMANT,NONE,NONE,NONE,scripts/slurm_ddc15_223_ionlock_smoke.sh:205|scripts/slurm_ddc15_223_perionresc_smoke.sh:201|scripts/slurm_ddc15_A1_eps_fine.sh:199|scripts/slurm_ddc15_A1b_eps_dense.sh:199|scripts/slurm_ddc15_A1c_eps_top.sh:197|scripts/slurm_ddc15_A1d_e1p00_mcvar.sh:200|scripts/slurm_ddc15_A1e_e0p70_mcvar.sh:201|scripts/slurm_ddc15_A2_s2W.sh:214|scripts/slurm_ddc15_FI_ablation.sh:205|scripts/slurm_ddc15_FI_prod.sh:199|scripts/slurm_ddc15_O1_CoCr_stack.sh:202|scripts/slurm_ddc15_Q1b_lambdamin_iron3_red.sh:201|scripts/slurm_ddc15_Q1c_lambdamin_wide.sh:196|scripts/slurm_ddc15_R1_eps_uv_2step.sh:208|scripts/slurm_ddc15_R2_aszeta.sh:205|scripts/slurm_ddc15_S1_siII_opt_aul.sh:206|scripts/slurm_ddc15_S2_siII_opt_finer.sh:202|scripts/slurm_ddc15_T1_s1_h2_stack.sh:209|scripts/slurm_ddc15_U1_feII_opt_aul.sh:207|scripts/slurm_ddc15_U1_ni2_opt.sh:209|scripts/slurm_ddc15_W1_ca2_boost.sh:205|scripts/slurm_ddc15_X1_u1f005_ca2.sh:200|scripts/slurm_v1_epoch_bracket.sh:216|scripts/slurm_v2_hst_epoch_bracket.sh:198|scripts/slurm_w1_p37_retune.sh:202|scripts/slurm_w2_logL_red5_diag.sh:205,UNAUDITED,NONE,UNTESTED,HIGH,dynamic family mutates shared AtomicData A_ul/B/f arrays across every matching line; broad masks can hit multiple elements/ions,NO_EVIDENCE (no #if 0; repository dead_code_audit found no unreferenced non-static consumer function),required RESOLVED_CONFIG evidence unavailable (0 files); stdout RUN FOOTER used as fallback,C1_DORMANT_UNAUDITED|C2_DORMANT_HIGH,P1,"required: same binary/input; UNSET vs explicit neutral/OFF vs ON(shadow); byte-compare registered state, layout/table manifests, oracle outputs, RNG/event counters; ON must not commit target state"
LUMINA_AUL_SCALE5_LAMBDA_MIN,src/lumina_atomic.c:691,dynamic-name family,unset: 0 Angstrom (only under armed FACTOR),ON_GATE(parameter family),DORMANT,NONE,NONE,NONE,scripts/slurm_ddc15_223_ionlock_smoke.sh:204|scripts/slurm_ddc15_223_perionresc_smoke.sh:200|scripts/slurm_ddc15_A1_eps_fine.sh:198|scripts/slurm_ddc15_A1b_eps_dense.sh:198|scripts/slurm_ddc15_A1c_eps_top.sh:196|scripts/slurm_ddc15_A1d_e1p00_mcvar.sh:199|scripts/slurm_ddc15_A1e_e0p70_mcvar.sh:200|scripts/slurm_ddc15_A2_s2W.sh:213|scripts/slurm_ddc15_FI_ablation.sh:204|scripts/slurm_ddc15_FI_prod.sh:198|scripts/slurm_ddc15_Q1b_lambdamin_iron3_red.sh:200|scripts/slurm_ddc15_Q1c_lambdamin_wide.sh:195|scripts/slurm_ddc15_R1_eps_uv_2step.sh:207|scripts/slurm_ddc15_R2_aszeta.sh:204|scripts/slurm_ddc15_S1_siII_opt_aul.sh:205|scripts/slurm_ddc15_S2_siII_opt_finer.sh:201|scripts/slurm_ddc15_T1_s1_h2_stack.sh:208|scripts/slurm_ddc15_U1_feII_opt_aul.sh:206|scripts/slurm_ddc15_U1_ni2_opt.sh:208|scripts/slurm_ddc15_W1_ca2_boost.sh:204|scripts/slurm_ddc15_X1_u1f005_ca2.sh:199|scripts/slurm_v1_epoch_bracket.sh:215|scripts/slurm_v2_hst_epoch_bracket.sh:197|scripts/slurm_w1_p37_retune.sh:201|scripts/slurm_w2_logL_red5_diag.sh:204,UNAUDITED,NONE,UNTESTED,HIGH,dynamic family mutates shared AtomicData A_ul/B/f arrays across every matching line; broad masks can hit multiple elements/ions,NO_EVIDENCE (no #if 0; repository dead_code_audit found no unreferenced non-static consumer function),required RESOLVED_CONFIG evidence unavailable (0 files); stdout RUN FOOTER used as fallback,C1_DORMANT_UNAUDITED|C2_DORMANT_HIGH,P1,"required: same binary/input; UNSET vs explicit neutral/OFF vs ON(shadow); byte-compare registered state, layout/table manifests, oracle outputs, RNG/event counters; ON must not commit target state"
LUMINA_AUL_SCALE5_ZMASK,src/lumina_atomic.c:687,dynamic-name family,unset: all Z=1..31 (only used when FACTOR arms family),ON_GATE(parameter family),DORMANT,NONE,NONE,NONE,scripts/slurm_ddc15_223_ionlock_smoke.sh:206|scripts/slurm_ddc15_223_perionresc_smoke.sh:202|scripts/slurm_ddc15_A1_eps_fine.sh:200|scripts/slurm_ddc15_A1b_eps_dense.sh:200|scripts/slurm_ddc15_A1c_eps_top.sh:198|scripts/slurm_ddc15_A1d_e1p00_mcvar.sh:201|scripts/slurm_ddc15_A1e_e0p70_mcvar.sh:202|scripts/slurm_ddc15_A2_s2W.sh:215|scripts/slurm_ddc15_FI_ablation.sh:206|scripts/slurm_ddc15_FI_prod.sh:200|scripts/slurm_ddc15_O1_CoCr_stack.sh:203|scripts/slurm_ddc15_Q1b_lambdamin_iron3_red.sh:202|scripts/slurm_ddc15_Q1c_lambdamin_wide.sh:197|scripts/slurm_ddc15_R1_eps_uv_2step.sh:209|scripts/slurm_ddc15_R2_aszeta.sh:206|scripts/slurm_ddc15_S1_siII_opt_aul.sh:207|scripts/slurm_ddc15_S2_siII_opt_finer.sh:203|scripts/slurm_ddc15_T1_s1_h2_stack.sh:210|scripts/slurm_ddc15_U1_feII_opt_aul.sh:208|scripts/slurm_ddc15_U1_ni2_opt.sh:210|scripts/slurm_ddc15_W1_ca2_boost.sh:206|scripts/slurm_ddc15_X1_u1f005_ca2.sh:201|scripts/slurm_v1_epoch_bracket.sh:217|scripts/slurm_v2_hst_epoch_bracket.sh:199|scripts/slurm_w1_p37_retune.sh:203|scripts/slurm_w2_logL_red5_diag.sh:206,UNAUDITED,NONE,UNTESTED,HIGH,dynamic family mutates shared AtomicData A_ul/B/f arrays across every matching line; broad masks can hit multiple elements/ions,NO_EVIDENCE (no #if 0; repository dead_code_audit found no unreferenced non-static consumer function),required RESOLVED_CONFIG evidence unavailable (0 files); stdout RUN FOOTER used as fallback,C1_DORMANT_UNAUDITED|C2_DORMANT_HIGH,P1,"required: same binary/input; UNSET vs explicit neutral/OFF vs ON(shadow); byte-compare registered state, layout/table manifests, oracle outputs, RNG/event counters; ON must not commit target state"
LUMINA_AUL_SCALE6_FACTOR,src/lumina_atomic.c:679,dynamic-name family,unset: 1.0 (no line-array scaling),ON_GATE(parameter family),DORMANT,NONE,NONE,NONE,scripts/slurm_ddc15_223_ionlock_smoke.sh:208|scripts/slurm_ddc15_223_perionresc_smoke.sh:204|scripts/slurm_ddc15_A1_eps_fine.sh:202|scripts/slurm_ddc15_A1b_eps_dense.sh:202|scripts/slurm_ddc15_A1c_eps_top.sh:200|scripts/slurm_ddc15_A1d_e1p00_mcvar.sh:203|scripts/slurm_ddc15_A1e_e0p70_mcvar.sh:204|scripts/slurm_ddc15_A2_s2W.sh:217|scripts/slurm_ddc15_FI_ablation.sh:208|scripts/slurm_ddc15_FI_prod.sh:202|scripts/slurm_ddc15_S1_siII_opt_aul.sh:209|scripts/slurm_ddc15_S2_siII_opt_finer.sh:205|scripts/slurm_ddc15_T1_s1_h2_stack.sh:212|scripts/slurm_ddc15_U1_feII_opt_aul.sh:210|scripts/slurm_ddc15_U1_ni2_opt.sh:212|scripts/slurm_ddc15_W1_ca2_boost.sh:208|scripts/slurm_ddc15_X1_u1f005_ca2.sh:203|scripts/slurm_nlte3_diag.sh:197|scripts/slurm_nlte3fix_femerge.sh:211|scripts/slurm_nlte3fix_femerge_combo.sh:198|scripts/slurm_nlte3fix_femerge_drop.sh:221|scripts/slurm_nlte3fix_femerge_optscan.sh:192|scripts/slurm_nlte3fix_femerge_probez.sh:203|scripts/slurm_nlte3fix_femerge_struct.sh:204|scripts/slurm_nlte3fix_femerge_sweep134.sh:198|scripts/slurm_nlte3fix_femerge_sweep34.sh:202|scripts/slurm_nlte3fix_optA.sh:203|scripts/slurm_nlte3fix_optAp.sh:206|scripts/slurm_nlte3fix_optC.sh:214|scripts/slurm_nlte3fix_optD.sh:213|scripts/slurm_nlte_o_prod.sh:197|scripts/slurm_nlte_o_recal.sh:198|scripts/slurm_nlte_o_recal_prod.sh:209|scripts/slurm_nlte_o_recal_seed.sh:202|scripts/slurm_nlte_o_seed.sh:201|scripts/slurm_nlte_o_smoke.sh:197|scripts/slurm_o_triplet_prod.sh:200|scripts/slurm_o_triplet_smoke.sh:200|scripts/slurm_v1_epoch_bracket.sh:219|scripts/slurm_v2_hst_epoch_bracket.sh:201|scripts/slurm_v32_4epoch.sh:201|scripts/slurm_v3_4epoch_w5frozen.sh:202|scripts/slurm_v3_de_l_sweep.sh:189|scripts/slurm_v3_epsir_sweep.sh:189|scripts/slurm_v3_vinner_sweep.sh:188|scripts/slurm_v4_ablation.sh:221|scripts/slurm_v4_probe.sh:190|scripts/slurm_v4_smoke.sh:200|scripts/slurm_viLzeta_grid.sh:216|scripts/slurm_w1_p37_retune.sh:205|scripts/slurm_w2_logL_red5_diag.sh:208|scripts/slurm_w3_nir_damp.sh:205|scripts/slurm_w4_ni2_nir_push.sh:200|scripts/slurm_w5_stack_closer.sh:200|scripts/slurm_zeta_clean_mcvar.sh:218|scripts/slurm_zeta_clean_smoke.sh:215,UNAUDITED,NONE,UNTESTED,HIGH,dynamic family mutates shared AtomicData A_ul/B/f arrays across every matching line; broad masks can hit multiple elements/ions,NO_EVIDENCE (no #if 0; repository dead_code_audit found no unreferenced non-static consumer function),required RESOLVED_CONFIG evidence unavailable (0 files); stdout RUN FOOTER used as fallback,C1_DORMANT_UNAUDITED|C2_DORMANT_HIGH,P1,"required: same binary/input; UNSET vs explicit neutral/OFF vs ON(shadow); byte-compare registered state, layout/table manifests, oracle outputs, RNG/event counters; ON must not commit target state"
LUMINA_AUL_SCALE6_IONMASK,src/lumina_atomic.c:689,dynamic-name family,unset: ion stage II mask (1<<1; only under armed FACTOR),ON_GATE(parameter family),DORMANT,NONE,NONE,NONE,scripts/slurm_ddc15_223_ionlock_smoke.sh:212|scripts/slurm_ddc15_223_perionresc_smoke.sh:208|scripts/slurm_ddc15_A1_eps_fine.sh:206|scripts/slurm_ddc15_A1b_eps_dense.sh:206|scripts/slurm_ddc15_A1c_eps_top.sh:204|scripts/slurm_ddc15_A1d_e1p00_mcvar.sh:207|scripts/slurm_ddc15_A1e_e0p70_mcvar.sh:208|scripts/slurm_ddc15_A2_s2W.sh:221|scripts/slurm_ddc15_FI_ablation.sh:212|scripts/slurm_ddc15_FI_prod.sh:206|scripts/slurm_ddc15_S1_siII_opt_aul.sh:213|scripts/slurm_ddc15_S2_siII_opt_finer.sh:209|scripts/slurm_ddc15_T1_s1_h2_stack.sh:216|scripts/slurm_ddc15_U1_feII_opt_aul.sh:214|scripts/slurm_ddc15_U1_ni2_opt.sh:216|scripts/slurm_ddc15_W1_ca2_boost.sh:212|scripts/slurm_ddc15_X1_u1f005_ca2.sh:207|scripts/slurm_nlte3_diag.sh:201|scripts/slurm_nlte3fix_femerge.sh:215|scripts/slurm_nlte3fix_femerge_combo.sh:202|scripts/slurm_nlte3fix_femerge_drop.sh:222|scripts/slurm_nlte3fix_femerge_optscan.sh:196|scripts/slurm_nlte3fix_femerge_probez.sh:207|scripts/slurm_nlte3fix_femerge_struct.sh:208|scripts/slurm_nlte3fix_femerge_sweep134.sh:202|scripts/slurm_nlte3fix_femerge_sweep34.sh:206|scripts/slurm_nlte3fix_optA.sh:207|scripts/slurm_nlte3fix_optAp.sh:210|scripts/slurm_nlte3fix_optC.sh:218|scripts/slurm_nlte3fix_optD.sh:217|scripts/slurm_nlte_o_prod.sh:201|scripts/slurm_nlte_o_recal.sh:202|scripts/slurm_nlte_o_recal_prod.sh:213|scripts/slurm_nlte_o_recal_seed.sh:206|scripts/slurm_nlte_o_seed.sh:205|scripts/slurm_nlte_o_smoke.sh:201|scripts/slurm_o_triplet_prod.sh:204|scripts/slurm_o_triplet_smoke.sh:204|scripts/slurm_v1_epoch_bracket.sh:223|scripts/slurm_v2_hst_epoch_bracket.sh:205|scripts/slurm_v32_4epoch.sh:205|scripts/slurm_v3_4epoch_w5frozen.sh:206|scripts/slurm_v3_de_l_sweep.sh:193|scripts/slurm_v3_epsir_sweep.sh:193|scripts/slurm_v3_vinner_sweep.sh:192|scripts/slurm_v4_ablation.sh:225|scripts/slurm_v4_probe.sh:194|scripts/slurm_v4_smoke.sh:204|scripts/slurm_viLzeta_grid.sh:220|scripts/slurm_w1_p37_retune.sh:209|scripts/slurm_w2_logL_red5_diag.sh:212|scripts/slurm_w3_nir_damp.sh:209|scripts/slurm_w4_ni2_nir_push.sh:204|scripts/slurm_w5_stack_closer.sh:204|scripts/slurm_zeta_clean_mcvar.sh:222|scripts/slurm_zeta_clean_smoke.sh:219,UNAUDITED,NONE,UNTESTED,HIGH,dynamic family mutates shared AtomicData A_ul/B/f arrays across every matching line; broad masks can hit multiple elements/ions,NO_EVIDENCE (no #if 0; repository dead_code_audit found no unreferenced non-static consumer function),required RESOLVED_CONFIG evidence unavailable (0 files); stdout RUN FOOTER used as fallback,C1_DORMANT_UNAUDITED|C2_DORMANT_HIGH,P1,"required: same binary/input; UNSET vs explicit neutral/OFF vs ON(shadow); byte-compare registered state, layout/table manifests, oracle outputs, RNG/event counters; ON must not commit target state"
LUMINA_AUL_SCALE6_LAMBDA_MAX,src/lumina_atomic.c:693,dynamic-name family,unset: 4000 Angstrom (only under armed FACTOR),ON_GATE(parameter family),DORMANT,NONE,NONE,NONE,scripts/slurm_ddc15_223_ionlock_smoke.sh:210|scripts/slurm_ddc15_223_perionresc_smoke.sh:206|scripts/slurm_ddc15_A1_eps_fine.sh:204|scripts/slurm_ddc15_A1b_eps_dense.sh:204|scripts/slurm_ddc15_A1c_eps_top.sh:202|scripts/slurm_ddc15_A1d_e1p00_mcvar.sh:205|scripts/slurm_ddc15_A1e_e0p70_mcvar.sh:206|scripts/slurm_ddc15_A2_s2W.sh:219|scripts/slurm_ddc15_FI_ablation.sh:210|scripts/slurm_ddc15_FI_prod.sh:204|scripts/slurm_ddc15_S1_siII_opt_aul.sh:211|scripts/slurm_ddc15_S2_siII_opt_finer.sh:207|scripts/slurm_ddc15_T1_s1_h2_stack.sh:214|scripts/slurm_ddc15_U1_feII_opt_aul.sh:212|scripts/slurm_ddc15_U1_ni2_opt.sh:214|scripts/slurm_ddc15_W1_ca2_boost.sh:210|scripts/slurm_ddc15_X1_u1f005_ca2.sh:205|scripts/slurm_nlte3_diag.sh:199|scripts/slurm_nlte3fix_femerge.sh:213|scripts/slurm_nlte3fix_femerge_combo.sh:200|scripts/slurm_nlte3fix_femerge_drop.sh:222|scripts/slurm_nlte3fix_femerge_optscan.sh:194|scripts/slurm_nlte3fix_femerge_probez.sh:205|scripts/slurm_nlte3fix_femerge_struct.sh:206|scripts/slurm_nlte3fix_femerge_sweep134.sh:200|scripts/slurm_nlte3fix_femerge_sweep34.sh:204|scripts/slurm_nlte3fix_optA.sh:205|scripts/slurm_nlte3fix_optAp.sh:208|scripts/slurm_nlte3fix_optC.sh:216|scripts/slurm_nlte3fix_optD.sh:215|scripts/slurm_nlte_o_prod.sh:199|scripts/slurm_nlte_o_recal.sh:200|scripts/slurm_nlte_o_recal_prod.sh:211|scripts/slurm_nlte_o_recal_seed.sh:204|scripts/slurm_nlte_o_seed.sh:203|scripts/slurm_nlte_o_smoke.sh:199|scripts/slurm_o_triplet_prod.sh:202|scripts/slurm_o_triplet_smoke.sh:202|scripts/slurm_v1_epoch_bracket.sh:221|scripts/slurm_v2_hst_epoch_bracket.sh:203|scripts/slurm_v32_4epoch.sh:203|scripts/slurm_v3_4epoch_w5frozen.sh:204|scripts/slurm_v3_de_l_sweep.sh:191|scripts/slurm_v3_epsir_sweep.sh:191|scripts/slurm_v3_vinner_sweep.sh:190|scripts/slurm_v4_ablation.sh:223|scripts/slurm_v4_probe.sh:192|scripts/slurm_v4_smoke.sh:202|scripts/slurm_viLzeta_grid.sh:218|scripts/slurm_w1_p37_retune.sh:207|scripts/slurm_w2_logL_red5_diag.sh:210|scripts/slurm_w3_nir_damp.sh:207|scripts/slurm_w4_ni2_nir_push.sh:202|scripts/slurm_w5_stack_closer.sh:202|scripts/slurm_zeta_clean_mcvar.sh:220|scripts/slurm_zeta_clean_smoke.sh:217,UNAUDITED,NONE,UNTESTED,HIGH,dynamic family mutates shared AtomicData A_ul/B/f arrays across every matching line; broad masks can hit multiple elements/ions,NO_EVIDENCE (no #if 0; repository dead_code_audit found no unreferenced non-static consumer function),required RESOLVED_CONFIG evidence unavailable (0 files); stdout RUN FOOTER used as fallback,C1_DORMANT_UNAUDITED|C2_DORMANT_HIGH,P1,"required: same binary/input; UNSET vs explicit neutral/OFF vs ON(shadow); byte-compare registered state, layout/table manifests, oracle outputs, RNG/event counters; ON must not commit target state"
LUMINA_AUL_SCALE6_LAMBDA_MIN,src/lumina_atomic.c:691,dynamic-name family,unset: 0 Angstrom (only under armed FACTOR),ON_GATE(parameter family),DORMANT,NONE,NONE,NONE,scripts/slurm_ddc15_223_ionlock_smoke.sh:209|scripts/slurm_ddc15_223_perionresc_smoke.sh:205|scripts/slurm_ddc15_A1_eps_fine.sh:203|scripts/slurm_ddc15_A1b_eps_dense.sh:203|scripts/slurm_ddc15_A1c_eps_top.sh:201|scripts/slurm_ddc15_A1d_e1p00_mcvar.sh:204|scripts/slurm_ddc15_A1e_e0p70_mcvar.sh:205|scripts/slurm_ddc15_A2_s2W.sh:218|scripts/slurm_ddc15_FI_ablation.sh:209|scripts/slurm_ddc15_FI_prod.sh:203|scripts/slurm_ddc15_S1_siII_opt_aul.sh:210|scripts/slurm_ddc15_S2_siII_opt_finer.sh:206|scripts/slurm_ddc15_T1_s1_h2_stack.sh:213|scripts/slurm_ddc15_U1_feII_opt_aul.sh:211|scripts/slurm_ddc15_U1_ni2_opt.sh:213|scripts/slurm_ddc15_W1_ca2_boost.sh:209|scripts/slurm_ddc15_X1_u1f005_ca2.sh:204|scripts/slurm_nlte3_diag.sh:198|scripts/slurm_nlte3fix_femerge.sh:212|scripts/slurm_nlte3fix_femerge_combo.sh:199|scripts/slurm_nlte3fix_femerge_drop.sh:221|scripts/slurm_nlte3fix_femerge_optscan.sh:193|scripts/slurm_nlte3fix_femerge_probez.sh:204|scripts/slurm_nlte3fix_femerge_struct.sh:205|scripts/slurm_nlte3fix_femerge_sweep134.sh:199|scripts/slurm_nlte3fix_femerge_sweep34.sh:203|scripts/slurm_nlte3fix_optA.sh:204|scripts/slurm_nlte3fix_optAp.sh:207|scripts/slurm_nlte3fix_optC.sh:215|scripts/slurm_nlte3fix_optD.sh:214|scripts/slurm_nlte_o_prod.sh:198|scripts/slurm_nlte_o_recal.sh:199|scripts/slurm_nlte_o_recal_prod.sh:210|scripts/slurm_nlte_o_recal_seed.sh:203|scripts/slurm_nlte_o_seed.sh:202|scripts/slurm_nlte_o_smoke.sh:198|scripts/slurm_o_triplet_prod.sh:201|scripts/slurm_o_triplet_smoke.sh:201|scripts/slurm_v1_epoch_bracket.sh:220|scripts/slurm_v2_hst_epoch_bracket.sh:202|scripts/slurm_v32_4epoch.sh:202|scripts/slurm_v3_4epoch_w5frozen.sh:203|scripts/slurm_v3_de_l_sweep.sh:190|scripts/slurm_v3_epsir_sweep.sh:190|scripts/slurm_v3_vinner_sweep.sh:189|scripts/slurm_v4_ablation.sh:222|scripts/slurm_v4_probe.sh:191|scripts/slurm_v4_smoke.sh:201|scripts/slurm_viLzeta_grid.sh:217|scripts/slurm_w1_p37_retune.sh:206|scripts/slurm_w2_logL_red5_diag.sh:209|scripts/slurm_w3_nir_damp.sh:206|scripts/slurm_w4_ni2_nir_push.sh:201|scripts/slurm_w5_stack_closer.sh:201|scripts/slurm_zeta_clean_mcvar.sh:219|scripts/slurm_zeta_clean_smoke.sh:216,UNAUDITED,NONE,UNTESTED,HIGH,dynamic family mutates shared AtomicData A_ul/B/f arrays across every matching line; broad masks can hit multiple elements/ions,NO_EVIDENCE (no #if 0; repository dead_code_audit found no unreferenced non-static consumer function),required RESOLVED_CONFIG evidence unavailable (0 files); stdout RUN FOOTER used as fallback,C1_DORMANT_UNAUDITED|C2_DORMANT_HIGH,P1,"required: same binary/input; UNSET vs explicit neutral/OFF vs ON(shadow); byte-compare registered state, layout/table manifests, oracle outputs, RNG/event counters; ON must not commit target state"
LUMINA_AUL_SCALE6_ZMASK,src/lumina_atomic.c:687,dynamic-name family,unset: all Z=1..31 (only used when FACTOR arms family),ON_GATE(parameter family),DORMANT,NONE,NONE,NONE,scripts/slurm_ddc15_223_ionlock_smoke.sh:211|scripts/slurm_ddc15_223_perionresc_smoke.sh:207|scripts/slurm_ddc15_A1_eps_fine.sh:205|scripts/slurm_ddc15_A1b_eps_dense.sh:205|scripts/slurm_ddc15_A1c_eps_top.sh:203|scripts/slurm_ddc15_A1d_e1p00_mcvar.sh:206|scripts/slurm_ddc15_A1e_e0p70_mcvar.sh:207|scripts/slurm_ddc15_A2_s2W.sh:220|scripts/slurm_ddc15_FI_ablation.sh:211|scripts/slurm_ddc15_FI_prod.sh:205|scripts/slurm_ddc15_S1_siII_opt_aul.sh:212|scripts/slurm_ddc15_S2_siII_opt_finer.sh:208|scripts/slurm_ddc15_T1_s1_h2_stack.sh:215|scripts/slurm_ddc15_U1_feII_opt_aul.sh:213|scripts/slurm_ddc15_U1_ni2_opt.sh:215|scripts/slurm_ddc15_W1_ca2_boost.sh:211|scripts/slurm_ddc15_X1_u1f005_ca2.sh:206|scripts/slurm_nlte3_diag.sh:200|scripts/slurm_nlte3fix_femerge.sh:214|scripts/slurm_nlte3fix_femerge_combo.sh:201|scripts/slurm_nlte3fix_femerge_drop.sh:222|scripts/slurm_nlte3fix_femerge_optscan.sh:195|scripts/slurm_nlte3fix_femerge_probez.sh:206|scripts/slurm_nlte3fix_femerge_struct.sh:207|scripts/slurm_nlte3fix_femerge_sweep134.sh:201|scripts/slurm_nlte3fix_femerge_sweep34.sh:205|scripts/slurm_nlte3fix_optA.sh:206|scripts/slurm_nlte3fix_optAp.sh:209|scripts/slurm_nlte3fix_optC.sh:217|scripts/slurm_nlte3fix_optD.sh:216|scripts/slurm_nlte_o_prod.sh:200|scripts/slurm_nlte_o_recal.sh:201|scripts/slurm_nlte_o_recal_prod.sh:212|scripts/slurm_nlte_o_recal_seed.sh:205|scripts/slurm_nlte_o_seed.sh:204|scripts/slurm_nlte_o_smoke.sh:200|scripts/slurm_o_triplet_prod.sh:203|scripts/slurm_o_triplet_smoke.sh:203|scripts/slurm_v1_epoch_bracket.sh:222|scripts/slurm_v2_hst_epoch_bracket.sh:204|scripts/slurm_v32_4epoch.sh:204|scripts/slurm_v3_4epoch_w5frozen.sh:205|scripts/slurm_v3_de_l_sweep.sh:192|scripts/slurm_v3_epsir_sweep.sh:192|scripts/slurm_v3_vinner_sweep.sh:191|scripts/slurm_v4_ablation.sh:224|scripts/slurm_v4_probe.sh:193|scripts/slurm_v4_smoke.sh:203|scripts/slurm_viLzeta_grid.sh:219|scripts/slurm_w1_p37_retune.sh:208|scripts/slurm_w2_logL_red5_diag.sh:211|scripts/slurm_w3_nir_damp.sh:208|scripts/slurm_w4_ni2_nir_push.sh:203|scripts/slurm_w5_stack_closer.sh:203|scripts/slurm_zeta_clean_mcvar.sh:221|scripts/slurm_zeta_clean_smoke.sh:218,UNAUDITED,NONE,UNTESTED,HIGH,dynamic family mutates shared AtomicData A_ul/B/f arrays across every matching line; broad masks can hit multiple elements/ions,NO_EVIDENCE (no #if 0; repository dead_code_audit found no unreferenced non-static consumer function),required RESOLVED_CONFIG evidence unavailable (0 files); stdout RUN FOOTER used as fallback,C1_DORMANT_UNAUDITED|C2_DORMANT_HIGH,P1,"required: same binary/input; UNSET vs explicit neutral/OFF vs ON(shadow); byte-compare registered state, layout/table manifests, oracle outputs, RNG/event counters; ON must not commit target state"
LUMINA_AUL_SCALE7_FACTOR,src/lumina_atomic.c:679,dynamic-name family,unset: 1.0 (no line-array scaling),ON_GATE(parameter family),DORMANT,NONE,NONE,NONE,scripts/slurm_ddc15_223_ionlock_smoke.sh:213|scripts/slurm_ddc15_223_perionresc_smoke.sh:209|scripts/slurm_ddc15_A1_eps_fine.sh:207|scripts/slurm_ddc15_A1b_eps_dense.sh:207|scripts/slurm_ddc15_A1c_eps_top.sh:205|scripts/slurm_ddc15_A1d_e1p00_mcvar.sh:208|scripts/slurm_ddc15_A1e_e0p70_mcvar.sh:209|scripts/slurm_ddc15_A2_s2W.sh:222|scripts/slurm_ddc15_U1_feII_opt_aul.sh:215|scripts/slurm_ddc15_U1_ni2_opt.sh:217|scripts/slurm_ddc15_W1_ca2_boost.sh:213|scripts/slurm_ddc15_X1_u1f005_ca2.sh:208|scripts/slurm_nlte3_diag.sh:202|scripts/slurm_nlte3fix_femerge.sh:216|scripts/slurm_nlte3fix_femerge_combo.sh:203|scripts/slurm_nlte3fix_femerge_drop.sh:223|scripts/slurm_nlte3fix_femerge_optscan.sh:197|scripts/slurm_nlte3fix_femerge_probez.sh:208|scripts/slurm_nlte3fix_femerge_struct.sh:209|scripts/slurm_nlte3fix_femerge_sweep134.sh:203|scripts/slurm_nlte3fix_femerge_sweep34.sh:207|scripts/slurm_nlte3fix_optA.sh:208|scripts/slurm_nlte3fix_optAp.sh:211|scripts/slurm_nlte3fix_optC.sh:219|scripts/slurm_nlte3fix_optD.sh:218|scripts/slurm_nlte_o_prod.sh:202|scripts/slurm_nlte_o_recal.sh:203|scripts/slurm_nlte_o_recal_prod.sh:214|scripts/slurm_nlte_o_recal_seed.sh:207|scripts/slurm_nlte_o_seed.sh:206|scripts/slurm_nlte_o_smoke.sh:202|scripts/slurm_o_triplet_prod.sh:205|scripts/slurm_o_triplet_smoke.sh:205|scripts/slurm_v1_epoch_bracket.sh:224|scripts/slurm_v2_hst_epoch_bracket.sh:206|scripts/slurm_v32_4epoch.sh:206|scripts/slurm_v3_4epoch_w5frozen.sh:207|scripts/slurm_v3_de_l_sweep.sh:194|scripts/slurm_v3_epsir_sweep.sh:194|scripts/slurm_v3_vinner_sweep.sh:193|scripts/slurm_v4_ablation.sh:226|scripts/slurm_v4_probe.sh:195|scripts/slurm_v4_smoke.sh:205|scripts/slurm_viLzeta_grid.sh:221|scripts/slurm_w1_p37_retune.sh:210|scripts/slurm_w2_logL_red5_diag.sh:213|scripts/slurm_w3_nir_damp.sh:210|scripts/slurm_w4_ni2_nir_push.sh:205|scripts/slurm_w5_stack_closer.sh:205|scripts/slurm_zeta_clean_mcvar.sh:223|scripts/slurm_zeta_clean_smoke.sh:220,UNAUDITED,NONE,UNTESTED,HIGH,dynamic family mutates shared AtomicData A_ul/B/f arrays across every matching line; broad masks can hit multiple elements/ions,NO_EVIDENCE (no #if 0; repository dead_code_audit found no unreferenced non-static consumer function),required RESOLVED_CONFIG evidence unavailable (0 files); stdout RUN FOOTER used as fallback,C1_DORMANT_UNAUDITED|C2_DORMANT_HIGH,P1,"required: same binary/input; UNSET vs explicit neutral/OFF vs ON(shadow); byte-compare registered state, layout/table manifests, oracle outputs, RNG/event counters; ON must not commit target state"
LUMINA_AUL_SCALE7_IONMASK,src/lumina_atomic.c:689,dynamic-name family,unset: ion stage II mask (1<<1; only under armed FACTOR),ON_GATE(parameter family),DORMANT,NONE,NONE,NONE,scripts/slurm_ddc15_223_ionlock_smoke.sh:217|scripts/slurm_ddc15_223_perionresc_smoke.sh:213|scripts/slurm_ddc15_A1_eps_fine.sh:211|scripts/slurm_ddc15_A1b_eps_dense.sh:211|scripts/slurm_ddc15_A1c_eps_top.sh:209|scripts/slurm_ddc15_A1d_e1p00_mcvar.sh:212|scripts/slurm_ddc15_A1e_e0p70_mcvar.sh:213|scripts/slurm_ddc15_A2_s2W.sh:226|scripts/slurm_ddc15_U1_feII_opt_aul.sh:219|scripts/slurm_ddc15_U1_ni2_opt.sh:221|scripts/slurm_ddc15_W1_ca2_boost.sh:217|scripts/slurm_ddc15_X1_u1f005_ca2.sh:212|scripts/slurm_nlte3_diag.sh:206|scripts/slurm_nlte3fix_femerge.sh:220|scripts/slurm_nlte3fix_femerge_combo.sh:207|scripts/slurm_nlte3fix_femerge_drop.sh:224|scripts/slurm_nlte3fix_femerge_optscan.sh:201|scripts/slurm_nlte3fix_femerge_probez.sh:212|scripts/slurm_nlte3fix_femerge_struct.sh:213|scripts/slurm_nlte3fix_femerge_sweep134.sh:207|scripts/slurm_nlte3fix_femerge_sweep34.sh:211|scripts/slurm_nlte3fix_optA.sh:212|scripts/slurm_nlte3fix_optAp.sh:215|scripts/slurm_nlte3fix_optC.sh:223|scripts/slurm_nlte3fix_optD.sh:222|scripts/slurm_nlte_o_prod.sh:206|scripts/slurm_nlte_o_recal.sh:207|scripts/slurm_nlte_o_recal_prod.sh:218|scripts/slurm_nlte_o_recal_seed.sh:211|scripts/slurm_nlte_o_seed.sh:210|scripts/slurm_nlte_o_smoke.sh:206|scripts/slurm_o_triplet_prod.sh:209|scripts/slurm_o_triplet_smoke.sh:209|scripts/slurm_v1_epoch_bracket.sh:228|scripts/slurm_v2_hst_epoch_bracket.sh:210|scripts/slurm_v32_4epoch.sh:210|scripts/slurm_v3_4epoch_w5frozen.sh:211|scripts/slurm_v3_de_l_sweep.sh:198|scripts/slurm_v3_epsir_sweep.sh:198|scripts/slurm_v3_vinner_sweep.sh:197|scripts/slurm_v4_ablation.sh:230|scripts/slurm_v4_probe.sh:199|scripts/slurm_v4_smoke.sh:209|scripts/slurm_viLzeta_grid.sh:225|scripts/slurm_w1_p37_retune.sh:214|scripts/slurm_w2_logL_red5_diag.sh:217|scripts/slurm_w3_nir_damp.sh:214|scripts/slurm_w4_ni2_nir_push.sh:209|scripts/slurm_w5_stack_closer.sh:209|scripts/slurm_zeta_clean_mcvar.sh:227|scripts/slurm_zeta_clean_smoke.sh:224,UNAUDITED,NONE,UNTESTED,HIGH,dynamic family mutates shared AtomicData A_ul/B/f arrays across every matching line; broad masks can hit multiple elements/ions,NO_EVIDENCE (no #if 0; repository dead_code_audit found no unreferenced non-static consumer function),required RESOLVED_CONFIG evidence unavailable (0 files); stdout RUN FOOTER used as fallback,C1_DORMANT_UNAUDITED|C2_DORMANT_HIGH,P1,"required: same binary/input; UNSET vs explicit neutral/OFF vs ON(shadow); byte-compare registered state, layout/table manifests, oracle outputs, RNG/event counters; ON must not commit target state"
LUMINA_AUL_SCALE7_LAMBDA_MAX,src/lumina_atomic.c:693,dynamic-name family,unset: 4000 Angstrom (only under armed FACTOR),ON_GATE(parameter family),DORMANT,NONE,NONE,NONE,scripts/slurm_ddc15_223_ionlock_smoke.sh:215|scripts/slurm_ddc15_223_perionresc_smoke.sh:211|scripts/slurm_ddc15_A1_eps_fine.sh:209|scripts/slurm_ddc15_A1b_eps_dense.sh:209|scripts/slurm_ddc15_A1c_eps_top.sh:207|scripts/slurm_ddc15_A1d_e1p00_mcvar.sh:210|scripts/slurm_ddc15_A1e_e0p70_mcvar.sh:211|scripts/slurm_ddc15_A2_s2W.sh:224|scripts/slurm_ddc15_U1_feII_opt_aul.sh:217|scripts/slurm_ddc15_U1_ni2_opt.sh:219|scripts/slurm_ddc15_W1_ca2_boost.sh:215|scripts/slurm_ddc15_X1_u1f005_ca2.sh:210|scripts/slurm_nlte3_diag.sh:204|scripts/slurm_nlte3fix_femerge.sh:218|scripts/slurm_nlte3fix_femerge_combo.sh:205|scripts/slurm_nlte3fix_femerge_drop.sh:224|scripts/slurm_nlte3fix_femerge_optscan.sh:199|scripts/slurm_nlte3fix_femerge_probez.sh:210|scripts/slurm_nlte3fix_femerge_struct.sh:211|scripts/slurm_nlte3fix_femerge_sweep134.sh:205|scripts/slurm_nlte3fix_femerge_sweep34.sh:209|scripts/slurm_nlte3fix_optA.sh:210|scripts/slurm_nlte3fix_optAp.sh:213|scripts/slurm_nlte3fix_optC.sh:221|scripts/slurm_nlte3fix_optD.sh:220|scripts/slurm_nlte_o_prod.sh:204|scripts/slurm_nlte_o_recal.sh:205|scripts/slurm_nlte_o_recal_prod.sh:216|scripts/slurm_nlte_o_recal_seed.sh:209|scripts/slurm_nlte_o_seed.sh:208|scripts/slurm_nlte_o_smoke.sh:204|scripts/slurm_o_triplet_prod.sh:207|scripts/slurm_o_triplet_smoke.sh:207|scripts/slurm_v1_epoch_bracket.sh:226|scripts/slurm_v2_hst_epoch_bracket.sh:208|scripts/slurm_v32_4epoch.sh:208|scripts/slurm_v3_4epoch_w5frozen.sh:209|scripts/slurm_v3_de_l_sweep.sh:196|scripts/slurm_v3_epsir_sweep.sh:196|scripts/slurm_v3_vinner_sweep.sh:195|scripts/slurm_v4_ablation.sh:228|scripts/slurm_v4_probe.sh:197|scripts/slurm_v4_smoke.sh:207|scripts/slurm_viLzeta_grid.sh:223|scripts/slurm_w1_p37_retune.sh:212|scripts/slurm_w2_logL_red5_diag.sh:214|scripts/slurm_w3_nir_damp.sh:211|scripts/slurm_w4_ni2_nir_push.sh:206|scripts/slurm_w5_stack_closer.sh:206|scripts/slurm_zeta_clean_mcvar.sh:225|scripts/slurm_zeta_clean_smoke.sh:222,UNAUDITED,NONE,UNTESTED,HIGH,dynamic family mutates shared AtomicData A_ul/B/f arrays across every matching line; broad masks can hit multiple elements/ions,NO_EVIDENCE (no #if 0; repository dead_code_audit found no unreferenced non-static consumer function),required RESOLVED_CONFIG evidence unavailable (0 files); stdout RUN FOOTER used as fallback,C1_DORMANT_UNAUDITED|C2_DORMANT_HIGH,P1,"required: same binary/input; UNSET vs explicit neutral/OFF vs ON(shadow); byte-compare registered state, layout/table manifests, oracle outputs, RNG/event counters; ON must not commit target state"
LUMINA_AUL_SCALE7_LAMBDA_MIN,src/lumina_atomic.c:691,dynamic-name family,unset: 0 Angstrom (only under armed FACTOR),ON_GATE(parameter family),DORMANT,NONE,NONE,NONE,scripts/slurm_ddc15_223_ionlock_smoke.sh:214|scripts/slurm_ddc15_223_perionresc_smoke.sh:210|scripts/slurm_ddc15_A1_eps_fine.sh:208|scripts/slurm_ddc15_A1b_eps_dense.sh:208|scripts/slurm_ddc15_A1c_eps_top.sh:206|scripts/slurm_ddc15_A1d_e1p00_mcvar.sh:209|scripts/slurm_ddc15_A1e_e0p70_mcvar.sh:210|scripts/slurm_ddc15_A2_s2W.sh:223|scripts/slurm_ddc15_U1_feII_opt_aul.sh:216|scripts/slurm_ddc15_U1_ni2_opt.sh:218|scripts/slurm_ddc15_W1_ca2_boost.sh:214|scripts/slurm_ddc15_X1_u1f005_ca2.sh:209|scripts/slurm_nlte3_diag.sh:203|scripts/slurm_nlte3fix_femerge.sh:217|scripts/slurm_nlte3fix_femerge_combo.sh:204|scripts/slurm_nlte3fix_femerge_drop.sh:223|scripts/slurm_nlte3fix_femerge_optscan.sh:198|scripts/slurm_nlte3fix_femerge_probez.sh:209|scripts/slurm_nlte3fix_femerge_struct.sh:210|scripts/slurm_nlte3fix_femerge_sweep134.sh:204|scripts/slurm_nlte3fix_femerge_sweep34.sh:208|scripts/slurm_nlte3fix_optA.sh:209|scripts/slurm_nlte3fix_optAp.sh:212|scripts/slurm_nlte3fix_optC.sh:220|scripts/slurm_nlte3fix_optD.sh:219|scripts/slurm_nlte_o_prod.sh:203|scripts/slurm_nlte_o_recal.sh:204|scripts/slurm_nlte_o_recal_prod.sh:215|scripts/slurm_nlte_o_recal_seed.sh:208|scripts/slurm_nlte_o_seed.sh:207|scripts/slurm_nlte_o_smoke.sh:203|scripts/slurm_o_triplet_prod.sh:206|scripts/slurm_o_triplet_smoke.sh:206|scripts/slurm_v1_epoch_bracket.sh:225|scripts/slurm_v2_hst_epoch_bracket.sh:207|scripts/slurm_v32_4epoch.sh:207|scripts/slurm_v3_4epoch_w5frozen.sh:208|scripts/slurm_v3_de_l_sweep.sh:195|scripts/slurm_v3_epsir_sweep.sh:195|scripts/slurm_v3_vinner_sweep.sh:194|scripts/slurm_v4_ablation.sh:227|scripts/slurm_v4_probe.sh:196|scripts/slurm_v4_smoke.sh:206|scripts/slurm_viLzeta_grid.sh:222|scripts/slurm_w1_p37_retune.sh:211|scripts/slurm_w2_logL_red5_diag.sh:215|scripts/slurm_w3_nir_damp.sh:212|scripts/slurm_w4_ni2_nir_push.sh:207|scripts/slurm_w5_stack_closer.sh:207|scripts/slurm_zeta_clean_mcvar.sh:224|scripts/slurm_zeta_clean_smoke.sh:221,UNAUDITED,NONE,UNTESTED,HIGH,dynamic family mutates shared AtomicData A_ul/B/f arrays across every matching line; broad masks can hit multiple elements/ions,NO_EVIDENCE (no #if 0; repository dead_code_audit found no unreferenced non-static consumer function),required RESOLVED_CONFIG evidence unavailable (0 files); stdout RUN FOOTER used as fallback,C1_DORMANT_UNAUDITED|C2_DORMANT_HIGH,P1,"required: same binary/input; UNSET vs explicit neutral/OFF vs ON(shadow); byte-compare registered state, layout/table manifests, oracle outputs, RNG/event counters; ON must not commit target state"
LUMINA_AUL_SCALE7_ZMASK,src/lumina_atomic.c:687,dynamic-name family,unset: all Z=1..31 (only used when FACTOR arms family),ON_GATE(parameter family),DORMANT,NONE,NONE,NONE,scripts/slurm_ddc15_223_ionlock_smoke.sh:216|scripts/slurm_ddc15_223_perionresc_smoke.sh:212|scripts/slurm_ddc15_A1_eps_fine.sh:210|scripts/slurm_ddc15_A1b_eps_dense.sh:210|scripts/slurm_ddc15_A1c_eps_top.sh:208|scripts/slurm_ddc15_A1d_e1p00_mcvar.sh:211|scripts/slurm_ddc15_A1e_e0p70_mcvar.sh:212|scripts/slurm_ddc15_A2_s2W.sh:225|scripts/slurm_ddc15_U1_feII_opt_aul.sh:218|scripts/slurm_ddc15_U1_ni2_opt.sh:220|scripts/slurm_ddc15_W1_ca2_boost.sh:216|scripts/slurm_ddc15_X1_u1f005_ca2.sh:211|scripts/slurm_nlte3_diag.sh:205|scripts/slurm_nlte3fix_femerge.sh:219|scripts/slurm_nlte3fix_femerge_combo.sh:206|scripts/slurm_nlte3fix_femerge_drop.sh:224|scripts/slurm_nlte3fix_femerge_optscan.sh:200|scripts/slurm_nlte3fix_femerge_probez.sh:211|scripts/slurm_nlte3fix_femerge_struct.sh:212|scripts/slurm_nlte3fix_femerge_sweep134.sh:206|scripts/slurm_nlte3fix_femerge_sweep34.sh:210|scripts/slurm_nlte3fix_optA.sh:211|scripts/slurm_nlte3fix_optAp.sh:214|scripts/slurm_nlte3fix_optC.sh:222|scripts/slurm_nlte3fix_optD.sh:221|scripts/slurm_nlte_o_prod.sh:205|scripts/slurm_nlte_o_recal.sh:206|scripts/slurm_nlte_o_recal_prod.sh:217|scripts/slurm_nlte_o_recal_seed.sh:210|scripts/slurm_nlte_o_seed.sh:209|scripts/slurm_nlte_o_smoke.sh:205|scripts/slurm_o_triplet_prod.sh:208|scripts/slurm_o_triplet_smoke.sh:208|scripts/slurm_v1_epoch_bracket.sh:227|scripts/slurm_v2_hst_epoch_bracket.sh:209|scripts/slurm_v32_4epoch.sh:209|scripts/slurm_v3_4epoch_w5frozen.sh:210|scripts/slurm_v3_de_l_sweep.sh:197|scripts/slurm_v3_epsir_sweep.sh:197|scripts/slurm_v3_vinner_sweep.sh:196|scripts/slurm_v4_ablation.sh:229|scripts/slurm_v4_probe.sh:198|scripts/slurm_v4_smoke.sh:208|scripts/slurm_viLzeta_grid.sh:224|scripts/slurm_w1_p37_retune.sh:213|scripts/slurm_w2_logL_red5_diag.sh:216|scripts/slurm_w3_nir_damp.sh:213|scripts/slurm_w4_ni2_nir_push.sh:208|scripts/slurm_w5_stack_closer.sh:208|scripts/slurm_zeta_clean_mcvar.sh:226|scripts/slurm_zeta_clean_smoke.sh:223,UNAUDITED,NONE,UNTESTED,HIGH,dynamic family mutates shared AtomicData A_ul/B/f arrays across every matching line; broad masks can hit multiple elements/ions,NO_EVIDENCE (no #if 0; repository dead_code_audit found no unreferenced non-static consumer function),required RESOLVED_CONFIG evidence unavailable (0 files); stdout RUN FOOTER used as fallback,C1_DORMANT_UNAUDITED|C2_DORMANT_HIGH,P1,"required: same binary/input; UNSET vs explicit neutral/OFF vs ON(shadow); byte-compare registered state, layout/table manifests, oracle outputs, RNG/event counters; ON must not commit target state"
LUMINA_AUL_SCALE8_FACTOR,src/lumina_atomic.c:679,dynamic-name family,unset: 1.0 (no line-array scaling),ON_GATE(parameter family),DORMANT,NONE,NONE,NONE,scripts/slurm_ddc15_223_ionlock_smoke.sh:218|scripts/slurm_ddc15_223_perionresc_smoke.sh:214|scripts/slurm_ddc15_A1_eps_fine.sh:212|scripts/slurm_ddc15_A1b_eps_dense.sh:212|scripts/slurm_ddc15_A1c_eps_top.sh:210|scripts/slurm_ddc15_A1d_e1p00_mcvar.sh:213|scripts/slurm_ddc15_A1e_e0p70_mcvar.sh:214|scripts/slurm_ddc15_A2_s2W.sh:227|scripts/slurm_ddc15_W1_ca2_boost.sh:218|scripts/slurm_ddc15_X1_u1f005_ca2.sh:213|scripts/slurm_nlte3_diag.sh:207|scripts/slurm_nlte3fix_femerge.sh:221|scripts/slurm_nlte3fix_femerge_combo.sh:208|scripts/slurm_nlte3fix_femerge_drop.sh:225|scripts/slurm_nlte3fix_femerge_optscan.sh:202|scripts/slurm_nlte3fix_femerge_probez.sh:213|scripts/slurm_nlte3fix_femerge_struct.sh:214|scripts/slurm_nlte3fix_femerge_sweep134.sh:208|scripts/slurm_nlte3fix_femerge_sweep34.sh:212|scripts/slurm_nlte3fix_optA.sh:213|scripts/slurm_nlte3fix_optAp.sh:216|scripts/slurm_nlte3fix_optC.sh:224|scripts/slurm_nlte3fix_optD.sh:223|scripts/slurm_nlte_o_prod.sh:207|scripts/slurm_nlte_o_recal.sh:208|scripts/slurm_nlte_o_recal_prod.sh:219|scripts/slurm_nlte_o_recal_seed.sh:212|scripts/slurm_nlte_o_seed.sh:211|scripts/slurm_nlte_o_smoke.sh:207|scripts/slurm_o_triplet_prod.sh:210|scripts/slurm_o_triplet_smoke.sh:210|scripts/slurm_v1_epoch_bracket.sh:229|scripts/slurm_v2_hst_epoch_bracket.sh:211|scripts/slurm_v32_4epoch.sh:211|scripts/slurm_v3_4epoch_w5frozen.sh:212|scripts/slurm_v3_de_l_sweep.sh:199|scripts/slurm_v3_epsir_sweep.sh:199|scripts/slurm_v3_vinner_sweep.sh:198|scripts/slurm_v4_ablation.sh:231|scripts/slurm_v4_probe.sh:200|scripts/slurm_v4_smoke.sh:210|scripts/slurm_viLzeta_grid.sh:226|scripts/slurm_w1_p37_retune.sh:215|scripts/slurm_w2_logL_red5_diag.sh:218|scripts/slurm_w3_nir_damp.sh:215|scripts/slurm_w4_ni2_nir_push.sh:210|scripts/slurm_w5_stack_closer.sh:210|scripts/slurm_zeta_clean_mcvar.sh:228|scripts/slurm_zeta_clean_smoke.sh:225,UNAUDITED,NONE,UNTESTED,HIGH,dynamic family mutates shared AtomicData A_ul/B/f arrays across every matching line; broad masks can hit multiple elements/ions,NO_EVIDENCE (no #if 0; repository dead_code_audit found no unreferenced non-static consumer function),required RESOLVED_CONFIG evidence unavailable (0 files); stdout RUN FOOTER used as fallback,C1_DORMANT_UNAUDITED|C2_DORMANT_HIGH,P1,"required: same binary/input; UNSET vs explicit neutral/OFF vs ON(shadow); byte-compare registered state, layout/table manifests, oracle outputs, RNG/event counters; ON must not commit target state"
LUMINA_AUL_SCALE8_IONMASK,src/lumina_atomic.c:689,dynamic-name family,unset: ion stage II mask (1<<1; only under armed FACTOR),ON_GATE(parameter family),DORMANT,NONE,NONE,NONE,scripts/slurm_ddc15_223_ionlock_smoke.sh:222|scripts/slurm_ddc15_223_perionresc_smoke.sh:218|scripts/slurm_ddc15_A1_eps_fine.sh:216|scripts/slurm_ddc15_A1b_eps_dense.sh:216|scripts/slurm_ddc15_A1c_eps_top.sh:214|scripts/slurm_ddc15_A1d_e1p00_mcvar.sh:217|scripts/slurm_ddc15_A1e_e0p70_mcvar.sh:218|scripts/slurm_ddc15_A2_s2W.sh:231|scripts/slurm_ddc15_W1_ca2_boost.sh:222|scripts/slurm_ddc15_X1_u1f005_ca2.sh:217|scripts/slurm_nlte3_diag.sh:211|scripts/slurm_nlte3fix_femerge.sh:225|scripts/slurm_nlte3fix_femerge_combo.sh:212|scripts/slurm_nlte3fix_femerge_drop.sh:226|scripts/slurm_nlte3fix_femerge_optscan.sh:206|scripts/slurm_nlte3fix_femerge_probez.sh:217|scripts/slurm_nlte3fix_femerge_struct.sh:218|scripts/slurm_nlte3fix_femerge_sweep134.sh:212|scripts/slurm_nlte3fix_femerge_sweep34.sh:216|scripts/slurm_nlte3fix_optA.sh:217|scripts/slurm_nlte3fix_optAp.sh:220|scripts/slurm_nlte3fix_optC.sh:228|scripts/slurm_nlte3fix_optD.sh:227|scripts/slurm_nlte_o_prod.sh:211|scripts/slurm_nlte_o_recal.sh:212|scripts/slurm_nlte_o_recal_prod.sh:223|scripts/slurm_nlte_o_recal_seed.sh:216|scripts/slurm_nlte_o_seed.sh:215|scripts/slurm_nlte_o_smoke.sh:211|scripts/slurm_o_triplet_prod.sh:214|scripts/slurm_o_triplet_smoke.sh:214|scripts/slurm_v1_epoch_bracket.sh:233|scripts/slurm_v2_hst_epoch_bracket.sh:215|scripts/slurm_v32_4epoch.sh:215|scripts/slurm_v3_4epoch_w5frozen.sh:216|scripts/slurm_v3_de_l_sweep.sh:203|scripts/slurm_v3_epsir_sweep.sh:203|scripts/slurm_v3_vinner_sweep.sh:202|scripts/slurm_v4_ablation.sh:235|scripts/slurm_v4_probe.sh:204|scripts/slurm_v4_smoke.sh:214|scripts/slurm_viLzeta_grid.sh:230|scripts/slurm_w1_p37_retune.sh:219|scripts/slurm_w2_logL_red5_diag.sh:222|scripts/slurm_w3_nir_damp.sh:219|scripts/slurm_w4_ni2_nir_push.sh:214|scripts/slurm_w5_stack_closer.sh:214|scripts/slurm_zeta_clean_mcvar.sh:232|scripts/slurm_zeta_clean_smoke.sh:229,UNAUDITED,NONE,UNTESTED,HIGH,dynamic family mutates shared AtomicData A_ul/B/f arrays across every matching line; broad masks can hit multiple elements/ions,NO_EVIDENCE (no #if 0; repository dead_code_audit found no unreferenced non-static consumer function),required RESOLVED_CONFIG evidence unavailable (0 files); stdout RUN FOOTER used as fallback,C1_DORMANT_UNAUDITED|C2_DORMANT_HIGH,P1,"required: same binary/input; UNSET vs explicit neutral/OFF vs ON(shadow); byte-compare registered state, layout/table manifests, oracle outputs, RNG/event counters; ON must not commit target state"
LUMINA_AUL_SCALE8_LAMBDA_MAX,src/lumina_atomic.c:693,dynamic-name family,unset: 4000 Angstrom (only under armed FACTOR),ON_GATE(parameter family),DORMANT,NONE,NONE,NONE,scripts/slurm_ddc15_223_ionlock_smoke.sh:220|scripts/slurm_ddc15_223_perionresc_smoke.sh:216|scripts/slurm_ddc15_A1_eps_fine.sh:214|scripts/slurm_ddc15_A1b_eps_dense.sh:214|scripts/slurm_ddc15_A1c_eps_top.sh:212|scripts/slurm_ddc15_A1d_e1p00_mcvar.sh:215|scripts/slurm_ddc15_A1e_e0p70_mcvar.sh:216|scripts/slurm_ddc15_A2_s2W.sh:229|scripts/slurm_ddc15_W1_ca2_boost.sh:220|scripts/slurm_ddc15_X1_u1f005_ca2.sh:215|scripts/slurm_nlte3_diag.sh:209|scripts/slurm_nlte3fix_femerge.sh:223|scripts/slurm_nlte3fix_femerge_combo.sh:210|scripts/slurm_nlte3fix_femerge_drop.sh:226|scripts/slurm_nlte3fix_femerge_optscan.sh:204|scripts/slurm_nlte3fix_femerge_probez.sh:215|scripts/slurm_nlte3fix_femerge_struct.sh:216|scripts/slurm_nlte3fix_femerge_sweep134.sh:210|scripts/slurm_nlte3fix_femerge_sweep34.sh:214|scripts/slurm_nlte3fix_optA.sh:215|scripts/slurm_nlte3fix_optAp.sh:218|scripts/slurm_nlte3fix_optC.sh:226|scripts/slurm_nlte3fix_optD.sh:225|scripts/slurm_nlte_o_prod.sh:209|scripts/slurm_nlte_o_recal.sh:210|scripts/slurm_nlte_o_recal_prod.sh:221|scripts/slurm_nlte_o_recal_seed.sh:214|scripts/slurm_nlte_o_seed.sh:213|scripts/slurm_nlte_o_smoke.sh:209|scripts/slurm_o_triplet_prod.sh:212|scripts/slurm_o_triplet_smoke.sh:212|scripts/slurm_v1_epoch_bracket.sh:231|scripts/slurm_v2_hst_epoch_bracket.sh:213|scripts/slurm_v32_4epoch.sh:213|scripts/slurm_v3_4epoch_w5frozen.sh:214|scripts/slurm_v3_de_l_sweep.sh:201|scripts/slurm_v3_epsir_sweep.sh:201|scripts/slurm_v3_vinner_sweep.sh:200|scripts/slurm_v4_ablation.sh:233|scripts/slurm_v4_probe.sh:202|scripts/slurm_v4_smoke.sh:212|scripts/slurm_viLzeta_grid.sh:228|scripts/slurm_w1_p37_retune.sh:217|scripts/slurm_w2_logL_red5_diag.sh:220|scripts/slurm_w3_nir_damp.sh:217|scripts/slurm_w4_ni2_nir_push.sh:212|scripts/slurm_w5_stack_closer.sh:212|scripts/slurm_zeta_clean_mcvar.sh:230|scripts/slurm_zeta_clean_smoke.sh:227,UNAUDITED,NONE,UNTESTED,HIGH,dynamic family mutates shared AtomicData A_ul/B/f arrays across every matching line; broad masks can hit multiple elements/ions,NO_EVIDENCE (no #if 0; repository dead_code_audit found no unreferenced non-static consumer function),required RESOLVED_CONFIG evidence unavailable (0 files); stdout RUN FOOTER used as fallback,C1_DORMANT_UNAUDITED|C2_DORMANT_HIGH,P1,"required: same binary/input; UNSET vs explicit neutral/OFF vs ON(shadow); byte-compare registered state, layout/table manifests, oracle outputs, RNG/event counters; ON must not commit target state"
LUMINA_AUL_SCALE8_LAMBDA_MIN,src/lumina_atomic.c:691,dynamic-name family,unset: 0 Angstrom (only under armed FACTOR),ON_GATE(parameter family),DORMANT,NONE,NONE,NONE,scripts/slurm_ddc15_223_ionlock_smoke.sh:219|scripts/slurm_ddc15_223_perionresc_smoke.sh:215|scripts/slurm_ddc15_A1_eps_fine.sh:213|scripts/slurm_ddc15_A1b_eps_dense.sh:213|scripts/slurm_ddc15_A1c_eps_top.sh:211|scripts/slurm_ddc15_A1d_e1p00_mcvar.sh:214|scripts/slurm_ddc15_A1e_e0p70_mcvar.sh:215|scripts/slurm_ddc15_A2_s2W.sh:228|scripts/slurm_ddc15_W1_ca2_boost.sh:219|scripts/slurm_ddc15_X1_u1f005_ca2.sh:214|scripts/slurm_nlte3_diag.sh:208|scripts/slurm_nlte3fix_femerge.sh:222|scripts/slurm_nlte3fix_femerge_combo.sh:209|scripts/slurm_nlte3fix_femerge_drop.sh:225|scripts/slurm_nlte3fix_femerge_optscan.sh:203|scripts/slurm_nlte3fix_femerge_probez.sh:214|scripts/slurm_nlte3fix_femerge_struct.sh:215|scripts/slurm_nlte3fix_femerge_sweep134.sh:209|scripts/slurm_nlte3fix_femerge_sweep34.sh:213|scripts/slurm_nlte3fix_optA.sh:214|scripts/slurm_nlte3fix_optAp.sh:217|scripts/slurm_nlte3fix_optC.sh:225|scripts/slurm_nlte3fix_optD.sh:224|scripts/slurm_nlte_o_prod.sh:208|scripts/slurm_nlte_o_recal.sh:209|scripts/slurm_nlte_o_recal_prod.sh:220|scripts/slurm_nlte_o_recal_seed.sh:213|scripts/slurm_nlte_o_seed.sh:212|scripts/slurm_nlte_o_smoke.sh:208|scripts/slurm_o_triplet_prod.sh:211|scripts/slurm_o_triplet_smoke.sh:211|scripts/slurm_v1_epoch_bracket.sh:230|scripts/slurm_v2_hst_epoch_bracket.sh:212|scripts/slurm_v32_4epoch.sh:212|scripts/slurm_v3_4epoch_w5frozen.sh:213|scripts/slurm_v3_de_l_sweep.sh:200|scripts/slurm_v3_epsir_sweep.sh:200|scripts/slurm_v3_vinner_sweep.sh:199|scripts/slurm_v4_ablation.sh:232|scripts/slurm_v4_probe.sh:201|scripts/slurm_v4_smoke.sh:211|scripts/slurm_viLzeta_grid.sh:227|scripts/slurm_w1_p37_retune.sh:216|scripts/slurm_w2_logL_red5_diag.sh:219|scripts/slurm_w3_nir_damp.sh:216|scripts/slurm_w4_ni2_nir_push.sh:211|scripts/slurm_w5_stack_closer.sh:211|scripts/slurm_zeta_clean_mcvar.sh:229|scripts/slurm_zeta_clean_smoke.sh:226,UNAUDITED,NONE,UNTESTED,HIGH,dynamic family mutates shared AtomicData A_ul/B/f arrays across every matching line; broad masks can hit multiple elements/ions,NO_EVIDENCE (no #if 0; repository dead_code_audit found no unreferenced non-static consumer function),required RESOLVED_CONFIG evidence unavailable (0 files); stdout RUN FOOTER used as fallback,C1_DORMANT_UNAUDITED|C2_DORMANT_HIGH,P1,"required: same binary/input; UNSET vs explicit neutral/OFF vs ON(shadow); byte-compare registered state, layout/table manifests, oracle outputs, RNG/event counters; ON must not commit target state"
LUMINA_AUL_SCALE8_ZMASK,src/lumina_atomic.c:687,dynamic-name family,unset: all Z=1..31 (only used when FACTOR arms family),ON_GATE(parameter family),DORMANT,NONE,NONE,NONE,scripts/slurm_ddc15_223_ionlock_smoke.sh:221|scripts/slurm_ddc15_223_perionresc_smoke.sh:217|scripts/slurm_ddc15_A1_eps_fine.sh:215|scripts/slurm_ddc15_A1b_eps_dense.sh:215|scripts/slurm_ddc15_A1c_eps_top.sh:213|scripts/slurm_ddc15_A1d_e1p00_mcvar.sh:216|scripts/slurm_ddc15_A1e_e0p70_mcvar.sh:217|scripts/slurm_ddc15_A2_s2W.sh:230|scripts/slurm_ddc15_W1_ca2_boost.sh:221|scripts/slurm_ddc15_X1_u1f005_ca2.sh:216|scripts/slurm_nlte3_diag.sh:210|scripts/slurm_nlte3fix_femerge.sh:224|scripts/slurm_nlte3fix_femerge_combo.sh:211|scripts/slurm_nlte3fix_femerge_drop.sh:226|scripts/slurm_nlte3fix_femerge_optscan.sh:205|scripts/slurm_nlte3fix_femerge_probez.sh:216|scripts/slurm_nlte3fix_femerge_struct.sh:217|scripts/slurm_nlte3fix_femerge_sweep134.sh:211|scripts/slurm_nlte3fix_femerge_sweep34.sh:215|scripts/slurm_nlte3fix_optA.sh:216|scripts/slurm_nlte3fix_optAp.sh:219|scripts/slurm_nlte3fix_optC.sh:227|scripts/slurm_nlte3fix_optD.sh:226|scripts/slurm_nlte_o_prod.sh:210|scripts/slurm_nlte_o_recal.sh:211|scripts/slurm_nlte_o_recal_prod.sh:222|scripts/slurm_nlte_o_recal_seed.sh:215|scripts/slurm_nlte_o_seed.sh:214|scripts/slurm_nlte_o_smoke.sh:210|scripts/slurm_o_triplet_prod.sh:213|scripts/slurm_o_triplet_smoke.sh:213|scripts/slurm_v1_epoch_bracket.sh:232|scripts/slurm_v2_hst_epoch_bracket.sh:214|scripts/slurm_v32_4epoch.sh:214|scripts/slurm_v3_4epoch_w5frozen.sh:215|scripts/slurm_v3_de_l_sweep.sh:202|scripts/slurm_v3_epsir_sweep.sh:202|scripts/slurm_v3_vinner_sweep.sh:201|scripts/slurm_v4_ablation.sh:234|scripts/slurm_v4_probe.sh:203|scripts/slurm_v4_smoke.sh:213|scripts/slurm_viLzeta_grid.sh:229|scripts/slurm_w1_p37_retune.sh:218|scripts/slurm_w2_logL_red5_diag.sh:221|scripts/slurm_w3_nir_damp.sh:218|scripts/slurm_w4_ni2_nir_push.sh:213|scripts/slurm_w5_stack_closer.sh:213|scripts/slurm_zeta_clean_mcvar.sh:231|scripts/slurm_zeta_clean_smoke.sh:228,UNAUDITED,NONE,UNTESTED,HIGH,dynamic family mutates shared AtomicData A_ul/B/f arrays across every matching line; broad masks can hit multiple elements/ions,NO_EVIDENCE (no #if 0; repository dead_code_audit found no unreferenced non-static consumer function),required RESOLVED_CONFIG evidence unavailable (0 files); stdout RUN FOOTER used as fallback,C1_DORMANT_UNAUDITED|C2_DORMANT_HIGH,P1,"required: same binary/input; UNSET vs explicit neutral/OFF vs ON(shadow); byte-compare registered state, layout/table manifests, oracle outputs, RNG/event counters; ON must not commit target state"
LUMINA_AUL_SCALE9_FACTOR,src/lumina_atomic.c:679,dynamic-name family,unset: 1.0 (no line-array scaling),ON_GATE(parameter family),DORMANT,NONE,NONE,NONE,scripts/slurm_ddc15_A2_s2W.sh:232|scripts/slurm_nlte3_diag.sh:212|scripts/slurm_nlte3fix_femerge.sh:226|scripts/slurm_nlte3fix_femerge_combo.sh:213|scripts/slurm_nlte3fix_femerge_drop.sh:227|scripts/slurm_nlte3fix_femerge_optscan.sh:207|scripts/slurm_nlte3fix_femerge_probez.sh:218|scripts/slurm_nlte3fix_femerge_struct.sh:219|scripts/slurm_nlte3fix_femerge_sweep134.sh:213|scripts/slurm_nlte3fix_femerge_sweep34.sh:217|scripts/slurm_nlte3fix_optA.sh:218|scripts/slurm_nlte3fix_optAp.sh:221|scripts/slurm_nlte3fix_optC.sh:229|scripts/slurm_nlte3fix_optD.sh:228|scripts/slurm_nlte_o_prod.sh:212|scripts/slurm_nlte_o_recal.sh:213|scripts/slurm_nlte_o_recal_prod.sh:224|scripts/slurm_nlte_o_recal_seed.sh:217|scripts/slurm_nlte_o_seed.sh:216|scripts/slurm_nlte_o_smoke.sh:212|scripts/slurm_o_triplet_prod.sh:215|scripts/slurm_o_triplet_smoke.sh:215|scripts/slurm_v32_4epoch.sh:216|scripts/slurm_v3_4epoch_w5frozen.sh:217|scripts/slurm_v3_de_l_sweep.sh:204|scripts/slurm_v3_epsir_sweep.sh:204|scripts/slurm_v3_vinner_sweep.sh:203|scripts/slurm_v4_ablation.sh:236|scripts/slurm_v4_probe.sh:205|scripts/slurm_v4_smoke.sh:215|scripts/slurm_viLzeta_grid.sh:231|scripts/slurm_w3_nir_damp.sh:220|scripts/slurm_w4_ni2_nir_push.sh:215|scripts/slurm_w5_stack_closer.sh:215|scripts/slurm_zeta_clean_mcvar.sh:233|scripts/slurm_zeta_clean_smoke.sh:230,UNAUDITED,NONE,UNTESTED,HIGH,dynamic family mutates shared AtomicData A_ul/B/f arrays across every matching line; broad masks can hit multiple elements/ions,NO_EVIDENCE (no #if 0; repository dead_code_audit found no unreferenced non-static consumer function),required RESOLVED_CONFIG evidence unavailable (0 files); stdout RUN FOOTER used as fallback,C1_DORMANT_UNAUDITED|C2_DORMANT_HIGH,P1,"required: same binary/input; UNSET vs explicit neutral/OFF vs ON(shadow); byte-compare registered state, layout/table manifests, oracle outputs, RNG/event counters; ON must not commit target state"
LUMINA_AUL_SCALE9_IONMASK,src/lumina_atomic.c:689,dynamic-name family,unset: ion stage II mask (1<<1; only under armed FACTOR),ON_GATE(parameter family),DORMANT,NONE,NONE,NONE,scripts/slurm_ddc15_A2_s2W.sh:236|scripts/slurm_nlte3_diag.sh:216|scripts/slurm_nlte3fix_femerge.sh:230|scripts/slurm_nlte3fix_femerge_combo.sh:217|scripts/slurm_nlte3fix_femerge_drop.sh:228|scripts/slurm_nlte3fix_femerge_optscan.sh:211|scripts/slurm_nlte3fix_femerge_probez.sh:222|scripts/slurm_nlte3fix_femerge_struct.sh:223|scripts/slurm_nlte3fix_femerge_sweep134.sh:217|scripts/slurm_nlte3fix_femerge_sweep34.sh:221|scripts/slurm_nlte3fix_optA.sh:222|scripts/slurm_nlte3fix_optAp.sh:225|scripts/slurm_nlte3fix_optC.sh:233|scripts/slurm_nlte3fix_optD.sh:232|scripts/slurm_nlte_o_prod.sh:216|scripts/slurm_nlte_o_recal.sh:217|scripts/slurm_nlte_o_recal_prod.sh:228|scripts/slurm_nlte_o_recal_seed.sh:221|scripts/slurm_nlte_o_seed.sh:220|scripts/slurm_nlte_o_smoke.sh:216|scripts/slurm_o_triplet_prod.sh:219|scripts/slurm_o_triplet_smoke.sh:219|scripts/slurm_v32_4epoch.sh:220|scripts/slurm_v3_4epoch_w5frozen.sh:221|scripts/slurm_v3_de_l_sweep.sh:208|scripts/slurm_v3_epsir_sweep.sh:208|scripts/slurm_v3_vinner_sweep.sh:207|scripts/slurm_v4_ablation.sh:240|scripts/slurm_v4_probe.sh:209|scripts/slurm_v4_smoke.sh:219|scripts/slurm_viLzeta_grid.sh:235|scripts/slurm_w3_nir_damp.sh:224|scripts/slurm_w4_ni2_nir_push.sh:219|scripts/slurm_w5_stack_closer.sh:219|scripts/slurm_zeta_clean_mcvar.sh:237|scripts/slurm_zeta_clean_smoke.sh:234,UNAUDITED,NONE,UNTESTED,HIGH,dynamic family mutates shared AtomicData A_ul/B/f arrays across every matching line; broad masks can hit multiple elements/ions,NO_EVIDENCE (no #if 0; repository dead_code_audit found no unreferenced non-static consumer function),required RESOLVED_CONFIG evidence unavailable (0 files); stdout RUN FOOTER used as fallback,C1_DORMANT_UNAUDITED|C2_DORMANT_HIGH,P1,"required: same binary/input; UNSET vs explicit neutral/OFF vs ON(shadow); byte-compare registered state, layout/table manifests, oracle outputs, RNG/event counters; ON must not commit target state"
LUMINA_AUL_SCALE9_LAMBDA_MAX,src/lumina_atomic.c:693,dynamic-name family,unset: 4000 Angstrom (only under armed FACTOR),ON_GATE(parameter family),DORMANT,NONE,NONE,NONE,scripts/slurm_ddc15_A2_s2W.sh:234|scripts/slurm_nlte3_diag.sh:214|scripts/slurm_nlte3fix_femerge.sh:228|scripts/slurm_nlte3fix_femerge_combo.sh:215|scripts/slurm_nlte3fix_femerge_drop.sh:228|scripts/slurm_nlte3fix_femerge_optscan.sh:209|scripts/slurm_nlte3fix_femerge_probez.sh:220|scripts/slurm_nlte3fix_femerge_struct.sh:221|scripts/slurm_nlte3fix_femerge_sweep134.sh:215|scripts/slurm_nlte3fix_femerge_sweep34.sh:219|scripts/slurm_nlte3fix_optA.sh:220|scripts/slurm_nlte3fix_optAp.sh:223|scripts/slurm_nlte3fix_optC.sh:231|scripts/slurm_nlte3fix_optD.sh:230|scripts/slurm_nlte_o_prod.sh:214|scripts/slurm_nlte_o_recal.sh:215|scripts/slurm_nlte_o_recal_prod.sh:226|scripts/slurm_nlte_o_recal_seed.sh:219|scripts/slurm_nlte_o_seed.sh:218|scripts/slurm_nlte_o_smoke.sh:214|scripts/slurm_o_triplet_prod.sh:217|scripts/slurm_o_triplet_smoke.sh:217|scripts/slurm_v32_4epoch.sh:218|scripts/slurm_v3_4epoch_w5frozen.sh:219|scripts/slurm_v3_de_l_sweep.sh:206|scripts/slurm_v3_epsir_sweep.sh:206|scripts/slurm_v3_vinner_sweep.sh:205|scripts/slurm_v4_ablation.sh:238|scripts/slurm_v4_probe.sh:207|scripts/slurm_v4_smoke.sh:217|scripts/slurm_viLzeta_grid.sh:233|scripts/slurm_w3_nir_damp.sh:222|scripts/slurm_w4_ni2_nir_push.sh:217|scripts/slurm_w5_stack_closer.sh:217|scripts/slurm_zeta_clean_mcvar.sh:235|scripts/slurm_zeta_clean_smoke.sh:232,UNAUDITED,NONE,UNTESTED,HIGH,dynamic family mutates shared AtomicData A_ul/B/f arrays across every matching line; broad masks can hit multiple elements/ions,NO_EVIDENCE (no #if 0; repository dead_code_audit found no unreferenced non-static consumer function),required RESOLVED_CONFIG evidence unavailable (0 files); stdout RUN FOOTER used as fallback,C1_DORMANT_UNAUDITED|C2_DORMANT_HIGH,P1,"required: same binary/input; UNSET vs explicit neutral/OFF vs ON(shadow); byte-compare registered state, layout/table manifests, oracle outputs, RNG/event counters; ON must not commit target state"
LUMINA_AUL_SCALE9_LAMBDA_MIN,src/lumina_atomic.c:691,dynamic-name family,unset: 0 Angstrom (only under armed FACTOR),ON_GATE(parameter family),DORMANT,NONE,NONE,NONE,scripts/slurm_ddc15_A2_s2W.sh:233|scripts/slurm_nlte3_diag.sh:213|scripts/slurm_nlte3fix_femerge.sh:227|scripts/slurm_nlte3fix_femerge_combo.sh:214|scripts/slurm_nlte3fix_femerge_drop.sh:227|scripts/slurm_nlte3fix_femerge_optscan.sh:208|scripts/slurm_nlte3fix_femerge_probez.sh:219|scripts/slurm_nlte3fix_femerge_struct.sh:220|scripts/slurm_nlte3fix_femerge_sweep134.sh:214|scripts/slurm_nlte3fix_femerge_sweep34.sh:218|scripts/slurm_nlte3fix_optA.sh:219|scripts/slurm_nlte3fix_optAp.sh:222|scripts/slurm_nlte3fix_optC.sh:230|scripts/slurm_nlte3fix_optD.sh:229|scripts/slurm_nlte_o_prod.sh:213|scripts/slurm_nlte_o_recal.sh:214|scripts/slurm_nlte_o_recal_prod.sh:225|scripts/slurm_nlte_o_recal_seed.sh:218|scripts/slurm_nlte_o_seed.sh:217|scripts/slurm_nlte_o_smoke.sh:213|scripts/slurm_o_triplet_prod.sh:216|scripts/slurm_o_triplet_smoke.sh:216|scripts/slurm_v32_4epoch.sh:217|scripts/slurm_v3_4epoch_w5frozen.sh:218|scripts/slurm_v3_de_l_sweep.sh:205|scripts/slurm_v3_epsir_sweep.sh:205|scripts/slurm_v3_vinner_sweep.sh:204|scripts/slurm_v4_ablation.sh:237|scripts/slurm_v4_probe.sh:206|scripts/slurm_v4_smoke.sh:216|scripts/slurm_viLzeta_grid.sh:232|scripts/slurm_w3_nir_damp.sh:221|scripts/slurm_w4_ni2_nir_push.sh:216|scripts/slurm_w5_stack_closer.sh:216|scripts/slurm_zeta_clean_mcvar.sh:234|scripts/slurm_zeta_clean_smoke.sh:231,UNAUDITED,NONE,UNTESTED,HIGH,dynamic family mutates shared AtomicData A_ul/B/f arrays across every matching line; broad masks can hit multiple elements/ions,NO_EVIDENCE (no #if 0; repository dead_code_audit found no unreferenced non-static consumer function),required RESOLVED_CONFIG evidence unavailable (0 files); stdout RUN FOOTER used as fallback,C1_DORMANT_UNAUDITED|C2_DORMANT_HIGH,P1,"required: same binary/input; UNSET vs explicit neutral/OFF vs ON(shadow); byte-compare registered state, layout/table manifests, oracle outputs, RNG/event counters; ON must not commit target state"
LUMINA_AUL_SCALE9_ZMASK,src/lumina_atomic.c:687,dynamic-name family,unset: all Z=1..31 (only used when FACTOR arms family),ON_GATE(parameter family),DORMANT,NONE,NONE,NONE,scripts/slurm_ddc15_A2_s2W.sh:235|scripts/slurm_nlte3_diag.sh:215|scripts/slurm_nlte3fix_femerge.sh:229|scripts/slurm_nlte3fix_femerge_combo.sh:216|scripts/slurm_nlte3fix_femerge_drop.sh:228|scripts/slurm_nlte3fix_femerge_optscan.sh:210|scripts/slurm_nlte3fix_femerge_probez.sh:221|scripts/slurm_nlte3fix_femerge_struct.sh:222|scripts/slurm_nlte3fix_femerge_sweep134.sh:216|scripts/slurm_nlte3fix_femerge_sweep34.sh:220|scripts/slurm_nlte3fix_optA.sh:221|scripts/slurm_nlte3fix_optAp.sh:224|scripts/slurm_nlte3fix_optC.sh:232|scripts/slurm_nlte3fix_optD.sh:231|scripts/slurm_nlte_o_prod.sh:215|scripts/slurm_nlte_o_recal.sh:216|scripts/slurm_nlte_o_recal_prod.sh:227|scripts/slurm_nlte_o_recal_seed.sh:220|scripts/slurm_nlte_o_seed.sh:219|scripts/slurm_nlte_o_smoke.sh:215|scripts/slurm_o_triplet_prod.sh:218|scripts/slurm_o_triplet_smoke.sh:218|scripts/slurm_v32_4epoch.sh:219|scripts/slurm_v3_4epoch_w5frozen.sh:220|scripts/slurm_v3_de_l_sweep.sh:207|scripts/slurm_v3_epsir_sweep.sh:207|scripts/slurm_v3_vinner_sweep.sh:206|scripts/slurm_v4_ablation.sh:239|scripts/slurm_v4_probe.sh:208|scripts/slurm_v4_smoke.sh:218|scripts/slurm_viLzeta_grid.sh:234|scripts/slurm_w3_nir_damp.sh:223|scripts/slurm_w4_ni2_nir_push.sh:218|scripts/slurm_w5_stack_closer.sh:218|scripts/slurm_zeta_clean_mcvar.sh:236|scripts/slurm_zeta_clean_smoke.sh:233,UNAUDITED,NONE,UNTESTED,HIGH,dynamic family mutates shared AtomicData A_ul/B/f arrays across every matching line; broad masks can hit multiple elements/ions,NO_EVIDENCE (no #if 0; repository dead_code_audit found no unreferenced non-static consumer function),required RESOLVED_CONFIG evidence unavailable (0 files); stdout RUN FOOTER used as fallback,C1_DORMANT_UNAUDITED|C2_DORMANT_HIGH,P1,"required: same binary/input; UNSET vs explicit neutral/OFF vs ON(shadow); byte-compare registered state, layout/table manifests, oracle outputs, RNG/event counters; ON must not commit target state"
LUMINA_AUL_SCALE_FACTOR,src/lumina_atomic.c:679,dynamic-name family,unset: 1.0 (no line-array scaling),ON_GATE(parameter family),DORMANT,NONE,NONE,NONE,scripts/slurm_ddc15_223_ionlock_smoke.sh:187|scripts/slurm_ddc15_223_perionresc_smoke.sh:183|scripts/slurm_ddc15_A1_eps_fine.sh:181|scripts/slurm_ddc15_A1b_eps_dense.sh:181|scripts/slurm_ddc15_A1c_eps_top.sh:179|scripts/slurm_ddc15_A1d_e1p00_mcvar.sh:182|scripts/slurm_ddc15_A1e_e0p70_mcvar.sh:183|scripts/slurm_ddc15_A2_s2W.sh:196|scripts/slurm_ddc15_FI_ablation.sh:187|scripts/slurm_ddc15_FI_prod.sh:181|scripts/slurm_ddc15_K1_NiII_Aul.sh:173|scripts/slurm_ddc15_K1b_NiII_Aul_strong.sh:172|scripts/slurm_ddc15_KL1_stack.sh:181|scripts/slurm_ddc15_L1_SiII_Aul.sh:174|scripts/slurm_ddc15_M1_FeII_Aul.sh:173|scripts/slurm_ddc15_N1_KLM_stack.sh:182|scripts/slurm_ddc15_O1_CoCr_stack.sh:185|scripts/slurm_ddc15_P1_FeCo_push.sh:180|scripts/slurm_ddc15_P2_FeCo_stack.sh:179|scripts/slurm_ddc15_Q1_eps_uv_on_stack.sh:182|scripts/slurm_ddc15_Q1b_lambdamin_iron3_red.sh:183|scripts/slurm_ddc15_Q1c_lambdamin_wide.sh:178|scripts/slurm_ddc15_R1_eps_uv_2step.sh:190|scripts/slurm_ddc15_R2_aszeta.sh:187|scripts/slurm_ddc15_S1_siII_opt_aul.sh:188|scripts/slurm_ddc15_S2_siII_opt_finer.sh:184|scripts/slurm_ddc15_T1_s1_h2_stack.sh:191|scripts/slurm_ddc15_U1_feII_opt_aul.sh:189|scripts/slurm_ddc15_U1_ni2_opt.sh:191|scripts/slurm_ddc15_W1_ca2_boost.sh:187|scripts/slurm_ddc15_X1_u1f005_ca2.sh:182|scripts/slurm_nlte3_diag.sh:181|scripts/slurm_nlte3fix_femerge.sh:195|scripts/slurm_nlte3fix_femerge_combo.sh:182|scripts/slurm_nlte3fix_femerge_drop.sh:209|scripts/slurm_nlte3fix_femerge_optscan.sh:180|scripts/slurm_nlte3fix_femerge_probez.sh:187|scripts/slurm_nlte3fix_femerge_struct.sh:188|scripts/slurm_nlte3fix_femerge_sweep134.sh:182|scripts/slurm_nlte3fix_femerge_sweep34.sh:186|scripts/slurm_nlte3fix_optA.sh:187|scripts/slurm_nlte3fix_optAp.sh:190|scripts/slurm_nlte3fix_optC.sh:198|scripts/slurm_nlte3fix_optD.sh:197|scripts/slurm_nlte_o_prod.sh:181|scripts/slurm_nlte_o_recal.sh:182|scripts/slurm_nlte_o_recal_prod.sh:193|scripts/slurm_nlte_o_recal_seed.sh:186|scripts/slurm_nlte_o_seed.sh:185|scripts/slurm_nlte_o_smoke.sh:181|scripts/slurm_o_triplet_prod.sh:184|scripts/slurm_o_triplet_smoke.sh:184|scripts/slurm_paper_ddc15_v3asEfloor_aul_sweep_2002bo.sh:273|scripts/slurm_v1_epoch_bracket.sh:198|scripts/slurm_v2_hst_epoch_bracket.sh:180|scripts/slurm_v32_4epoch.sh:185|scripts/slurm_v3_4epoch_w5frozen.sh:186|scripts/slurm_v3_de_l_sweep.sh:173|scripts/slurm_v3_epsir_sweep.sh:173|scripts/slurm_v3_vinner_sweep.sh:172|scripts/slurm_v4_ablation.sh:205|scripts/slurm_v4_probe.sh:174|scripts/slurm_v4_smoke.sh:184|scripts/slurm_viLzeta_grid.sh:200|scripts/slurm_w1_p37_retune.sh:184|scripts/slurm_w2_logL_red5_diag.sh:187|scripts/slurm_w3_nir_damp.sh:189|scripts/slurm_w4_ni2_nir_push.sh:184|scripts/slurm_w5_stack_closer.sh:184|scripts/slurm_zeta_clean_mcvar.sh:202|scripts/slurm_zeta_clean_smoke.sh:199,UNAUDITED,NONE,UNTESTED,HIGH,dynamic family mutates shared AtomicData A_ul/B/f arrays across every matching line; broad masks can hit multiple elements/ions,NO_EVIDENCE (no #if 0; repository dead_code_audit found no unreferenced non-static consumer function),required RESOLVED_CONFIG evidence unavailable (0 files); stdout RUN FOOTER used as fallback,C1_DORMANT_UNAUDITED|C2_DORMANT_HIGH,P1,"required: same binary/input; UNSET vs explicit neutral/OFF vs ON(shadow); byte-compare registered state, layout/table manifests, oracle outputs, RNG/event counters; ON must not commit target state"
LUMINA_AUL_SCALE_IONMASK,src/lumina_atomic.c:689,dynamic-name family,unset: ion stage II mask (1<<1; only under armed FACTOR),ON_GATE(parameter family),DORMANT,NONE,NONE,NONE,scripts/slurm_ddc15_223_ionlock_smoke.sh:190|scripts/slurm_ddc15_223_perionresc_smoke.sh:186|scripts/slurm_ddc15_A1_eps_fine.sh:184|scripts/slurm_ddc15_A1b_eps_dense.sh:184|scripts/slurm_ddc15_A1c_eps_top.sh:182|scripts/slurm_ddc15_A1d_e1p00_mcvar.sh:185|scripts/slurm_ddc15_A1e_e0p70_mcvar.sh:186|scripts/slurm_ddc15_A2_s2W.sh:199|scripts/slurm_ddc15_FI_ablation.sh:190|scripts/slurm_ddc15_FI_prod.sh:184|scripts/slurm_ddc15_K1_NiII_Aul.sh:176|scripts/slurm_ddc15_K1b_NiII_Aul_strong.sh:175|scripts/slurm_ddc15_KL1_stack.sh:184|scripts/slurm_ddc15_L1_SiII_Aul.sh:177|scripts/slurm_ddc15_M1_FeII_Aul.sh:176|scripts/slurm_ddc15_N1_KLM_stack.sh:185|scripts/slurm_ddc15_O1_CoCr_stack.sh:188|scripts/slurm_ddc15_P1_FeCo_push.sh:183|scripts/slurm_ddc15_P2_FeCo_stack.sh:182|scripts/slurm_ddc15_Q1_eps_uv_on_stack.sh:185|scripts/slurm_ddc15_Q1b_lambdamin_iron3_red.sh:186|scripts/slurm_ddc15_Q1c_lambdamin_wide.sh:181|scripts/slurm_ddc15_R1_eps_uv_2step.sh:193|scripts/slurm_ddc15_R2_aszeta.sh:190|scripts/slurm_ddc15_S1_siII_opt_aul.sh:191|scripts/slurm_ddc15_S2_siII_opt_finer.sh:187|scripts/slurm_ddc15_T1_s1_h2_stack.sh:194|scripts/slurm_ddc15_U1_feII_opt_aul.sh:192|scripts/slurm_ddc15_U1_ni2_opt.sh:194|scripts/slurm_ddc15_W1_ca2_boost.sh:190|scripts/slurm_ddc15_X1_u1f005_ca2.sh:185|scripts/slurm_nlte3_diag.sh:184|scripts/slurm_nlte3fix_femerge.sh:198|scripts/slurm_nlte3fix_femerge_combo.sh:185|scripts/slurm_nlte3fix_femerge_drop.sh:210|scripts/slurm_nlte3fix_femerge_optscan.sh:183|scripts/slurm_nlte3fix_femerge_probez.sh:190|scripts/slurm_nlte3fix_femerge_struct.sh:191|scripts/slurm_nlte3fix_femerge_sweep134.sh:185|scripts/slurm_nlte3fix_femerge_sweep34.sh:189|scripts/slurm_nlte3fix_optA.sh:190|scripts/slurm_nlte3fix_optAp.sh:193|scripts/slurm_nlte3fix_optC.sh:201|scripts/slurm_nlte3fix_optD.sh:200|scripts/slurm_nlte_o_prod.sh:184|scripts/slurm_nlte_o_recal.sh:185|scripts/slurm_nlte_o_recal_prod.sh:196|scripts/slurm_nlte_o_recal_seed.sh:189|scripts/slurm_nlte_o_seed.sh:188|scripts/slurm_nlte_o_smoke.sh:184|scripts/slurm_o_triplet_prod.sh:187|scripts/slurm_o_triplet_smoke.sh:187|scripts/slurm_paper_ddc15_v3asEfloor_aul_sweep_2002bo.sh:275|scripts/slurm_v1_epoch_bracket.sh:201|scripts/slurm_v2_hst_epoch_bracket.sh:183|scripts/slurm_v32_4epoch.sh:188|scripts/slurm_v3_4epoch_w5frozen.sh:189|scripts/slurm_v3_de_l_sweep.sh:176|scripts/slurm_v3_epsir_sweep.sh:176|scripts/slurm_v3_vinner_sweep.sh:175|scripts/slurm_v4_ablation.sh:208|scripts/slurm_v4_probe.sh:177|scripts/slurm_v4_smoke.sh:187|scripts/slurm_viLzeta_grid.sh:203|scripts/slurm_w1_p37_retune.sh:187|scripts/slurm_w2_logL_red5_diag.sh:190|scripts/slurm_w3_nir_damp.sh:192|scripts/slurm_w4_ni2_nir_push.sh:187|scripts/slurm_w5_stack_closer.sh:187|scripts/slurm_zeta_clean_mcvar.sh:205|scripts/slurm_zeta_clean_smoke.sh:202,UNAUDITED,NONE,UNTESTED,HIGH,dynamic family mutates shared AtomicData A_ul/B/f arrays across every matching line; broad masks can hit multiple elements/ions,NO_EVIDENCE (no #if 0; repository dead_code_audit found no unreferenced non-static consumer function),required RESOLVED_CONFIG evidence unavailable (0 files); stdout RUN FOOTER used as fallback,C1_DORMANT_UNAUDITED|C2_DORMANT_HIGH,P1,"required: same binary/input; UNSET vs explicit neutral/OFF vs ON(shadow); byte-compare registered state, layout/table manifests, oracle outputs, RNG/event counters; ON must not commit target state"
LUMINA_AUL_SCALE_LAMBDA_MAX,src/lumina_atomic.c:693,dynamic-name family,unset: 4000 Angstrom (only under armed FACTOR),ON_GATE(parameter family),DORMANT,NONE,NONE,NONE,scripts/slurm_ddc15_223_ionlock_smoke.sh:188|scripts/slurm_ddc15_223_perionresc_smoke.sh:184|scripts/slurm_ddc15_A1_eps_fine.sh:182|scripts/slurm_ddc15_A1b_eps_dense.sh:182|scripts/slurm_ddc15_A1c_eps_top.sh:180|scripts/slurm_ddc15_A1d_e1p00_mcvar.sh:183|scripts/slurm_ddc15_A1e_e0p70_mcvar.sh:184|scripts/slurm_ddc15_A2_s2W.sh:197|scripts/slurm_ddc15_FI_ablation.sh:188|scripts/slurm_ddc15_FI_prod.sh:182|scripts/slurm_ddc15_K1_NiII_Aul.sh:174|scripts/slurm_ddc15_K1b_NiII_Aul_strong.sh:173|scripts/slurm_ddc15_KL1_stack.sh:182|scripts/slurm_ddc15_L1_SiII_Aul.sh:175|scripts/slurm_ddc15_M1_FeII_Aul.sh:174|scripts/slurm_ddc15_N1_KLM_stack.sh:183|scripts/slurm_ddc15_O1_CoCr_stack.sh:186|scripts/slurm_ddc15_P1_FeCo_push.sh:181|scripts/slurm_ddc15_P2_FeCo_stack.sh:180|scripts/slurm_ddc15_Q1_eps_uv_on_stack.sh:183|scripts/slurm_ddc15_Q1b_lambdamin_iron3_red.sh:184|scripts/slurm_ddc15_Q1c_lambdamin_wide.sh:179|scripts/slurm_ddc15_R1_eps_uv_2step.sh:191|scripts/slurm_ddc15_R2_aszeta.sh:188|scripts/slurm_ddc15_S1_siII_opt_aul.sh:189|scripts/slurm_ddc15_S2_siII_opt_finer.sh:185|scripts/slurm_ddc15_T1_s1_h2_stack.sh:192|scripts/slurm_ddc15_U1_feII_opt_aul.sh:190|scripts/slurm_ddc15_U1_ni2_opt.sh:192|scripts/slurm_ddc15_W1_ca2_boost.sh:188|scripts/slurm_ddc15_X1_u1f005_ca2.sh:183|scripts/slurm_nlte3_diag.sh:182|scripts/slurm_nlte3fix_femerge.sh:196|scripts/slurm_nlte3fix_femerge_combo.sh:183|scripts/slurm_nlte3fix_femerge_drop.sh:209|scripts/slurm_nlte3fix_femerge_optscan.sh:181|scripts/slurm_nlte3fix_femerge_probez.sh:188|scripts/slurm_nlte3fix_femerge_struct.sh:189|scripts/slurm_nlte3fix_femerge_sweep134.sh:183|scripts/slurm_nlte3fix_femerge_sweep34.sh:187|scripts/slurm_nlte3fix_optA.sh:188|scripts/slurm_nlte3fix_optAp.sh:191|scripts/slurm_nlte3fix_optC.sh:199|scripts/slurm_nlte3fix_optD.sh:198|scripts/slurm_nlte_o_prod.sh:182|scripts/slurm_nlte_o_recal.sh:183|scripts/slurm_nlte_o_recal_prod.sh:194|scripts/slurm_nlte_o_recal_seed.sh:187|scripts/slurm_nlte_o_seed.sh:186|scripts/slurm_nlte_o_smoke.sh:182|scripts/slurm_o_triplet_prod.sh:185|scripts/slurm_o_triplet_smoke.sh:185|scripts/slurm_paper_ddc15_v3asEfloor_aul_sweep_2002bo.sh:277|scripts/slurm_v1_epoch_bracket.sh:199|scripts/slurm_v2_hst_epoch_bracket.sh:181|scripts/slurm_v32_4epoch.sh:186|scripts/slurm_v3_4epoch_w5frozen.sh:187|scripts/slurm_v3_de_l_sweep.sh:174|scripts/slurm_v3_epsir_sweep.sh:174|scripts/slurm_v3_vinner_sweep.sh:173|scripts/slurm_v4_ablation.sh:206|scripts/slurm_v4_probe.sh:175|scripts/slurm_v4_smoke.sh:185|scripts/slurm_viLzeta_grid.sh:201|scripts/slurm_w1_p37_retune.sh:185|scripts/slurm_w2_logL_red5_diag.sh:188|scripts/slurm_w3_nir_damp.sh:190|scripts/slurm_w4_ni2_nir_push.sh:185|scripts/slurm_w5_stack_closer.sh:185|scripts/slurm_zeta_clean_mcvar.sh:203|scripts/slurm_zeta_clean_smoke.sh:200,UNAUDITED,NONE,UNTESTED,HIGH,dynamic family mutates shared AtomicData A_ul/B/f arrays across every matching line; broad masks can hit multiple elements/ions,NO_EVIDENCE (no #if 0; repository dead_code_audit found no unreferenced non-static consumer function),required RESOLVED_CONFIG evidence unavailable (0 files); stdout RUN FOOTER used as fallback,C1_DORMANT_UNAUDITED|C2_DORMANT_HIGH,P1,"required: same binary/input; UNSET vs explicit neutral/OFF vs ON(shadow); byte-compare registered state, layout/table manifests, oracle outputs, RNG/event counters; ON must not commit target state"
LUMINA_AUL_SCALE_LAMBDA_MIN,src/lumina_atomic.c:691,dynamic-name family,unset: 0 Angstrom (only under armed FACTOR),ON_GATE(parameter family),DORMANT,NONE,NONE,NONE,scripts/slurm_paper_ddc15_v3asEfloor_aul_sweep_2002bo.sh:276,UNAUDITED,NONE,UNTESTED,HIGH,dynamic family mutates shared AtomicData A_ul/B/f arrays across every matching line; broad masks can hit multiple elements/ions,NO_EVIDENCE (no #if 0; repository dead_code_audit found no unreferenced non-static consumer function),required RESOLVED_CONFIG evidence unavailable (0 files); stdout RUN FOOTER used as fallback,C1_DORMANT_UNAUDITED|C2_DORMANT_HIGH,P1,"required: same binary/input; UNSET vs explicit neutral/OFF vs ON(shadow); byte-compare registered state, layout/table manifests, oracle outputs, RNG/event counters; ON must not commit target state"
LUMINA_AUL_SCALE_ZMASK,src/lumina_atomic.c:687,dynamic-name family,unset: all Z=1..31 (only used when FACTOR arms family),ON_GATE(parameter family),DORMANT,NONE,NONE,NONE,scripts/slurm_ddc15_223_ionlock_smoke.sh:189|scripts/slurm_ddc15_223_perionresc_smoke.sh:185|scripts/slurm_ddc15_A1_eps_fine.sh:183|scripts/slurm_ddc15_A1b_eps_dense.sh:183|scripts/slurm_ddc15_A1c_eps_top.sh:181|scripts/slurm_ddc15_A1d_e1p00_mcvar.sh:184|scripts/slurm_ddc15_A1e_e0p70_mcvar.sh:185|scripts/slurm_ddc15_A2_s2W.sh:198|scripts/slurm_ddc15_FI_ablation.sh:189|scripts/slurm_ddc15_FI_prod.sh:183|scripts/slurm_ddc15_K1_NiII_Aul.sh:175|scripts/slurm_ddc15_K1b_NiII_Aul_strong.sh:174|scripts/slurm_ddc15_KL1_stack.sh:183|scripts/slurm_ddc15_L1_SiII_Aul.sh:176|scripts/slurm_ddc15_M1_FeII_Aul.sh:175|scripts/slurm_ddc15_N1_KLM_stack.sh:184|scripts/slurm_ddc15_O1_CoCr_stack.sh:187|scripts/slurm_ddc15_P1_FeCo_push.sh:182|scripts/slurm_ddc15_P2_FeCo_stack.sh:181|scripts/slurm_ddc15_Q1_eps_uv_on_stack.sh:184|scripts/slurm_ddc15_Q1b_lambdamin_iron3_red.sh:185|scripts/slurm_ddc15_Q1c_lambdamin_wide.sh:180|scripts/slurm_ddc15_R1_eps_uv_2step.sh:192|scripts/slurm_ddc15_R2_aszeta.sh:189|scripts/slurm_ddc15_S1_siII_opt_aul.sh:190|scripts/slurm_ddc15_S2_siII_opt_finer.sh:186|scripts/slurm_ddc15_T1_s1_h2_stack.sh:193|scripts/slurm_ddc15_U1_feII_opt_aul.sh:191|scripts/slurm_ddc15_U1_ni2_opt.sh:193|scripts/slurm_ddc15_W1_ca2_boost.sh:189|scripts/slurm_ddc15_X1_u1f005_ca2.sh:184|scripts/slurm_nlte3_diag.sh:183|scripts/slurm_nlte3fix_femerge.sh:197|scripts/slurm_nlte3fix_femerge_combo.sh:184|scripts/slurm_nlte3fix_femerge_drop.sh:210|scripts/slurm_nlte3fix_femerge_optscan.sh:182|scripts/slurm_nlte3fix_femerge_probez.sh:189|scripts/slurm_nlte3fix_femerge_struct.sh:190|scripts/slurm_nlte3fix_femerge_sweep134.sh:184|scripts/slurm_nlte3fix_femerge_sweep34.sh:188|scripts/slurm_nlte3fix_optA.sh:189|scripts/slurm_nlte3fix_optAp.sh:192|scripts/slurm_nlte3fix_optC.sh:200|scripts/slurm_nlte3fix_optD.sh:199|scripts/slurm_nlte_o_prod.sh:183|scripts/slurm_nlte_o_recal.sh:184|scripts/slurm_nlte_o_recal_prod.sh:195|scripts/slurm_nlte_o_recal_seed.sh:188|scripts/slurm_nlte_o_seed.sh:187|scripts/slurm_nlte_o_smoke.sh:183|scripts/slurm_o_triplet_prod.sh:186|scripts/slurm_o_triplet_smoke.sh:186|scripts/slurm_paper_ddc15_v3asEfloor_aul_sweep_2002bo.sh:274|scripts/slurm_v1_epoch_bracket.sh:200|scripts/slurm_v2_hst_epoch_bracket.sh:182|scripts/slurm_v32_4epoch.sh:187|scripts/slurm_v3_4epoch_w5frozen.sh:188|scripts/slurm_v3_de_l_sweep.sh:175|scripts/slurm_v3_epsir_sweep.sh:175|scripts/slurm_v3_vinner_sweep.sh:174|scripts/slurm_v4_ablation.sh:207|scripts/slurm_v4_probe.sh:176|scripts/slurm_v4_smoke.sh:186|scripts/slurm_viLzeta_grid.sh:202|scripts/slurm_w1_p37_retune.sh:186|scripts/slurm_w2_logL_red5_diag.sh:189|scripts/slurm_w3_nir_damp.sh:191|scripts/slurm_w4_ni2_nir_push.sh:186|scripts/slurm_w5_stack_closer.sh:186|scripts/slurm_zeta_clean_mcvar.sh:204|scripts/slurm_zeta_clean_smoke.sh:201,UNAUDITED,NONE,UNTESTED,HIGH,dynamic family mutates shared AtomicData A_ul/B/f arrays across every matching line; broad masks can hit multiple elements/ions,NO_EVIDENCE (no #if 0; repository dead_code_audit found no unreferenced non-static consumer function),required RESOLVED_CONFIG evidence unavailable (0 files); stdout RUN FOOTER used as fallback,C1_DORMANT_UNAUDITED|C2_DORMANT_HIGH,P1,"required: same binary/input; UNSET vs explicit neutral/OFF vs ON(shadow); byte-compare registered state, layout/table manifests, oracle outputs, RNG/event counters; ON must not commit target state"
LUMINA_BF_CLUMP_FACTOR,src/lumina_atomic.c:414,literal getenv,unset: NULL makes the guarded named branch false; no env-requested override/action at this consumer,ON_GATE/parameter (non-NULL/nonzero or selector value requests the named branch/override),DORMANT,NONE,NONE,NONE,NONE,UNAUDITED,NONE,UNTESTED,MEDIUM,parameter/mask can alter arithmetic over multiple selected records or shells; no direct layout reconstruction identified,NO_EVIDENCE (no #if 0; repository dead_code_audit found no unreferenced non-static consumer function),required RESOLVED_CONFIG evidence unavailable (0 files); stdout RUN FOOTER used as fallback,C1_DORMANT_UNAUDITED,NOT_REQUIRED_BY_C2_C3,NONE
LUMINA_BF_GEMM,src/lumina_plasma.c:6927,literal getenv,unset: direct getenv condition is false; named branch is not entered,ON_GATE/parameter (non-NULL/nonzero or selector value requests the named branch/override),DORMANT,NONE,NONE,NONE,NONE,UNAUDITED,NONE,UNTESTED,HIGH,source-selected model-wide mode/backend/layout/table/profile or cross-shell arithmetic; off-target impact cannot be excluded statically,NO_EVIDENCE (no #if 0; repository dead_code_audit found no unreferenced non-static consumer function),required RESOLVED_CONFIG evidence unavailable (0 files); stdout RUN FOOTER used as fallback,C1_DORMANT_UNAUDITED|C2_DORMANT_HIGH,P1,"required: same binary/input; UNSET vs explicit neutral/OFF vs ON(shadow); byte-compare registered state, layout/table manifests, oracle outputs, RNG/event counters; ON must not commit target state"
LUMINA_BF_NLTE_POPS,src/lumina_plasma.c:6901,literal getenv,unset: NULL makes the guarded named branch false; no env-requested override/action at this consumer,ON_GATE/parameter (non-NULL/nonzero or selector value requests the named branch/override),DORMANT,NONE,NONE,NONE,scripts/sbatch_kpkt_bfnl.sh:35|scripts/sbatch_kpkt_bfnl2.sh:39|scripts/sbatch_kpkt_bfnl3.sh:38,COVERED,docs/CODEX_WAVE1_BF_REPAIR_REPORT_2026-07-31.md;docs/GATE_B_PHASE1_CODEX_A_REPORT.md;docs/RE_RE_ARTIS_CMFGEN_PARITY_DIAGNOSIS_2026-07-31.md;docs/RE_RE_RE_ARTIS_CMFGEN_PARITY_DIAGNOSIS_2026-07-31.md,UNTESTED,MEDIUM,parameter/mask can alter arithmetic over multiple selected records or shells; no direct layout reconstruction identified,NO_EVIDENCE (no #if 0; repository dead_code_audit found no unreferenced non-static consumer function),required RESOLVED_CONFIG evidence unavailable (0 files); stdout RUN FOOTER used as fallback,NONE,NOT_REQUIRED_BY_C2_C3,NONE
LUMINA_BF_OPACITY,src/lumina_cuda.cu:6806|src/lumina_cuda.cu:6807|src/lumina_main.c:200|src/lumina_main.c:201,literal getenv,unset: 0/OFF,ON_GATE,ACTIVE_OBSERVED,1,/gpfs/kjhan/lumina_runner2/logs/coevolve_consume_parity51/stdout.log:37934|/gpfs/kjhan/lumina_runner2/logs/coevolve_consume_parity51/stdout.log:85|/gpfs/kjhan/lumina_runner2/logs/coevolve_consume_parity56/stdout.log:38163|/gpfs/kjhan/lumina_runner2/logs/coevolve_consume_parity56/stdout.log:85|/gpfs/kjhan/lumina_runner2/logs/coevolve_consume_parity57/stdout.log:38930|/gpfs/kjhan/lumina_runner2/logs/coevolve_consume_parity57/stdout.log:85|/gpfs/kjhan/lumina_runner2/logs/coevolve_consume_parity58/stdout.log:38164|/gpfs/kjhan/lumina_runner2/logs/coevolve_consume_parity58/stdout.log:86|/gpfs/kjhan/lumina_runner2/logs/coevolve_consume_parity59/stdout.log:38163|/gpfs/kjhan/lumina_runner2/logs/coevolve_consume_parity59/stdout.log:86|/gpfs/kjhan/lumina_runner2/logs/coevolve_consume_parity60/stdout.log:38982|/gpfs/kjhan/lumina_runner2/logs/coevolve_consume_parity60/stdout.log:88,"coevolve_consume_parity60 (/gpfs/kjhan/lumina_runner2/logs/coevolve_consume_parity60/stdout.log:88, value=1)",scripts/run_ada_lstar_diag.sh:25|scripts/run_baldiag.sh:18|scripts/run_bfdark.sh:24|scripts/run_boostdr.sh:18|scripts/run_capraise.sh:18|scripts/run_cnclean.sh:18|scripts/run_cndamp.sh:18|scripts/run_coevolve_s01.sh:31|scripts/run_conv16.sh:18|scripts/run_cpl1.sh:18|scripts/run_cpl20.sh:18|scripts/run_dronly.sh:18|scripts/run_etla.sh:18|scripts/run_fix10.sh:21|scripts/run_fix11.sh:21|scripts/run_fix12.sh:21|scripts/run_fix13.sh:21|scripts/run_fix14.sh:21|scripts/run_fix15.sh:21|scripts/run_fix16.sh:21|scripts/run_fix17.sh:21|scripts/run_fix18.sh:21|scripts/run_fix19.sh:21|scripts/run_fix2.sh:21|scripts/run_fix20.sh:21|scripts/run_fix21.sh:21|scripts/run_fix22.sh:21|scripts/run_fix3.sh:21|scripts/run_fix4.sh:21|scripts/run_fix5.sh:21|scripts/run_fix6.sh:21|scripts/run_fix7.sh:21|scripts/run_fix8.sh:21|scripts/run_fix9.sh:21|scripts/run_fph_diag.sh:18|scripts/run_fphbf.sh:18|scripts/run_fphdg.sh:18|scripts/run_fphval.sh:18|scripts/run_frz0.sh:18|scripts/run_hotdump.sh:21|scripts/run_hotroot.sh:18|scripts/run_ionb3.sh:18|scripts/run_ionb5x.sh:18|scripts/run_ionboost.sh:18|scripts/run_ionboost2.sh:18|scripts/run_ionchk.sh:18|scripts/run_ionnt.sh:18|scripts/run_iterdump.sh:21|scripts/run_jdump.sh:18|scripts/run_jdump_diag.sh:13|scripts/run_milne1.sh:21|scripts/run_milneP.sh:21|scripts/run_ntdr.sh:18|scripts/run_recdiag.sh:21|scripts/run_repro22.sh:21|scripts/run_rtr33.sh:18|scripts/run_rtruth.sh:18|scripts/run_s2_chk.sh:18|scripts/run_s2_dep0.sh:18|scripts/run_s2_eps.sh:18|scripts/run_s2_fph.sh:18|scripts/run_s2_fph2.sh:18|scripts/run_s2_fznt.sh:18|scripts/run_s2_nebheat.sh:18|scripts/run_s2_nolinere.sh:18|scripts/run_s2_ntxe.sh:18|scripts/run_s2_phys.sh:18|scripts/run_s40diag.sh:21|scripts/run_srcbl.sh:18|scripts/run_stage0_diag.sh:22|scripts/run_stage1_ab.sh:18|scripts/run_stage2.sh:18|scripts/run_stage3.sh:18|scripts/run_toy.sh:13|scripts/run_toy_both.sh:10|scripts/run_toy_mc.sh:10|scripts/run_wbflr.sh:18|scripts/run_widebr.sh:18|scripts/slurm_aulbranch_validate.sh:196|scripts/slurm_binnedj_estimator_ab.sh:204|scripts/slurm_cefix_smoke.sh:36|scripts/slurm_cmf_fine_validate.sh:41|scripts/slurm_ddc15_223_ionlock_smoke.sh:180|scripts/slurm_ddc15_223_perionresc_smoke.sh:175|scripts/slurm_ddc15_A1_eps_fine.sh:174|scripts/slurm_ddc15_A1b_eps_dense.sh:174|scripts/slurm_ddc15_A1c_eps_top.sh:172|scripts/slurm_ddc15_A1d_e1p00_mcvar.sh:175|scripts/slurm_ddc15_A1e_e0p70_mcvar.sh:176|scripts/slurm_ddc15_A2_s2W.sh:189|scripts/slurm_ddc15_A4.sh:173|scripts/slurm_ddc15_A5.sh:176|scripts/slurm_ddc15_C1_xTi.sh:163|scripts/slurm_ddc15_C2_xFeOuter.sh:167|scripts/slurm_ddc15_D1_Linner.sh:163|scripts/slurm_ddc15_F1_oskip.sh:162|scripts/slurm_ddc15_FI_ablation.sh:182|scripts/slurm_ddc15_FI_prod.sh:176|scripts/slurm_ddc15_G1_xFeInner.sh:174|scripts/slurm_ddc15_H1_epsUV.sh:166|scripts/slurm_ddc15_H1b_epsUV_knee.sh:163|scripts/slurm_ddc15_H1p_production.sh:167|scripts/slurm_ddc15_H2_epsUVred.sh:164|scripts/slurm_ddc15_H2p_redonly.sh:180|scripts/slurm_ddc15_H3_fate_attribution.sh:160|scripts/slurm_ddc15_I1_NiII_UVidown.sh:165|scripts/slurm_ddc15_J1_SiII_UVidown.sh:167|scripts/slurm_ddc15_K1_NiII_Aul.sh:168|scripts/slurm_ddc15_K1b_NiII_Aul_strong.sh:167|scripts/slurm_ddc15_KL1_stack.sh:176|scripts/slurm_ddc15_L1_SiII_Aul.sh:169|scripts/slurm_ddc15_M1_FeII_Aul.sh:168|scripts/slurm_ddc15_N1_KLM_stack.sh:177|scripts/slurm_ddc15_O1_CoCr_stack.sh:180|scripts/slurm_ddc15_P1_FeCo_push.sh:175|scripts/slurm_ddc15_P2_FeCo_stack.sh:174|scripts/slurm_ddc15_Q1_eps_uv_on_stack.sh:177|scripts/slurm_ddc15_Q1b_lambdamin_iron3_red.sh:178|scripts/slurm_ddc15_Q1c_lambdamin_wide.sh:173|scripts/slurm_ddc15_R1_eps_uv_2step.sh:181|scripts/slurm_ddc15_R2_aszeta.sh:182|scripts/slurm_ddc15_S1_siII_opt_aul.sh:183|scripts/slurm_ddc15_S2_siII_opt_finer.sh:179|scripts/slurm_ddc15_T1_s1_h2_stack.sh:184|scripts/slurm_ddc15_U1_feII_opt_aul.sh:184|scripts/slurm_ddc15_U1_ni2_opt.sh:184|scripts/slurm_ddc15_V1_c2_h1b_prod.sh:173|scripts/slurm_ddc15_W1_ca2_boost.sh:180|scripts/slurm_ddc15_X1_u1f005_ca2.sh:175|scripts/slurm_ddc15_a1_diffbc.sh:48|scripts/slurm_ddc15_a2_jnu.sh:52|scripts/slurm_ddc15_a2_jnu_atrad.sh:52|scripts/slurm_ddc15_a2_newton.sh:50|scripts/slurm_ddc15_a2_newton_omp.sh:52|scripts/slurm_ddc15_a2_septest.sh:52|scripts/slurm_ddc15_a2_trace.sh:52|scripts/slurm_ddc15_a2_trace0.sh:52|scripts/slurm_ddc15_a3_lstar.sh:51|scripts/slurm_ddc15_frozenin.sh:54|scripts/slurm_ddc15_frozenin_ab.sh:62|scripts/slurm_ddc15_initial.sh:82|scripts/slurm_ddc15_mc_macroatom.sh:62|scripts/slurm_ddc15_nefix_prof.sh:35|scripts/slurm_ddc15_pure_cmfgen.sh:56|scripts/slurm_ddc15_pure_cmfgen_phase3.sh:66|scripts/slurm_ddc15_radeq_ab.sh:59|scripts/slurm_ddc15_radeq_adiab.sh:61|scripts/slurm_ddc15_radeq_blanket.sh:61|scripts/slurm_ddc15_radeq_blanketdamp.sh:61|scripts/slurm_ddc15_radeq_coolfix.sh:52|scripts/slurm_ddc15_radeq_escape.sh:55|scripts/slurm_ddc15_radeq_escape_alllines.sh:55|scripts/slurm_ddc15_radeq_hybridB2.sh:60|scripts/slurm_ddc15_radeq_integralB.sh:65|scripts/slurm_ddc15_radeq_nebular.sh:61|scripts/slurm_ddc15_radeq_noswitch.sh:59|scripts/slurm_ddc15_thenmc.sh:65|scripts/slurm_ddc15real.sh:60|scripts/slurm_diag_sigmabf_ratebalance.sh:38|scripts/slurm_downbranch_binnedj_ab.sh:205|scripts/slurm_dr_boost_sweep.sh:38|scripts/slurm_dr_floor_aggro.sh:42|scripts/slurm_dr_floor_sweep.sh:45|scripts/slurm_dr_phase2_smoke.sh:38|scripts/slurm_einsteinFix_2002bo_macroatom.sh:205|scripts/slurm_einsteinFix_2002bo_macroatom_smoke.sh:205|scripts/slurm_einsteinFix_2002bo_nltedump.sh:203|scripts/slurm_einsteinFix_2002bo_ofix_prod.sh:201|scripts/slurm_einsteinFix_2002bo_taubyion.sh:201|scripts/slurm_einsteinFix_2002bo_tpin12630.sh:200|scripts/slurm_fcoll_sweep.sh:38|scripts/slurm_fixtrad_fluorescence.sh:210|scripts/slurm_g2_prescription.sh:44|scripts/slurm_gate_b5_ce_expand.sh:34|scripts/slurm_gate_b_dr_3ion.sh:33|scripts/slurm_gate_b_dr_7ion.sh:35|scripts/slurm_gate_b_dr_co3.sh:33|scripts/slurm_gate_b_dr_sc3as.sh:33|scripts/slurm_hybrid_outerFe10x_v11500.sh:49|scripts/slurm_hybrid_outerFe5x_v11500.sh:47|scripts/slurm_hybrid_outerFe5x_v11500_iter20.sh:46|scripts/slurm_ionlock_lte_levels.sh:35|scripts/slurm_ionstage_ab.sh:187|scripts/slurm_jcap_test.sh:203|scripts/slurm_logL_deep_sweep.sh:56|scripts/slurm_ma_internal_cap.sh:203|scripts/slurm_macroatom_binnedj_ab.sh:215|scripts/slurm_mafate_bump_diag.sh:41|scripts/slurm_ml_phineb_smoke.sh:50|scripts/slurm_nlte3_diag.sh:172|scripts/slurm_nlte3fix_femerge.sh:188|scripts/slurm_nlte3fix_femerge_bare.sh:181|scripts/slurm_nlte3fix_femerge_combo.sh:177|scripts/slurm_nlte3fix_femerge_drop.sh:195|scripts/slurm_nlte3fix_femerge_optscan.sh:175|scripts/slurm_nlte3fix_femerge_probez.sh:182|scripts/slurm_nlte3fix_femerge_struct.sh:183|scripts/slurm_nlte3fix_femerge_sweep134.sh:177|scripts/slurm_nlte3fix_femerge_sweep34.sh:181|scripts/slurm_nlte3fix_optA.sh:180|scripts/slurm_nlte3fix_optAp.sh:183|scripts/slurm_nlte3fix_optC.sh:189|scripts/slurm_nlte3fix_optD.sh:188|scripts/slurm_nlte_consv_test.sh:40|scripts/slurm_nlte_ionlock_smoke.sh:40|scripts/slurm_nlte_ionlock_smoke_v2.sh:42|scripts/slurm_nlte_o_prod.sh:176|scripts/slurm_nlte_o_recal.sh:177|scripts/slurm_nlte_o_recal_prod.sh:188|scripts/slurm_nlte_o_recal_seed.sh:181|scripts/slurm_nlte_o_seed.sh:180|scripts/slurm_nlte_o_smoke.sh:176|scripts/slurm_nlte_rate_dump.sh:40|scripts/slurm_no_ml_lock_smoke.sh:37|scripts/slurm_o_triplet_prod.sh:179|scripts/slurm_o_triplet_smoke.sh:179|scripts/slurm_outerFe10x_1M_variance.sh:42|scripts/slurm_outerFe10x_W1lo_scan.sh:45|scripts/slurm_outerFe10x_W1scan.sh:48|scripts/slurm_outerFe10x_W3scan.sh:47|scripts/slurm_outerFe_W1scan.sh:49|scripts/slurm_outerFe_champion_smoke.sh:122|scripts/slurm_outerFe_vin_sweep.sh:110|scripts/slurm_paper_ddc15_bbfix_2002bo_nltedump.sh:201|scripts/slurm_paper_ddc15_paperli_2002bo.sh:207|scripts/slurm_paper_ddc15_paperli_2002bo_einsteinFix.sh:217|scripts/slurm_paper_ddc15_paperli_2002bo_metafix.sh:207|scripts/slurm_paper_ddc15_paperli_2002bo_metafix_ratedump.sh:209|scripts/slurm_paper_ddc15_paperli_2002bo_metafix_ratedump_sce.sh:214|scripts/slurm_paper_ddc15_paperli_2002bo_metafix_xouter.sh:223|scripts/slurm_paper_ddc15_v2_sn2002bo.sh:225|scripts/slurm_paper_ddc15_v3_sn2002bo.sh:240|scripts/slurm_paper_ddc15_v3asE_floorW_sn2002bo.sh:240|scripts/slurm_paper_ddc15_v3asE_floor_sn2002bo.sh:240|scripts/slurm_paper_ddc15_v3asE_sn2002bo.sh:240|scripts/slurm_paper_ddc15_v3asE_tpin_sn2002bo.sh:240|scripts/slurm_paper_ddc15_v3asEfloor_abund_sweep_2002bo.sh:262|scripts/slurm_paper_ddc15_v3asEfloor_aul_sweep_2002bo.sh:266|scripts/slurm_paper_ddc15_v3asEfloor_bbfix_2002bo.sh:240|scripts/slurm_paper_ddc15_v3asEfloor_epsir_sn2002bo.sh:241|scripts/slurm_paper_ddc15_v3asEfloor_gamma_sweep_2002bo.sh:262|scripts/slurm_paper_ddc15_v3asEfloor_iter24_2002bo.sh:242|scripts/slurm_paper_ddc15_v3asEfloor_skipMgO_sweep_2002bo.sh:248|scripts/slurm_paper_ddc15_v3asEfloor_skipZ_sweep_2002bo.sh:250|scripts/slurm_phase0_ebudget.sh:185|scripts/slurm_phase2a_innerbc_ab.sh:197|scripts/slurm_phase2b_nlte_opacity_ionstage_ab.sh:212|scripts/slurm_phase2c_fluorescence_ab.sh:205|scripts/slurm_phaseA_ablation.sh:60|scripts/slurm_physical_ref_smoke.sh:57|scripts/slurm_plain_ddc15_sn2002bo.sh:186|scripts/slurm_prod_dr7ion_ce17_ionlock.sh:41|scripts/slurm_radeq_ab.sh:201|scripts/slurm_radeq_diag.sh:214|scripts/slurm_rho11fe_A1_vin.sh:159|scripts/slurm_rho11fe_A2_finevin.sh:157|scripts/slurm_rho11fe_A3_narrowSi.sh:172|scripts/slurm_rho11fe_compA.sh:131|scripts/slurm_si_dr_smoke.sh:34|scripts/slurm_skipsi_physical_champion.sh:111|scripts/slurm_skipsi_vin_fine.sh:111|scripts/slurm_smoke_dlock_v1.sh:38|scripts/slurm_smoke_dlock_v2.sh:37|scripts/slurm_smoke_dlock_v3.sh:40|scripts/slurm_stratV2D.sh:32|scripts/slurm_stratV2EF.sh:33|scripts/slurm_stratV2_scan.sh:45|scripts/slurm_structural_3d_sweep.sh:110|scripts/slurm_structural_3d_sweep_physical.sh:128|scripts/slurm_structural_logL_sweep.sh:59|scripts/slurm_superlev_ab.sh:201|scripts/slurm_superlev_identity_smoke.sh:205|scripts/slurm_taubyion_window.sh:160|scripts/slurm_twocomp_lock.sh:40|scripts/slurm_uv_idown_smoke.sh:52|scripts/slurm_uvcap_smoke.sh:44|scripts/slurm_v1_epoch_bracket.sh:191|scripts/slurm_v2_hst_epoch_bracket.sh:173|scripts/slurm_v32_4epoch.sh:178|scripts/slurm_v3_4epoch_w5frozen.sh:179|scripts/slurm_v3_de_l_sweep.sh:166|scripts/slurm_v3_epsir_sweep.sh:165|scripts/slurm_v3_vinner_sweep.sh:165|scripts/slurm_v4_ablation.sh:198|scripts/slurm_v4_inversion.sh:171|scripts/slurm_v4_probe.sh:167|scripts/slurm_v4_smoke.sh:177|scripts/slurm_viLzeta_grid.sh:193|scripts/slurm_vinner_scan.sh:50|scripts/slurm_w1_p37_retune.sh:177|scripts/slurm_w2_logL_red5_diag.sh:180|scripts/slurm_w3_nir_damp.sh:182|scripts/slurm_w4_bump_probe.sh:44|scripts/slurm_w4_ni2_nir_push.sh:177|scripts/slurm_w5_stack_closer.sh:177|scripts/slurm_zeta_clean_mcvar.sh:195|scripts/slurm_zeta_clean_smoke.sh:192|scripts/slurm_zeta_probe.sh:42|scripts/test_thenmc_bin.sh:14,COVERED,docs/CODEX_WAVE2_C_REVIEW.md;docs/PHOTOSPHERIC_EUV_REPAIR_DESIGN.md,UNTESTED,MEDIUM,parameter/mask can alter arithmetic over multiple selected records or shells; no direct layout reconstruction identified,NO_EVIDENCE (no #if 0; repository dead_code_audit found no unreferenced non-static consumer function),required RESOLVED_CONFIG evidence unavailable (0 files); stdout RUN FOOTER used as fallback,C3_ACTIVE_OFF_UNTESTED,P0,"required: same binary/input; UNSET vs explicit neutral/OFF vs ON(shadow); byte-compare registered state, layout/table manifests, oracle outputs, RNG/event counters; ON must not commit target state"
LUMINA_BF_RATE_POPS,src/lumina_plasma.c:8729,literal getenv,unset: NULL makes the guarded named branch false; no env-requested override/action at this consumer,ON_GATE/parameter (non-NULL/nonzero or selector value requests the named branch/override),ACTIVE_OBSERVED,1,/gpfs/kjhan/lumina_runner2/logs/coevolve_consume_parity51/stdout.log:37940|/gpfs/kjhan/lumina_runner2/logs/coevolve_consume_parity51/stdout.log:91|/gpfs/kjhan/lumina_runner2/logs/coevolve_consume_parity56/stdout.log:38169|/gpfs/kjhan/lumina_runner2/logs/coevolve_consume_parity56/stdout.log:91|/gpfs/kjhan/lumina_runner2/logs/coevolve_consume_parity57/stdout.log:38936|/gpfs/kjhan/lumina_runner2/logs/coevolve_consume_parity57/stdout.log:91|/gpfs/kjhan/lumina_runner2/logs/coevolve_consume_parity58/stdout.log:38170|/gpfs/kjhan/lumina_runner2/logs/coevolve_consume_parity58/stdout.log:92|/gpfs/kjhan/lumina_runner2/logs/coevolve_consume_parity59/stdout.log:38169|/gpfs/kjhan/lumina_runner2/logs/coevolve_consume_parity59/stdout.log:92|/gpfs/kjhan/lumina_runner2/logs/coevolve_consume_parity60/stdout.log:38988|/gpfs/kjhan/lumina_runner2/logs/coevolve_consume_parity60/stdout.log:94,"coevolve_consume_parity60 (/gpfs/kjhan/lumina_runner2/logs/coevolve_consume_parity60/stdout.log:94, value=1)",scripts/run_bfdark.sh:51|scripts/run_coevolve_s01.sh:55|scripts/run_fix10.sh:51|scripts/run_fix11.sh:51|scripts/run_fix12.sh:51|scripts/run_fix13.sh:51|scripts/run_fix14.sh:51|scripts/run_fix15.sh:51|scripts/run_fix16.sh:51|scripts/run_fix17.sh:51|scripts/run_fix18.sh:51|scripts/run_fix19.sh:51|scripts/run_fix20.sh:51|scripts/run_fix21.sh:51|scripts/run_fix22.sh:51|scripts/run_fix8.sh:51|scripts/run_fix9.sh:51|scripts/run_hotdump.sh:51|scripts/run_iterdump.sh:51|scripts/run_milne1.sh:51|scripts/run_milneP.sh:51|scripts/run_recdiag.sh:51|scripts/run_repro22.sh:51|scripts/run_s40diag.sh:51|scripts/test_thenmc_bin.sh:29,COVERED,docs/RE_RE_ARTIS_CMFGEN_PARITY_DIAGNOSIS_2026-07-31.md,UNTESTED,MEDIUM,parameter/mask can alter arithmetic over multiple selected records or shells; no direct layout reconstruction identified,NO_EVIDENCE (no #if 0; repository dead_code_audit found no unreferenced non-static consumer function),required RESOLVED_CONFIG evidence unavailable (0 files); stdout RUN FOOTER used as fallback,C3_ACTIVE_OFF_UNTESTED,P0,"required: same binary/input; UNSET vs explicit neutral/OFF vs ON(shadow); byte-compare registered state, layout/table manifests, oracle outputs, RNG/event counters; ON must not commit target state"
LUMINA_BINNED_J_ESTIMATOR,src/lumina_cuda.cu:9815|src/lumina_cuda.cu:9816|src/lumina_plasma.c:817,literal getenv,unset: NULL makes the guarded named branch false; no env-requested override/action at this consumer,ON_GATE/parameter (non-NULL/nonzero or selector value requests the named branch/override),DORMANT,NONE,NONE,NONE,scripts/run_ada_lstar_diag.sh:51|scripts/slurm_aulbranch_validate.sh:205|scripts/slurm_binnedj_estimator_ab.sh:212|scripts/slurm_ddc15_a1_diffbc.sh:68|scripts/slurm_ddc15_a2_jnu.sh:77|scripts/slurm_ddc15_a2_jnu_atrad.sh:78|scripts/slurm_ddc15_a2_newton.sh:73|scripts/slurm_ddc15_a2_newton_omp.sh:76|scripts/slurm_ddc15_a2_septest.sh:77|scripts/slurm_ddc15_a2_trace.sh:77|scripts/slurm_ddc15_a2_trace0.sh:77|scripts/slurm_ddc15_a3_lstar.sh:81|scripts/slurm_ddc15_frozenin.sh:73|scripts/slurm_ddc15_frozenin_ab.sh:73|scripts/slurm_ddc15_initial.sh:99|scripts/slurm_ddc15_nefix_prof.sh:61|scripts/slurm_ddc15_radeq_ab.sh:70|scripts/slurm_ddc15_radeq_adiab.sh:78|scripts/slurm_ddc15_radeq_blanket.sh:78|scripts/slurm_ddc15_radeq_blanketdamp.sh:79|scripts/slurm_ddc15_radeq_coolfix.sh:64|scripts/slurm_ddc15_radeq_escape.sh:68|scripts/slurm_ddc15_radeq_escape_alllines.sh:68|scripts/slurm_ddc15_radeq_hybridB2.sh:76|scripts/slurm_ddc15_radeq_integralB.sh:79|scripts/slurm_ddc15_radeq_nebular.sh:78|scripts/slurm_ddc15_radeq_noswitch.sh:76|scripts/slurm_ddc15real.sh:69|scripts/slurm_downbranch_binnedj_ab.sh:213|scripts/slurm_fixtrad_fluorescence.sh:219|scripts/slurm_jcap_test.sh:213|scripts/slurm_ma_internal_cap.sh:214|scripts/slurm_macroatom_binnedj_ab.sh:224,COVERED,docs/COEVOLVE_REWIRING_PLAN.md,UNTESTED,MEDIUM,parameter/mask can alter arithmetic over multiple selected records or shells; no direct layout reconstruction identified,NO_EVIDENCE (no #if 0; repository dead_code_audit found no unreferenced non-static consumer function),required RESOLVED_CONFIG evidence unavailable (0 files); stdout RUN FOOTER used as fallback,NONE,NOT_REQUIRED_BY_C2_C3,NONE
LUMINA_BUDGET_SHELL,src/lumina_plasma.c:14680,literal getenv,unset: source comment/default states 0,ON_GATE,DORMANT,NONE,NONE,NONE,scripts/slurm_ddc15_pure_cmfgen_phase3.sh:141,UNAUDITED,NONE,UNTESTED,LOW,diagnostic/output/self-test control; may alter I/O or early exit but no production array/layout mutation identified at consumer,NO_EVIDENCE (no #if 0; repository dead_code_audit found no unreferenced non-static consumer function),required RESOLVED_CONFIG evidence unavailable (0 files); stdout RUN FOOTER used as fallback,C1_DORMANT_UNAUDITED,NOT_REQUIRED_BY_C2_C3,NONE
LUMINA_BUDGET_STAGE,src/lumina_plasma.c:14679,literal getenv,unset: source comment/default states 0,ON_GATE,DORMANT,NONE,NONE,NONE,scripts/slurm_ddc15_pure_cmfgen_phase3.sh:140,UNAUDITED,NONE,UNTESTED,LOW,diagnostic/output/self-test control; may alter I/O or early exit but no production array/layout mutation identified at consumer,NO_EVIDENCE (no #if 0; repository dead_code_audit found no unreferenced non-static consumer function),required RESOLVED_CONFIG evidence unavailable (0 files); stdout RUN FOOTER used as fallback,C1_DORMANT_UNAUDITED,NOT_REQUIRED_BY_C2_C3,NONE
LUMINA_BUDGET_Z,src/lumina_plasma.c:14678,literal getenv,unset: diagnostic/self-test branch not requested (no getenv value),ON_GATE(diagnostic),DORMANT,NONE,NONE,NONE,scripts/slurm_ddc15_pure_cmfgen_phase3.sh:139,UNAUDITED,NONE,UNTESTED,LOW,diagnostic/output/self-test control; may alter I/O or early exit but no production array/layout mutation identified at consumer,NO_EVIDENCE (no #if 0; repository dead_code_audit found no unreferenced non-static consumer function),required RESOLVED_CONFIG evidence unavailable (0 files); stdout RUN FOOTER used as fallback,C1_DORMANT_UNAUDITED,NOT_REQUIRED_BY_C2_C3,NONE
LUMINA_C1_BIN_DUMP,src/lumina_plasma.c:1190,literal getenv,unset: diagnostic/self-test branch not requested (no getenv value),ON_GATE(diagnostic),ACTIVE_OBSERVED,1,/gpfs/kjhan/lumina_runner2/logs/coevolve_consume_parity51/stdout.log:37928|/gpfs/kjhan/lumina_runner2/logs/coevolve_consume_parity51/stdout.log:79|/gpfs/kjhan/lumina_runner2/logs/coevolve_consume_parity56/stdout.log:38157|/gpfs/kjhan/lumina_runner2/logs/coevolve_consume_parity56/stdout.log:79|/gpfs/kjhan/lumina_runner2/logs/coevolve_consume_parity57/stdout.log:38924|/gpfs/kjhan/lumina_runner2/logs/coevolve_consume_parity57/stdout.log:79|/gpfs/kjhan/lumina_runner2/logs/coevolve_consume_parity58/stdout.log:38158|/gpfs/kjhan/lumina_runner2/logs/coevolve_consume_parity58/stdout.log:80|/gpfs/kjhan/lumina_runner2/logs/coevolve_consume_parity59/stdout.log:38157|/gpfs/kjhan/lumina_runner2/logs/coevolve_consume_parity59/stdout.log:80|/gpfs/kjhan/lumina_runner2/logs/coevolve_consume_parity60/stdout.log:38975|/gpfs/kjhan/lumina_runner2/logs/coevolve_consume_parity60/stdout.log:81,"coevolve_consume_parity60 (/gpfs/kjhan/lumina_runner2/logs/coevolve_consume_parity60/stdout.log:81, value=1)",scripts/launch_parity27_syn08.sh:20|scripts/launch_parity28_syn08.sh:20|scripts/launch_parity29_syn08.sh:20|scripts/launch_parity30_syn08.sh:20|scripts/launch_parity31_syn08.sh:20|scripts/launch_parity32_syn08.sh:20|scripts/launch_parity33_syn08.sh:24|scripts/launch_parity34_syn08.sh:33|scripts/launch_parity35_syn08.sh:28|scripts/launch_parity36a_base.sh:41|scripts/launch_parity36b_noskip.sh:49|scripts/launch_parity37_taudump.sh:55|scripts/launch_parity38_nofloor.sh:64|scripts/launch_parity39_baseline.sh:40|scripts/launch_parity40_tepin.sh:68|scripts/launch_parity41_sivcaiv.sh:80|scripts/launch_parity42_gphoff.sh:74|scripts/sbatch_gpu_determinism_probe_a100.sh:34|scripts/sbatch_gpu_determinism_probe_h100.sh:34|scripts/sbatch_parity27_tepin.sh:32|scripts/sbatch_parity28_binfield.sh:32,UNAUDITED,NONE,UNTESTED,LOW,diagnostic/output/self-test control; may alter I/O or early exit but no production array/layout mutation identified at consumer,NO_EVIDENCE (no #if 0; repository dead_code_audit found no unreferenced non-static consumer function),required RESOLVED_CONFIG evidence unavailable (0 files); stdout RUN FOOTER used as fallback,C3_ACTIVE_OFF_UNTESTED,P3,"required: same binary/input; UNSET vs explicit neutral/OFF vs ON(shadow); byte-compare registered state, layout/table manifests, oracle outputs, RNG/event counters; ON must not commit target state"
LUMINA_C1_DEGEN_FALLBACK,src/lumina_plasma.c:1134,literal getenv,unset: NULL makes the guarded named branch false; no env-requested override/action at this consumer,ON_GATE/parameter (non-NULL/nonzero or selector value requests the named branch/override),ACTIVE_OBSERVED,1,/gpfs/kjhan/lumina_runner2/logs/coevolve_consume_parity51/stdout.log:37916|/gpfs/kjhan/lumina_runner2/logs/coevolve_consume_parity51/stdout.log:67|/gpfs/kjhan/lumina_runner2/logs/coevolve_consume_parity56/stdout.log:38145|/gpfs/kjhan/lumina_runner2/logs/coevolve_consume_parity56/stdout.log:67|/gpfs/kjhan/lumina_runner2/logs/coevolve_consume_parity57/stdout.log:38912|/gpfs/kjhan/lumina_runner2/logs/coevolve_consume_parity57/stdout.log:67|/gpfs/kjhan/lumina_runner2/logs/coevolve_consume_parity58/stdout.log:38146|/gpfs/kjhan/lumina_runner2/logs/coevolve_consume_parity58/stdout.log:68|/gpfs/kjhan/lumina_runner2/logs/coevolve_consume_parity59/stdout.log:38145|/gpfs/kjhan/lumina_runner2/logs/coevolve_consume_parity59/stdout.log:68|/gpfs/kjhan/lumina_runner2/logs/coevolve_consume_parity60/stdout.log:38963|/gpfs/kjhan/lumina_runner2/logs/coevolve_consume_parity60/stdout.log:69,"coevolve_consume_parity60 (/gpfs/kjhan/lumina_runner2/logs/coevolve_consume_parity60/stdout.log:69, value=1)",scripts/launch_parity27_syn08.sh:16|scripts/launch_parity28_syn08.sh:16|scripts/launch_parity29_syn08.sh:16|scripts/launch_parity30_syn08.sh:16|scripts/launch_parity31_syn08.sh:16|scripts/launch_parity32_syn08.sh:16|scripts/launch_parity33_syn08.sh:20|scripts/launch_parity34_syn08.sh:29|scripts/launch_parity35_syn08.sh:24|scripts/launch_parity36a_base.sh:36|scripts/launch_parity36b_noskip.sh:44|scripts/launch_parity37_taudump.sh:50|scripts/launch_parity38_nofloor.sh:59|scripts/launch_parity39_baseline.sh:36|scripts/launch_parity40_tepin.sh:64|scripts/launch_parity41_sivcaiv.sh:76|scripts/launch_parity42_gphoff.sh:69|scripts/sbatch_gpu_determinism_probe_a100.sh:31|scripts/sbatch_gpu_determinism_probe_h100.sh:31|scripts/sbatch_parity26_diag.sh:23|scripts/sbatch_parity27_tepin.sh:28|scripts/sbatch_parity28_binfield.sh:28,UNAUDITED,NONE,UNTESTED,MEDIUM,parameter/mask can alter arithmetic over multiple selected records or shells; no direct layout reconstruction identified,NO_EVIDENCE (no #if 0; repository dead_code_audit found no unreferenced non-static consumer function),required RESOLVED_CONFIG evidence unavailable (0 files); stdout RUN FOOTER used as fallback,C3_ACTIVE_OFF_UNTESTED,P2,"required: same binary/input; UNSET vs explicit neutral/OFF vs ON(shadow); byte-compare registered state, layout/table manifests, oracle outputs, RNG/event counters; ON must not commit target state"
LUMINA_C1_SUPERBIN_TEPIN,src/lumina_plasma.c:1172,literal getenv,unset: NULL makes the guarded named branch false; no env-requested override/action at this consumer,ON_GATE/parameter (non-NULL/nonzero or selector value requests the named branch/override),ACTIVE_OBSERVED,1,/gpfs/kjhan/lumina_runner2/logs/coevolve_consume_parity51/stdout.log:37925|/gpfs/kjhan/lumina_runner2/logs/coevolve_consume_parity51/stdout.log:76|/gpfs/kjhan/lumina_runner2/logs/coevolve_consume_parity56/stdout.log:38154|/gpfs/kjhan/lumina_runner2/logs/coevolve_consume_parity56/stdout.log:76|/gpfs/kjhan/lumina_runner2/logs/coevolve_consume_parity57/stdout.log:38921|/gpfs/kjhan/lumina_runner2/logs/coevolve_consume_parity57/stdout.log:76|/gpfs/kjhan/lumina_runner2/logs/coevolve_consume_parity58/stdout.log:38155|/gpfs/kjhan/lumina_runner2/logs/coevolve_consume_parity58/stdout.log:77|/gpfs/kjhan/lumina_runner2/logs/coevolve_consume_parity59/stdout.log:38154|/gpfs/kjhan/lumina_runner2/logs/coevolve_consume_parity59/stdout.log:77|/gpfs/kjhan/lumina_runner2/logs/coevolve_consume_parity60/stdout.log:38972|/gpfs/kjhan/lumina_runner2/logs/coevolve_consume_parity60/stdout.log:78,"coevolve_consume_parity60 (/gpfs/kjhan/lumina_runner2/logs/coevolve_consume_parity60/stdout.log:78, value=1)",scripts/launch_parity27_syn08.sh:20|scripts/launch_parity28_syn08.sh:20|scripts/launch_parity29_syn08.sh:20|scripts/launch_parity30_syn08.sh:20|scripts/launch_parity31_syn08.sh:20|scripts/launch_parity32_syn08.sh:20|scripts/launch_parity33_syn08.sh:24|scripts/launch_parity34_syn08.sh:33|scripts/launch_parity35_syn08.sh:28|scripts/launch_parity36a_base.sh:41|scripts/launch_parity36b_noskip.sh:49|scripts/launch_parity37_taudump.sh:55|scripts/launch_parity38_nofloor.sh:64|scripts/launch_parity39_baseline.sh:40|scripts/launch_parity40_tepin.sh:68|scripts/launch_parity41_sivcaiv.sh:80|scripts/launch_parity42_gphoff.sh:74|scripts/sbatch_gpu_determinism_probe_a100.sh:34|scripts/sbatch_gpu_determinism_probe_h100.sh:34|scripts/sbatch_parity27_tepin.sh:32|scripts/sbatch_parity28_binfield.sh:32,UNAUDITED,NONE,UNTESTED,MEDIUM,parameter/mask can alter arithmetic over multiple selected records or shells; no direct layout reconstruction identified,NO_EVIDENCE (no #if 0; repository dead_code_audit found no unreferenced non-static consumer function),required RESOLVED_CONFIG evidence unavailable (0 files); stdout RUN FOOTER used as fallback,C3_ACTIVE_OFF_UNTESTED,P2,"required: same binary/input; UNSET vs explicit neutral/OFF vs ON(shadow); byte-compare registered state, layout/table manifests, oracle outputs, RNG/event counters; ON must not commit target state"
LUMINA_C2_BFR_DUMP,src/lumina_plasma.c:1221,literal getenv,unset: diagnostic/self-test branch not requested (no getenv value),ON_GATE(diagnostic),ACTIVE_OBSERVED,1,/gpfs/kjhan/lumina_runner2/logs/coevolve_consume_parity56/stdout.log:38123|/gpfs/kjhan/lumina_runner2/logs/coevolve_consume_parity56/stdout.log:45|/gpfs/kjhan/lumina_runner2/logs/coevolve_consume_parity57/stdout.log:38890|/gpfs/kjhan/lumina_runner2/logs/coevolve_consume_parity57/stdout.log:45|/gpfs/kjhan/lumina_runner2/logs/coevolve_consume_parity58/stdout.log:38123|/gpfs/kjhan/lumina_runner2/logs/coevolve_consume_parity58/stdout.log:45|/gpfs/kjhan/lumina_runner2/logs/coevolve_consume_parity59/stdout.log:38122|/gpfs/kjhan/lumina_runner2/logs/coevolve_consume_parity59/stdout.log:45|/gpfs/kjhan/lumina_runner2/logs/coevolve_consume_parity60/stdout.log:38940|/gpfs/kjhan/lumina_runner2/logs/coevolve_consume_parity60/stdout.log:46,"coevolve_consume_parity60 (/gpfs/kjhan/lumina_runner2/logs/coevolve_consume_parity60/stdout.log:46, value=1)",NONE,UNAUDITED,NONE,UNTESTED,LOW,diagnostic/output/self-test control; may alter I/O or early exit but no production array/layout mutation identified at consumer,NO_EVIDENCE (no #if 0; repository dead_code_audit found no unreferenced non-static consumer function),required RESOLVED_CONFIG evidence unavailable (0 files); stdout RUN FOOTER used as fallback,C3_ACTIVE_OFF_UNTESTED,P3,"required: same binary/input; UNSET vs explicit neutral/OFF vs ON(shadow); byte-compare registered state, layout/table manifests, oracle outputs, RNG/event counters; ON must not commit target state"
LUMINA_C2_MATRIX_BF,src/lumina_plasma.c:378|src/lumina_plasma.c:15551,literal + dynamic helper,unset: NULL makes the guarded named branch false; no env-requested override/action at this consumer,ON_GATE/parameter (non-NULL/nonzero or selector value requests the named branch/override),DORMANT,NONE,NONE,NONE,NONE,COVERED,docs/OPUS5_WAVE3_CODE_AUDIT.md,UNTESTED,MEDIUM,parameter/mask can alter arithmetic over multiple selected records or shells; no direct layout reconstruction identified,NO_EVIDENCE (no #if 0; repository dead_code_audit found no unreferenced non-static consumer function),required RESOLVED_CONFIG evidence unavailable (0 files); stdout RUN FOOTER used as fallback,NONE,NOT_REQUIRED_BY_C2_C3,NONE
LUMINA_CAP_FORCE_ESCAPE,src/lumina_cuda.cu:6652|src/lumina_cuda.cu:6653,literal getenv,unset: direct getenv condition is false; named branch is not entered,ON_GATE/parameter (non-NULL/nonzero or selector value requests the named branch/override),DORMANT,NONE,NONE,NONE,scripts/run_bfdark.sh:102|scripts/slurm_ddc15_initial.sh:94,UNAUDITED,NONE,UNTESTED,MEDIUM,parameter/mask can alter arithmetic over multiple selected records or shells; no direct layout reconstruction identified,NO_EVIDENCE (no #if 0; repository dead_code_audit found no unreferenced non-static consumer function),required RESOLVED_CONFIG evidence unavailable (0 files); stdout RUN FOOTER used as fallback,C1_DORMANT_UNAUDITED,NOT_REQUIRED_BY_C2_C3,NONE
LUMINA_CAP_REAL_ONLY,src/lumina_cuda.cu:6646|src/lumina_cuda.cu:6647,literal getenv,unset: direct getenv condition is false; named branch is not entered,ON_GATE/parameter (non-NULL/nonzero or selector value requests the named branch/override),DORMANT,NONE,NONE,NONE,scripts/slurm_ddc15_initial.sh:93,UNAUDITED,NONE,UNTESTED,MEDIUM,parameter/mask can alter arithmetic over multiple selected records or shells; no direct layout reconstruction identified,NO_EVIDENCE (no #if 0; repository dead_code_audit found no unreferenced non-static consumer function),required RESOLVED_CONFIG evidence unavailable (0 files); stdout RUN FOOTER used as fallback,C1_DORMANT_UNAUDITED,NOT_REQUIRED_BY_C2_C3,NONE
LUMINA_CMFGEN_ALI_ITER,src/lumina_cmfgen.c:3013|src/lumina_cmfgen.c:3074|src/lumina_cmfgen.c:3143|src/lumina_cmfgen.c:3182|src/lumina_cuda.cu:7362,literal getenv,unset: NULL makes the guarded named branch false; no env-requested override/action at this consumer,ON_GATE/parameter (non-NULL/nonzero or selector value requests the named branch/override),ACTIVE_OBSERVED,8,/gpfs/kjhan/lumina_runner2/logs/coevolve_consume_parity51/stdout.log:37906|/gpfs/kjhan/lumina_runner2/logs/coevolve_consume_parity51/stdout.log:57|/gpfs/kjhan/lumina_runner2/logs/coevolve_consume_parity56/stdout.log:38135|/gpfs/kjhan/lumina_runner2/logs/coevolve_consume_parity56/stdout.log:57|/gpfs/kjhan/lumina_runner2/logs/coevolve_consume_parity57/stdout.log:38902|/gpfs/kjhan/lumina_runner2/logs/coevolve_consume_parity57/stdout.log:57|/gpfs/kjhan/lumina_runner2/logs/coevolve_consume_parity58/stdout.log:38136|/gpfs/kjhan/lumina_runner2/logs/coevolve_consume_parity58/stdout.log:58|/gpfs/kjhan/lumina_runner2/logs/coevolve_consume_parity59/stdout.log:38135|/gpfs/kjhan/lumina_runner2/logs/coevolve_consume_parity59/stdout.log:58|/gpfs/kjhan/lumina_runner2/logs/coevolve_consume_parity60/stdout.log:38953|/gpfs/kjhan/lumina_runner2/logs/coevolve_consume_parity60/stdout.log:59,"coevolve_consume_parity60 (/gpfs/kjhan/lumina_runner2/logs/coevolve_consume_parity60/stdout.log:59, value=8)",scripts/run_baldiag.sh:17|scripts/run_bfdark.sh:23|scripts/run_boostdr.sh:17|scripts/run_capraise.sh:17|scripts/run_cnclean.sh:17|scripts/run_cndamp.sh:17|scripts/run_coevolve_s01.sh:30|scripts/run_conv16.sh:17|scripts/run_cpl1.sh:17|scripts/run_cpl20.sh:17|scripts/run_dronly.sh:17|scripts/run_etla.sh:17|scripts/run_fix10.sh:20|scripts/run_fix11.sh:20|scripts/run_fix12.sh:20|scripts/run_fix13.sh:20|scripts/run_fix14.sh:20|scripts/run_fix15.sh:20|scripts/run_fix16.sh:20|scripts/run_fix17.sh:20|scripts/run_fix18.sh:20|scripts/run_fix19.sh:20|scripts/run_fix2.sh:20|scripts/run_fix20.sh:20|scripts/run_fix21.sh:20|scripts/run_fix22.sh:20|scripts/run_fix3.sh:20|scripts/run_fix4.sh:20|scripts/run_fix5.sh:20|scripts/run_fix6.sh:20|scripts/run_fix7.sh:20|scripts/run_fix8.sh:20|scripts/run_fix9.sh:20|scripts/run_fph_diag.sh:17|scripts/run_fphbf.sh:17|scripts/run_fphdg.sh:17|scripts/run_fphval.sh:17|scripts/run_frz0.sh:17|scripts/run_hotdump.sh:20|scripts/run_hotroot.sh:17|scripts/run_ionb3.sh:17|scripts/run_ionb5x.sh:17|scripts/run_ionboost.sh:17|scripts/run_ionboost2.sh:17|scripts/run_ionchk.sh:17|scripts/run_ionnt.sh:17|scripts/run_iterdump.sh:20|scripts/run_jdump.sh:17|scripts/run_jdump_diag.sh:12|scripts/run_milne1.sh:20|scripts/run_milneP.sh:20|scripts/run_ntdr.sh:17|scripts/run_recdiag.sh:20|scripts/run_repro22.sh:20|scripts/run_rtr33.sh:17|scripts/run_rtruth.sh:17|scripts/run_s2_chk.sh:17|scripts/run_s2_dep0.sh:17|scripts/run_s2_eps.sh:17|scripts/run_s2_fph.sh:17|scripts/run_s2_fph2.sh:17|scripts/run_s2_fznt.sh:17|scripts/run_s2_nebheat.sh:17|scripts/run_s2_nolinere.sh:17|scripts/run_s2_ntxe.sh:17|scripts/run_s2_phys.sh:17|scripts/run_s40diag.sh:20|scripts/run_srcbl.sh:17|scripts/run_stage0_diag.sh:21|scripts/run_stage1_ab.sh:17|scripts/run_stage2.sh:17|scripts/run_stage3.sh:17|scripts/run_wbflr.sh:17|scripts/run_widebr.sh:17|scripts/slurm_cmf_fine_validate.sh:40|scripts/slurm_ddc15_mc_macroatom.sh:61|scripts/slurm_ddc15_pure_cmfgen.sh:54|scripts/slurm_ddc15_pure_cmfgen_phase3.sh:65|scripts/slurm_ddc15_thenmc.sh:64|scripts/test_thenmc_bin.sh:13,COVERED,docs/COEVOLVE_REWIRING_PLAN.md,UNTESTED,MEDIUM,parameter/mask can alter arithmetic over multiple selected records or shells; no direct layout reconstruction identified,NO_EVIDENCE (no #if 0; repository dead_code_audit found no unreferenced non-static consumer function),required RESOLVED_CONFIG evidence unavailable (0 files); stdout RUN FOOTER used as fallback,C3_ACTIVE_OFF_UNTESTED,P2,"required: same binary/input; UNSET vs explicit neutral/OFF vs ON(shadow); byte-compare registered state, layout/table manifests, oracle outputs, RNG/event counters; ON must not commit target state"
LUMINA_CMFGEN_ALI_MINIT,src/lumina_cmfgen.c:689,literal getenv,unset: NULL makes the guarded named branch false; no env-requested override/action at this consumer,ON_GATE/parameter (non-NULL/nonzero or selector value requests the named branch/override),DORMANT,NONE,NONE,NONE,NONE,UNAUDITED,NONE,UNTESTED,MEDIUM,parameter/mask can alter arithmetic over multiple selected records or shells; no direct layout reconstruction identified,NO_EVIDENCE (no #if 0; repository dead_code_audit found no unreferenced non-static consumer function),required RESOLVED_CONFIG evidence unavailable (0 files); stdout RUN FOOTER used as fallback,C1_DORMANT_UNAUDITED,NOT_REQUIRED_BY_C2_C3,NONE
LUMINA_CMFGEN_ALI_TOL,src/lumina_cmfgen.c:684,literal getenv,unset: NULL makes the guarded named branch false; no env-requested override/action at this consumer,ON_GATE/parameter (non-NULL/nonzero or selector value requests the named branch/override),DORMANT,NONE,NONE,NONE,NONE,UNAUDITED,NONE,UNTESTED,MEDIUM,parameter/mask can alter arithmetic over multiple selected records or shells; no direct layout reconstruction identified,NO_EVIDENCE (no #if 0; repository dead_code_audit found no unreferenced non-static consumer function),required RESOLVED_CONFIG evidence unavailable (0 files); stdout RUN FOOTER used as fallback,C1_DORMANT_UNAUDITED,NOT_REQUIRED_BY_C2_C3,NONE
LUMINA_CMFGEN_CELLDIAG,src/lumina_cmfgen.c:705,literal getenv,unset: source comment/default states 1.0,ON_GATE(parameter),DORMANT,NONE,NONE,NONE,scripts/slurm_ddc15_pure_cmfgen.sh:55,UNAUDITED,NONE,UNTESTED,LOW,diagnostic/output/self-test control; may alter I/O or early exit but no production array/layout mutation identified at consumer,NO_EVIDENCE (no #if 0; repository dead_code_audit found no unreferenced non-static consumer function),required RESOLVED_CONFIG evidence unavailable (0 files); stdout RUN FOOTER used as fallback,C1_DORMANT_UNAUDITED,NOT_REQUIRED_BY_C2_C3,NONE
LUMINA_CMFGEN_COLOR_BANDS,src/lumina_cmfgen.c:827,literal getenv,unset: NULL makes the guarded named branch false; no env-requested override/action at this consumer,ON_GATE/parameter (non-NULL/nonzero or selector value requests the named branch/override),DORMANT,NONE,NONE,NONE,NONE,UNAUDITED,NONE,UNTESTED,MEDIUM,parameter/mask can alter arithmetic over multiple selected records or shells; no direct layout reconstruction identified,NO_EVIDENCE (no #if 0; repository dead_code_audit found no unreferenced non-static consumer function),required RESOLVED_CONFIG evidence unavailable (0 files); stdout RUN FOOTER used as fallback,C1_DORMANT_UNAUDITED,NOT_REQUIRED_BY_C2_C3,NONE
LUMINA_CMFGEN_EPS_CAP,src/lumina_cmfgen.c:193,literal getenv,unset: NULL makes the guarded named branch false; no env-requested override/action at this consumer,ON_GATE/parameter (non-NULL/nonzero or selector value requests the named branch/override),DORMANT,NONE,NONE,NONE,NONE,UNAUDITED,NONE,UNTESTED,MEDIUM,parameter/mask can alter arithmetic over multiple selected records or shells; no direct layout reconstruction identified,NO_EVIDENCE (no #if 0; repository dead_code_audit found no unreferenced non-static consumer function),required RESOLVED_CONFIG evidence unavailable (0 files); stdout RUN FOOTER used as fallback,C1_DORMANT_UNAUDITED,NOT_REQUIRED_BY_C2_C3,NONE
LUMINA_CMFGEN_EPS_FLOOR,src/lumina_cmfgen.c:191,literal getenv,unset: NULL makes the guarded named branch false; no env-requested override/action at this consumer,ON_GATE/parameter (non-NULL/nonzero or selector value requests the named branch/override),DORMANT,NONE,NONE,NONE,NONE,UNAUDITED,NONE,UNTESTED,MEDIUM,parameter/mask can alter arithmetic over multiple selected records or shells; no direct layout reconstruction identified,NO_EVIDENCE (no #if 0; repository dead_code_audit found no unreferenced non-static consumer function),required RESOLVED_CONFIG evidence unavailable (0 files); stdout RUN FOOTER used as fallback,C1_DORMANT_UNAUDITED,NOT_REQUIRED_BY_C2_C3,NONE
LUMINA_CMFGEN_FEATURE_Z,src/lumina_cuda.cu:8853,literal getenv,unset: NULL makes the guarded named branch false; no env-requested override/action at this consumer,ON_GATE/parameter (non-NULL/nonzero or selector value requests the named branch/override),DORMANT,NONE,NONE,NONE,scripts/slurm_ddc15_pure_cmfgen_phase3.sh:124,UNAUDITED,NONE,UNTESTED,MEDIUM,parameter/mask can alter arithmetic over multiple selected records or shells; no direct layout reconstruction identified,NO_EVIDENCE (no #if 0; repository dead_code_audit found no unreferenced non-static consumer function),required RESOLVED_CONFIG evidence unavailable (0 files); stdout RUN FOOTER used as fallback,C1_DORMANT_UNAUDITED,NOT_REQUIRED_BY_C2_C3,NONE
LUMINA_CMFGEN_FROZEN_ALI,src/lumina_cuda.cu:8806,literal getenv,unset: source ternary selects fallback expression `(n_ali > 60 ? n_ali : 60)`,ON_GATE/parameter (non-NULL/nonzero or selector value requests the named branch/override),ACTIVE_OBSERVED,60,/gpfs/kjhan/lumina_runner2/logs/coevolve_consume_parity51/stdout.log:23|/gpfs/kjhan/lumina_runner2/logs/coevolve_consume_parity51/stdout.log:37872|/gpfs/kjhan/lumina_runner2/logs/coevolve_consume_parity56/stdout.log:23|/gpfs/kjhan/lumina_runner2/logs/coevolve_consume_parity56/stdout.log:38101|/gpfs/kjhan/lumina_runner2/logs/coevolve_consume_parity57/stdout.log:23|/gpfs/kjhan/lumina_runner2/logs/coevolve_consume_parity57/stdout.log:38868|/gpfs/kjhan/lumina_runner2/logs/coevolve_consume_parity58/stdout.log:23|/gpfs/kjhan/lumina_runner2/logs/coevolve_consume_parity58/stdout.log:38101|/gpfs/kjhan/lumina_runner2/logs/coevolve_consume_parity59/stdout.log:23|/gpfs/kjhan/lumina_runner2/logs/coevolve_consume_parity59/stdout.log:38100|/gpfs/kjhan/lumina_runner2/logs/coevolve_consume_parity60/stdout.log:23|/gpfs/kjhan/lumina_runner2/logs/coevolve_consume_parity60/stdout.log:38917,"coevolve_consume_parity60 (/gpfs/kjhan/lumina_runner2/logs/coevolve_consume_parity60/stdout.log:38917, value=60)",scripts/run_baldiag.sh:31|scripts/run_bfdark.sh:37|scripts/run_boostdr.sh:34|scripts/run_capraise.sh:31|scripts/run_cnclean.sh:31|scripts/run_cndamp.sh:31|scripts/run_coevolve_s01.sh:51|scripts/run_conv16.sh:31|scripts/run_cpl1.sh:31|scripts/run_cpl20.sh:31|scripts/run_dronly.sh:31|scripts/run_etla.sh:31|scripts/run_fix10.sh:34|scripts/run_fix11.sh:34|scripts/run_fix12.sh:34|scripts/run_fix13.sh:34|scripts/run_fix14.sh:34|scripts/run_fix15.sh:34|scripts/run_fix16.sh:34|scripts/run_fix17.sh:34|scripts/run_fix18.sh:34|scripts/run_fix19.sh:34|scripts/run_fix2.sh:34|scripts/run_fix20.sh:34|scripts/run_fix21.sh:34|scripts/run_fix22.sh:34|scripts/run_fix3.sh:34|scripts/run_fix4.sh:34|scripts/run_fix5.sh:34|scripts/run_fix6.sh:34|scripts/run_fix7.sh:34|scripts/run_fix8.sh:34|scripts/run_fix9.sh:34|scripts/run_fph_diag.sh:31|scripts/run_fphbf.sh:31|scripts/run_fphdg.sh:31|scripts/run_fphval.sh:31|scripts/run_frz0.sh:31|scripts/run_hotdump.sh:34|scripts/run_hotroot.sh:31|scripts/run_ionb3.sh:33|scripts/run_ionb5x.sh:33|scripts/run_ionboost.sh:31|scripts/run_ionboost2.sh:31|scripts/run_ionchk.sh:31|scripts/run_ionnt.sh:31|scripts/run_iterdump.sh:34|scripts/run_jdump.sh:31|scripts/run_jdump_diag.sh:25|scripts/run_milne1.sh:34|scripts/run_milneP.sh:34|scripts/run_ntdr.sh:33|scripts/run_recdiag.sh:34|scripts/run_repro22.sh:34|scripts/run_rtr33.sh:31|scripts/run_rtruth.sh:31|scripts/run_s2_chk.sh:31|scripts/run_s2_dep0.sh:31|scripts/run_s2_eps.sh:31|scripts/run_s2_fph.sh:31|scripts/run_s2_fph2.sh:31|scripts/run_s2_fznt.sh:31|scripts/run_s2_nebheat.sh:31|scripts/run_s2_nolinere.sh:31|scripts/run_s2_ntxe.sh:31|scripts/run_s2_phys.sh:31|scripts/run_s40diag.sh:34|scripts/run_srcbl.sh:31|scripts/run_stage0_diag.sh:35|scripts/run_stage1_ab.sh:31|scripts/run_stage2.sh:31|scripts/run_stage3.sh:32|scripts/run_wbflr.sh:33|scripts/run_widebr.sh:31|scripts/slurm_ddc15_pure_cmfgen_phase3.sh:121|scripts/test_thenmc_bin.sh:25,UNAUDITED,NONE,UNTESTED,MEDIUM,parameter/mask can alter arithmetic over multiple selected records or shells; no direct layout reconstruction identified,NO_EVIDENCE (no #if 0; repository dead_code_audit found no unreferenced non-static consumer function),required RESOLVED_CONFIG evidence unavailable (0 files); stdout RUN FOOTER used as fallback,C3_ACTIVE_OFF_UNTESTED,P2,"required: same binary/input; UNSET vs explicit neutral/OFF vs ON(shadow); byte-compare registered state, layout/table manifests, oracle outputs, RNG/event counters; ON must not commit target state"
LUMINA_CMFGEN_FROZEN_CONT,src/lumina_cuda.cu:8816,literal getenv,unset: source ternary selects fallback expression `1`,ON_GATE/parameter (non-NULL/nonzero or selector value requests the named branch/override),ACTIVE_OBSERVED,1,/gpfs/kjhan/lumina_runner2/logs/coevolve_consume_parity51/stdout.log:37887|/gpfs/kjhan/lumina_runner2/logs/coevolve_consume_parity51/stdout.log:38|/gpfs/kjhan/lumina_runner2/logs/coevolve_consume_parity56/stdout.log:38|/gpfs/kjhan/lumina_runner2/logs/coevolve_consume_parity56/stdout.log:38116|/gpfs/kjhan/lumina_runner2/logs/coevolve_consume_parity57/stdout.log:38|/gpfs/kjhan/lumina_runner2/logs/coevolve_consume_parity57/stdout.log:38883|/gpfs/kjhan/lumina_runner2/logs/coevolve_consume_parity58/stdout.log:38|/gpfs/kjhan/lumina_runner2/logs/coevolve_consume_parity58/stdout.log:38116|/gpfs/kjhan/lumina_runner2/logs/coevolve_consume_parity59/stdout.log:38|/gpfs/kjhan/lumina_runner2/logs/coevolve_consume_parity59/stdout.log:38115|/gpfs/kjhan/lumina_runner2/logs/coevolve_consume_parity60/stdout.log:38933|/gpfs/kjhan/lumina_runner2/logs/coevolve_consume_parity60/stdout.log:39,"coevolve_consume_parity60 (/gpfs/kjhan/lumina_runner2/logs/coevolve_consume_parity60/stdout.log:39, value=1)",scripts/run_baldiag.sh:31|scripts/run_bfdark.sh:37|scripts/run_boostdr.sh:34|scripts/run_capraise.sh:31|scripts/run_cnclean.sh:31|scripts/run_cndamp.sh:31|scripts/run_coevolve_s01.sh:51|scripts/run_conv16.sh:31|scripts/run_cpl1.sh:31|scripts/run_cpl20.sh:31|scripts/run_dronly.sh:31|scripts/run_etla.sh:31|scripts/run_fix10.sh:34|scripts/run_fix11.sh:34|scripts/run_fix12.sh:34|scripts/run_fix13.sh:34|scripts/run_fix14.sh:34|scripts/run_fix15.sh:34|scripts/run_fix16.sh:34|scripts/run_fix17.sh:34|scripts/run_fix18.sh:34|scripts/run_fix19.sh:34|scripts/run_fix2.sh:34|scripts/run_fix20.sh:34|scripts/run_fix21.sh:34|scripts/run_fix22.sh:34|scripts/run_fix3.sh:34|scripts/run_fix4.sh:34|scripts/run_fix5.sh:34|scripts/run_fix6.sh:34|scripts/run_fix7.sh:34|scripts/run_fix8.sh:34|scripts/run_fix9.sh:34|scripts/run_fph_diag.sh:31|scripts/run_fphbf.sh:31|scripts/run_fphdg.sh:31|scripts/run_fphval.sh:31|scripts/run_frz0.sh:31|scripts/run_hotdump.sh:34|scripts/run_hotroot.sh:31|scripts/run_ionb3.sh:33|scripts/run_ionb5x.sh:33|scripts/run_ionboost.sh:31|scripts/run_ionboost2.sh:31|scripts/run_ionchk.sh:31|scripts/run_ionnt.sh:31|scripts/run_iterdump.sh:34|scripts/run_jdump.sh:31|scripts/run_jdump_diag.sh:25|scripts/run_milne1.sh:34|scripts/run_milneP.sh:34|scripts/run_ntdr.sh:33|scripts/run_recdiag.sh:34|scripts/run_repro22.sh:34|scripts/run_rtr33.sh:31|scripts/run_rtruth.sh:31|scripts/run_s2_chk.sh:31|scripts/run_s2_dep0.sh:31|scripts/run_s2_eps.sh:31|scripts/run_s2_fph.sh:31|scripts/run_s2_fph2.sh:31|scripts/run_s2_fznt.sh:31|scripts/run_s2_nebheat.sh:31|scripts/run_s2_nolinere.sh:31|scripts/run_s2_ntxe.sh:31|scripts/run_s2_phys.sh:31|scripts/run_s40diag.sh:34|scripts/run_srcbl.sh:31|scripts/run_stage0_diag.sh:35|scripts/run_stage1_ab.sh:31|scripts/run_stage2.sh:31|scripts/run_stage3.sh:32|scripts/run_wbflr.sh:33|scripts/run_widebr.sh:31|scripts/slurm_ddc15_pure_cmfgen_phase3.sh:122|scripts/test_thenmc_bin.sh:25,UNAUDITED,NONE,UNTESTED,MEDIUM,parameter/mask can alter arithmetic over multiple selected records or shells; no direct layout reconstruction identified,NO_EVIDENCE (no #if 0; repository dead_code_audit found no unreferenced non-static consumer function),required RESOLVED_CONFIG evidence unavailable (0 files); stdout RUN FOOTER used as fallback,C3_ACTIVE_OFF_UNTESTED,P2,"required: same binary/input; UNSET vs explicit neutral/OFF vs ON(shadow); byte-compare registered state, layout/table manifests, oracle outputs, RNG/event counters; ON must not commit target state"
LUMINA_CMFGEN_FROZEN_EPS,src/lumina_cuda.cu:8803,literal getenv,unset: NULL makes the guarded named branch false; no env-requested override/action at this consumer,ON_GATE/parameter (non-NULL/nonzero or selector value requests the named branch/override),DORMANT,NONE,NONE,NONE,scripts/slurm_ddc15_pure_cmfgen_phase3.sh:120,UNAUDITED,NONE,UNTESTED,MEDIUM,parameter/mask can alter arithmetic over multiple selected records or shells; no direct layout reconstruction identified,NO_EVIDENCE (no #if 0; repository dead_code_audit found no unreferenced non-static consumer function),required RESOLVED_CONFIG evidence unavailable (0 files); stdout RUN FOOTER used as fallback,C1_DORMANT_UNAUDITED,NOT_REQUIRED_BY_C2_C3,NONE
LUMINA_CMFGEN_FROZEN_FEATURE_ONLY,src/lumina_cuda.cu:8850,literal getenv,unset: NULL makes the guarded named branch false; no env-requested override/action at this consumer,ON_GATE/parameter (non-NULL/nonzero or selector value requests the named branch/override),DORMANT,NONE,NONE,NONE,scripts/slurm_ddc15_pure_cmfgen_phase3.sh:123,UNAUDITED,NONE,UNTESTED,MEDIUM,parameter/mask can alter arithmetic over multiple selected records or shells; no direct layout reconstruction identified,NO_EVIDENCE (no #if 0; repository dead_code_audit found no unreferenced non-static consumer function),required RESOLVED_CONFIG evidence unavailable (0 files); stdout RUN FOOTER used as fallback,C1_DORMANT_UNAUDITED,NOT_REQUIRED_BY_C2_C3,NONE
LUMINA_CMFGEN_FROZEN_MORPH,src/lumina_cuda.cu:8800,literal getenv,unset: NULL makes the guarded named branch false; no env-requested override/action at this consumer,ON_GATE/parameter (non-NULL/nonzero or selector value requests the named branch/override),DORMANT,NONE,NONE,NONE,scripts/slurm_ddc15_pure_cmfgen_phase3.sh:119,UNAUDITED,NONE,UNTESTED,MEDIUM,parameter/mask can alter arithmetic over multiple selected records or shells; no direct layout reconstruction identified,NO_EVIDENCE (no #if 0; repository dead_code_audit found no unreferenced non-static consumer function),required RESOLVED_CONFIG evidence unavailable (0 files); stdout RUN FOOTER used as fallback,C1_DORMANT_UNAUDITED,NOT_REQUIRED_BY_C2_C3,NONE
LUMINA_CMFGEN_JDUMP,src/lumina_cmfgen.c:935,literal getenv,unset: diagnostic/self-test branch not requested (no getenv value),ON_GATE(diagnostic),DORMANT,NONE,NONE,NONE,scripts/c2a_escape_surface.py:8|scripts/run_bfdark.sh:62|scripts/run_hotdump.sh:54|scripts/run_iterdump.sh:54|scripts/run_jdump.sh:42|scripts/run_jdump_diag.sh:30|scripts/run_recdiag.sh:56,COVERED,docs/CODEX_STAGE3_1_CMF_FIELD_DESIGN_2026-08-01.md;docs/PCYGNI_SCATTERING_SOURCE_DESIGN.md,UNTESTED,LOW,diagnostic/output/self-test control; may alter I/O or early exit but no production array/layout mutation identified at consumer,NO_EVIDENCE (no #if 0; repository dead_code_audit found no unreferenced non-static consumer function),required RESOLVED_CONFIG evidence unavailable (0 files); stdout RUN FOOTER used as fallback,NONE,NOT_REQUIRED_BY_C2_C3,NONE
LUMINA_CMFGEN_LAMBDA_TRI,src/lumina_cmfgen.c:682,literal getenv,unset: NULL makes the guarded named branch false; no env-requested override/action at this consumer,ON_GATE/parameter (non-NULL/nonzero or selector value requests the named branch/override),DORMANT,NONE,NONE,NONE,NONE,UNAUDITED,NONE,UNTESTED,MEDIUM,parameter/mask can alter arithmetic over multiple selected records or shells; no direct layout reconstruction identified,NO_EVIDENCE (no #if 0; repository dead_code_audit found no unreferenced non-static consumer function),required RESOLVED_CONFIG evidence unavailable (0 files); stdout RUN FOOTER used as fallback,C1_DORMANT_UNAUDITED,NOT_REQUIRED_BY_C2_C3,NONE
LUMINA_CMFGEN_LINE_EPS,src/lumina_cmfgen.c:263|src/lumina_plasma.c:13093,literal getenv,unset: NULL makes the guarded named branch false; no env-requested override/action at this consumer,ON_GATE/parameter (non-NULL/nonzero or selector value requests the named branch/override),DORMANT,NONE,NONE,NONE,NONE,COVERED,docs/PCYGNI_SCATTERING_SOURCE_DESIGN.md,UNTESTED,MEDIUM,parameter/mask can alter arithmetic over multiple selected records or shells; no direct layout reconstruction identified,NO_EVIDENCE (no #if 0; repository dead_code_audit found no unreferenced non-static consumer function),required RESOLVED_CONFIG evidence unavailable (0 files); stdout RUN FOOTER used as fallback,NONE,NOT_REQUIRED_BY_C2_C3,NONE
LUMINA_CMFGEN_LINE_EPS_GATE,src/lumina_cmfgen.c:265,literal getenv,unset: NULL makes the guarded named branch false; no env-requested override/action at this consumer,ON_GATE/parameter (non-NULL/nonzero or selector value requests the named branch/override),DORMANT,NONE,NONE,NONE,NONE,UNAUDITED,NONE,UNTESTED,MEDIUM,parameter/mask can alter arithmetic over multiple selected records or shells; no direct layout reconstruction identified,NO_EVIDENCE (no #if 0; repository dead_code_audit found no unreferenced non-static consumer function),required RESOLVED_CONFIG evidence unavailable (0 files); stdout RUN FOOTER used as fallback,C1_DORMANT_UNAUDITED,NOT_REQUIRED_BY_C2_C3,NONE
LUMINA_CMFGEN_LINE_EPS_PHYS,src/lumina_cmfgen.c:189|src/lumina_plasma.c:13095,literal getenv,unset: NULL makes the guarded named branch false; no env-requested override/action at this consumer,ON_GATE/parameter (non-NULL/nonzero or selector value requests the named branch/override),ACTIVE_OBSERVED,1,/gpfs/kjhan/lumina_runner2/logs/coevolve_consume_parity51/stdout.log:15|/gpfs/kjhan/lumina_runner2/logs/coevolve_consume_parity51/stdout.log:37864|/gpfs/kjhan/lumina_runner2/logs/coevolve_consume_parity56/stdout.log:15|/gpfs/kjhan/lumina_runner2/logs/coevolve_consume_parity56/stdout.log:38093|/gpfs/kjhan/lumina_runner2/logs/coevolve_consume_parity57/stdout.log:15|/gpfs/kjhan/lumina_runner2/logs/coevolve_consume_parity57/stdout.log:38860|/gpfs/kjhan/lumina_runner2/logs/coevolve_consume_parity58/stdout.log:15|/gpfs/kjhan/lumina_runner2/logs/coevolve_consume_parity58/stdout.log:38093|/gpfs/kjhan/lumina_runner2/logs/coevolve_consume_parity59/stdout.log:15|/gpfs/kjhan/lumina_runner2/logs/coevolve_consume_parity59/stdout.log:38092|/gpfs/kjhan/lumina_runner2/logs/coevolve_consume_parity60/stdout.log:15|/gpfs/kjhan/lumina_runner2/logs/coevolve_consume_parity60/stdout.log:38909,"coevolve_consume_parity60 (/gpfs/kjhan/lumina_runner2/logs/coevolve_consume_parity60/stdout.log:38909, value=1)",scripts/run_baldiag.sh:34|scripts/run_bfdark.sh:40|scripts/run_boostdr.sh:37|scripts/run_capraise.sh:34|scripts/run_cnclean.sh:34|scripts/run_cndamp.sh:34|scripts/run_coevolve_s01.sh:53|scripts/run_conv16.sh:34|scripts/run_cpl1.sh:34|scripts/run_cpl20.sh:34|scripts/run_dronly.sh:34|scripts/run_etla.sh:34|scripts/run_fix10.sh:37|scripts/run_fix11.sh:37|scripts/run_fix12.sh:37|scripts/run_fix13.sh:37|scripts/run_fix14.sh:37|scripts/run_fix15.sh:37|scripts/run_fix16.sh:37|scripts/run_fix17.sh:37|scripts/run_fix18.sh:37|scripts/run_fix19.sh:37|scripts/run_fix2.sh:37|scripts/run_fix20.sh:37|scripts/run_fix21.sh:37|scripts/run_fix22.sh:37|scripts/run_fix3.sh:37|scripts/run_fix4.sh:37|scripts/run_fix5.sh:37|scripts/run_fix6.sh:37|scripts/run_fix7.sh:37|scripts/run_fix8.sh:37|scripts/run_fix9.sh:37|scripts/run_fph_diag.sh:34|scripts/run_fphbf.sh:34|scripts/run_fphdg.sh:34|scripts/run_fphval.sh:34|scripts/run_frz0.sh:34|scripts/run_hotdump.sh:37|scripts/run_hotroot.sh:34|scripts/run_ionb3.sh:36|scripts/run_ionb5x.sh:36|scripts/run_ionboost.sh:34|scripts/run_ionboost2.sh:34|scripts/run_ionchk.sh:34|scripts/run_ionnt.sh:34|scripts/run_iterdump.sh:37|scripts/run_jdump.sh:34|scripts/run_milne1.sh:37|scripts/run_milneP.sh:37|scripts/run_ntdr.sh:36|scripts/run_recdiag.sh:37|scripts/run_repro22.sh:37|scripts/run_rtr33.sh:34|scripts/run_rtruth.sh:34|scripts/run_s2_chk.sh:34|scripts/run_s2_eps.sh:34|scripts/run_s2_fph.sh:34|scripts/run_s2_fph2.sh:34|scripts/run_s2_fznt.sh:34|scripts/run_s2_nebheat.sh:34|scripts/run_s2_nolinere.sh:34|scripts/run_s2_ntxe.sh:34|scripts/run_s2_phys.sh:34|scripts/run_s40diag.sh:37|scripts/run_srcbl.sh:34|scripts/run_wbflr.sh:36|scripts/run_widebr.sh:34|scripts/test_thenmc_bin.sh:26,UNAUDITED,NONE,UNTESTED,MEDIUM,parameter/mask can alter arithmetic over multiple selected records or shells; no direct layout reconstruction identified,NO_EVIDENCE (no #if 0; repository dead_code_audit found no unreferenced non-static consumer function),required RESOLVED_CONFIG evidence unavailable (0 files); stdout RUN FOOTER used as fallback,C3_ACTIVE_OFF_UNTESTED,P2,"required: same binary/input; UNSET vs explicit neutral/OFF vs ON(shadow); byte-compare registered state, layout/table manifests, oracle outputs, RNG/event counters; ON must not commit target state"
LUMINA_CMFGEN_LINE_EPS_UV,src/lumina_cmfgen.c:202|src/lumina_plasma.c:10981|src/lumina_plasma.c:11139,literal getenv,unset: NULL makes the guarded named branch false; no env-requested override/action at this consumer,ON_GATE/parameter (non-NULL/nonzero or selector value requests the named branch/override),DORMANT,NONE,NONE,NONE,NONE,COVERED,docs/PCYGNI_SCATTERING_SOURCE_DESIGN.md,UNTESTED,MEDIUM,parameter/mask can alter arithmetic over multiple selected records or shells; no direct layout reconstruction identified,NO_EVIDENCE (no #if 0; repository dead_code_audit found no unreferenced non-static consumer function),required RESOLVED_CONFIG evidence unavailable (0 files); stdout RUN FOOTER used as fallback,NONE,NOT_REQUIRED_BY_C2_C3,NONE
LUMINA_CMFGEN_SIGMA_BF,src/lumina_cuda.cu:6421|src/lumina_main.c:129,literal getenv,unset: NULL makes the guarded named branch false; no env-requested override/action at this consumer,ON_GATE/parameter (non-NULL/nonzero or selector value requests the named branch/override),ACTIVE_OBSERVED,data/tardis_reference_toy06_19p48d_sivcaiv/cmfgen_sigma_bf.bin,/gpfs/kjhan/lumina_runner2/logs/coevolve_consume_parity51/stdout.log:37918|/gpfs/kjhan/lumina_runner2/logs/coevolve_consume_parity51/stdout.log:69|/gpfs/kjhan/lumina_runner2/logs/coevolve_consume_parity56/stdout.log:38147|/gpfs/kjhan/lumina_runner2/logs/coevolve_consume_parity56/stdout.log:69|/gpfs/kjhan/lumina_runner2/logs/coevolve_consume_parity57/stdout.log:38914|/gpfs/kjhan/lumina_runner2/logs/coevolve_consume_parity57/stdout.log:69|/gpfs/kjhan/lumina_runner2/logs/coevolve_consume_parity58/stdout.log:38148|/gpfs/kjhan/lumina_runner2/logs/coevolve_consume_parity58/stdout.log:70|/gpfs/kjhan/lumina_runner2/logs/coevolve_consume_parity59/stdout.log:38147|/gpfs/kjhan/lumina_runner2/logs/coevolve_consume_parity59/stdout.log:70|/gpfs/kjhan/lumina_runner2/logs/coevolve_consume_parity60/stdout.log:38965|/gpfs/kjhan/lumina_runner2/logs/coevolve_consume_parity60/stdout.log:71,"coevolve_consume_parity60 (/gpfs/kjhan/lumina_runner2/logs/coevolve_consume_parity60/stdout.log:71, value=data/tardis_reference_toy06_19p48d_sivcaiv/cmfgen_sigma_bf.bin)",scripts/grid_emit_joint_stage1.sh:34|scripts/run_ada_lstar_diag.sh:26|scripts/run_baldiag.sh:18|scripts/run_bfdark.sh:24|scripts/run_boostdr.sh:18|scripts/run_capraise.sh:18|scripts/run_cnclean.sh:18|scripts/run_cndamp.sh:18|scripts/run_coevolve_s01.sh:31|scripts/run_conv16.sh:18|scripts/run_cpl1.sh:18|scripts/run_cpl20.sh:18|scripts/run_dronly.sh:18|scripts/run_etla.sh:18|scripts/run_fix10.sh:21|scripts/run_fix11.sh:21|scripts/run_fix12.sh:21|scripts/run_fix13.sh:21|scripts/run_fix14.sh:21|scripts/run_fix15.sh:21|scripts/run_fix16.sh:21|scripts/run_fix17.sh:21|scripts/run_fix18.sh:21|scripts/run_fix19.sh:21|scripts/run_fix2.sh:21|scripts/run_fix20.sh:21|scripts/run_fix21.sh:21|scripts/run_fix22.sh:21|scripts/run_fix3.sh:21|scripts/run_fix4.sh:21|scripts/run_fix5.sh:21|scripts/run_fix6.sh:21|scripts/run_fix7.sh:21|scripts/run_fix8.sh:21|scripts/run_fix9.sh:21|scripts/run_fph_diag.sh:18|scripts/run_fphbf.sh:18|scripts/run_fphdg.sh:18|scripts/run_fphval.sh:18|scripts/run_frz0.sh:18|scripts/run_hotdump.sh:21|scripts/run_hotroot.sh:18|scripts/run_ionb3.sh:18|scripts/run_ionb5x.sh:18|scripts/run_ionboost.sh:18|scripts/run_ionboost2.sh:18|scripts/run_ionchk.sh:18|scripts/run_ionnt.sh:18|scripts/run_iterdump.sh:21|scripts/run_jdump.sh:18|scripts/run_jdump_diag.sh:13|scripts/run_milne1.sh:21|scripts/run_milneP.sh:21|scripts/run_ntdr.sh:18|scripts/run_recdiag.sh:21|scripts/run_repro22.sh:21|scripts/run_rtr33.sh:18|scripts/run_rtruth.sh:18|scripts/run_s2_chk.sh:18|scripts/run_s2_dep0.sh:18|scripts/run_s2_eps.sh:18|scripts/run_s2_fph.sh:18|scripts/run_s2_fph2.sh:18|scripts/run_s2_fznt.sh:18|scripts/run_s2_nebheat.sh:18|scripts/run_s2_nolinere.sh:18|scripts/run_s2_ntxe.sh:18|scripts/run_s2_phys.sh:18|scripts/run_s40diag.sh:21|scripts/run_srcbl.sh:18|scripts/run_stage0_diag.sh:22|scripts/run_stage1_ab.sh:18|scripts/run_stage2.sh:18|scripts/run_stage3.sh:18|scripts/run_toy.sh:14|scripts/run_toy_both.sh:10|scripts/run_toy_mc.sh:10|scripts/run_wbflr.sh:18|scripts/run_widebr.sh:18|scripts/slurm_aulbranch_validate.sh:197|scripts/slurm_binnedj_estimator_ab.sh:205|scripts/slurm_cefix_smoke.sh:37|scripts/slurm_cmf_fine_validate.sh:42|scripts/slurm_ddc15_223_ionlock_smoke.sh:181|scripts/slurm_ddc15_223_perionresc_smoke.sh:176|scripts/slurm_ddc15_A1_eps_fine.sh:175|scripts/slurm_ddc15_A1b_eps_dense.sh:175|scripts/slurm_ddc15_A1c_eps_top.sh:173|scripts/slurm_ddc15_A1d_e1p00_mcvar.sh:176|scripts/slurm_ddc15_A1e_e0p70_mcvar.sh:177|scripts/slurm_ddc15_A2_s2W.sh:190|scripts/slurm_ddc15_A4.sh:174|scripts/slurm_ddc15_A5.sh:177|scripts/slurm_ddc15_C1_xTi.sh:164|scripts/slurm_ddc15_C2_xFeOuter.sh:168|scripts/slurm_ddc15_D1_Linner.sh:164|scripts/slurm_ddc15_F1_oskip.sh:163|scripts/slurm_ddc15_FI_ablation.sh:183|scripts/slurm_ddc15_FI_prod.sh:177|scripts/slurm_ddc15_G1_xFeInner.sh:175|scripts/slurm_ddc15_H1_epsUV.sh:167|scripts/slurm_ddc15_H1b_epsUV_knee.sh:164|scripts/slurm_ddc15_H1p_production.sh:168|scripts/slurm_ddc15_H2_epsUVred.sh:165|scripts/slurm_ddc15_H2p_redonly.sh:181|scripts/slurm_ddc15_H3_fate_attribution.sh:161|scripts/slurm_ddc15_I1_NiII_UVidown.sh:166|scripts/slurm_ddc15_J1_SiII_UVidown.sh:168|scripts/slurm_ddc15_K1_NiII_Aul.sh:169|scripts/slurm_ddc15_K1b_NiII_Aul_strong.sh:168|scripts/slurm_ddc15_KL1_stack.sh:177|scripts/slurm_ddc15_L1_SiII_Aul.sh:170|scripts/slurm_ddc15_M1_FeII_Aul.sh:169|scripts/slurm_ddc15_N1_KLM_stack.sh:178|scripts/slurm_ddc15_O1_CoCr_stack.sh:181|scripts/slurm_ddc15_P1_FeCo_push.sh:176|scripts/slurm_ddc15_P2_FeCo_stack.sh:175|scripts/slurm_ddc15_Q1_eps_uv_on_stack.sh:178|scripts/slurm_ddc15_Q1b_lambdamin_iron3_red.sh:179|scripts/slurm_ddc15_Q1c_lambdamin_wide.sh:174|scripts/slurm_ddc15_R1_eps_uv_2step.sh:182|scripts/slurm_ddc15_R2_aszeta.sh:183|scripts/slurm_ddc15_S1_siII_opt_aul.sh:184|scripts/slurm_ddc15_S2_siII_opt_finer.sh:180|scripts/slurm_ddc15_T1_s1_h2_stack.sh:185|scripts/slurm_ddc15_U1_feII_opt_aul.sh:185|scripts/slurm_ddc15_U1_ni2_opt.sh:185|scripts/slurm_ddc15_V1_c2_h1b_prod.sh:174|scripts/slurm_ddc15_W1_ca2_boost.sh:181|scripts/slurm_ddc15_X1_u1f005_ca2.sh:176|scripts/slurm_ddc15_a1_diffbc.sh:49|scripts/slurm_ddc15_a2_jnu.sh:53|scripts/slurm_ddc15_a2_jnu_atrad.sh:53|scripts/slurm_ddc15_a2_newton.sh:51|scripts/slurm_ddc15_a2_newton_omp.sh:53|scripts/slurm_ddc15_a2_septest.sh:53|scripts/slurm_ddc15_a2_trace.sh:53|scripts/slurm_ddc15_a2_trace0.sh:53|scripts/slurm_ddc15_a3_lstar.sh:52|scripts/slurm_ddc15_frozenin.sh:55|scripts/slurm_ddc15_frozenin_ab.sh:63|scripts/slurm_ddc15_initial.sh:83|scripts/slurm_ddc15_mc_macroatom.sh:63|scripts/slurm_ddc15_nefix_prof.sh:36|scripts/slurm_ddc15_pure_cmfgen.sh:57|scripts/slurm_ddc15_pure_cmfgen_phase3.sh:67|scripts/slurm_ddc15_radeq_ab.sh:60|scripts/slurm_ddc15_radeq_adiab.sh:62|scripts/slurm_ddc15_radeq_blanket.sh:62|scripts/slurm_ddc15_radeq_blanketdamp.sh:62|scripts/slurm_ddc15_radeq_coolfix.sh:53|scripts/slurm_ddc15_radeq_escape.sh:56|scripts/slurm_ddc15_radeq_escape_alllines.sh:56|scripts/slurm_ddc15_radeq_hybridB2.sh:61|scripts/slurm_ddc15_radeq_integralB.sh:66|scripts/slurm_ddc15_radeq_nebular.sh:62|scripts/slurm_ddc15_radeq_noswitch.sh:60|scripts/slurm_ddc15_thenmc.sh:66|scripts/slurm_ddc15real.sh:61|scripts/slurm_diag_sigmabf_ratebalance.sh:39|scripts/slurm_downbranch_binnedj_ab.sh:206|scripts/slurm_dr_boost_sweep.sh:39|scripts/slurm_dr_floor_aggro.sh:43|scripts/slurm_dr_floor_sweep.sh:46|scripts/slurm_dr_phase2_smoke.sh:39|scripts/slurm_einsteinFix_2002bo_macroatom.sh:206|scripts/slurm_einsteinFix_2002bo_macroatom_smoke.sh:206|scripts/slurm_einsteinFix_2002bo_nltedump.sh:204|scripts/slurm_einsteinFix_2002bo_ofix_prod.sh:202|scripts/slurm_einsteinFix_2002bo_taubyion.sh:202|scripts/slurm_einsteinFix_2002bo_tpin12630.sh:201|scripts/slurm_fcoll_sweep.sh:39|scripts/slurm_fixtrad_fluorescence.sh:211|scripts/slurm_g2_prescription.sh:45|scripts/slurm_gate_b5_ce_expand.sh:35|scripts/slurm_gate_b_dr_3ion.sh:34|scripts/slurm_gate_b_dr_7ion.sh:36|scripts/slurm_gate_b_dr_co3.sh:34|scripts/slurm_gate_b_dr_sc3as.sh:34|scripts/slurm_hybrid_outerFe10x_v11500.sh:50|scripts/slurm_hybrid_outerFe5x_v11500.sh:48|scripts/slurm_hybrid_outerFe5x_v11500_iter20.sh:47|scripts/slurm_ionlock_lte_levels.sh:36|scripts/slurm_ionstage_ab.sh:188|scripts/slurm_jcap_test.sh:204|scripts/slurm_logL_deep_sweep.sh:57|scripts/slurm_ma_internal_cap.sh:204|scripts/slurm_macroatom_binnedj_ab.sh:216|scripts/slurm_mafate_bump_diag.sh:42|scripts/slurm_ml_phineb_smoke.sh:51|scripts/slurm_nlte3_diag.sh:173|scripts/slurm_nlte3fix_femerge.sh:189|scripts/slurm_nlte3fix_femerge_bare.sh:182|scripts/slurm_nlte3fix_femerge_combo.sh:178|scripts/slurm_nlte3fix_femerge_drop.sh:196|scripts/slurm_nlte3fix_femerge_optscan.sh:176|scripts/slurm_nlte3fix_femerge_probez.sh:183|scripts/slurm_nlte3fix_femerge_struct.sh:184|scripts/slurm_nlte3fix_femerge_sweep134.sh:178|scripts/slurm_nlte3fix_femerge_sweep34.sh:182|scripts/slurm_nlte3fix_optA.sh:181|scripts/slurm_nlte3fix_optAp.sh:184|scripts/slurm_nlte3fix_optC.sh:190|scripts/slurm_nlte3fix_optD.sh:189|scripts/slurm_nlte_consv_test.sh:41|scripts/slurm_nlte_ionlock_smoke.sh:41|scripts/slurm_nlte_ionlock_smoke_v2.sh:43|scripts/slurm_nlte_o_prod.sh:177|scripts/slurm_nlte_o_recal.sh:178|scripts/slurm_nlte_o_recal_prod.sh:189|scripts/slurm_nlte_o_recal_seed.sh:182|scripts/slurm_nlte_o_seed.sh:181|scripts/slurm_nlte_o_smoke.sh:177|scripts/slurm_nlte_rate_dump.sh:41|scripts/slurm_no_ml_lock_smoke.sh:38|scripts/slurm_o_triplet_prod.sh:180|scripts/slurm_o_triplet_smoke.sh:180|scripts/slurm_outerFe10x_1M_variance.sh:43|scripts/slurm_outerFe10x_W1lo_scan.sh:46|scripts/slurm_outerFe10x_W1scan.sh:49|scripts/slurm_outerFe10x_W3scan.sh:48|scripts/slurm_outerFe_W1scan.sh:50|scripts/slurm_outerFe_champion_smoke.sh:123|scripts/slurm_outerFe_vin_sweep.sh:111|scripts/slurm_paper_ddc15_bbfix_2002bo_nltedump.sh:202|scripts/slurm_paper_ddc15_paperli_2002bo.sh:208|scripts/slurm_paper_ddc15_paperli_2002bo_einsteinFix.sh:218|scripts/slurm_paper_ddc15_paperli_2002bo_metafix.sh:208|scripts/slurm_paper_ddc15_paperli_2002bo_metafix_ratedump.sh:210|scripts/slurm_paper_ddc15_paperli_2002bo_metafix_ratedump_sce.sh:215|scripts/slurm_paper_ddc15_paperli_2002bo_metafix_xouter.sh:224|scripts/slurm_paper_ddc15_v2_sn2002bo.sh:226|scripts/slurm_paper_ddc15_v3_sn2002bo.sh:241|scripts/slurm_paper_ddc15_v3asE_floorW_sn2002bo.sh:241|scripts/slurm_paper_ddc15_v3asE_floor_sn2002bo.sh:241|scripts/slurm_paper_ddc15_v3asE_sn2002bo.sh:241|scripts/slurm_paper_ddc15_v3asE_tpin_sn2002bo.sh:241|scripts/slurm_paper_ddc15_v3asEfloor_abund_sweep_2002bo.sh:263|scripts/slurm_paper_ddc15_v3asEfloor_aul_sweep_2002bo.sh:267|scripts/slurm_paper_ddc15_v3asEfloor_bbfix_2002bo.sh:241|scripts/slurm_paper_ddc15_v3asEfloor_epsir_sn2002bo.sh:242|scripts/slurm_paper_ddc15_v3asEfloor_gamma_sweep_2002bo.sh:263|scripts/slurm_paper_ddc15_v3asEfloor_iter24_2002bo.sh:243|scripts/slurm_paper_ddc15_v3asEfloor_skipMgO_sweep_2002bo.sh:249|scripts/slurm_paper_ddc15_v3asEfloor_skipZ_sweep_2002bo.sh:251|scripts/slurm_phase0_ebudget.sh:186|scripts/slurm_phase2a_innerbc_ab.sh:198|scripts/slurm_phase2b_nlte_opacity_ionstage_ab.sh:213|scripts/slurm_phase2c_fluorescence_ab.sh:206|scripts/slurm_phaseA_ablation.sh:61|scripts/slurm_physical_ref_smoke.sh:58|scripts/slurm_plain_ddc15_sn2002bo.sh:187|scripts/slurm_prod_dr7ion_ce17_ionlock.sh:42|scripts/slurm_radeq_ab.sh:202|scripts/slurm_radeq_diag.sh:215|scripts/slurm_rho11fe_A1_vin.sh:160|scripts/slurm_rho11fe_A2_finevin.sh:158|scripts/slurm_rho11fe_A3_narrowSi.sh:173|scripts/slurm_rho11fe_compA.sh:132|scripts/slurm_si_dr_smoke.sh:35|scripts/slurm_skipsi_physical_champion.sh:112|scripts/slurm_skipsi_vin_fine.sh:112|scripts/slurm_smoke_dlock_v1.sh:39|scripts/slurm_smoke_dlock_v2.sh:38|scripts/slurm_smoke_dlock_v3.sh:41|scripts/slurm_stratV2D.sh:33|scripts/slurm_stratV2EF.sh:34|scripts/slurm_stratV2_scan.sh:46|scripts/slurm_structural_3d_sweep.sh:111|scripts/slurm_structural_3d_sweep_physical.sh:129|scripts/slurm_structural_logL_sweep.sh:60|scripts/slurm_superlev_ab.sh:202|scripts/slurm_superlev_identity_smoke.sh:206|scripts/slurm_taubyion_window.sh:161|scripts/slurm_twocomp_lock.sh:41|scripts/slurm_uv_idown_smoke.sh:53|scripts/slurm_uvcap_smoke.sh:45|scripts/slurm_v1_epoch_bracket.sh:192|scripts/slurm_v2_hst_epoch_bracket.sh:174|scripts/slurm_v32_4epoch.sh:179|scripts/slurm_v3_4epoch_w5frozen.sh:180|scripts/slurm_v3_de_l_sweep.sh:167|scripts/slurm_v3_epsir_sweep.sh:166|scripts/slurm_v3_vinner_sweep.sh:166|scripts/slurm_v4_ablation.sh:199|scripts/slurm_v4_inversion.sh:172|scripts/slurm_v4_probe.sh:168|scripts/slurm_v4_smoke.sh:178|scripts/slurm_viLzeta_grid.sh:194|scripts/slurm_vinner_scan.sh:51|scripts/slurm_w1_p37_retune.sh:178|scripts/slurm_w2_logL_red5_diag.sh:181|scripts/slurm_w3_nir_damp.sh:183|scripts/slurm_w4_bump_probe.sh:45|scripts/slurm_w4_ni2_nir_push.sh:178|scripts/slurm_w5_stack_closer.sh:178|scripts/slurm_zeta_clean_mcvar.sh:196|scripts/slurm_zeta_clean_smoke.sh:193|scripts/slurm_zeta_probe.sh:43|scripts/test_thenmc_bin.sh:14|scripts/w3_gamma_triple_compare.py:787,COVERED,docs/CODEX_W3_GAMMA_TRIPLE_COMPARE_2026-07-31.md,UNTESTED,HIGH,source-selected model-wide mode/backend/layout/table/profile or cross-shell arithmetic; off-target impact cannot be excluded statically,NO_EVIDENCE (no #if 0; repository dead_code_audit found no unreferenced non-static consumer function),required RESOLVED_CONFIG evidence unavailable (0 files); stdout RUN FOOTER used as fallback,C3_ACTIVE_OFF_UNTESTED,P0,"required: same binary/input; UNSET vs explicit neutral/OFF vs ON(shadow); byte-compare registered state, layout/table manifests, oracle outputs, RNG/event counters; ON must not commit target state"
LUMINA_CMFGEN_SRC_NLTE,src/lumina_cmfgen.c:187,literal getenv,unset: NULL makes the guarded named branch false; no env-requested override/action at this consumer,ON_GATE/parameter (non-NULL/nonzero or selector value requests the named branch/override),DORMANT,NONE,NONE,NONE,NONE,UNAUDITED,NONE,UNTESTED,MEDIUM,parameter/mask can alter arithmetic over multiple selected records or shells; no direct layout reconstruction identified,NO_EVIDENCE (no #if 0; repository dead_code_audit found no unreferenced non-static consumer function),required RESOLVED_CONFIG evidence unavailable (0 files); stdout RUN FOOTER used as fallback,C1_DORMANT_UNAUDITED,NOT_REQUIRED_BY_C2_C3,NONE
LUMINA_CMFGEN_THEN_MC,src/lumina_cuda.cu:6813|src/lumina_cuda.cu:6814,literal getenv,unset: source comment/default states OFF,ON_GATE,DORMANT,NONE,NONE,NONE,scripts/run_baldiag.sh:33|scripts/run_bfdark.sh:100|scripts/run_bfdark.sh:101|scripts/run_bfdark.sh:102|scripts/run_bfdark.sh:103|scripts/run_bfdark.sh:104|scripts/run_bfdark.sh:105|scripts/run_bfdark.sh:106|scripts/run_bfdark.sh:107|scripts/run_bfdark.sh:108|scripts/run_bfdark.sh:109|scripts/run_bfdark.sh:110|scripts/run_bfdark.sh:111|scripts/run_bfdark.sh:112|scripts/run_bfdark.sh:113|scripts/run_bfdark.sh:114|scripts/run_bfdark.sh:115|scripts/run_bfdark.sh:116|scripts/run_bfdark.sh:39|scripts/run_bfdark.sh:96|scripts/run_bfdark.sh:97|scripts/run_bfdark.sh:98|scripts/run_bfdark.sh:99|scripts/run_boostdr.sh:36|scripts/run_capraise.sh:33|scripts/run_cnclean.sh:33|scripts/run_cndamp.sh:33|scripts/run_coevolve_s01.sh:78|scripts/run_conv16.sh:33|scripts/run_cpl1.sh:33|scripts/run_cpl20.sh:33|scripts/run_dronly.sh:33|scripts/run_etla.sh:33|scripts/run_fix10.sh:36|scripts/run_fix11.sh:36|scripts/run_fix12.sh:36|scripts/run_fix13.sh:36|scripts/run_fix14.sh:36|scripts/run_fix15.sh:36|scripts/run_fix16.sh:36|scripts/run_fix17.sh:36|scripts/run_fix18.sh:36|scripts/run_fix19.sh:36|scripts/run_fix2.sh:36|scripts/run_fix20.sh:36|scripts/run_fix21.sh:36|scripts/run_fix22.sh:36|scripts/run_fix3.sh:36|scripts/run_fix4.sh:36|scripts/run_fix5.sh:36|scripts/run_fix6.sh:36|scripts/run_fix7.sh:36|scripts/run_fix8.sh:36|scripts/run_fix9.sh:36|scripts/run_fph_diag.sh:33|scripts/run_fphbf.sh:33|scripts/run_fphdg.sh:33|scripts/run_fphval.sh:33|scripts/run_frz0.sh:33|scripts/run_hotdump.sh:36|scripts/run_hotroot.sh:33|scripts/run_ionb3.sh:35|scripts/run_ionb5x.sh:35|scripts/run_ionboost.sh:33|scripts/run_ionboost2.sh:33|scripts/run_ionchk.sh:33|scripts/run_ionnt.sh:33|scripts/run_iterdump.sh:36|scripts/run_jdump.sh:33|scripts/run_jdump_diag.sh:27|scripts/run_milne1.sh:36|scripts/run_milneP.sh:36|scripts/run_ntdr.sh:35|scripts/run_recdiag.sh:36|scripts/run_repro22.sh:36|scripts/run_rtr33.sh:33|scripts/run_rtruth.sh:33|scripts/run_s2_chk.sh:33|scripts/run_s2_dep0.sh:33|scripts/run_s2_eps.sh:33|scripts/run_s2_fph.sh:33|scripts/run_s2_fph2.sh:33|scripts/run_s2_fznt.sh:33|scripts/run_s2_nebheat.sh:33|scripts/run_s2_nolinere.sh:33|scripts/run_s2_ntxe.sh:33|scripts/run_s2_phys.sh:33|scripts/run_s40diag.sh:36|scripts/run_srcbl.sh:33|scripts/run_stage0_diag.sh:38|scripts/run_stage1_ab.sh:33|scripts/run_stage2.sh:33|scripts/run_stage3.sh:34|scripts/run_toy_both.sh:18|scripts/run_toy_mc.sh:11|scripts/run_wbflr.sh:35|scripts/run_widebr.sh:33|scripts/slurm_ddc15_pure_cmfgen_phase3.sh:106|scripts/slurm_ddc15_thenmc.sh:63|scripts/test_thenmc_bin.sh:31,COVERED,docs/TOPSTAGE_IV_CONTINUUM_NODE_DESIGN.md;docs/COEVOLVE_REWIRING_PLAN.md,UNTESTED,HIGH,source-selected model-wide mode/backend/layout/table/profile or cross-shell arithmetic; off-target impact cannot be excluded statically,NO_EVIDENCE (no #if 0; repository dead_code_audit found no unreferenced non-static consumer function),required RESOLVED_CONFIG evidence unavailable (0 files); stdout RUN FOOTER used as fallback,C2_DORMANT_HIGH,P0,"required: same binary/input; UNSET vs explicit neutral/OFF vs ON(shadow); byte-compare registered state, layout/table manifests, oracle outputs, RNG/event counters; ON must not commit target state"
LUMINA_CMF_ADV_SPLIT,src/lumina_cmfgen.c:1566,literal getenv,unset: NULL makes the guarded named branch false; no env-requested override/action at this consumer,ON_GATE/parameter (non-NULL/nonzero or selector value requests the named branch/override),ACTIVE_OBSERVED,1,/gpfs/kjhan/lumina_runner2/logs/coevolve_consume_parity51/stdout.log:25|/gpfs/kjhan/lumina_runner2/logs/coevolve_consume_parity51/stdout.log:37874|/gpfs/kjhan/lumina_runner2/logs/coevolve_consume_parity56/stdout.log:25|/gpfs/kjhan/lumina_runner2/logs/coevolve_consume_parity56/stdout.log:38103|/gpfs/kjhan/lumina_runner2/logs/coevolve_consume_parity57/stdout.log:25|/gpfs/kjhan/lumina_runner2/logs/coevolve_consume_parity57/stdout.log:38870|/gpfs/kjhan/lumina_runner2/logs/coevolve_consume_parity58/stdout.log:25|/gpfs/kjhan/lumina_runner2/logs/coevolve_consume_parity58/stdout.log:38103|/gpfs/kjhan/lumina_runner2/logs/coevolve_consume_parity59/stdout.log:25|/gpfs/kjhan/lumina_runner2/logs/coevolve_consume_parity59/stdout.log:38102|/gpfs/kjhan/lumina_runner2/logs/coevolve_consume_parity60/stdout.log:25|/gpfs/kjhan/lumina_runner2/logs/coevolve_consume_parity60/stdout.log:38919,"coevolve_consume_parity60 (/gpfs/kjhan/lumina_runner2/logs/coevolve_consume_parity60/stdout.log:38919, value=1)",scripts/launch_parity31_syn08.sh:21|scripts/launch_parity33_syn08.sh:26|scripts/launch_parity34_syn08.sh:35|scripts/launch_parity35_syn08.sh:30|scripts/launch_parity36a_base.sh:43|scripts/launch_parity36b_noskip.sh:51|scripts/launch_parity37_taudump.sh:57|scripts/launch_parity38_nofloor.sh:66|scripts/launch_parity39_baseline.sh:42|scripts/launch_parity40_tepin.sh:70|scripts/launch_parity41_sivcaiv.sh:82|scripts/launch_parity42_gphoff.sh:76|scripts/sbatch_gpu_determinism_probe_a100.sh:36|scripts/sbatch_gpu_determinism_probe_h100.sh:36|scripts/slurm_ddc15_pure_cmfgen_phase3.sh:174,COVERED,docs/DETERMINISTIC_EMERGENT_BUGTABLE.md,UNTESTED,MEDIUM,parameter/mask can alter arithmetic over multiple selected records or shells; no direct layout reconstruction identified,NO_EVIDENCE (no #if 0; repository dead_code_audit found no unreferenced non-static consumer function),required RESOLVED_CONFIG evidence unavailable (0 files); stdout RUN FOOTER used as fallback,C3_ACTIVE_OFF_UNTESTED,P2,"required: same binary/input; UNSET vs explicit neutral/OFF vs ON(shadow); byte-compare registered state, layout/table manifests, oracle outputs, RNG/event counters; ON must not commit target state"
LUMINA_CMF_ALAM,src/lumina_cmfgen.c:1552,literal getenv,unset: NULL makes the guarded named branch false; no env-requested override/action at this consumer,ON_GATE/parameter (non-NULL/nonzero or selector value requests the named branch/override),DORMANT,NONE,NONE,NONE,scripts/slurm_ddc15_pure_cmfgen_phase3.sh:173,UNAUDITED,NONE,UNTESTED,MEDIUM,parameter/mask can alter arithmetic over multiple selected records or shells; no direct layout reconstruction identified,NO_EVIDENCE (no #if 0; repository dead_code_audit found no unreferenced non-static consumer function),required RESOLVED_CONFIG evidence unavailable (0 files); stdout RUN FOOTER used as fallback,C1_DORMANT_UNAUDITED,NOT_REQUIRED_BY_C2_C3,NONE
LUMINA_CMF_BF_MILNE,src/lumina_plasma.c:6858,literal getenv,unset: source ternary selects fallback expression `0`,ON_GATE/parameter (non-NULL/nonzero or selector value requests the named branch/override),ACTIVE_OBSERVED,2,/gpfs/kjhan/lumina_runner2/logs/coevolve_consume_parity51/stdout.log:115|/gpfs/kjhan/lumina_runner2/logs/coevolve_consume_parity51/stdout.log:37964|/gpfs/kjhan/lumina_runner2/logs/coevolve_consume_parity56/stdout.log:116|/gpfs/kjhan/lumina_runner2/logs/coevolve_consume_parity56/stdout.log:38194|/gpfs/kjhan/lumina_runner2/logs/coevolve_consume_parity57/stdout.log:116|/gpfs/kjhan/lumina_runner2/logs/coevolve_consume_parity57/stdout.log:38961|/gpfs/kjhan/lumina_runner2/logs/coevolve_consume_parity58/stdout.log:117|/gpfs/kjhan/lumina_runner2/logs/coevolve_consume_parity58/stdout.log:38195|/gpfs/kjhan/lumina_runner2/logs/coevolve_consume_parity59/stdout.log:117|/gpfs/kjhan/lumina_runner2/logs/coevolve_consume_parity59/stdout.log:38194|/gpfs/kjhan/lumina_runner2/logs/coevolve_consume_parity60/stdout.log:119|/gpfs/kjhan/lumina_runner2/logs/coevolve_consume_parity60/stdout.log:39013,"coevolve_consume_parity60 (/gpfs/kjhan/lumina_runner2/logs/coevolve_consume_parity60/stdout.log:39013, value=2)",scripts/run_bfdark.sh:100|scripts/run_bfdark.sh:101|scripts/run_bfdark.sh:102|scripts/run_bfdark.sh:103|scripts/run_bfdark.sh:104|scripts/run_bfdark.sh:105|scripts/run_bfdark.sh:106|scripts/run_bfdark.sh:107|scripts/run_bfdark.sh:108|scripts/run_bfdark.sh:109|scripts/run_bfdark.sh:110|scripts/run_bfdark.sh:111|scripts/run_bfdark.sh:112|scripts/run_bfdark.sh:113|scripts/run_bfdark.sh:114|scripts/run_bfdark.sh:115|scripts/run_bfdark.sh:116|scripts/run_bfdark.sh:117|scripts/run_bfdark.sh:84|scripts/run_bfdark.sh:85|scripts/run_bfdark.sh:89|scripts/run_bfdark.sh:90|scripts/run_bfdark.sh:91|scripts/run_bfdark.sh:92|scripts/run_bfdark.sh:93|scripts/run_bfdark.sh:94|scripts/run_bfdark.sh:95|scripts/run_bfdark.sh:96|scripts/run_bfdark.sh:97|scripts/run_bfdark.sh:98|scripts/run_bfdark.sh:99|scripts/run_coevolve_s01.sh:68|scripts/run_milne1.sh:54|scripts/run_milneP.sh:54|scripts/test_thenmc_bin.sh:32,COVERED,docs/V3_FUNCTION_AUDIT_VERIFICATION_2026-07-31.md,UNTESTED,MEDIUM,parameter/mask can alter arithmetic over multiple selected records or shells; no direct layout reconstruction identified,NO_EVIDENCE (no #if 0; repository dead_code_audit found no unreferenced non-static consumer function),required RESOLVED_CONFIG evidence unavailable (0 files); stdout RUN FOOTER used as fallback,C3_ACTIVE_OFF_UNTESTED,P2,"required: same binary/input; UNSET vs explicit neutral/OFF vs ON(shadow); byte-compare registered state, layout/table manifests, oracle outputs, RNG/event counters; ON must not commit target state"
LUMINA_CMF_CONTONLY,src/lumina_cmfgen.c:3180,literal getenv,unset: NULL makes the guarded named branch false; no env-requested override/action at this consumer,ON_GATE/parameter (non-NULL/nonzero or selector value requests the named branch/override),DORMANT,NONE,NONE,NONE,scripts/slurm_ddc15_pure_cmfgen_phase3.sh:135,UNAUDITED,NONE,UNTESTED,MEDIUM,parameter/mask can alter arithmetic over multiple selected records or shells; no direct layout reconstruction identified,NO_EVIDENCE (no #if 0; repository dead_code_audit found no unreferenced non-static consumer function),required RESOLVED_CONFIG evidence unavailable (0 files); stdout RUN FOOTER used as fallback,C1_DORMANT_UNAUDITED,NOT_REQUIRED_BY_C2_C3,NONE
LUMINA_CMF_DEP_FRAC,src/lumina_cmfgen.c:158,literal getenv,unset: NULL makes the guarded named branch false; no env-requested override/action at this consumer,ON_GATE/parameter (non-NULL/nonzero or selector value requests the named branch/override),DORMANT,NONE,NONE,NONE,NONE,UNAUDITED,NONE,UNTESTED,MEDIUM,parameter/mask can alter arithmetic over multiple selected records or shells; no direct layout reconstruction identified,NO_EVIDENCE (no #if 0; repository dead_code_audit found no unreferenced non-static consumer function),required RESOLVED_CONFIG evidence unavailable (0 files); stdout RUN FOOTER used as fallback,C1_DORMANT_UNAUDITED,NOT_REQUIRED_BY_C2_C3,NONE
LUMINA_CMF_DEP_SOURCE,src/lumina_cmfgen.c:156,literal getenv,unset: source comment/default states off,ON_GATE,ACTIVE_OBSERVED,1,/gpfs/kjhan/lumina_runner2/logs/coevolve_consume_parity51/stdout.log:112|/gpfs/kjhan/lumina_runner2/logs/coevolve_consume_parity51/stdout.log:37961|/gpfs/kjhan/lumina_runner2/logs/coevolve_consume_parity56/stdout.log:113|/gpfs/kjhan/lumina_runner2/logs/coevolve_consume_parity56/stdout.log:38191|/gpfs/kjhan/lumina_runner2/logs/coevolve_consume_parity57/stdout.log:113|/gpfs/kjhan/lumina_runner2/logs/coevolve_consume_parity57/stdout.log:38958|/gpfs/kjhan/lumina_runner2/logs/coevolve_consume_parity58/stdout.log:114|/gpfs/kjhan/lumina_runner2/logs/coevolve_consume_parity58/stdout.log:38192|/gpfs/kjhan/lumina_runner2/logs/coevolve_consume_parity59/stdout.log:114|/gpfs/kjhan/lumina_runner2/logs/coevolve_consume_parity59/stdout.log:38191|/gpfs/kjhan/lumina_runner2/logs/coevolve_consume_parity60/stdout.log:116|/gpfs/kjhan/lumina_runner2/logs/coevolve_consume_parity60/stdout.log:39010,"coevolve_consume_parity60 (/gpfs/kjhan/lumina_runner2/logs/coevolve_consume_parity60/stdout.log:39010, value=1)",scripts/run_baldiag.sh:50|scripts/run_baldiag.sh:53|scripts/run_bfdark.sh:59|scripts/run_boostdr.sh:53|scripts/run_boostdr.sh:56|scripts/run_capraise.sh:50|scripts/run_capraise.sh:53|scripts/run_cnclean.sh:50|scripts/run_cnclean.sh:53|scripts/run_cndamp.sh:50|scripts/run_cndamp.sh:53|scripts/run_coevolve_s01.sh:57|scripts/run_conv16.sh:50|scripts/run_conv16.sh:53|scripts/run_cpl1.sh:50|scripts/run_cpl1.sh:53|scripts/run_cpl20.sh:50|scripts/run_cpl20.sh:53|scripts/run_dronly.sh:51|scripts/run_dronly.sh:54|scripts/run_etla.sh:52|scripts/run_etla.sh:55|scripts/run_fix10.sh:62|scripts/run_fix10.sh:65|scripts/run_fix11.sh:62|scripts/run_fix11.sh:65|scripts/run_fix12.sh:62|scripts/run_fix12.sh:65|scripts/run_fix13.sh:64|scripts/run_fix13.sh:67|scripts/run_fix14.sh:65|scripts/run_fix14.sh:68|scripts/run_fix15.sh:65|scripts/run_fix15.sh:68|scripts/run_fix16.sh:65|scripts/run_fix16.sh:68|scripts/run_fix17.sh:66|scripts/run_fix17.sh:69|scripts/run_fix18.sh:65|scripts/run_fix18.sh:68|scripts/run_fix19.sh:66|scripts/run_fix19.sh:69|scripts/run_fix2.sh:57|scripts/run_fix2.sh:60|scripts/run_fix20.sh:65|scripts/run_fix20.sh:68|scripts/run_fix21.sh:66|scripts/run_fix21.sh:69|scripts/run_fix22.sh:66|scripts/run_fix22.sh:69|scripts/run_fix3.sh:59|scripts/run_fix3.sh:62|scripts/run_fix4.sh:58|scripts/run_fix4.sh:61|scripts/run_fix5.sh:60|scripts/run_fix5.sh:63|scripts/run_fix6.sh:60|scripts/run_fix6.sh:63|scripts/run_fix7.sh:62|scripts/run_fix7.sh:65|scripts/run_fix8.sh:61|scripts/run_fix8.sh:64|scripts/run_fix9.sh:62|scripts/run_fix9.sh:65|scripts/run_fph_diag.sh:48|scripts/run_fph_diag.sh:51|scripts/run_fphbf.sh:51|scripts/run_fphbf.sh:54|scripts/run_fphdg.sh:52|scripts/run_fphdg.sh:55|scripts/run_fphval.sh:50|scripts/run_fphval.sh:53|scripts/run_frz0.sh:50|scripts/run_frz0.sh:53|scripts/run_hotdump.sh:67|scripts/run_hotdump.sh:70|scripts/run_hotroot.sh:50|scripts/run_hotroot.sh:53|scripts/run_ionb3.sh:52|scripts/run_ionb3.sh:55|scripts/run_ionb5x.sh:52|scripts/run_ionb5x.sh:55|scripts/run_ionboost.sh:50|scripts/run_ionboost.sh:53|scripts/run_ionboost2.sh:50|scripts/run_ionboost2.sh:53|scripts/run_ionchk.sh:50|scripts/run_ionchk.sh:53|scripts/run_ionnt.sh:53|scripts/run_ionnt.sh:56|scripts/run_iterdump.sh:68|scripts/run_iterdump.sh:71|scripts/run_jdump.sh:52|scripts/run_jdump.sh:55|scripts/run_jdump_diag.sh:28|scripts/run_milne1.sh:67|scripts/run_milne1.sh:70|scripts/run_milneP.sh:69|scripts/run_milneP.sh:72|scripts/run_ntdr.sh:52|scripts/run_ntdr.sh:55|scripts/run_recdiag.sh:70|scripts/run_recdiag.sh:73|scripts/run_repro22.sh:66|scripts/run_repro22.sh:69|scripts/run_rtr33.sh:50|scripts/run_rtr33.sh:53|scripts/run_rtruth.sh:51|scripts/run_rtruth.sh:54|scripts/run_s2_chk.sh:45|scripts/run_s2_chk.sh:48|scripts/run_s2_dep0.sh:44|scripts/run_s2_dep0.sh:47|scripts/run_s2_eps.sh:45|scripts/run_s2_eps.sh:48|scripts/run_s2_fph.sh:48|scripts/run_s2_fph.sh:51|scripts/run_s2_fph2.sh:49|scripts/run_s2_fph2.sh:52|scripts/run_s2_fznt.sh:48|scripts/run_s2_fznt.sh:51|scripts/run_s2_nebheat.sh:46|scripts/run_s2_nebheat.sh:49|scripts/run_s2_nolinere.sh:45|scripts/run_s2_nolinere.sh:48|scripts/run_s2_ntxe.sh:47|scripts/run_s2_ntxe.sh:50|scripts/run_s2_phys.sh:47|scripts/run_s2_phys.sh:50|scripts/run_s40diag.sh:67|scripts/run_s40diag.sh:70|scripts/run_srcbl.sh:51|scripts/run_srcbl.sh:54|scripts/run_stage1_ab.sh:43|scripts/run_stage1_ab.sh:46|scripts/run_stage2.sh:44|scripts/run_stage2.sh:47|scripts/run_stage3.sh:45|scripts/run_stage3.sh:48|scripts/run_wbflr.sh:52|scripts/run_wbflr.sh:55|scripts/run_widebr.sh:52|scripts/run_widebr.sh:55|scripts/test_thenmc_bin.sh:31,COVERED,docs/TRANSPORT_COUPLED_TE_DESIGN.md,UNTESTED,MEDIUM,parameter/mask can alter arithmetic over multiple selected records or shells; no direct layout reconstruction identified,NO_EVIDENCE (no #if 0; repository dead_code_audit found no unreferenced non-static consumer function),required RESOLVED_CONFIG evidence unavailable (0 files); stdout RUN FOOTER used as fallback,C3_ACTIVE_OFF_UNTESTED,P2,"required: same binary/input; UNSET vs explicit neutral/OFF vs ON(shadow); byte-compare registered state, layout/table manifests, oracle outputs, RNG/event counters; ON must not commit target state"
LUMINA_CMF_EPAY,src/lumina_cmfgen.c:286,literal getenv,unset: source ternary selects fallback expression `0`,ON_GATE/parameter (non-NULL/nonzero or selector value requests the named branch/override),ACTIVE_OBSERVED,2,/gpfs/kjhan/lumina_runner2/logs/coevolve_consume_parity51/stdout.log:37908|/gpfs/kjhan/lumina_runner2/logs/coevolve_consume_parity51/stdout.log:59|/gpfs/kjhan/lumina_runner2/logs/coevolve_consume_parity56/stdout.log:38137|/gpfs/kjhan/lumina_runner2/logs/coevolve_consume_parity56/stdout.log:59|/gpfs/kjhan/lumina_runner2/logs/coevolve_consume_parity57/stdout.log:38904|/gpfs/kjhan/lumina_runner2/logs/coevolve_consume_parity57/stdout.log:59|/gpfs/kjhan/lumina_runner2/logs/coevolve_consume_parity58/stdout.log:38138|/gpfs/kjhan/lumina_runner2/logs/coevolve_consume_parity58/stdout.log:60|/gpfs/kjhan/lumina_runner2/logs/coevolve_consume_parity59/stdout.log:38137|/gpfs/kjhan/lumina_runner2/logs/coevolve_consume_parity59/stdout.log:60|/gpfs/kjhan/lumina_runner2/logs/coevolve_consume_parity60/stdout.log:38955|/gpfs/kjhan/lumina_runner2/logs/coevolve_consume_parity60/stdout.log:61,"coevolve_consume_parity60 (/gpfs/kjhan/lumina_runner2/logs/coevolve_consume_parity60/stdout.log:61, value=2)",scripts/run_bfdark.sh:100|scripts/run_bfdark.sh:101|scripts/run_bfdark.sh:102|scripts/run_bfdark.sh:103|scripts/run_bfdark.sh:104|scripts/run_bfdark.sh:105|scripts/run_bfdark.sh:106|scripts/run_bfdark.sh:107|scripts/run_bfdark.sh:108|scripts/run_bfdark.sh:109|scripts/run_bfdark.sh:110|scripts/run_bfdark.sh:111|scripts/run_bfdark.sh:112|scripts/run_bfdark.sh:113|scripts/run_bfdark.sh:114|scripts/run_bfdark.sh:115|scripts/run_bfdark.sh:116|scripts/run_bfdark.sh:117|scripts/run_bfdark.sh:86|scripts/run_bfdark.sh:87|scripts/run_bfdark.sh:88|scripts/run_bfdark.sh:89|scripts/run_bfdark.sh:90|scripts/run_bfdark.sh:91|scripts/run_bfdark.sh:92|scripts/run_bfdark.sh:93|scripts/run_bfdark.sh:94|scripts/run_bfdark.sh:95|scripts/run_bfdark.sh:96|scripts/run_bfdark.sh:97|scripts/run_bfdark.sh:98|scripts/run_bfdark.sh:99|scripts/run_coevolve_s01.sh:68|scripts/test_thenmc_bin.sh:32,COVERED,docs/CLAMP_FIX_PRIORITY_REGISTRY.md;docs/CODEX_CLAMP_CENSUS_2026-07-31.md,UNTESTED,MEDIUM,parameter/mask can alter arithmetic over multiple selected records or shells; no direct layout reconstruction identified,NO_EVIDENCE (no #if 0; repository dead_code_audit found no unreferenced non-static consumer function),required RESOLVED_CONFIG evidence unavailable (0 files); stdout RUN FOOTER used as fallback,C3_ACTIVE_OFF_UNTESTED,P2,"required: same binary/input; UNSET vs explicit neutral/OFF vs ON(shadow); byte-compare registered state, layout/table manifests, oracle outputs, RNG/event counters; ON must not commit target state"
LUMINA_CMF_EPAY_HOTF,src/lumina_cmfgen.c:475,literal getenv,unset: NULL makes the guarded named branch false; no env-requested override/action at this consumer,ON_GATE/parameter (non-NULL/nonzero or selector value requests the named branch/override),SEEN_NEUTRAL_ONLY,0,/gpfs/kjhan/lumina_runner2/logs/coevolve_consume_parity51/stdout.log:27|/gpfs/kjhan/lumina_runner2/logs/coevolve_consume_parity51/stdout.log:37876|/gpfs/kjhan/lumina_runner2/logs/coevolve_consume_parity56/stdout.log:27|/gpfs/kjhan/lumina_runner2/logs/coevolve_consume_parity56/stdout.log:38105|/gpfs/kjhan/lumina_runner2/logs/coevolve_consume_parity57/stdout.log:27|/gpfs/kjhan/lumina_runner2/logs/coevolve_consume_parity57/stdout.log:38872|/gpfs/kjhan/lumina_runner2/logs/coevolve_consume_parity58/stdout.log:27|/gpfs/kjhan/lumina_runner2/logs/coevolve_consume_parity58/stdout.log:38105|/gpfs/kjhan/lumina_runner2/logs/coevolve_consume_parity59/stdout.log:27|/gpfs/kjhan/lumina_runner2/logs/coevolve_consume_parity59/stdout.log:38104|/gpfs/kjhan/lumina_runner2/logs/coevolve_consume_parity60/stdout.log:27|/gpfs/kjhan/lumina_runner2/logs/coevolve_consume_parity60/stdout.log:38921,NONE,scripts/run_bfdark.sh:100|scripts/run_bfdark.sh:101|scripts/run_bfdark.sh:102|scripts/run_bfdark.sh:103|scripts/run_bfdark.sh:104|scripts/run_bfdark.sh:105|scripts/run_bfdark.sh:106|scripts/run_bfdark.sh:107|scripts/run_bfdark.sh:108|scripts/run_bfdark.sh:109|scripts/run_bfdark.sh:110|scripts/run_bfdark.sh:111|scripts/run_bfdark.sh:112|scripts/run_bfdark.sh:113|scripts/run_bfdark.sh:114|scripts/run_bfdark.sh:115|scripts/run_bfdark.sh:116|scripts/run_bfdark.sh:117|scripts/run_bfdark.sh:91|scripts/run_bfdark.sh:92|scripts/run_bfdark.sh:93|scripts/run_bfdark.sh:94|scripts/run_bfdark.sh:95|scripts/run_bfdark.sh:96|scripts/run_bfdark.sh:97|scripts/run_bfdark.sh:98|scripts/run_bfdark.sh:99|scripts/run_coevolve_s01.sh:69|scripts/test_thenmc_bin.sh:32,UNAUDITED,NONE,UNTESTED,MEDIUM,parameter/mask can alter arithmetic over multiple selected records or shells; no direct layout reconstruction identified,NO_EVIDENCE (no #if 0; repository dead_code_audit found no unreferenced non-static consumer function),required RESOLVED_CONFIG evidence unavailable (0 files); stdout RUN FOOTER used as fallback,NONE,NOT_REQUIRED_BY_C2_C3,NONE
LUMINA_CMF_EPAY_SMIN,src/lumina_cmfgen.c:291,literal getenv,unset: NULL makes the guarded named branch false; no env-requested override/action at this consumer,ON_GATE/parameter (non-NULL/nonzero or selector value requests the named branch/override),ACTIVE_OBSERVED,5,/gpfs/kjhan/lumina_runner2/logs/coevolve_consume_parity51/stdout.log:37920|/gpfs/kjhan/lumina_runner2/logs/coevolve_consume_parity51/stdout.log:71|/gpfs/kjhan/lumina_runner2/logs/coevolve_consume_parity56/stdout.log:38149|/gpfs/kjhan/lumina_runner2/logs/coevolve_consume_parity56/stdout.log:71|/gpfs/kjhan/lumina_runner2/logs/coevolve_consume_parity57/stdout.log:38916|/gpfs/kjhan/lumina_runner2/logs/coevolve_consume_parity57/stdout.log:71|/gpfs/kjhan/lumina_runner2/logs/coevolve_consume_parity58/stdout.log:38150|/gpfs/kjhan/lumina_runner2/logs/coevolve_consume_parity58/stdout.log:72|/gpfs/kjhan/lumina_runner2/logs/coevolve_consume_parity59/stdout.log:38149|/gpfs/kjhan/lumina_runner2/logs/coevolve_consume_parity59/stdout.log:72|/gpfs/kjhan/lumina_runner2/logs/coevolve_consume_parity60/stdout.log:38967|/gpfs/kjhan/lumina_runner2/logs/coevolve_consume_parity60/stdout.log:73,"coevolve_consume_parity60 (/gpfs/kjhan/lumina_runner2/logs/coevolve_consume_parity60/stdout.log:73, value=5)",scripts/run_bfdark.sh:100|scripts/run_bfdark.sh:101|scripts/run_bfdark.sh:102|scripts/run_bfdark.sh:103|scripts/run_bfdark.sh:104|scripts/run_bfdark.sh:105|scripts/run_bfdark.sh:106|scripts/run_bfdark.sh:107|scripts/run_bfdark.sh:108|scripts/run_bfdark.sh:109|scripts/run_bfdark.sh:110|scripts/run_bfdark.sh:111|scripts/run_bfdark.sh:112|scripts/run_bfdark.sh:113|scripts/run_bfdark.sh:114|scripts/run_bfdark.sh:115|scripts/run_bfdark.sh:116|scripts/run_bfdark.sh:117|scripts/run_bfdark.sh:88|scripts/run_bfdark.sh:89|scripts/run_bfdark.sh:90|scripts/run_bfdark.sh:91|scripts/run_bfdark.sh:92|scripts/run_bfdark.sh:93|scripts/run_bfdark.sh:95|scripts/run_bfdark.sh:96|scripts/run_bfdark.sh:97|scripts/run_bfdark.sh:98|scripts/run_bfdark.sh:99|scripts/run_coevolve_s01.sh:68|scripts/test_thenmc_bin.sh:32,UNAUDITED,NONE,UNTESTED,MEDIUM,parameter/mask can alter arithmetic over multiple selected records or shells; no direct layout reconstruction identified,NO_EVIDENCE (no #if 0; repository dead_code_audit found no unreferenced non-static consumer function),required RESOLVED_CONFIG evidence unavailable (0 files); stdout RUN FOOTER used as fallback,C3_ACTIVE_OFF_UNTESTED,P2,"required: same binary/input; UNSET vs explicit neutral/OFF vs ON(shadow); byte-compare registered state, layout/table manifests, oracle outputs, RNG/event counters; ON must not commit target state"
LUMINA_CMF_EPAY_TAU,src/lumina_cmfgen.c:289,literal getenv,unset: NULL makes the guarded named branch false; no env-requested override/action at this consumer,ON_GATE/parameter (non-NULL/nonzero or selector value requests the named branch/override),DORMANT,NONE,NONE,NONE,NONE,UNAUDITED,NONE,UNTESTED,MEDIUM,parameter/mask can alter arithmetic over multiple selected records or shells; no direct layout reconstruction identified,NO_EVIDENCE (no #if 0; repository dead_code_audit found no unreferenced non-static consumer function),required RESOLVED_CONFIG evidence unavailable (0 files); stdout RUN FOOTER used as fallback,C1_DORMANT_UNAUDITED,NOT_REQUIRED_BY_C2_C3,NONE
LUMINA_CMF_EPAY_TAUBIN,src/lumina_cmfgen.c:293,literal getenv,unset: NULL makes the guarded named branch false; no env-requested override/action at this consumer,ON_GATE/parameter (non-NULL/nonzero or selector value requests the named branch/override),ACTIVE_OBSERVED,10,/gpfs/kjhan/lumina_runner2/logs/coevolve_consume_parity51/stdout.log:14|/gpfs/kjhan/lumina_runner2/logs/coevolve_consume_parity51/stdout.log:37863|/gpfs/kjhan/lumina_runner2/logs/coevolve_consume_parity56/stdout.log:14|/gpfs/kjhan/lumina_runner2/logs/coevolve_consume_parity56/stdout.log:38092|/gpfs/kjhan/lumina_runner2/logs/coevolve_consume_parity57/stdout.log:14|/gpfs/kjhan/lumina_runner2/logs/coevolve_consume_parity57/stdout.log:38859|/gpfs/kjhan/lumina_runner2/logs/coevolve_consume_parity58/stdout.log:14|/gpfs/kjhan/lumina_runner2/logs/coevolve_consume_parity58/stdout.log:38092|/gpfs/kjhan/lumina_runner2/logs/coevolve_consume_parity59/stdout.log:14|/gpfs/kjhan/lumina_runner2/logs/coevolve_consume_parity59/stdout.log:38091|/gpfs/kjhan/lumina_runner2/logs/coevolve_consume_parity60/stdout.log:14|/gpfs/kjhan/lumina_runner2/logs/coevolve_consume_parity60/stdout.log:38908,"coevolve_consume_parity60 (/gpfs/kjhan/lumina_runner2/logs/coevolve_consume_parity60/stdout.log:38908, value=10)",scripts/run_bfdark.sh:104|scripts/run_bfdark.sh:105|scripts/run_bfdark.sh:106|scripts/run_bfdark.sh:107|scripts/run_bfdark.sh:108|scripts/run_bfdark.sh:109|scripts/run_bfdark.sh:110|scripts/run_bfdark.sh:111|scripts/run_bfdark.sh:112|scripts/run_bfdark.sh:113|scripts/run_bfdark.sh:114|scripts/run_bfdark.sh:115|scripts/run_bfdark.sh:116|scripts/run_bfdark.sh:117|scripts/run_coevolve_s01.sh:69,UNAUDITED,NONE,UNTESTED,MEDIUM,parameter/mask can alter arithmetic over multiple selected records or shells; no direct layout reconstruction identified,NO_EVIDENCE (no #if 0; repository dead_code_audit found no unreferenced non-static consumer function),required RESOLVED_CONFIG evidence unavailable (0 files); stdout RUN FOOTER used as fallback,C3_ACTIVE_OFF_UNTESTED,P2,"required: same binary/input; UNSET vs explicit neutral/OFF vs ON(shadow); byte-compare registered state, layout/table manifests, oracle outputs, RNG/event counters; ON must not commit target state"
LUMINA_CMF_EPAY_TAUEFF,src/lumina_cmfgen.c:321,literal getenv,unset: NULL makes the guarded named branch false; no env-requested override/action at this consumer,ON_GATE/parameter (non-NULL/nonzero or selector value requests the named branch/override),DORMANT,NONE,NONE,NONE,NONE,UNAUDITED,NONE,UNTESTED,MEDIUM,parameter/mask can alter arithmetic over multiple selected records or shells; no direct layout reconstruction identified,NO_EVIDENCE (no #if 0; repository dead_code_audit found no unreferenced non-static consumer function),required RESOLVED_CONFIG evidence unavailable (0 files); stdout RUN FOOTER used as fallback,C1_DORMANT_UNAUDITED,NOT_REQUIRED_BY_C2_C3,NONE
LUMINA_CMF_FINE_ALI,src/lumina_cmfgen.c:2127,literal getenv,unset: NULL makes the guarded named branch false; no env-requested override/action at this consumer,ON_GATE/parameter (non-NULL/nonzero or selector value requests the named branch/override),ACTIVE_OBSERVED,20000,/gpfs/kjhan/lumina_runner2/logs/coevolve_consume_parity51/stdout.log:118|/gpfs/kjhan/lumina_runner2/logs/coevolve_consume_parity51/stdout.log:37967|/gpfs/kjhan/lumina_runner2/logs/coevolve_consume_parity56/stdout.log:119|/gpfs/kjhan/lumina_runner2/logs/coevolve_consume_parity56/stdout.log:38197|/gpfs/kjhan/lumina_runner2/logs/coevolve_consume_parity57/stdout.log:119|/gpfs/kjhan/lumina_runner2/logs/coevolve_consume_parity57/stdout.log:38964|/gpfs/kjhan/lumina_runner2/logs/coevolve_consume_parity58/stdout.log:120|/gpfs/kjhan/lumina_runner2/logs/coevolve_consume_parity58/stdout.log:38198|/gpfs/kjhan/lumina_runner2/logs/coevolve_consume_parity59/stdout.log:120|/gpfs/kjhan/lumina_runner2/logs/coevolve_consume_parity59/stdout.log:38197|/gpfs/kjhan/lumina_runner2/logs/coevolve_consume_parity60/stdout.log:122|/gpfs/kjhan/lumina_runner2/logs/coevolve_consume_parity60/stdout.log:39016,"coevolve_consume_parity60 (/gpfs/kjhan/lumina_runner2/logs/coevolve_consume_parity60/stdout.log:39016, value=20000)",scripts/launch_parity31_syn08.sh:21|scripts/launch_parity33_syn08.sh:26|scripts/launch_parity34_syn08.sh:35|scripts/launch_parity35_syn08.sh:30|scripts/launch_parity36a_base.sh:43|scripts/launch_parity36b_noskip.sh:51|scripts/launch_parity37_taudump.sh:57|scripts/launch_parity38_nofloor.sh:66|scripts/launch_parity39_baseline.sh:42|scripts/launch_parity40_tepin.sh:70|scripts/launch_parity41_sivcaiv.sh:82|scripts/launch_parity42_gphoff.sh:76|scripts/sbatch_gpu_determinism_probe_a100.sh:36|scripts/sbatch_gpu_determinism_probe_h100.sh:36|scripts/slurm_cmf_fine_validate.sh:63|scripts/slurm_ddc15_pure_cmfgen_phase3.sh:160,UNAUDITED,NONE,UNTESTED,HIGH,source-selected model-wide mode/backend/layout/table/profile or cross-shell arithmetic; off-target impact cannot be excluded statically,NO_EVIDENCE (no #if 0; repository dead_code_audit found no unreferenced non-static consumer function),required RESOLVED_CONFIG evidence unavailable (0 files); stdout RUN FOOTER used as fallback,C3_ACTIVE_OFF_UNTESTED,P0,"required: same binary/input; UNSET vs explicit neutral/OFF vs ON(shadow); byte-compare registered state, layout/table manifests, oracle outputs, RNG/event counters; ON must not commit target state"
LUMINA_CMF_FINE_BF_DIAG,src/lumina_cmfgen.c:2228,literal getenv,unset: diagnostic/self-test branch not requested (no getenv value),ON_GATE(diagnostic),DORMANT,NONE,NONE,NONE,scripts/run_fphdg.sh:40,COVERED,docs/TRANSPORT_COUPLED_TE_DESIGN.md,UNTESTED,LOW,diagnostic/output/self-test control; may alter I/O or early exit but no production array/layout mutation identified at consumer,NO_EVIDENCE (no #if 0; repository dead_code_audit found no unreferenced non-static consumer function),required RESOLVED_CONFIG evidence unavailable (0 files); stdout RUN FOOTER used as fallback,NONE,NOT_REQUIRED_BY_C2_C3,NONE
LUMINA_CMF_FINE_BF_OPAC,src/lumina_cmfgen.c:2206,literal getenv,unset: NULL makes the guarded named branch false; no env-requested override/action at this consumer,ON_GATE/parameter (non-NULL/nonzero or selector value requests the named branch/override),DORMANT,NONE,NONE,NONE,scripts/run_fphbf.sh:39|scripts/run_fphdg.sh:39,COVERED,docs/TRANSPORT_COUPLED_TE_DESIGN.md,UNTESTED,HIGH,source-selected model-wide mode/backend/layout/table/profile or cross-shell arithmetic; off-target impact cannot be excluded statically,NO_EVIDENCE (no #if 0; repository dead_code_audit found no unreferenced non-static consumer function),required RESOLVED_CONFIG evidence unavailable (0 files); stdout RUN FOOTER used as fallback,C2_DORMANT_HIGH,P1,"required: same binary/input; UNSET vs explicit neutral/OFF vs ON(shadow); byte-compare registered state, layout/table manifests, oracle outputs, RNG/event counters; ON must not commit target state"
LUMINA_CMF_FINE_CONTONLY,src/lumina_cmfgen.c:2255,literal getenv,unset: NULL makes the guarded named branch false; no env-requested override/action at this consumer,ON_GATE/parameter (non-NULL/nonzero or selector value requests the named branch/override),DORMANT,NONE,NONE,NONE,scripts/slurm_ddc15_pure_cmfgen_phase3.sh:177,UNAUDITED,NONE,UNTESTED,HIGH,source-selected model-wide mode/backend/layout/table/profile or cross-shell arithmetic; off-target impact cannot be excluded statically,NO_EVIDENCE (no #if 0; repository dead_code_audit found no unreferenced non-static consumer function),required RESOLVED_CONFIG evidence unavailable (0 files); stdout RUN FOOTER used as fallback,C1_DORMANT_UNAUDITED|C2_DORMANT_HIGH,P1,"required: same binary/input; UNSET vs explicit neutral/OFF vs ON(shadow); byte-compare registered state, layout/table manifests, oracle outputs, RNG/event counters; ON must not commit target state"
LUMINA_CMF_FINE_DIAG,src/lumina_cmfgen.c:2117,literal getenv,unset: diagnostic/self-test branch not requested (no getenv value),ON_GATE(diagnostic),DORMANT,NONE,NONE,NONE,scripts/run_baldiag.sh:39|scripts/run_boostdr.sh:42|scripts/run_capraise.sh:39|scripts/run_cnclean.sh:39|scripts/run_cndamp.sh:39|scripts/run_conv16.sh:39|scripts/run_cpl1.sh:39|scripts/run_cpl20.sh:39|scripts/run_dronly.sh:39|scripts/run_etla.sh:39|scripts/run_fphbf.sh:40|scripts/run_fphdg.sh:41|scripts/run_fphval.sh:39|scripts/run_frz0.sh:39|scripts/run_hotroot.sh:39|scripts/run_ionb3.sh:41|scripts/run_ionb5x.sh:41|scripts/run_ionboost.sh:39|scripts/run_ionboost2.sh:39|scripts/run_ionchk.sh:39|scripts/run_ionnt.sh:39|scripts/run_jdump.sh:39|scripts/run_ntdr.sh:41|scripts/run_rtr33.sh:39|scripts/run_rtruth.sh:39|scripts/run_s2_fph.sh:37|scripts/run_s2_fph2.sh:38|scripts/run_srcbl.sh:40|scripts/run_wbflr.sh:41|scripts/run_widebr.sh:39|scripts/slurm_cmf_fine_validate.sh:58|scripts/slurm_ddc15_pure_cmfgen_phase3.sh:144|scripts/slurm_ddc15_pure_cmfgen_phase3.sh:176,UNAUDITED,NONE,UNTESTED,LOW,diagnostic/output/self-test control; may alter I/O or early exit but no production array/layout mutation identified at consumer,NO_EVIDENCE (no #if 0; repository dead_code_audit found no unreferenced non-static consumer function),required RESOLVED_CONFIG evidence unavailable (0 files); stdout RUN FOOTER used as fallback,C1_DORMANT_UNAUDITED,NOT_REQUIRED_BY_C2_C3,NONE
LUMINA_CMF_FINE_EMERGENT,src/lumina_cmfgen.c:2494,literal getenv,unset: NULL makes the guarded named branch false; no env-requested override/action at this consumer,ON_GATE/parameter (non-NULL/nonzero or selector value requests the named branch/override),DORMANT,NONE,NONE,NONE,scripts/slurm_ddc15_pure_cmfgen_phase3.sh:161,COVERED,docs/FREQ_RESOLVED_FIELD_DESIGN.md,UNTESTED,HIGH,source-selected model-wide mode/backend/layout/table/profile or cross-shell arithmetic; off-target impact cannot be excluded statically,NO_EVIDENCE (no #if 0; repository dead_code_audit found no unreferenced non-static consumer function),required RESOLVED_CONFIG evidence unavailable (0 files); stdout RUN FOOTER used as fallback,C2_DORMANT_HIGH,P1,"required: same binary/input; UNSET vs explicit neutral/OFF vs ON(shadow); byte-compare registered state, layout/table manifests, oracle outputs, RNG/event counters; ON must not commit target state"
LUMINA_CMF_FINE_EMERGENT_OBS,src/lumina_cmfgen.c:2499,literal getenv,unset: NULL makes the guarded named branch false; no env-requested override/action at this consumer,ON_GATE/parameter (non-NULL/nonzero or selector value requests the named branch/override),DORMANT,NONE,NONE,NONE,scripts/slurm_ddc15_pure_cmfgen_phase3.sh:162,UNAUDITED,NONE,UNTESTED,MEDIUM,parameter/mask can alter arithmetic over multiple selected records or shells; no direct layout reconstruction identified,NO_EVIDENCE (no #if 0; repository dead_code_audit found no unreferenced non-static consumer function),required RESOLVED_CONFIG evidence unavailable (0 files); stdout RUN FOOTER used as fallback,C1_DORMANT_UNAUDITED,NOT_REQUIRED_BY_C2_C3,NONE
LUMINA_CMF_FINE_JMAP,src/lumina_cmfgen.c:2465,literal getenv,unset: NULL makes the guarded named branch false; no env-requested override/action at this consumer,ON_GATE/parameter (non-NULL/nonzero or selector value requests the named branch/override),DORMANT,NONE,NONE,NONE,scripts/judge_field_color_falsifier.py:41|scripts/judge_field_color_falsifier.py:5|scripts/run_bfdark.sh:117|scripts/slurm_ddc15_pure_cmfgen_phase3.sh:175,COVERED,docs/DETERMINISTIC_EMERGENT_BUGTABLE.md,UNTESTED,MEDIUM,parameter/mask can alter arithmetic over multiple selected records or shells; no direct layout reconstruction identified,NO_EVIDENCE (no #if 0; repository dead_code_audit found no unreferenced non-static consumer function),required RESOLVED_CONFIG evidence unavailable (0 files); stdout RUN FOOTER used as fallback,NONE,NOT_REQUIRED_BY_C2_C3,NONE
LUMINA_CMF_FINE_LAMHI,src/lumina_cmfgen.c:2122|src/lumina_nlte_gemm.cu:167|src/lumina_plasma.c:3355,literal getenv,unset: NULL makes the guarded named branch false; no env-requested override/action at this consumer,ON_GATE/parameter (non-NULL/nonzero or selector value requests the named branch/override),DORMANT,NONE,NONE,NONE,scripts/run_fph_diag.sh:37|scripts/slurm_cmf_fine_validate.sh:60|scripts/slurm_ddc15_pure_cmfgen_phase3.sh:157,UNAUDITED,NONE,UNTESTED,HIGH,source-selected model-wide mode/backend/layout/table/profile or cross-shell arithmetic; off-target impact cannot be excluded statically,NO_EVIDENCE (no #if 0; repository dead_code_audit found no unreferenced non-static consumer function),required RESOLVED_CONFIG evidence unavailable (0 files); stdout RUN FOOTER used as fallback,C1_DORMANT_UNAUDITED|C2_DORMANT_HIGH,P1,"required: same binary/input; UNSET vs explicit neutral/OFF vs ON(shadow); byte-compare registered state, layout/table manifests, oracle outputs, RNG/event counters; ON must not commit target state"
LUMINA_CMF_FINE_LAMLO,src/lumina_cmfgen.c:2121|src/lumina_nlte_gemm.cu:166|src/lumina_plasma.c:3354,literal getenv,unset: NULL makes the guarded named branch false; no env-requested override/action at this consumer,ON_GATE/parameter (non-NULL/nonzero or selector value requests the named branch/override),DORMANT,NONE,NONE,NONE,scripts/run_baldiag.sh:37|scripts/run_boostdr.sh:40|scripts/run_capraise.sh:37|scripts/run_cnclean.sh:37|scripts/run_cndamp.sh:37|scripts/run_conv16.sh:37|scripts/run_cpl1.sh:37|scripts/run_cpl20.sh:37|scripts/run_dronly.sh:37|scripts/run_etla.sh:37|scripts/run_fph_diag.sh:36|scripts/run_fphbf.sh:37|scripts/run_fphdg.sh:37|scripts/run_fphval.sh:37|scripts/run_frz0.sh:37|scripts/run_hotroot.sh:37|scripts/run_ionb3.sh:39|scripts/run_ionb5x.sh:39|scripts/run_ionboost.sh:37|scripts/run_ionboost2.sh:37|scripts/run_ionchk.sh:37|scripts/run_ionnt.sh:37|scripts/run_jdump.sh:37|scripts/run_ntdr.sh:39|scripts/run_rtr33.sh:37|scripts/run_rtruth.sh:37|scripts/run_s2_fph2.sh:37|scripts/run_srcbl.sh:38|scripts/run_wbflr.sh:39|scripts/run_widebr.sh:37|scripts/slurm_cmf_fine_validate.sh:59|scripts/slurm_ddc15_pure_cmfgen_phase3.sh:156,COVERED,docs/FREQ_RESOLVED_FIELD_DESIGN.md,UNTESTED,HIGH,source-selected model-wide mode/backend/layout/table/profile or cross-shell arithmetic; off-target impact cannot be excluded statically,NO_EVIDENCE (no #if 0; repository dead_code_audit found no unreferenced non-static consumer function),required RESOLVED_CONFIG evidence unavailable (0 files); stdout RUN FOOTER used as fallback,C2_DORMANT_HIGH,P1,"required: same binary/input; UNSET vs explicit neutral/OFF vs ON(shadow); byte-compare registered state, layout/table manifests, oracle outputs, RNG/event counters; ON must not commit target state"
LUMINA_CMF_FINE_LINEDUMP,src/lumina_cmfgen.c:2606,literal getenv,unset: diagnostic/self-test branch not requested (no getenv value),ON_GATE(diagnostic),ACTIVE_OBSERVED,1,/gpfs/kjhan/lumina_runner2/logs/coevolve_consume_parity51/stdout.log:37927|/gpfs/kjhan/lumina_runner2/logs/coevolve_consume_parity51/stdout.log:78|/gpfs/kjhan/lumina_runner2/logs/coevolve_consume_parity56/stdout.log:38156|/gpfs/kjhan/lumina_runner2/logs/coevolve_consume_parity56/stdout.log:78|/gpfs/kjhan/lumina_runner2/logs/coevolve_consume_parity57/stdout.log:38923|/gpfs/kjhan/lumina_runner2/logs/coevolve_consume_parity57/stdout.log:78|/gpfs/kjhan/lumina_runner2/logs/coevolve_consume_parity58/stdout.log:38157|/gpfs/kjhan/lumina_runner2/logs/coevolve_consume_parity58/stdout.log:79|/gpfs/kjhan/lumina_runner2/logs/coevolve_consume_parity59/stdout.log:38156|/gpfs/kjhan/lumina_runner2/logs/coevolve_consume_parity59/stdout.log:79|/gpfs/kjhan/lumina_runner2/logs/coevolve_consume_parity60/stdout.log:38974|/gpfs/kjhan/lumina_runner2/logs/coevolve_consume_parity60/stdout.log:80|scripts/parity_baseline.env:50,"coevolve_consume_parity60 (/gpfs/kjhan/lumina_runner2/logs/coevolve_consume_parity60/stdout.log:80, value=1)",scripts/launch_parity30_syn08.sh:21|scripts/launch_parity31_syn08.sh:22|scripts/launch_parity32_syn08.sh:23|scripts/launch_parity33_syn08.sh:28|scripts/launch_parity34_syn08.sh:37|scripts/launch_parity35_syn08.sh:32|scripts/launch_parity36a_base.sh:45|scripts/launch_parity36b_noskip.sh:53|scripts/launch_parity37_taudump.sh:59|scripts/launch_parity38_nofloor.sh:68|scripts/parity_baseline.env:50|scripts/sbatch_gpu_determinism_probe_a100.sh:38|scripts/sbatch_gpu_determinism_probe_h100.sh:38|scripts/slurm_ddc15_pure_cmfgen_phase3.sh:145,UNAUDITED,NONE,UNTESTED,LOW,diagnostic/output/self-test control; may alter I/O or early exit but no production array/layout mutation identified at consumer,NO_EVIDENCE (no #if 0; repository dead_code_audit found no unreferenced non-static consumer function),required RESOLVED_CONFIG evidence unavailable (0 files); stdout RUN FOOTER used as fallback,C3_ACTIVE_OFF_UNTESTED,P3,"required: same binary/input; UNSET vs explicit neutral/OFF vs ON(shadow); byte-compare registered state, layout/table manifests, oracle outputs, RNG/event counters; ON must not commit target state"
LUMINA_CMF_FINE_LINEDUMP_SHELL,src/lumina_cmfgen.c:2609,literal getenv,unset: diagnostic/self-test branch not requested (no getenv value),ON_GATE(diagnostic),ACTIVE_OBSERVED,"8,45,49",/gpfs/kjhan/lumina_runner2/logs/coevolve_consume_parity51/stdout.log:37937|/gpfs/kjhan/lumina_runner2/logs/coevolve_consume_parity51/stdout.log:88|/gpfs/kjhan/lumina_runner2/logs/coevolve_consume_parity56/stdout.log:38166|/gpfs/kjhan/lumina_runner2/logs/coevolve_consume_parity56/stdout.log:88|/gpfs/kjhan/lumina_runner2/logs/coevolve_consume_parity57/stdout.log:38933|/gpfs/kjhan/lumina_runner2/logs/coevolve_consume_parity57/stdout.log:88|/gpfs/kjhan/lumina_runner2/logs/coevolve_consume_parity58/stdout.log:38167|/gpfs/kjhan/lumina_runner2/logs/coevolve_consume_parity58/stdout.log:89|/gpfs/kjhan/lumina_runner2/logs/coevolve_consume_parity59/stdout.log:38166|/gpfs/kjhan/lumina_runner2/logs/coevolve_consume_parity59/stdout.log:89|/gpfs/kjhan/lumina_runner2/logs/coevolve_consume_parity60/stdout.log:38985|/gpfs/kjhan/lumina_runner2/logs/coevolve_consume_parity60/stdout.log:91|scripts/parity_baseline.env:51,"coevolve_consume_parity60 (/gpfs/kjhan/lumina_runner2/logs/coevolve_consume_parity60/stdout.log:91, value=8,45,49)",scripts/launch_parity30_syn08.sh:21|scripts/launch_parity31_syn08.sh:22|scripts/launch_parity32_syn08.sh:23|scripts/launch_parity33_syn08.sh:28|scripts/launch_parity34_syn08.sh:37|scripts/launch_parity35_syn08.sh:32|scripts/launch_parity36a_base.sh:45|scripts/launch_parity36b_noskip.sh:53|scripts/launch_parity37_taudump.sh:59|scripts/launch_parity37_taudump.sh:75|scripts/launch_parity38_nofloor.sh:68|scripts/launch_parity38_nofloor.sh:85|scripts/launch_parity39_baseline.sh:60|scripts/parity_baseline.env:51|scripts/sbatch_gpu_determinism_probe_a100.sh:38|scripts/sbatch_gpu_determinism_probe_h100.sh:38,UNAUDITED,NONE,UNTESTED,LOW,diagnostic/output/self-test control; may alter I/O or early exit but no production array/layout mutation identified at consumer,NO_EVIDENCE (no #if 0; repository dead_code_audit found no unreferenced non-static consumer function),required RESOLVED_CONFIG evidence unavailable (0 files); stdout RUN FOOTER used as fallback,C3_ACTIVE_OFF_UNTESTED,P3,"required: same binary/input; UNSET vs explicit neutral/OFF vs ON(shadow); byte-compare registered state, layout/table manifests, oracle outputs, RNG/event counters; ON must not commit target state"
LUMINA_CMF_FINE_LINE_EPS,src/lumina_cmfgen.c:2145,literal getenv,unset: NULL makes the guarded named branch false; no env-requested override/action at this consumer,ON_GATE/parameter (non-NULL/nonzero or selector value requests the named branch/override),DORMANT,NONE,NONE,NONE,scripts/run_bfdark.sh:117|scripts/slurm_ddc15_pure_cmfgen_phase3.sh:172,COVERED,docs/DETERMINISTIC_EMERGENT_BUGTABLE.md,UNTESTED,MEDIUM,parameter/mask can alter arithmetic over multiple selected records or shells; no direct layout reconstruction identified,NO_EVIDENCE (no #if 0; repository dead_code_audit found no unreferenced non-static consumer function),required RESOLVED_CONFIG evidence unavailable (0 files); stdout RUN FOOTER used as fallback,NONE,NOT_REQUIRED_BY_C2_C3,NONE
LUMINA_CMF_FINE_OBS_NOBS,src/lumina_cmfgen.c:1959,literal getenv,unset: source ternary selects fallback expression `0`,ON_GATE/parameter (non-NULL/nonzero or selector value requests the named branch/override),DORMANT,NONE,NONE,NONE,scripts/slurm_ddc15_pure_cmfgen_phase3.sh:163,UNAUDITED,NONE,UNTESTED,MEDIUM,parameter/mask can alter arithmetic over multiple selected records or shells; no direct layout reconstruction identified,NO_EVIDENCE (no #if 0; repository dead_code_audit found no unreferenced non-static consumer function),required RESOLVED_CONFIG evidence unavailable (0 files); stdout RUN FOOTER used as fallback,C1_DORMANT_UNAUDITED,NOT_REQUIRED_BY_C2_C3,NONE
LUMINA_CMF_FINE_OBS_SCATTER,src/lumina_cmfgen.c:1938,literal getenv,unset: source ternary selects fallback expression `1e-6`,ON_GATE/parameter (non-NULL/nonzero or selector value requests the named branch/override),DORMANT,NONE,NONE,NONE,scripts/slurm_ddc15_pure_cmfgen_phase3.sh:164,UNAUDITED,NONE,UNTESTED,MEDIUM,parameter/mask can alter arithmetic over multiple selected records or shells; no direct layout reconstruction identified,NO_EVIDENCE (no #if 0; repository dead_code_audit found no unreferenced non-static consumer function),required RESOLVED_CONFIG evidence unavailable (0 files); stdout RUN FOOTER used as fallback,C1_DORMANT_UNAUDITED,NOT_REQUIRED_BY_C2_C3,NONE
LUMINA_CMF_FINE_PHOTOION,src/lumina_cmfgen.c:2664,literal getenv,unset: NULL makes the guarded named branch false; no env-requested override/action at this consumer,ON_GATE/parameter (non-NULL/nonzero or selector value requests the named branch/override),DORMANT,NONE,NONE,NONE,scripts/run_baldiag.sh:36|scripts/run_boostdr.sh:39|scripts/run_capraise.sh:36|scripts/run_cnclean.sh:36|scripts/run_cndamp.sh:36|scripts/run_conv16.sh:36|scripts/run_cpl1.sh:36|scripts/run_cpl20.sh:36|scripts/run_dronly.sh:36|scripts/run_etla.sh:36|scripts/run_fphbf.sh:36|scripts/run_fphdg.sh:36|scripts/run_fphval.sh:36|scripts/run_frz0.sh:36|scripts/run_hotroot.sh:36|scripts/run_ionb3.sh:38|scripts/run_ionb5x.sh:38|scripts/run_ionboost.sh:36|scripts/run_ionboost2.sh:36|scripts/run_ionchk.sh:36|scripts/run_ionnt.sh:36|scripts/run_jdump.sh:36|scripts/run_ntdr.sh:38|scripts/run_rtr33.sh:36|scripts/run_rtruth.sh:36|scripts/run_s2_fph.sh:36|scripts/run_s2_fph2.sh:36|scripts/run_srcbl.sh:37|scripts/run_wbflr.sh:38|scripts/run_widebr.sh:36,COVERED,docs/TRANSPORT_COUPLED_TE_DESIGN.md,UNTESTED,HIGH,source-selected model-wide mode/backend/layout/table/profile or cross-shell arithmetic; off-target impact cannot be excluded statically,NO_EVIDENCE (no #if 0; repository dead_code_audit found no unreferenced non-static consumer function),required RESOLVED_CONFIG evidence unavailable (0 files); stdout RUN FOOTER used as fallback,C2_DORMANT_HIGH,P1,"required: same binary/input; UNSET vs explicit neutral/OFF vs ON(shadow); byte-compare registered state, layout/table manifests, oracle outputs, RNG/event counters; ON must not commit target state"
LUMINA_CMF_FINE_PHOTOION_DIAG,src/lumina_nlte_gemm.cu:164,literal getenv,unset: diagnostic/self-test branch not requested (no getenv value),ON_GATE(diagnostic),DORMANT,NONE,NONE,NONE,scripts/run_fph_diag.sh:35,UNAUDITED,NONE,UNTESTED,LOW,diagnostic/output/self-test control; may alter I/O or early exit but no production array/layout mutation identified at consumer,NO_EVIDENCE (no #if 0; repository dead_code_audit found no unreferenced non-static consumer function),required RESOLVED_CONFIG evidence unavailable (0 files); stdout RUN FOOTER used as fallback,C1_DORMANT_UNAUDITED,NOT_REQUIRED_BY_C2_C3,NONE
LUMINA_CMF_FINE_PPD,src/lumina_cmfgen.c:2126,literal getenv,unset: NULL makes the guarded named branch false; no env-requested override/action at this consumer,ON_GATE/parameter (non-NULL/nonzero or selector value requests the named branch/override),DORMANT,NONE,NONE,NONE,scripts/run_baldiag.sh:38|scripts/run_boostdr.sh:41|scripts/run_capraise.sh:38|scripts/run_cnclean.sh:38|scripts/run_cndamp.sh:38|scripts/run_conv16.sh:38|scripts/run_cpl1.sh:38|scripts/run_cpl20.sh:38|scripts/run_dronly.sh:38|scripts/run_etla.sh:38|scripts/run_fphbf.sh:38|scripts/run_fphdg.sh:38|scripts/run_fphval.sh:38|scripts/run_frz0.sh:38|scripts/run_hotroot.sh:38|scripts/run_ionb3.sh:40|scripts/run_ionb5x.sh:40|scripts/run_ionboost.sh:38|scripts/run_ionboost2.sh:38|scripts/run_ionchk.sh:38|scripts/run_ionnt.sh:38|scripts/run_jdump.sh:38|scripts/run_ntdr.sh:40|scripts/run_rtr33.sh:38|scripts/run_rtruth.sh:38|scripts/run_srcbl.sh:39|scripts/run_wbflr.sh:40|scripts/run_widebr.sh:38|scripts/slurm_cmf_fine_validate.sh:62|scripts/slurm_ddc15_pure_cmfgen_phase3.sh:159,UNAUDITED,NONE,UNTESTED,HIGH,source-selected model-wide mode/backend/layout/table/profile or cross-shell arithmetic; off-target impact cannot be excluded statically,NO_EVIDENCE (no #if 0; repository dead_code_audit found no unreferenced non-static consumer function),required RESOLVED_CONFIG evidence unavailable (0 files); stdout RUN FOOTER used as fallback,C1_DORMANT_UNAUDITED|C2_DORMANT_HIGH,P1,"required: same binary/input; UNSET vs explicit neutral/OFF vs ON(shadow); byte-compare registered state, layout/table manifests, oracle outputs, RNG/event counters; ON must not commit target state"
LUMINA_CMF_FINE_SL_CLAMP,src/lumina_cmfgen.c:1941|src/lumina_cmfgen.c:2133,literal getenv,unset: source ternary selects fallback expression `1e-6`,ON_GATE/parameter (non-NULL/nonzero or selector value requests the named branch/override),DORMANT,NONE,NONE,NONE,scripts/slurm_ddc15_pure_cmfgen_phase3.sh:170,COVERED,docs/FREQ_RESOLVED_FIELD_DESIGN.md,UNTESTED,MEDIUM,parameter/mask can alter arithmetic over multiple selected records or shells; no direct layout reconstruction identified,NO_EVIDENCE (no #if 0; repository dead_code_audit found no unreferenced non-static consumer function),required RESOLVED_CONFIG evidence unavailable (0 files); stdout RUN FOOTER used as fallback,NONE,NOT_REQUIRED_BY_C2_C3,NONE
LUMINA_CMF_FINE_TAUMIN,src/lumina_cmfgen.c:2267,literal getenv,unset: source comment/default states 1e-12,ON_GATE(parameter),DORMANT,NONE,NONE,NONE,scripts/slurm_ddc15_pure_cmfgen_phase3.sh:171,UNAUDITED,NONE,UNTESTED,MEDIUM,parameter/mask can alter arithmetic over multiple selected records or shells; no direct layout reconstruction identified,NO_EVIDENCE (no #if 0; repository dead_code_audit found no unreferenced non-static consumer function),required RESOLVED_CONFIG evidence unavailable (0 files); stdout RUN FOOTER used as fallback,C1_DORMANT_UNAUDITED,NOT_REQUIRED_BY_C2_C3,NONE
LUMINA_CMF_FINE_VDOP,src/lumina_cmfgen.c:2124,literal getenv,unset: NULL makes the guarded named branch false; no env-requested override/action at this consumer,ON_GATE/parameter (non-NULL/nonzero or selector value requests the named branch/override),DORMANT,NONE,NONE,NONE,scripts/slurm_cmf_fine_validate.sh:61|scripts/slurm_ddc15_pure_cmfgen_phase3.sh:158,UNAUDITED,NONE,UNTESTED,HIGH,source-selected model-wide mode/backend/layout/table/profile or cross-shell arithmetic; off-target impact cannot be excluded statically,NO_EVIDENCE (no #if 0; repository dead_code_audit found no unreferenced non-static consumer function),required RESOLVED_CONFIG evidence unavailable (0 files); stdout RUN FOOTER used as fallback,C1_DORMANT_UNAUDITED|C2_DORMANT_HIGH,P1,"required: same binary/input; UNSET vs explicit neutral/OFF vs ON(shadow); byte-compare registered state, layout/table manifests, oracle outputs, RNG/event counters; ON must not commit target state"
LUMINA_CMF_FSOLVE_SELFTEST,src/lumina_cuda.cu:7356|src/lumina_cuda.cu:7357,literal getenv,unset: diagnostic/self-test branch not requested (no getenv value),ON_GATE(diagnostic),DORMANT,NONE,NONE,NONE,NONE,UNAUDITED,NONE,UNTESTED,LOW,diagnostic/output/self-test control; may alter I/O or early exit but no production array/layout mutation identified at consumer,NO_EVIDENCE (no #if 0; repository dead_code_audit found no unreferenced non-static consumer function),required RESOLVED_CONFIG evidence unavailable (0 files); stdout RUN FOOTER used as fallback,C1_DORMANT_UNAUDITED,NOT_REQUIRED_BY_C2_C3,NONE
LUMINA_CMF_FSOLVE_TAUES,src/lumina_cmfgen.c:3009,literal getenv,unset: NULL makes the guarded named branch false; no env-requested override/action at this consumer,ON_GATE/parameter (non-NULL/nonzero or selector value requests the named branch/override),DORMANT,NONE,NONE,NONE,NONE,UNAUDITED,NONE,UNTESTED,MEDIUM,parameter/mask can alter arithmetic over multiple selected records or shells; no direct layout reconstruction identified,NO_EVIDENCE (no #if 0; repository dead_code_audit found no unreferenced non-static consumer function),required RESOLVED_CONFIG evidence unavailable (0 files); stdout RUN FOOTER used as fallback,C1_DORMANT_UNAUDITED,NOT_REQUIRED_BY_C2_C3,NONE
LUMINA_CMF_INNER_DILUTE,src/lumina_plasma.c:18138,literal getenv,unset: getenv returns NULL and this env override is not applied; compiled initializer/parent mode remains,ON_GATE/parameter (exact polarity unresolved),DORMANT,NONE,NONE,NONE,NONE,UNAUDITED,NONE,UNTESTED,MEDIUM,parameter/mask can alter arithmetic over multiple selected records or shells; no direct layout reconstruction identified,NO_EVIDENCE (no #if 0; repository dead_code_audit found no unreferenced non-static consumer function),exact unset initializer/polarity requires function-level semantic audit | required RESOLVED_CONFIG evidence unavailable (0 files); stdout RUN FOOTER used as fallback,C1_DORMANT_UNAUDITED,NOT_REQUIRED_BY_C2_C3,NONE
LUMINA_CMF_JINC_CONT,src/lumina_cmfgen.c:3236|src/lumina_cmfgen.c:3333,literal getenv,unset: source comment/default states 0.3,ON_GATE(parameter),DORMANT,NONE,NONE,NONE,NONE,COVERED,docs/N3_JBAR_DAMP_UNIFY_DESIGN.md,UNTESTED,MEDIUM,parameter/mask can alter arithmetic over multiple selected records or shells; no direct layout reconstruction identified,NO_EVIDENCE (no #if 0; repository dead_code_audit found no unreferenced non-static consumer function),required RESOLVED_CONFIG evidence unavailable (0 files); stdout RUN FOOTER used as fallback,NONE,NOT_REQUIRED_BY_C2_C3,NONE
LUMINA_CMF_LINERES,src/lumina_cmfgen.c:3179,literal getenv,unset: NULL makes the guarded named branch false; no env-requested override/action at this consumer,ON_GATE/parameter (non-NULL/nonzero or selector value requests the named branch/override),DORMANT,NONE,NONE,NONE,NONE,COVERED,docs/FLUORESCENCE_DESIGN.md;docs/FLUORESCENCE_DESIGN_AB.md;docs/ORTHODOX_FREQRES_NLTE_DESIGN.md;docs/COEVOLVE_REWIRING_PLAN.md,UNTESTED,MEDIUM,parameter/mask can alter arithmetic over multiple selected records or shells; no direct layout reconstruction identified,NO_EVIDENCE (no #if 0; repository dead_code_audit found no unreferenced non-static consumer function),required RESOLVED_CONFIG evidence unavailable (0 files); stdout RUN FOOTER used as fallback,NONE,NOT_REQUIRED_BY_C2_C3,NONE
LUMINA_CMF_LINERES_CONSUME,src/lumina_nlte_assemble.cu:384|src/lumina_plasma.c:14832,literal + dynamic helper,unset: NULL makes the guarded named branch false; no env-requested override/action at this consumer,ON_GATE/parameter (non-NULL/nonzero or selector value requests the named branch/override),DORMANT,NONE,NONE,NONE,scripts/judge_parity34.py:6|scripts/launch_parity34_syn08.sh:38|scripts/slurm_cmf_fine_validate.sh:57|scripts/slurm_ddc15_pure_cmfgen_phase3.sh:143,COVERED,docs/FLUORESCENCE_DESIGN.md;docs/ORTHODOX_FREQRES_NLTE_DESIGN.md,UNTESTED,MEDIUM,parameter/mask can alter arithmetic over multiple selected records or shells; no direct layout reconstruction identified,NO_EVIDENCE (no #if 0; repository dead_code_audit found no unreferenced non-static consumer function),required RESOLVED_CONFIG evidence unavailable (0 files); stdout RUN FOOTER used as fallback,NONE,NOT_REQUIRED_BY_C2_C3,NONE
LUMINA_CMF_LINERES_JBAR,src/lumina_cmfgen.c:3215|src/lumina_cuda.cu:7579|src/lumina_cuda.cu:7641|src/lumina_cuda.cu:7642|src/lumina_plasma.c:3723,literal + dynamic helper,unset: source comment/default states OFF,ON_GATE,ACTIVE_OBSERVED,2,/gpfs/kjhan/lumina_runner2/logs/coevolve_consume_parity51/stdout.log:37924|/gpfs/kjhan/lumina_runner2/logs/coevolve_consume_parity51/stdout.log:75|/gpfs/kjhan/lumina_runner2/logs/coevolve_consume_parity56/stdout.log:38153|/gpfs/kjhan/lumina_runner2/logs/coevolve_consume_parity56/stdout.log:75|/gpfs/kjhan/lumina_runner2/logs/coevolve_consume_parity57/stdout.log:38920|/gpfs/kjhan/lumina_runner2/logs/coevolve_consume_parity57/stdout.log:75|/gpfs/kjhan/lumina_runner2/logs/coevolve_consume_parity58/stdout.log:38154|/gpfs/kjhan/lumina_runner2/logs/coevolve_consume_parity58/stdout.log:76|/gpfs/kjhan/lumina_runner2/logs/coevolve_consume_parity59/stdout.log:38153|/gpfs/kjhan/lumina_runner2/logs/coevolve_consume_parity59/stdout.log:76|/gpfs/kjhan/lumina_runner2/logs/coevolve_consume_parity60/stdout.log:38971|/gpfs/kjhan/lumina_runner2/logs/coevolve_consume_parity60/stdout.log:77,"coevolve_consume_parity60 (/gpfs/kjhan/lumina_runner2/logs/coevolve_consume_parity60/stdout.log:77, value=2)",scripts/run_baldiag.sh:35|scripts/run_bfdark.sh:100|scripts/run_bfdark.sh:101|scripts/run_bfdark.sh:102|scripts/run_bfdark.sh:103|scripts/run_bfdark.sh:104|scripts/run_bfdark.sh:105|scripts/run_bfdark.sh:106|scripts/run_bfdark.sh:107|scripts/run_bfdark.sh:108|scripts/run_bfdark.sh:109|scripts/run_bfdark.sh:110|scripts/run_bfdark.sh:111|scripts/run_bfdark.sh:112|scripts/run_bfdark.sh:113|scripts/run_bfdark.sh:114|scripts/run_bfdark.sh:115|scripts/run_bfdark.sh:116|scripts/run_bfdark.sh:117|scripts/run_boostdr.sh:38|scripts/run_capraise.sh:35|scripts/run_cnclean.sh:35|scripts/run_cndamp.sh:35|scripts/run_coevolve_s01.sh:70|scripts/run_conv16.sh:35|scripts/run_cpl1.sh:35|scripts/run_cpl20.sh:35|scripts/run_dronly.sh:35|scripts/run_etla.sh:35|scripts/run_fphbf.sh:35|scripts/run_fphdg.sh:35|scripts/run_fphval.sh:35|scripts/run_frz0.sh:35|scripts/run_hotroot.sh:35|scripts/run_ionb3.sh:37|scripts/run_ionb5x.sh:37|scripts/run_ionboost.sh:35|scripts/run_ionboost2.sh:35|scripts/run_ionchk.sh:35|scripts/run_ionnt.sh:35|scripts/run_jdump.sh:35|scripts/run_ntdr.sh:37|scripts/run_rtr33.sh:35|scripts/run_rtruth.sh:35|scripts/run_s2_fph.sh:35|scripts/run_s2_fph2.sh:35|scripts/run_srcbl.sh:36|scripts/run_wbflr.sh:37|scripts/run_widebr.sh:35|scripts/slurm_cmf_fine_validate.sh:56|scripts/slurm_ddc15_pure_cmfgen_phase3.sh:142,COVERED,docs/FLUORESCENCE_DESIGN_AB.md,UNTESTED,MEDIUM,parameter/mask can alter arithmetic over multiple selected records or shells; no direct layout reconstruction identified,NO_EVIDENCE (no #if 0; repository dead_code_audit found no unreferenced non-static consumer function),required RESOLVED_CONFIG evidence unavailable (0 files); stdout RUN FOOTER used as fallback,C3_ACTIVE_OFF_UNTESTED,P2,"required: same binary/input; UNSET vs explicit neutral/OFF vs ON(shadow); byte-compare registered state, layout/table manifests, oracle outputs, RNG/event counters; ON must not commit target state"
LUMINA_CMF_LINE_SOB_EPS,src/lumina_cmfgen.c:1359|src/lumina_cmfgen.c:1948,literal getenv,unset: source ternary selects fallback expression `0.0`,ON_GATE/parameter (non-NULL/nonzero or selector value requests the named branch/override),DORMANT,NONE,NONE,NONE,scripts/slurm_ddc15_pure_cmfgen_phase3.sh:165,UNAUDITED,NONE,UNTESTED,MEDIUM,parameter/mask can alter arithmetic over multiple selected records or shells; no direct layout reconstruction identified,NO_EVIDENCE (no #if 0; repository dead_code_audit found no unreferenced non-static consumer function),required RESOLVED_CONFIG evidence unavailable (0 files); stdout RUN FOOTER used as fallback,C1_DORMANT_UNAUDITED,NOT_REQUIRED_BY_C2_C3,NONE
LUMINA_CMF_NIMPACT,src/lumina_cuda.cu:9205|src/lumina_cuda.cu:10170|src/lumina_main.c:813,literal getenv,unset: source ternary selects fallback expression `50`,ON_GATE/parameter (non-NULL/nonzero or selector value requests the named branch/override),DORMANT,NONE,NONE,NONE,scripts/slurm_paper_ddc15_paperli_2002bo_einsteinFix.sh:227,COVERED,docs/CODEX_CLAMP_CENSUS_2026-07-31.md,UNTESTED,HIGH,source-selected model-wide mode/backend/layout/table/profile or cross-shell arithmetic; off-target impact cannot be excluded statically,NO_EVIDENCE (no #if 0; repository dead_code_audit found no unreferenced non-static consumer function),required RESOLVED_CONFIG evidence unavailable (0 files); stdout RUN FOOTER used as fallback,C2_DORMANT_HIGH,P1,"required: same binary/input; UNSET vs explicit neutral/OFF vs ON(shadow); byte-compare registered state, layout/table manifests, oracle outputs, RNG/event counters; ON must not commit target state"
LUMINA_CMF_NLTE_SELFTEST,src/lumina_cuda.cu:6282|src/lumina_cuda.cu:6283,literal getenv,unset: diagnostic/self-test branch not requested (no getenv value),ON_GATE(diagnostic),DORMANT,NONE,NONE,NONE,NONE,UNAUDITED,NONE,UNTESTED,LOW,diagnostic/output/self-test control; may alter I/O or early exit but no production array/layout mutation identified at consumer,NO_EVIDENCE (no #if 0; repository dead_code_audit found no unreferenced non-static consumer function),required RESOLVED_CONFIG evidence unavailable (0 files); stdout RUN FOOTER used as fallback,C1_DORMANT_UNAUDITED,NOT_REQUIRED_BY_C2_C3,NONE
LUMINA_CMF_NSIGMA,src/lumina_plasma.c:18137,literal getenv,unset: getenv returns NULL and this env override is not applied; compiled initializer/parent mode remains,ON_GATE/parameter (exact polarity unresolved),DORMANT,NONE,NONE,NONE,NONE,UNAUDITED,NONE,UNTESTED,MEDIUM,parameter/mask can alter arithmetic over multiple selected records or shells; no direct layout reconstruction identified,NO_EVIDENCE (no #if 0; repository dead_code_audit found no unreferenced non-static consumer function),exact unset initializer/polarity requires function-level semantic audit | required RESOLVED_CONFIG evidence unavailable (0 files); stdout RUN FOOTER used as fallback,C1_DORMANT_UNAUDITED,NOT_REQUIRED_BY_C2_C3,NONE
LUMINA_CMF_NZ,src/lumina_cuda.cu:9204|src/lumina_cuda.cu:10169|src/lumina_main.c:812,literal getenv,unset: source ternary selects fallback expression `2000`,ON_GATE/parameter (non-NULL/nonzero or selector value requests the named branch/override),DORMANT,NONE,NONE,NONE,scripts/slurm_paper_ddc15_paperli_2002bo_einsteinFix.sh:226,UNAUDITED,NONE,UNTESTED,HIGH,source-selected model-wide mode/backend/layout/table/profile or cross-shell arithmetic; off-target impact cannot be excluded statically,NO_EVIDENCE (no #if 0; repository dead_code_audit found no unreferenced non-static consumer function),required RESOLVED_CONFIG evidence unavailable (0 files); stdout RUN FOOTER used as fallback,C1_DORMANT_UNAUDITED|C2_DORMANT_HIGH,P1,"required: same binary/input; UNSET vs explicit neutral/OFF vs ON(shadow); byte-compare registered state, layout/table manifests, oracle outputs, RNG/event counters; ON must not commit target state"
LUMINA_CMF_OBSERVER_FRAME,src/lumina_cmfgen.c:3364|src/lumina_cuda.cu:8770,literal getenv,unset: source ternary selects fallback expression `1`,ON_GATE/parameter (non-NULL/nonzero or selector value requests the named branch/override),DORMANT,NONE,NONE,NONE,NONE,UNAUDITED,NONE,UNTESTED,MEDIUM,parameter/mask can alter arithmetic over multiple selected records or shells; no direct layout reconstruction identified,NO_EVIDENCE (no #if 0; repository dead_code_audit found no unreferenced non-static consumer function),required RESOLVED_CONFIG evidence unavailable (0 files); stdout RUN FOOTER used as fallback,C1_DORMANT_UNAUDITED,NOT_REQUIRED_BY_C2_C3,NONE
LUMINA_CMF_OBS_CONTONLY,src/lumina_cmfgen.c:1366|src/lumina_cmfgen.c:1951,literal getenv,unset: source ternary selects fallback expression `0`,ON_GATE/parameter (non-NULL/nonzero or selector value requests the named branch/override),DORMANT,NONE,NONE,NONE,scripts/slurm_ddc15_pure_cmfgen_phase3.sh:134,UNAUDITED,NONE,UNTESTED,MEDIUM,parameter/mask can alter arithmetic over multiple selected records or shells; no direct layout reconstruction identified,NO_EVIDENCE (no #if 0; repository dead_code_audit found no unreferenced non-static consumer function),required RESOLVED_CONFIG evidence unavailable (0 files); stdout RUN FOOTER used as fallback,C1_DORMANT_UNAUDITED,NOT_REQUIRED_BY_C2_C3,NONE
LUMINA_CMF_OBS_DIAG,src/lumina_cmfgen.c:1364,literal getenv,unset: diagnostic/self-test branch not requested (no getenv value),ON_GATE(diagnostic),DORMANT,NONE,NONE,NONE,NONE,UNAUDITED,NONE,UNTESTED,LOW,diagnostic/output/self-test control; may alter I/O or early exit but no production array/layout mutation identified at consumer,NO_EVIDENCE (no #if 0; repository dead_code_audit found no unreferenced non-static consumer function),required RESOLVED_CONFIG evidence unavailable (0 files); stdout RUN FOOTER used as fallback,C1_DORMANT_UNAUDITED,NOT_REQUIRED_BY_C2_C3,NONE
LUMINA_CMF_OBS_DVRES,src/lumina_cmfgen.c:1194,literal getenv,unset: NULL makes the guarded named branch false; no env-requested override/action at this consumer,ON_GATE/parameter (non-NULL/nonzero or selector value requests the named branch/override),DORMANT,NONE,NONE,NONE,scripts/slurm_ddc15_pure_cmfgen_phase3.sh:169,UNAUDITED,NONE,UNTESTED,MEDIUM,parameter/mask can alter arithmetic over multiple selected records or shells; no direct layout reconstruction identified,NO_EVIDENCE (no #if 0; repository dead_code_audit found no unreferenced non-static consumer function),required RESOLVED_CONFIG evidence unavailable (0 files); stdout RUN FOOTER used as fallback,C1_DORMANT_UNAUDITED,NOT_REQUIRED_BY_C2_C3,NONE
LUMINA_CMF_OBS_FAITHFUL,src/lumina_cmfgen.c:1953,literal getenv,unset: source ternary selects fallback expression `0`,ON_GATE/parameter (non-NULL/nonzero or selector value requests the named branch/override),DORMANT,NONE,NONE,NONE,scripts/slurm_ddc15_pure_cmfgen_phase3.sh:167,UNAUDITED,NONE,UNTESTED,MEDIUM,parameter/mask can alter arithmetic over multiple selected records or shells; no direct layout reconstruction identified,NO_EVIDENCE (no #if 0; repository dead_code_audit found no unreferenced non-static consumer function),required RESOLVED_CONFIG evidence unavailable (0 files); stdout RUN FOOTER used as fallback,C1_DORMANT_UNAUDITED,NOT_REQUIRED_BY_C2_C3,NONE
LUMINA_CMF_OBS_JBARDET,src/lumina_cmfgen.c:1952,literal getenv,unset: source ternary selects fallback expression `0.0`,ON_GATE/parameter (non-NULL/nonzero or selector value requests the named branch/override),DORMANT,NONE,NONE,NONE,scripts/slurm_ddc15_pure_cmfgen_phase3.sh:166,UNAUDITED,NONE,UNTESTED,MEDIUM,parameter/mask can alter arithmetic over multiple selected records or shells; no direct layout reconstruction identified,NO_EVIDENCE (no #if 0; repository dead_code_audit found no unreferenced non-static consumer function),required RESOLVED_CONFIG evidence unavailable (0 files); stdout RUN FOOTER used as fallback,C1_DORMANT_UNAUDITED,NOT_REQUIRED_BY_C2_C3,NONE
LUMINA_CMF_OBS_NOEMIT,src/lumina_cmfgen.c:1363,literal getenv,unset: source ternary selects fallback expression `0.0`,ON_GATE/parameter (non-NULL/nonzero or selector value requests the named branch/override),DORMANT,NONE,NONE,NONE,NONE,UNAUDITED,NONE,UNTESTED,MEDIUM,parameter/mask can alter arithmetic over multiple selected records or shells; no direct layout reconstruction identified,NO_EVIDENCE (no #if 0; repository dead_code_audit found no unreferenced non-static consumer function),required RESOLVED_CONFIG evidence unavailable (0 files); stdout RUN FOOTER used as fallback,C1_DORMANT_UNAUDITED,NOT_REQUIRED_BY_C2_C3,NONE
LUMINA_CMF_OBS_NRAY,src/lumina_cmfgen.c:1407|src/lumina_cmfgen.c:1961,literal getenv,unset: NULL makes the guarded named branch false; no env-requested override/action at this consumer,ON_GATE/parameter (non-NULL/nonzero or selector value requests the named branch/override),DORMANT,NONE,NONE,NONE,NONE,UNAUDITED,NONE,UNTESTED,MEDIUM,parameter/mask can alter arithmetic over multiple selected records or shells; no direct layout reconstruction identified,NO_EVIDENCE (no #if 0; repository dead_code_audit found no unreferenced non-static consumer function),required RESOLVED_CONFIG evidence unavailable (0 files); stdout RUN FOOTER used as fallback,C1_DORMANT_UNAUDITED,NOT_REQUIRED_BY_C2_C3,NONE
LUMINA_CMF_OBS_PRAY_LAM,src/lumina_cmfgen.c:1369,literal getenv,unset: source ternary selects fallback expression `0`,ON_GATE/parameter (non-NULL/nonzero or selector value requests the named branch/override),DORMANT,NONE,NONE,NONE,NONE,UNAUDITED,NONE,UNTESTED,MEDIUM,parameter/mask can alter arithmetic over multiple selected records or shells; no direct layout reconstruction identified,NO_EVIDENCE (no #if 0; repository dead_code_audit found no unreferenced non-static consumer function),required RESOLVED_CONFIG evidence unavailable (0 files); stdout RUN FOOTER used as fallback,C1_DORMANT_UNAUDITED,NOT_REQUIRED_BY_C2_C3,NONE
LUMINA_CMF_OBS_SEI,src/lumina_cmfgen.c:1954,literal getenv,unset: source ternary selects fallback expression `0`,ON_GATE/parameter (non-NULL/nonzero or selector value requests the named branch/override),DORMANT,NONE,NONE,NONE,scripts/slurm_ddc15_pure_cmfgen_phase3.sh:168,UNAUDITED,NONE,UNTESTED,MEDIUM,parameter/mask can alter arithmetic over multiple selected records or shells; no direct layout reconstruction identified,NO_EVIDENCE (no #if 0; repository dead_code_audit found no unreferenced non-static consumer function),required RESOLVED_CONFIG evidence unavailable (0 files); stdout RUN FOOTER used as fallback,C1_DORMANT_UNAUDITED,NOT_REQUIRED_BY_C2_C3,NONE
LUMINA_CMF_OBS_SEI_CMV,src/lumina_cmfgen.c:1955,literal getenv,unset: source ternary selects fallback expression `0`,ON_GATE/parameter (non-NULL/nonzero or selector value requests the named branch/override),DORMANT,NONE,NONE,NONE,NONE,UNAUDITED,NONE,UNTESTED,MEDIUM,parameter/mask can alter arithmetic over multiple selected records or shells; no direct layout reconstruction identified,NO_EVIDENCE (no #if 0; repository dead_code_audit found no unreferenced non-static consumer function),required RESOLVED_CONFIG evidence unavailable (0 files); stdout RUN FOOTER used as fallback,C1_DORMANT_UNAUDITED,NOT_REQUIRED_BY_C2_C3,NONE
LUMINA_CMF_OBS_SELFTEST,src/lumina_cmfgen.c:3171|src/lumina_cuda.cu:7352,literal getenv,unset: diagnostic/self-test branch not requested (no getenv value),ON_GATE(diagnostic),DORMANT,NONE,NONE,NONE,NONE,UNAUDITED,NONE,UNTESTED,LOW,diagnostic/output/self-test control; may alter I/O or early exit but no production array/layout mutation identified at consumer,NO_EVIDENCE (no #if 0; repository dead_code_audit found no unreferenced non-static consumer function),required RESOLVED_CONFIG evidence unavailable (0 files); stdout RUN FOOTER used as fallback,C1_DORMANT_UNAUDITED,NOT_REQUIRED_BY_C2_C3,NONE
LUMINA_CMF_OBS_SOBOLEV,src/lumina_cmfgen.c:1357,literal getenv,unset: source comment/default states ON,OFF_GATE,DORMANT,NONE,NONE,NONE,NONE,UNAUDITED,NONE,UNTESTED,MEDIUM,parameter/mask can alter arithmetic over multiple selected records or shells; no direct layout reconstruction identified,NO_EVIDENCE (no #if 0; repository dead_code_audit found no unreferenced non-static consumer function),required RESOLVED_CONFIG evidence unavailable (0 files); stdout RUN FOOTER used as fallback,C1_DORMANT_UNAUDITED,NOT_REQUIRED_BY_C2_C3,NONE
LUMINA_CMF_OBS_SRCJ,src/lumina_cmfgen.c:1365|src/lumina_cmfgen.c:1956,literal getenv,unset: source ternary selects fallback expression `0`,ON_GATE/parameter (non-NULL/nonzero or selector value requests the named branch/override),DORMANT,NONE,NONE,NONE,NONE,COVERED,docs/N3_JBAR_DAMP_UNIFY_DESIGN.md,UNTESTED,MEDIUM,parameter/mask can alter arithmetic over multiple selected records or shells; no direct layout reconstruction identified,NO_EVIDENCE (no #if 0; repository dead_code_audit found no unreferenced non-static consumer function),required RESOLVED_CONFIG evidence unavailable (0 files); stdout RUN FOOTER used as fallback,NONE,NOT_REQUIRED_BY_C2_C3,NONE
LUMINA_CMF_OBS_TAUMIN,src/lumina_cmfgen.c:1367|src/lumina_cmfgen.c:1942,literal getenv,unset: source ternary selects fallback expression `0`,ON_GATE/parameter (non-NULL/nonzero or selector value requests the named branch/override),DORMANT,NONE,NONE,NONE,NONE,UNAUDITED,NONE,UNTESTED,MEDIUM,parameter/mask can alter arithmetic over multiple selected records or shells; no direct layout reconstruction identified,NO_EVIDENCE (no #if 0; repository dead_code_audit found no unreferenced non-static consumer function),required RESOLVED_CONFIG evidence unavailable (0 files); stdout RUN FOOTER used as fallback,C1_DORMANT_UNAUDITED,NOT_REQUIRED_BY_C2_C3,NONE
LUMINA_CMF_OTS,src/lumina_plasma.c:6860,literal getenv,unset: NULL makes the guarded named branch false; no env-requested override/action at this consumer,ON_GATE/parameter (non-NULL/nonzero or selector value requests the named branch/override),DORMANT,NONE,NONE,NONE,scripts/run_bfdark.sh:93,COVERED,docs/HOTBAND_LAMP_FAMILY_DESIGN.md;docs/PHOTOSPHERIC_EUV_REPAIR_DESIGN.md,UNTESTED,MEDIUM,parameter/mask can alter arithmetic over multiple selected records or shells; no direct layout reconstruction identified,NO_EVIDENCE (no #if 0; repository dead_code_audit found no unreferenced non-static consumer function),required RESOLVED_CONFIG evidence unavailable (0 files); stdout RUN FOOTER used as fallback,NONE,NOT_REQUIRED_BY_C2_C3,NONE
LUMINA_CMF_OVERLAP,src/lumina_cmfgen.c:3270,literal getenv,unset: NULL makes the guarded named branch false; no env-requested override/action at this consumer,ON_GATE/parameter (non-NULL/nonzero or selector value requests the named branch/override),DORMANT,NONE,NONE,NONE,NONE,UNAUDITED,NONE,UNTESTED,MEDIUM,parameter/mask can alter arithmetic over multiple selected records or shells; no direct layout reconstruction identified,NO_EVIDENCE (no #if 0; repository dead_code_audit found no unreferenced non-static consumer function),required RESOLVED_CONFIG evidence unavailable (0 files); stdout RUN FOOTER used as fallback,C1_DORMANT_UNAUDITED,NOT_REQUIRED_BY_C2_C3,NONE
LUMINA_CMF_PLASMA_SELFTEST,src/lumina_cuda.cu:6285|src/lumina_cuda.cu:6286,literal getenv,unset: diagnostic/self-test branch not requested (no getenv value),ON_GATE(diagnostic),DORMANT,NONE,NONE,NONE,NONE,UNAUDITED,NONE,UNTESTED,LOW,diagnostic/output/self-test control; may alter I/O or early exit but no production array/layout mutation identified at consumer,NO_EVIDENCE (no #if 0; repository dead_code_audit found no unreferenced non-static consumer function),required RESOLVED_CONFIG evidence unavailable (0 files); stdout RUN FOOTER used as fallback,C1_DORMANT_UNAUDITED,NOT_REQUIRED_BY_C2_C3,NONE
LUMINA_CMF_SELFTEST_JBAR,src/lumina_cmfgen.c:3132,literal getenv,unset: diagnostic/self-test branch not requested (no getenv value),ON_GATE(diagnostic),DORMANT,NONE,NONE,NONE,NONE,UNAUDITED,NONE,UNTESTED,LOW,diagnostic/output/self-test control; may alter I/O or early exit but no production array/layout mutation identified at consumer,NO_EVIDENCE (no #if 0; repository dead_code_audit found no unreferenced non-static consumer function),required RESOLVED_CONFIG evidence unavailable (0 files); stdout RUN FOOTER used as fallback,C1_DORMANT_UNAUDITED,NOT_REQUIRED_BY_C2_C3,NONE
LUMINA_CMF_SELFTEST_NS,src/lumina_cmfgen.c:2987|src/lumina_cmfgen.c:3086,literal getenv,unset: diagnostic/self-test branch not requested (no getenv value),ON_GATE(diagnostic),DORMANT,NONE,NONE,NONE,NONE,UNAUDITED,NONE,UNTESTED,LOW,diagnostic/output/self-test control; may alter I/O or early exit but no production array/layout mutation identified at consumer,NO_EVIDENCE (no #if 0; repository dead_code_audit found no unreferenced non-static consumer function),required RESOLVED_CONFIG evidence unavailable (0 files); stdout RUN FOOTER used as fallback,C1_DORMANT_UNAUDITED,NOT_REQUIRED_BY_C2_C3,NONE
LUMINA_CMF_SELFTEST_TAUS,src/lumina_cmfgen.c:3091,literal getenv,unset: diagnostic/self-test branch not requested (no getenv value),ON_GATE(diagnostic),DORMANT,NONE,NONE,NONE,NONE,UNAUDITED,NONE,UNTESTED,LOW,diagnostic/output/self-test control; may alter I/O or early exit but no production array/layout mutation identified at consumer,NO_EVIDENCE (no #if 0; repository dead_code_audit found no unreferenced non-static consumer function),required RESOLVED_CONFIG evidence unavailable (0 files); stdout RUN FOOTER used as fallback,C1_DORMANT_UNAUDITED,NOT_REQUIRED_BY_C2_C3,NONE
LUMINA_CMF_SELFTEST_VSCALE,src/lumina_cmfgen.c:3089,literal getenv,unset: diagnostic/self-test branch not requested (no getenv value),ON_GATE(diagnostic),DORMANT,NONE,NONE,NONE,NONE,UNAUDITED,NONE,UNTESTED,LOW,diagnostic/output/self-test control; may alter I/O or early exit but no production array/layout mutation identified at consumer,NO_EVIDENCE (no #if 0; repository dead_code_audit found no unreferenced non-static consumer function),required RESOLVED_CONFIG evidence unavailable (0 files); stdout RUN FOOTER used as fallback,C1_DORMANT_UNAUDITED,NOT_REQUIRED_BY_C2_C3,NONE
LUMINA_CMF_SOLVE_GPU,src/lumina_cmfgen.c:1573,literal getenv,unset: NULL makes the guarded named branch false; no env-requested override/action at this consumer,ON_GATE/parameter (non-NULL/nonzero or selector value requests the named branch/override),ACTIVE_OBSERVED,1,/gpfs/kjhan/lumina_runner2/logs/coevolve_consume_parity51/stdout.log:105|/gpfs/kjhan/lumina_runner2/logs/coevolve_consume_parity51/stdout.log:37954|/gpfs/kjhan/lumina_runner2/logs/coevolve_consume_parity56/stdout.log:105|/gpfs/kjhan/lumina_runner2/logs/coevolve_consume_parity56/stdout.log:38183|/gpfs/kjhan/lumina_runner2/logs/coevolve_consume_parity57/stdout.log:105|/gpfs/kjhan/lumina_runner2/logs/coevolve_consume_parity57/stdout.log:38950|/gpfs/kjhan/lumina_runner2/logs/coevolve_consume_parity58/stdout.log:106|/gpfs/kjhan/lumina_runner2/logs/coevolve_consume_parity58/stdout.log:38184|/gpfs/kjhan/lumina_runner2/logs/coevolve_consume_parity59/stdout.log:106|/gpfs/kjhan/lumina_runner2/logs/coevolve_consume_parity59/stdout.log:38183|/gpfs/kjhan/lumina_runner2/logs/coevolve_consume_parity60/stdout.log:108|/gpfs/kjhan/lumina_runner2/logs/coevolve_consume_parity60/stdout.log:39002,"coevolve_consume_parity60 (/gpfs/kjhan/lumina_runner2/logs/coevolve_consume_parity60/stdout.log:39002, value=1)",scripts/run_bfdark.sh:14|scripts/run_coevolve_s01.sh:17|scripts/run_fix10.sh:10|scripts/run_fix10.sh:14|scripts/run_fix11.sh:10|scripts/run_fix11.sh:14|scripts/run_fix12.sh:10|scripts/run_fix12.sh:14|scripts/run_fix13.sh:10|scripts/run_fix13.sh:14|scripts/run_fix14.sh:10|scripts/run_fix14.sh:14|scripts/run_fix15.sh:10|scripts/run_fix15.sh:14|scripts/run_fix16.sh:10|scripts/run_fix16.sh:14|scripts/run_fix17.sh:10|scripts/run_fix17.sh:14|scripts/run_fix18.sh:10|scripts/run_fix18.sh:14|scripts/run_fix19.sh:10|scripts/run_fix19.sh:14|scripts/run_fix2.sh:10|scripts/run_fix2.sh:14|scripts/run_fix20.sh:10|scripts/run_fix20.sh:14|scripts/run_fix21.sh:10|scripts/run_fix21.sh:14|scripts/run_fix22.sh:10|scripts/run_fix22.sh:14|scripts/run_fix3.sh:10|scripts/run_fix3.sh:14|scripts/run_fix4.sh:10|scripts/run_fix4.sh:14|scripts/run_fix5.sh:10|scripts/run_fix5.sh:14|scripts/run_fix6.sh:10|scripts/run_fix6.sh:14|scripts/run_fix7.sh:10|scripts/run_fix7.sh:14|scripts/run_fix8.sh:10|scripts/run_fix8.sh:14|scripts/run_fix9.sh:10|scripts/run_fix9.sh:14|scripts/run_hotdump.sh:10|scripts/run_hotdump.sh:14|scripts/run_iterdump.sh:10|scripts/run_iterdump.sh:14|scripts/run_milne1.sh:10|scripts/run_milne1.sh:14|scripts/run_milneP.sh:10|scripts/run_milneP.sh:14|scripts/run_recdiag.sh:10|scripts/run_recdiag.sh:14|scripts/run_repro22.sh:10|scripts/run_repro22.sh:14|scripts/run_s40diag.sh:10|scripts/run_s40diag.sh:14|scripts/test_thenmc_bin.sh:7,UNAUDITED,NONE,UNTESTED,HIGH,source-selected model-wide mode/backend/layout/table/profile or cross-shell arithmetic; off-target impact cannot be excluded statically,NO_EVIDENCE (no #if 0; repository dead_code_audit found no unreferenced non-static consumer function),required RESOLVED_CONFIG evidence unavailable (0 files); stdout RUN FOOTER used as fallback,C3_ACTIVE_OFF_UNTESTED,P0,"required: same binary/input; UNSET vs explicit neutral/OFF vs ON(shadow); byte-compare registered state, layout/table manifests, oracle outputs, RNG/event counters; ON must not commit target state"
LUMINA_CMF_SOLVE_SELFTEST,src/lumina_cuda.cu:6288|src/lumina_cuda.cu:6289,literal getenv,unset: diagnostic/self-test branch not requested (no getenv value),ON_GATE(diagnostic),DORMANT,NONE,NONE,NONE,NONE,UNAUDITED,NONE,UNTESTED,LOW,diagnostic/output/self-test control; may alter I/O or early exit but no production array/layout mutation identified at consumer,NO_EVIDENCE (no #if 0; repository dead_code_audit found no unreferenced non-static consumer function),required RESOLVED_CONFIG evidence unavailable (0 files); stdout RUN FOOTER used as fallback,C1_DORMANT_UNAUDITED,NOT_REQUIRED_BY_C2_C3,NONE
LUMINA_CMF_SOLVE_SELFTEST_NF,src/lumina_cmfgen.c:3042,literal getenv,unset: diagnostic/self-test branch not requested (no getenv value),ON_GATE(diagnostic),DORMANT,NONE,NONE,NONE,NONE,UNAUDITED,NONE,UNTESTED,LOW,diagnostic/output/self-test control; may alter I/O or early exit but no production array/layout mutation identified at consumer,NO_EVIDENCE (no #if 0; repository dead_code_audit found no unreferenced non-static consumer function),required RESOLVED_CONFIG evidence unavailable (0 files); stdout RUN FOOTER used as fallback,C1_DORMANT_UNAUDITED,NOT_REQUIRED_BY_C2_C3,NONE
LUMINA_CMF_SOLVE_SELFTEST_NS,src/lumina_cmfgen.c:3041,literal getenv,unset: diagnostic/self-test branch not requested (no getenv value),ON_GATE(diagnostic),DORMANT,NONE,NONE,NONE,NONE,UNAUDITED,NONE,UNTESTED,LOW,diagnostic/output/self-test control; may alter I/O or early exit but no production array/layout mutation identified at consumer,NO_EVIDENCE (no #if 0; repository dead_code_audit found no unreferenced non-static consumer function),required RESOLVED_CONFIG evidence unavailable (0 files); stdout RUN FOOTER used as fallback,C1_DORMANT_UNAUDITED,NOT_REQUIRED_BY_C2_C3,NONE
LUMINA_CMF_SOLVE_SELFTEST_TAUS,src/lumina_cmfgen.c:3044,literal getenv,unset: diagnostic/self-test branch not requested (no getenv value),ON_GATE(diagnostic),DORMANT,NONE,NONE,NONE,NONE,UNAUDITED,NONE,UNTESTED,LOW,diagnostic/output/self-test control; may alter I/O or early exit but no production array/layout mutation identified at consumer,NO_EVIDENCE (no #if 0; repository dead_code_audit found no unreferenced non-static consumer function),required RESOLVED_CONFIG evidence unavailable (0 files); stdout RUN FOOTER used as fallback,C1_DORMANT_UNAUDITED,NOT_REQUIRED_BY_C2_C3,NONE
LUMINA_CMF_TAU_CUTOFF,src/lumina_plasma.c:18136,literal getenv,unset: getenv returns NULL and this env override is not applied; compiled initializer/parent mode remains,ON_GATE/parameter (exact polarity unresolved),DORMANT,NONE,NONE,NONE,NONE,UNAUDITED,NONE,UNTESTED,MEDIUM,parameter/mask can alter arithmetic over multiple selected records or shells; no direct layout reconstruction identified,NO_EVIDENCE (no #if 0; repository dead_code_audit found no unreferenced non-static consumer function),exact unset initializer/polarity requires function-level semantic audit | required RESOLVED_CONFIG evidence unavailable (0 files); stdout RUN FOOTER used as fallback,C1_DORMANT_UNAUDITED,NOT_REQUIRED_BY_C2_C3,NONE
LUMINA_CMF_VTURB_KMS,src/lumina_cuda.cu:9206|src/lumina_cuda.cu:10171|src/lumina_main.c:814,literal getenv,unset: source ternary selects fallback expression `0.0) * 1.0e5`,ON_GATE/parameter (non-NULL/nonzero or selector value requests the named branch/override),DORMANT,NONE,NONE,NONE,scripts/slurm_paper_ddc15_paperli_2002bo_einsteinFix.sh:228,UNAUDITED,NONE,UNTESTED,MEDIUM,parameter/mask can alter arithmetic over multiple selected records or shells; no direct layout reconstruction identified,NO_EVIDENCE (no #if 0; repository dead_code_audit found no unreferenced non-static consumer function),required RESOLVED_CONFIG evidence unavailable (0 files); stdout RUN FOOTER used as fallback,C1_DORMANT_UNAUDITED,NOT_REQUIRED_BY_C2_C3,NONE
LUMINA_CN_DAMP,src/lumina_plasma.c:13874,literal getenv,unset: source ternary selects fallback expression `1.0`,ON_GATE/parameter (non-NULL/nonzero or selector value requests the named branch/override),ACTIVE_OBSERVED,0.5,/gpfs/kjhan/lumina_runner2/logs/coevolve_consume_parity51/stdout.log:102|/gpfs/kjhan/lumina_runner2/logs/coevolve_consume_parity51/stdout.log:37951|/gpfs/kjhan/lumina_runner2/logs/coevolve_consume_parity56/stdout.log:102|/gpfs/kjhan/lumina_runner2/logs/coevolve_consume_parity56/stdout.log:38180|/gpfs/kjhan/lumina_runner2/logs/coevolve_consume_parity57/stdout.log:102|/gpfs/kjhan/lumina_runner2/logs/coevolve_consume_parity57/stdout.log:38947|/gpfs/kjhan/lumina_runner2/logs/coevolve_consume_parity58/stdout.log:103|/gpfs/kjhan/lumina_runner2/logs/coevolve_consume_parity58/stdout.log:38181|/gpfs/kjhan/lumina_runner2/logs/coevolve_consume_parity59/stdout.log:103|/gpfs/kjhan/lumina_runner2/logs/coevolve_consume_parity59/stdout.log:38180|/gpfs/kjhan/lumina_runner2/logs/coevolve_consume_parity60/stdout.log:105|/gpfs/kjhan/lumina_runner2/logs/coevolve_consume_parity60/stdout.log:38999,"coevolve_consume_parity60 (/gpfs/kjhan/lumina_runner2/logs/coevolve_consume_parity60/stdout.log:38999, value=0.5)",scripts/run_baldiag.sh:24|scripts/run_bfdark.sh:30|scripts/run_boostdr.sh:24|scripts/run_capraise.sh:24|scripts/run_cnclean.sh:24|scripts/run_cndamp.sh:24|scripts/run_coevolve_s01.sh:37|scripts/run_dronly.sh:24|scripts/run_etla.sh:24|scripts/run_fix10.sh:27|scripts/run_fix11.sh:27|scripts/run_fix12.sh:27|scripts/run_fix13.sh:27|scripts/run_fix14.sh:27|scripts/run_fix15.sh:27|scripts/run_fix16.sh:27|scripts/run_fix17.sh:27|scripts/run_fix18.sh:27|scripts/run_fix19.sh:27|scripts/run_fix2.sh:27|scripts/run_fix20.sh:27|scripts/run_fix21.sh:27|scripts/run_fix22.sh:27|scripts/run_fix3.sh:27|scripts/run_fix4.sh:27|scripts/run_fix5.sh:27|scripts/run_fix6.sh:27|scripts/run_fix7.sh:27|scripts/run_fix8.sh:27|scripts/run_fix9.sh:27|scripts/run_hotdump.sh:27|scripts/run_hotroot.sh:24|scripts/run_ionb3.sh:24|scripts/run_ionb5x.sh:24|scripts/run_ionboost.sh:24|scripts/run_ionboost2.sh:24|scripts/run_ionnt.sh:24|scripts/run_iterdump.sh:27|scripts/run_jdump.sh:24|scripts/run_milne1.sh:27|scripts/run_milneP.sh:27|scripts/run_ntdr.sh:24|scripts/run_recdiag.sh:27|scripts/run_repro22.sh:27|scripts/run_rtruth.sh:24|scripts/run_s40diag.sh:27|scripts/run_wbflr.sh:24|scripts/run_widebr.sh:24|scripts/test_thenmc_bin.sh:19,UNAUDITED,NONE,UNTESTED,MEDIUM,parameter/mask can alter arithmetic over multiple selected records or shells; no direct layout reconstruction identified,NO_EVIDENCE (no #if 0; repository dead_code_audit found no unreferenced non-static consumer function),required RESOLVED_CONFIG evidence unavailable (0 files); stdout RUN FOOTER used as fallback,C3_ACTIVE_OFF_UNTESTED,P2,"required: same binary/input; UNSET vs explicit neutral/OFF vs ON(shadow); byte-compare registered state, layout/table manifests, oracle outputs, RNG/event counters; ON must not commit target state"
LUMINA_CN_PROF,src/lumina_plasma.c:13176,literal getenv,unset: NULL makes the guarded named branch false; no env-requested override/action at this consumer,ON_GATE/parameter (non-NULL/nonzero or selector value requests the named branch/override),DORMANT,NONE,NONE,NONE,scripts/slurm_ddc15_nefix_prof.sh:68,UNAUDITED,NONE,UNTESTED,MEDIUM,parameter/mask can alter arithmetic over multiple selected records or shells; no direct layout reconstruction identified,NO_EVIDENCE (no #if 0; repository dead_code_audit found no unreferenced non-static consumer function),required RESOLVED_CONFIG evidence unavailable (0 files); stdout RUN FOOTER used as fallback,C1_DORMANT_UNAUDITED,NOT_REQUIRED_BY_C2_C3,NONE
LUMINA_CN_RTRUTH,src/lumina_plasma.c:13681,literal getenv,unset: direct getenv condition is false; named branch is not entered,ON_GATE/parameter (non-NULL/nonzero or selector value requests the named branch/override),DORMANT,NONE,NONE,NONE,scripts/run_bfdark.sh:44|scripts/run_etla.sh:42|scripts/run_fix10.sh:44|scripts/run_fix11.sh:44|scripts/run_fix12.sh:44|scripts/run_fix13.sh:44|scripts/run_fix14.sh:44|scripts/run_fix15.sh:44|scripts/run_fix16.sh:44|scripts/run_fix17.sh:44|scripts/run_fix18.sh:44|scripts/run_fix19.sh:44|scripts/run_fix2.sh:44|scripts/run_fix20.sh:44|scripts/run_fix21.sh:44|scripts/run_fix22.sh:44|scripts/run_fix3.sh:44|scripts/run_fix4.sh:44|scripts/run_fix5.sh:44|scripts/run_fix6.sh:44|scripts/run_fix7.sh:44|scripts/run_fix8.sh:44|scripts/run_fix9.sh:44|scripts/run_hotdump.sh:44|scripts/run_iterdump.sh:44|scripts/run_milne1.sh:44|scripts/run_milneP.sh:44|scripts/run_recdiag.sh:44|scripts/run_repro22.sh:44|scripts/run_rtr33.sh:24|scripts/run_rtruth.sh:42|scripts/run_s40diag.sh:44|scripts/test_thenmc_bin.sh:27,UNAUDITED,NONE,UNTESTED,MEDIUM,parameter/mask can alter arithmetic over multiple selected records or shells; no direct layout reconstruction identified,NO_EVIDENCE (no #if 0; repository dead_code_audit found no unreferenced non-static consumer function),required RESOLVED_CONFIG evidence unavailable (0 files); stdout RUN FOOTER used as fallback,C1_DORMANT_UNAUDITED,NOT_REQUIRED_BY_C2_C3,NONE
LUMINA_CN_THI_ABS,src/lumina_plasma.c:13643,literal getenv,unset: source ternary selects fallback expression `0.0`,ON_GATE/parameter (non-NULL/nonzero or selector value requests the named branch/override),DORMANT,NONE,NONE,NONE,scripts/run_boostdr.sh:26|scripts/run_fix3.sh:48|scripts/run_fix5.sh:49|scripts/run_fix7.sh:51|scripts/run_ionb3.sh:26|scripts/run_ionb5x.sh:26|scripts/run_widebr.sh:43,UNAUDITED,NONE,UNTESTED,MEDIUM,parameter/mask can alter arithmetic over multiple selected records or shells; no direct layout reconstruction identified,NO_EVIDENCE (no #if 0; repository dead_code_audit found no unreferenced non-static consumer function),required RESOLVED_CONFIG evidence unavailable (0 files); stdout RUN FOOTER used as fallback,C1_DORMANT_UNAUDITED,NOT_REQUIRED_BY_C2_C3,NONE
LUMINA_CN_THI_FAC,src/lumina_plasma.c:13641,literal getenv,unset: source ternary selects fallback expression `3.0`,ON_GATE/parameter (non-NULL/nonzero or selector value requests the named branch/override),DORMANT,NONE,NONE,NONE,NONE,COVERED,docs/TRANSPORT_COUPLED_TE_DESIGN.md,UNTESTED,MEDIUM,parameter/mask can alter arithmetic over multiple selected records or shells; no direct layout reconstruction identified,NO_EVIDENCE (no #if 0; repository dead_code_audit found no unreferenced non-static consumer function),required RESOLVED_CONFIG evidence unavailable (0 files); stdout RUN FOOTER used as fallback,NONE,NOT_REQUIRED_BY_C2_C3,NONE
LUMINA_COEVOLVE_JBAR_DAMP,src/lumina_cuda.cu:8486|src/lumina_cuda.cu:8562|src/lumina_cuda.cu:9073,literal getenv,unset: source ternary selects fallback expression `1.0`,ON_GATE/parameter (non-NULL/nonzero or selector value requests the named branch/override),ACTIVE_OBSERVED,0.5,/gpfs/kjhan/lumina_runner2/logs/coevolve_consume_parity51/stdout.log:34|/gpfs/kjhan/lumina_runner2/logs/coevolve_consume_parity51/stdout.log:37883|/gpfs/kjhan/lumina_runner2/logs/coevolve_consume_parity56/stdout.log:34|/gpfs/kjhan/lumina_runner2/logs/coevolve_consume_parity56/stdout.log:38112|/gpfs/kjhan/lumina_runner2/logs/coevolve_consume_parity57/stdout.log:34|/gpfs/kjhan/lumina_runner2/logs/coevolve_consume_parity57/stdout.log:38879|/gpfs/kjhan/lumina_runner2/logs/coevolve_consume_parity58/stdout.log:34|/gpfs/kjhan/lumina_runner2/logs/coevolve_consume_parity58/stdout.log:38112|/gpfs/kjhan/lumina_runner2/logs/coevolve_consume_parity59/stdout.log:34|/gpfs/kjhan/lumina_runner2/logs/coevolve_consume_parity59/stdout.log:38111|/gpfs/kjhan/lumina_runner2/logs/coevolve_consume_parity60/stdout.log:35|/gpfs/kjhan/lumina_runner2/logs/coevolve_consume_parity60/stdout.log:38929,"coevolve_consume_parity60 (/gpfs/kjhan/lumina_runner2/logs/coevolve_consume_parity60/stdout.log:38929, value=0.5)",scripts/run_coevolve_s01.sh:136,COVERED,docs/N3_JBAR_DAMP_UNIFY_DESIGN.md;docs/CODEX_ABS_STATE_60_OVERLAY.md;docs/CODEX_PARITY57_V3_ADVERSARIAL.md,UNTESTED,MEDIUM,parameter/mask can alter arithmetic over multiple selected records or shells; no direct layout reconstruction identified,NO_EVIDENCE (no #if 0; repository dead_code_audit found no unreferenced non-static consumer function),required RESOLVED_CONFIG evidence unavailable (0 files); stdout RUN FOOTER used as fallback,C3_ACTIVE_OFF_UNTESTED,P2,"required: same binary/input; UNSET vs explicit neutral/OFF vs ON(shadow); byte-compare registered state, layout/table manifests, oracle outputs, RNG/event counters; ON must not commit target state"
LUMINA_COEVOLVE_PHOTOION_ALPHA,src/lumina_cuda.cu:7391|src/lumina_cuda.cu:7392|src/lumina_plasma.c:9818,literal getenv,unset: source comment/default states 0.5,ON_GATE(parameter),DORMANT,NONE,NONE,NONE,scripts/run_coldata_syn08.sh:90|scripts/sbatch_aud1.sh:167|scripts/sbatch_aud2.sh:152|scripts/sbatch_aud3.sh:154|scripts/sbatch_bsrc.sh:113|scripts/sbatch_euv461.sh:159|scripts/sbatch_fbcb.sh:162|scripts/sbatch_fbckt.sh:168|scripts/sbatch_gph_alllevel.sh:41|scripts/sbatch_gph_bk.sh:41|scripts/sbatch_gph_dr.sh:47|scripts/sbatch_gph_jtable.sh:72|scripts/sbatch_jbl2.sh:171|scripts/sbatch_jblue_byteid.sh:30|scripts/sbatch_kpkt_bfnl.sh:40|scripts/sbatch_kpkt_bfnl2.sh:44|scripts/sbatch_kpkt_bfnl3.sh:44|scripts/sbatch_kpkt_bsig.sh:34|scripts/sbatch_kpkt_euvf.sh:27|scripts/sbatch_kpkt_evlog.sh:32|scripts/sbatch_kpkt_exit.sh:25|scripts/sbatch_kpkt_exit_capemit.sh:26|scripts/sbatch_kpkt_exit_gphsig.sh:28|scripts/sbatch_kpkt_exit_iupbeta.sh:38|scripts/sbatch_kpkt_exit_kromer.sh:24|scripts/sbatch_kpkt_exit_mc.sh:24|scripts/sbatch_kpkt_exit_occ.sh:27|scripts/sbatch_kpkt_exit_si.sh:32|scripts/sbatch_kpkt_exit_si_hs.sh:25|scripts/sbatch_kpkt_exit_sioc.sh:25|scripts/sbatch_kpkt_exit_tepin.sh:31|scripts/sbatch_kpkt_exit_vp.sh:25|scripts/sbatch_kpkt_fbmulti.sh:36|scripts/sbatch_kpkt_jblue.sh:37|scripts/sbatch_kpr.sh:149|scripts/sbatch_kpr10.sh:172|scripts/sbatch_kpr10b.sh:172|scripts/sbatch_kpr2.sh:136|scripts/sbatch_kpr3.sh:135|scripts/sbatch_kpr4.sh:162|scripts/sbatch_kpr5.sh:177|scripts/sbatch_kpr5jt.sh:178|scripts/sbatch_kpr6.sh:153|scripts/sbatch_kpr7.sh:166|scripts/sbatch_kpr8.sh:189|scripts/sbatch_kpr9.sh:170|scripts/sbatch_kpr_nob3.sh:149|scripts/sbatch_ltherm.sh:121|scripts/sbatch_mabf.sh:69|scripts/sbatch_milne.sh:165|scripts/sbatch_milnec2.sh:165|scripts/sbatch_milnec2ne64.sh:157|scripts/sbatch_p1.sh:29|scripts/sbatch_p1_iondump.sh:37|scripts/sbatch_stage4.sh:118|scripts/sbatch_te_jtable.sh:79|scripts/sbatch_te_table.sh:85|scripts/sbatch_tepop1.sh:156|scripts/sbatch_tincol.sh:99|scripts/sbatch_tincol_tetab.sh:97,UNAUDITED,NONE,UNTESTED,MEDIUM,parameter/mask can alter arithmetic over multiple selected records or shells; no direct layout reconstruction identified,NO_EVIDENCE (no #if 0; repository dead_code_audit found no unreferenced non-static consumer function),required RESOLVED_CONFIG evidence unavailable (0 files); stdout RUN FOOTER used as fallback,C1_DORMANT_UNAUDITED,NOT_REQUIRED_BY_C2_C3,NONE
LUMINA_COEVOLVE_PHOTOION_MC,src/lumina_cuda.cu:7389|src/lumina_cuda.cu:7390,literal getenv,unset: source comment/default states 0.5,ON_GATE(parameter),DORMANT,NONE,NONE,NONE,scripts/run_coldata_syn08.sh:90|scripts/sbatch_aud1.sh:167|scripts/sbatch_aud2.sh:152|scripts/sbatch_aud3.sh:154|scripts/sbatch_bsrc.sh:113|scripts/sbatch_euv461.sh:159|scripts/sbatch_fbcb.sh:162|scripts/sbatch_fbckt.sh:168|scripts/sbatch_gph_alllevel.sh:41|scripts/sbatch_gph_bk.sh:41|scripts/sbatch_gph_dr.sh:47|scripts/sbatch_gph_jtable.sh:72|scripts/sbatch_jbl2.sh:171|scripts/sbatch_jblue_byteid.sh:30|scripts/sbatch_kpkt_bfnl.sh:40|scripts/sbatch_kpkt_bfnl2.sh:44|scripts/sbatch_kpkt_bfnl3.sh:44|scripts/sbatch_kpkt_bsig.sh:34|scripts/sbatch_kpkt_euvf.sh:27|scripts/sbatch_kpkt_evlog.sh:32|scripts/sbatch_kpkt_exit.sh:25|scripts/sbatch_kpkt_exit_capemit.sh:26|scripts/sbatch_kpkt_exit_gphsig.sh:28|scripts/sbatch_kpkt_exit_iupbeta.sh:38|scripts/sbatch_kpkt_exit_kromer.sh:24|scripts/sbatch_kpkt_exit_mc.sh:24|scripts/sbatch_kpkt_exit_occ.sh:27|scripts/sbatch_kpkt_exit_si.sh:32|scripts/sbatch_kpkt_exit_si_hs.sh:25|scripts/sbatch_kpkt_exit_sioc.sh:25|scripts/sbatch_kpkt_exit_tepin.sh:31|scripts/sbatch_kpkt_exit_vp.sh:25|scripts/sbatch_kpkt_fbmulti.sh:36|scripts/sbatch_kpkt_jblue.sh:37|scripts/sbatch_kpr.sh:149|scripts/sbatch_kpr10.sh:172|scripts/sbatch_kpr10b.sh:172|scripts/sbatch_kpr2.sh:136|scripts/sbatch_kpr3.sh:135|scripts/sbatch_kpr4.sh:162|scripts/sbatch_kpr5.sh:177|scripts/sbatch_kpr5jt.sh:178|scripts/sbatch_kpr6.sh:153|scripts/sbatch_kpr7.sh:166|scripts/sbatch_kpr8.sh:189|scripts/sbatch_kpr9.sh:170|scripts/sbatch_kpr_nob3.sh:149|scripts/sbatch_ltherm.sh:121|scripts/sbatch_mabf.sh:69|scripts/sbatch_milne.sh:165|scripts/sbatch_milnec2.sh:165|scripts/sbatch_milnec2ne64.sh:157|scripts/sbatch_p1.sh:29|scripts/sbatch_p1_iondump.sh:37|scripts/sbatch_stage4.sh:118|scripts/sbatch_te_jtable.sh:79|scripts/sbatch_te_table.sh:85|scripts/sbatch_tepop1.sh:156|scripts/sbatch_tincol.sh:99|scripts/sbatch_tincol_tetab.sh:97,COVERED,docs/GATE_B_PHASE1_6_CODEX_A_REPORT.md,UNTESTED,MEDIUM,parameter/mask can alter arithmetic over multiple selected records or shells; no direct layout reconstruction identified,NO_EVIDENCE (no #if 0; repository dead_code_audit found no unreferenced non-static consumer function),required RESOLVED_CONFIG evidence unavailable (0 files); stdout RUN FOOTER used as fallback,NONE,NOT_REQUIRED_BY_C2_C3,NONE
LUMINA_COEVOLVE_PHOTOION_OCC,src/lumina_plasma.c:9203|src/lumina_plasma.c:9204,literal getenv,unset: direct getenv condition is false; named branch is not entered,ON_GATE/parameter (non-NULL/nonzero or selector value requests the named branch/override),DORMANT,NONE,NONE,NONE,scripts/sbatch_kpkt_exit_occ.sh:29|scripts/sbatch_kpkt_exit_sioc.sh:27,UNAUDITED,NONE,UNTESTED,MEDIUM,parameter/mask can alter arithmetic over multiple selected records or shells; no direct layout reconstruction identified,NO_EVIDENCE (no #if 0; repository dead_code_audit found no unreferenced non-static consumer function),required RESOLVED_CONFIG evidence unavailable (0 files); stdout RUN FOOTER used as fallback,C1_DORMANT_UNAUDITED,NOT_REQUIRED_BY_C2_C3,NONE
LUMINA_COEVOLVE_TAU_FLOOR,src/lumina_cuda.cu:7950,literal getenv,unset: NULL makes the guarded named branch false; no env-requested override/action at this consumer,ON_GATE/parameter (non-NULL/nonzero or selector value requests the named branch/override),DORMANT,NONE,NONE,NONE,NONE,UNAUDITED,NONE,UNTESTED,MEDIUM,parameter/mask can alter arithmetic over multiple selected records or shells; no direct layout reconstruction identified,NO_EVIDENCE (no #if 0; repository dead_code_audit found no unreferenced non-static consumer function),required RESOLVED_CONFIG evidence unavailable (0 files); stdout RUN FOOTER used as fallback,C1_DORMANT_UNAUDITED,NOT_REQUIRED_BY_C2_C3,NONE
LUMINA_COUPLED_JNU_ALPHA_TRAD,src/lumina_plasma.c:12298,literal getenv,unset: NULL makes the guarded named branch false; no env-requested override/action at this consumer,ON_GATE/parameter (non-NULL/nonzero or selector value requests the named branch/override),DORMANT,NONE,NONE,NONE,scripts/slurm_ddc15_a2_jnu_atrad.sh:74,UNAUDITED,NONE,UNTESTED,MEDIUM,parameter/mask can alter arithmetic over multiple selected records or shells; no direct layout reconstruction identified,NO_EVIDENCE (no #if 0; repository dead_code_audit found no unreferenced non-static consumer function),required RESOLVED_CONFIG evidence unavailable (0 files); stdout RUN FOOTER used as fallback,C1_DORMANT_UNAUDITED,NOT_REQUIRED_BY_C2_C3,NONE
LUMINA_COUPLED_JNU_LSTAR,src/lumina_plasma.c:13103,literal getenv,unset: NULL makes the guarded named branch false; no env-requested override/action at this consumer,ON_GATE/parameter (non-NULL/nonzero or selector value requests the named branch/override),SEEN_NEUTRAL_ONLY,0,/gpfs/kjhan/lumina_runner2/logs/coevolve_consume_parity51/stdout.log:119|/gpfs/kjhan/lumina_runner2/logs/coevolve_consume_parity51/stdout.log:37968|/gpfs/kjhan/lumina_runner2/logs/coevolve_consume_parity56/stdout.log:120|/gpfs/kjhan/lumina_runner2/logs/coevolve_consume_parity56/stdout.log:38198|/gpfs/kjhan/lumina_runner2/logs/coevolve_consume_parity57/stdout.log:120|/gpfs/kjhan/lumina_runner2/logs/coevolve_consume_parity57/stdout.log:38965|/gpfs/kjhan/lumina_runner2/logs/coevolve_consume_parity58/stdout.log:121|/gpfs/kjhan/lumina_runner2/logs/coevolve_consume_parity58/stdout.log:38199|/gpfs/kjhan/lumina_runner2/logs/coevolve_consume_parity59/stdout.log:121|/gpfs/kjhan/lumina_runner2/logs/coevolve_consume_parity59/stdout.log:38198|/gpfs/kjhan/lumina_runner2/logs/coevolve_consume_parity60/stdout.log:123|/gpfs/kjhan/lumina_runner2/logs/coevolve_consume_parity60/stdout.log:39017,NONE,scripts/run_ada_lstar_diag.sh:46|scripts/run_baldiag.sh:25|scripts/run_bfdark.sh:31|scripts/run_boostdr.sh:28|scripts/run_capraise.sh:25|scripts/run_cnclean.sh:25|scripts/run_cndamp.sh:25|scripts/run_coevolve_s01.sh:38|scripts/run_conv16.sh:25|scripts/run_cpl1.sh:25|scripts/run_cpl20.sh:25|scripts/run_dronly.sh:25|scripts/run_etla.sh:25|scripts/run_fix10.sh:28|scripts/run_fix11.sh:28|scripts/run_fix12.sh:28|scripts/run_fix13.sh:28|scripts/run_fix14.sh:28|scripts/run_fix15.sh:28|scripts/run_fix16.sh:28|scripts/run_fix17.sh:28|scripts/run_fix18.sh:28|scripts/run_fix19.sh:28|scripts/run_fix2.sh:28|scripts/run_fix20.sh:28|scripts/run_fix21.sh:28|scripts/run_fix22.sh:28|scripts/run_fix3.sh:28|scripts/run_fix4.sh:28|scripts/run_fix5.sh:28|scripts/run_fix6.sh:28|scripts/run_fix7.sh:28|scripts/run_fix8.sh:28|scripts/run_fix9.sh:28|scripts/run_fph_diag.sh:25|scripts/run_fphbf.sh:25|scripts/run_fphdg.sh:25|scripts/run_fphval.sh:25|scripts/run_frz0.sh:25|scripts/run_hotdump.sh:28|scripts/run_hotroot.sh:25|scripts/run_ionb3.sh:27|scripts/run_ionb5x.sh:27|scripts/run_ionboost.sh:25|scripts/run_ionboost2.sh:25|scripts/run_ionchk.sh:25|scripts/run_ionnt.sh:25|scripts/run_iterdump.sh:28|scripts/run_jdump.sh:25|scripts/run_jdump_diag.sh:19|scripts/run_milne1.sh:28|scripts/run_milneP.sh:28|scripts/run_ntdr.sh:27|scripts/run_recdiag.sh:28|scripts/run_repro22.sh:28|scripts/run_rtr33.sh:25|scripts/run_rtruth.sh:25|scripts/run_s2_chk.sh:25|scripts/run_s2_dep0.sh:25|scripts/run_s2_eps.sh:25|scripts/run_s2_fph.sh:25|scripts/run_s2_fph2.sh:25|scripts/run_s2_fznt.sh:25|scripts/run_s2_nebheat.sh:25|scripts/run_s2_nolinere.sh:25|scripts/run_s2_ntxe.sh:25|scripts/run_s2_phys.sh:25|scripts/run_s40diag.sh:28|scripts/run_srcbl.sh:25|scripts/run_stage0_diag.sh:29|scripts/run_stage1_ab.sh:25|scripts/run_stage2.sh:25|scripts/run_stage3.sh:26|scripts/run_wbflr.sh:27|scripts/run_widebr.sh:25|scripts/slurm_ddc15_a3_lstar.sh:75|scripts/slurm_ddc15_mc_macroatom.sh:78|scripts/slurm_ddc15_nefix_prof.sh:56|scripts/slurm_ddc15_pure_cmfgen_phase3.sh:92|scripts/slurm_ddc15_thenmc.sh:81|scripts/test_thenmc_bin.sh:20,UNAUDITED,NONE,UNTESTED,MEDIUM,parameter/mask can alter arithmetic over multiple selected records or shells; no direct layout reconstruction identified,NO_EVIDENCE (no #if 0; repository dead_code_audit found no unreferenced non-static consumer function),required RESOLVED_CONFIG evidence unavailable (0 files); stdout RUN FOOTER used as fallback,NONE,NOT_REQUIRED_BY_C2_C3,NONE
LUMINA_COUPLED_JNU_PHOTOION,src/lumina_plasma.c:13080,literal getenv,unset: source comment/default states off,ON_GATE,ACTIVE_OBSERVED,1,/gpfs/kjhan/lumina_runner2/logs/coevolve_consume_parity51/stdout.log:37948|/gpfs/kjhan/lumina_runner2/logs/coevolve_consume_parity51/stdout.log:99|/gpfs/kjhan/lumina_runner2/logs/coevolve_consume_parity56/stdout.log:38177|/gpfs/kjhan/lumina_runner2/logs/coevolve_consume_parity56/stdout.log:99|/gpfs/kjhan/lumina_runner2/logs/coevolve_consume_parity57/stdout.log:38944|/gpfs/kjhan/lumina_runner2/logs/coevolve_consume_parity57/stdout.log:99|/gpfs/kjhan/lumina_runner2/logs/coevolve_consume_parity58/stdout.log:100|/gpfs/kjhan/lumina_runner2/logs/coevolve_consume_parity58/stdout.log:38178|/gpfs/kjhan/lumina_runner2/logs/coevolve_consume_parity59/stdout.log:100|/gpfs/kjhan/lumina_runner2/logs/coevolve_consume_parity59/stdout.log:38177|/gpfs/kjhan/lumina_runner2/logs/coevolve_consume_parity60/stdout.log:102|/gpfs/kjhan/lumina_runner2/logs/coevolve_consume_parity60/stdout.log:38996,"coevolve_consume_parity60 (/gpfs/kjhan/lumina_runner2/logs/coevolve_consume_parity60/stdout.log:38996, value=1)",scripts/run_ada_lstar_diag.sh:44|scripts/run_baldiag.sh:24|scripts/run_bfdark.sh:30|scripts/run_boostdr.sh:24|scripts/run_capraise.sh:24|scripts/run_cnclean.sh:24|scripts/run_cndamp.sh:24|scripts/run_coevolve_s01.sh:37|scripts/run_conv16.sh:24|scripts/run_cpl1.sh:24|scripts/run_cpl20.sh:24|scripts/run_dronly.sh:24|scripts/run_etla.sh:24|scripts/run_fix10.sh:27|scripts/run_fix11.sh:27|scripts/run_fix12.sh:27|scripts/run_fix13.sh:27|scripts/run_fix14.sh:27|scripts/run_fix15.sh:27|scripts/run_fix16.sh:27|scripts/run_fix17.sh:27|scripts/run_fix18.sh:27|scripts/run_fix19.sh:27|scripts/run_fix2.sh:27|scripts/run_fix20.sh:27|scripts/run_fix21.sh:27|scripts/run_fix22.sh:27|scripts/run_fix3.sh:27|scripts/run_fix4.sh:27|scripts/run_fix5.sh:27|scripts/run_fix6.sh:27|scripts/run_fix7.sh:27|scripts/run_fix8.sh:27|scripts/run_fix9.sh:27|scripts/run_fph_diag.sh:24|scripts/run_fphbf.sh:24|scripts/run_fphdg.sh:24|scripts/run_fphval.sh:24|scripts/run_frz0.sh:24|scripts/run_hotdump.sh:27|scripts/run_hotroot.sh:24|scripts/run_ionb3.sh:24|scripts/run_ionb5x.sh:24|scripts/run_ionboost.sh:24|scripts/run_ionboost2.sh:24|scripts/run_ionchk.sh:24|scripts/run_ionnt.sh:24|scripts/run_iterdump.sh:27|scripts/run_jdump.sh:24|scripts/run_jdump_diag.sh:18|scripts/run_milne1.sh:27|scripts/run_milneP.sh:27|scripts/run_ntdr.sh:24|scripts/run_recdiag.sh:27|scripts/run_repro22.sh:27|scripts/run_rtr33.sh:24|scripts/run_rtruth.sh:24|scripts/run_s2_chk.sh:24|scripts/run_s2_dep0.sh:24|scripts/run_s2_eps.sh:24|scripts/run_s2_fph.sh:24|scripts/run_s2_fph2.sh:24|scripts/run_s2_fznt.sh:24|scripts/run_s2_nebheat.sh:24|scripts/run_s2_nolinere.sh:24|scripts/run_s2_ntxe.sh:24|scripts/run_s2_phys.sh:24|scripts/run_s40diag.sh:27|scripts/run_srcbl.sh:24|scripts/run_stage0_diag.sh:28|scripts/run_stage1_ab.sh:24|scripts/run_stage2.sh:24|scripts/run_stage3.sh:25|scripts/run_wbflr.sh:24|scripts/run_widebr.sh:24|scripts/sbatch_p0_batchA.sh:44|scripts/slurm_ddc15_a2_jnu.sh:73|scripts/slurm_ddc15_a2_jnu_atrad.sh:73|scripts/slurm_ddc15_a3_lstar.sh:73|scripts/slurm_ddc15_mc_macroatom.sh:75|scripts/slurm_ddc15_nefix_prof.sh:54|scripts/slurm_ddc15_pure_cmfgen_phase3.sh:89|scripts/slurm_ddc15_thenmc.sh:78|scripts/test_thenmc_bin.sh:19,COVERED,docs/B3_CMFGEN_jnu_verification.md,UNTESTED,MEDIUM,parameter/mask can alter arithmetic over multiple selected records or shells; no direct layout reconstruction identified,NO_EVIDENCE (no #if 0; repository dead_code_audit found no unreferenced non-static consumer function),required RESOLVED_CONFIG evidence unavailable (0 files); stdout RUN FOOTER used as fallback,C3_ACTIVE_OFF_UNTESTED,P2,"required: same binary/input; UNSET vs explicit neutral/OFF vs ON(shadow); byte-compare registered state, layout/table manifests, oracle outputs, RNG/event counters; ON must not commit target state"
LUMINA_COUPLED_JNU_WBFLOOR,src/lumina_plasma.c:13089,literal getenv,unset: NULL makes the guarded named branch false; no env-requested override/action at this consumer,ON_GATE/parameter (non-NULL/nonzero or selector value requests the named branch/override),DORMANT,NONE,NONE,NONE,scripts/run_wbflr.sh:25,COVERED,docs/TRANSPORT_COUPLED_TE_DESIGN.md,UNTESTED,MEDIUM,parameter/mask can alter arithmetic over multiple selected records or shells; no direct layout reconstruction identified,NO_EVIDENCE (no #if 0; repository dead_code_audit found no unreferenced non-static consumer function),required RESOLVED_CONFIG evidence unavailable (0 files); stdout RUN FOOTER used as fallback,NONE,NOT_REQUIRED_BY_C2_C3,NONE
LUMINA_COUPLED_LAMBDA_STAR,src/lumina_plasma.c:13087,literal getenv,unset: source comment/default states OFF,ON_GATE,ACTIVE_OBSERVED,1,/gpfs/kjhan/lumina_runner2/logs/coevolve_consume_parity51/stdout.log:37905|/gpfs/kjhan/lumina_runner2/logs/coevolve_consume_parity51/stdout.log:56|/gpfs/kjhan/lumina_runner2/logs/coevolve_consume_parity56/stdout.log:38134|/gpfs/kjhan/lumina_runner2/logs/coevolve_consume_parity56/stdout.log:56|/gpfs/kjhan/lumina_runner2/logs/coevolve_consume_parity57/stdout.log:38901|/gpfs/kjhan/lumina_runner2/logs/coevolve_consume_parity57/stdout.log:56|/gpfs/kjhan/lumina_runner2/logs/coevolve_consume_parity58/stdout.log:38135|/gpfs/kjhan/lumina_runner2/logs/coevolve_consume_parity58/stdout.log:57|/gpfs/kjhan/lumina_runner2/logs/coevolve_consume_parity59/stdout.log:38134|/gpfs/kjhan/lumina_runner2/logs/coevolve_consume_parity59/stdout.log:57|/gpfs/kjhan/lumina_runner2/logs/coevolve_consume_parity60/stdout.log:38952|/gpfs/kjhan/lumina_runner2/logs/coevolve_consume_parity60/stdout.log:58,"coevolve_consume_parity60 (/gpfs/kjhan/lumina_runner2/logs/coevolve_consume_parity60/stdout.log:58, value=1)",scripts/run_ada_lstar_diag.sh:45|scripts/run_baldiag.sh:26|scripts/run_bfdark.sh:32|scripts/run_boostdr.sh:29|scripts/run_capraise.sh:26|scripts/run_cnclean.sh:26|scripts/run_cndamp.sh:26|scripts/run_coevolve_s01.sh:39|scripts/run_conv16.sh:26|scripts/run_cpl1.sh:26|scripts/run_cpl20.sh:26|scripts/run_dronly.sh:26|scripts/run_etla.sh:26|scripts/run_fix10.sh:29|scripts/run_fix11.sh:29|scripts/run_fix12.sh:29|scripts/run_fix13.sh:29|scripts/run_fix14.sh:29|scripts/run_fix15.sh:29|scripts/run_fix16.sh:29|scripts/run_fix17.sh:29|scripts/run_fix18.sh:29|scripts/run_fix19.sh:29|scripts/run_fix2.sh:29|scripts/run_fix20.sh:29|scripts/run_fix21.sh:29|scripts/run_fix22.sh:29|scripts/run_fix3.sh:29|scripts/run_fix4.sh:29|scripts/run_fix5.sh:29|scripts/run_fix6.sh:29|scripts/run_fix7.sh:29|scripts/run_fix8.sh:29|scripts/run_fix9.sh:29|scripts/run_fph_diag.sh:26|scripts/run_fphbf.sh:26|scripts/run_fphdg.sh:26|scripts/run_fphval.sh:26|scripts/run_frz0.sh:26|scripts/run_hotdump.sh:29|scripts/run_hotroot.sh:26|scripts/run_ionb3.sh:28|scripts/run_ionb5x.sh:28|scripts/run_ionboost.sh:26|scripts/run_ionboost2.sh:26|scripts/run_ionchk.sh:26|scripts/run_ionnt.sh:26|scripts/run_iterdump.sh:29|scripts/run_jdump.sh:26|scripts/run_jdump_diag.sh:20|scripts/run_milne1.sh:29|scripts/run_milneP.sh:29|scripts/run_ntdr.sh:28|scripts/run_recdiag.sh:29|scripts/run_repro22.sh:29|scripts/run_rtr33.sh:26|scripts/run_rtruth.sh:26|scripts/run_s2_chk.sh:26|scripts/run_s2_dep0.sh:26|scripts/run_s2_eps.sh:26|scripts/run_s2_fph.sh:26|scripts/run_s2_fph2.sh:26|scripts/run_s2_fznt.sh:26|scripts/run_s2_nebheat.sh:26|scripts/run_s2_nolinere.sh:26|scripts/run_s2_ntxe.sh:26|scripts/run_s2_phys.sh:26|scripts/run_s40diag.sh:29|scripts/run_srcbl.sh:26|scripts/run_stage0_diag.sh:30|scripts/run_stage1_ab.sh:26|scripts/run_stage2.sh:26|scripts/run_stage3.sh:27|scripts/run_wbflr.sh:28|scripts/run_widebr.sh:26|scripts/slurm_ddc15_a3_lstar.sh:74|scripts/slurm_ddc15_mc_macroatom.sh:79|scripts/slurm_ddc15_nefix_prof.sh:55|scripts/slurm_ddc15_pure_cmfgen_phase3.sh:93|scripts/slurm_ddc15_thenmc.sh:82|scripts/test_thenmc_bin.sh:21,COVERED,docs/B3_CMFGEN_jnu_verification.md,UNTESTED,MEDIUM,parameter/mask can alter arithmetic over multiple selected records or shells; no direct layout reconstruction identified,NO_EVIDENCE (no #if 0; repository dead_code_audit found no unreferenced non-static consumer function),required RESOLVED_CONFIG evidence unavailable (0 files); stdout RUN FOOTER used as fallback,C3_ACTIVE_OFF_UNTESTED,P2,"required: same binary/input; UNSET vs explicit neutral/OFF vs ON(shadow); byte-compare registered state, layout/table manifests, oracle outputs, RNG/event counters; ON must not commit target state"
LUMINA_COUPLED_LAMBDA_TAUSCALE,src/lumina_plasma.c:13098,literal getenv,unset: NULL makes the guarded named branch false; no env-requested override/action at this consumer,ON_GATE/parameter (non-NULL/nonzero or selector value requests the named branch/override),DORMANT,NONE,NONE,NONE,scripts/run_ada_lstar_diag.sh:47|scripts/slurm_ddc15_a3_lstar.sh:76|scripts/slurm_ddc15_nefix_prof.sh:57,UNAUDITED,NONE,UNTESTED,MEDIUM,parameter/mask can alter arithmetic over multiple selected records or shells; no direct layout reconstruction identified,NO_EVIDENCE (no #if 0; repository dead_code_audit found no unreferenced non-static consumer function),required RESOLVED_CONFIG evidence unavailable (0 files); stdout RUN FOOTER used as fallback,C1_DORMANT_UNAUDITED,NOT_REQUIRED_BY_C2_C3,NONE
LUMINA_COUPLED_NEWTON,src/lumina_cuda.cu:7619|src/lumina_cuda.cu:7620|src/lumina_cuda.cu:9884|src/lumina_cuda.cu:9885,literal getenv,unset: direct getenv condition is false; named branch is not entered,ON_GATE/parameter (non-NULL/nonzero or selector value requests the named branch/override),SEEN_NEUTRAL_ONLY,0,/gpfs/kjhan/lumina_runner2/logs/coevolve_consume_parity51/stdout.log:37914|/gpfs/kjhan/lumina_runner2/logs/coevolve_consume_parity51/stdout.log:65|/gpfs/kjhan/lumina_runner2/logs/coevolve_consume_parity56/stdout.log:38143|/gpfs/kjhan/lumina_runner2/logs/coevolve_consume_parity56/stdout.log:65|/gpfs/kjhan/lumina_runner2/logs/coevolve_consume_parity57/stdout.log:38910|/gpfs/kjhan/lumina_runner2/logs/coevolve_consume_parity57/stdout.log:65|/gpfs/kjhan/lumina_runner2/logs/coevolve_consume_parity58/stdout.log:38144|/gpfs/kjhan/lumina_runner2/logs/coevolve_consume_parity58/stdout.log:66|/gpfs/kjhan/lumina_runner2/logs/coevolve_consume_parity59/stdout.log:38143|/gpfs/kjhan/lumina_runner2/logs/coevolve_consume_parity59/stdout.log:66|/gpfs/kjhan/lumina_runner2/logs/coevolve_consume_parity60/stdout.log:38961|/gpfs/kjhan/lumina_runner2/logs/coevolve_consume_parity60/stdout.log:67,NONE,scripts/run_ada_lstar_diag.sh:41|scripts/run_baldiag.sh:24|scripts/run_bfdark.sh:30|scripts/run_boostdr.sh:24|scripts/run_capraise.sh:24|scripts/run_cnclean.sh:24|scripts/run_cndamp.sh:24|scripts/run_coevolve_s01.sh:37|scripts/run_conv16.sh:24|scripts/run_cpl1.sh:24|scripts/run_cpl20.sh:24|scripts/run_dronly.sh:24|scripts/run_etla.sh:24|scripts/run_fix10.sh:27|scripts/run_fix11.sh:27|scripts/run_fix12.sh:27|scripts/run_fix13.sh:27|scripts/run_fix14.sh:27|scripts/run_fix15.sh:27|scripts/run_fix16.sh:27|scripts/run_fix17.sh:27|scripts/run_fix18.sh:27|scripts/run_fix19.sh:27|scripts/run_fix2.sh:27|scripts/run_fix20.sh:27|scripts/run_fix21.sh:27|scripts/run_fix22.sh:27|scripts/run_fix3.sh:27|scripts/run_fix4.sh:27|scripts/run_fix5.sh:27|scripts/run_fix6.sh:27|scripts/run_fix7.sh:27|scripts/run_fix8.sh:27|scripts/run_fix9.sh:27|scripts/run_fph_diag.sh:24|scripts/run_fphbf.sh:24|scripts/run_fphdg.sh:24|scripts/run_fphval.sh:24|scripts/run_frz0.sh:24|scripts/run_hotdump.sh:27|scripts/run_hotroot.sh:24|scripts/run_ionb3.sh:24|scripts/run_ionb5x.sh:24|scripts/run_ionboost.sh:24|scripts/run_ionboost2.sh:24|scripts/run_ionchk.sh:24|scripts/run_ionnt.sh:24|scripts/run_iterdump.sh:27|scripts/run_jdump.sh:24|scripts/run_jdump_diag.sh:18|scripts/run_milne1.sh:27|scripts/run_milneP.sh:27|scripts/run_ntdr.sh:24|scripts/run_recdiag.sh:27|scripts/run_repro22.sh:27|scripts/run_rtr33.sh:24|scripts/run_rtruth.sh:24|scripts/run_s2_chk.sh:24|scripts/run_s2_dep0.sh:24|scripts/run_s2_eps.sh:24|scripts/run_s2_fph.sh:24|scripts/run_s2_fph2.sh:24|scripts/run_s2_fznt.sh:24|scripts/run_s2_nebheat.sh:24|scripts/run_s2_nolinere.sh:24|scripts/run_s2_ntxe.sh:24|scripts/run_s2_phys.sh:24|scripts/run_s40diag.sh:27|scripts/run_srcbl.sh:24|scripts/run_stage0_diag.sh:28|scripts/run_stage1_ab.sh:24|scripts/run_stage2.sh:24|scripts/run_stage3.sh:24|scripts/run_wbflr.sh:24|scripts/run_widebr.sh:24|scripts/slurm_ddc15_a2_jnu.sh:70|scripts/slurm_ddc15_a2_jnu_atrad.sh:70|scripts/slurm_ddc15_a2_newton.sh:68|scripts/slurm_ddc15_a2_newton_omp.sh:70|scripts/slurm_ddc15_a2_septest.sh:70|scripts/slurm_ddc15_a2_trace.sh:70|scripts/slurm_ddc15_a2_trace0.sh:70|scripts/slurm_ddc15_a3_lstar.sh:70|scripts/slurm_ddc15_mc_macroatom.sh:74|scripts/slurm_ddc15_nefix_prof.sh:51|scripts/slurm_ddc15_pure_cmfgen_phase3.sh:88|scripts/slurm_ddc15_thenmc.sh:77|scripts/test_thenmc_bin.sh:18,COVERED,docs/GATE_B_PHASE1_6_CODEX_A_REPORT.md;docs/TRANSPORT_COUPLED_TE_DESIGN.md,UNTESTED,HIGH,source-selected model-wide mode/backend/layout/table/profile or cross-shell arithmetic; off-target impact cannot be excluded statically,NO_EVIDENCE (no #if 0; repository dead_code_audit found no unreferenced non-static consumer function),required RESOLVED_CONFIG evidence unavailable (0 files); stdout RUN FOOTER used as fallback,NONE,NOT_REQUIRED_BY_C2_C3,NONE
LUMINA_COUPLED_NEWTON_OMP,src/lumina_plasma.c:13067,literal getenv,unset: source comment/default states off,ON_GATE,DORMANT,NONE,NONE,NONE,scripts/run_ada_lstar_diag.sh:42|scripts/slurm_ddc15_a2_jnu.sh:71|scripts/slurm_ddc15_a2_jnu_atrad.sh:71|scripts/slurm_ddc15_a2_newton_omp.sh:71|scripts/slurm_ddc15_a2_septest.sh:71|scripts/slurm_ddc15_a2_trace.sh:71|scripts/slurm_ddc15_a2_trace0.sh:71|scripts/slurm_ddc15_a3_lstar.sh:71|scripts/slurm_ddc15_nefix_prof.sh:52,UNAUDITED,NONE,UNTESTED,MEDIUM,parameter/mask can alter arithmetic over multiple selected records or shells; no direct layout reconstruction identified,NO_EVIDENCE (no #if 0; repository dead_code_audit found no unreferenced non-static consumer function),required RESOLVED_CONFIG evidence unavailable (0 files); stdout RUN FOOTER used as fallback,C1_DORMANT_UNAUDITED,NOT_REQUIRED_BY_C2_C3,NONE
LUMINA_COUPLED_NEWTON_SMIN,src/lumina_plasma.c:13118,literal getenv,unset: NULL makes the guarded named branch false; no env-requested override/action at this consumer,ON_GATE/parameter (non-NULL/nonzero or selector value requests the named branch/override),ACTIVE_OBSERVED,20,/gpfs/kjhan/lumina_runner2/logs/coevolve_consume_parity51/stdout.log:37857|/gpfs/kjhan/lumina_runner2/logs/coevolve_consume_parity51/stdout.log:8|/gpfs/kjhan/lumina_runner2/logs/coevolve_consume_parity56/stdout.log:38086|/gpfs/kjhan/lumina_runner2/logs/coevolve_consume_parity56/stdout.log:8|/gpfs/kjhan/lumina_runner2/logs/coevolve_consume_parity57/stdout.log:38853|/gpfs/kjhan/lumina_runner2/logs/coevolve_consume_parity57/stdout.log:8|/gpfs/kjhan/lumina_runner2/logs/coevolve_consume_parity58/stdout.log:38086|/gpfs/kjhan/lumina_runner2/logs/coevolve_consume_parity58/stdout.log:8|/gpfs/kjhan/lumina_runner2/logs/coevolve_consume_parity59/stdout.log:38085|/gpfs/kjhan/lumina_runner2/logs/coevolve_consume_parity59/stdout.log:8|/gpfs/kjhan/lumina_runner2/logs/coevolve_consume_parity60/stdout.log:38902|/gpfs/kjhan/lumina_runner2/logs/coevolve_consume_parity60/stdout.log:8,"coevolve_consume_parity60 (/gpfs/kjhan/lumina_runner2/logs/coevolve_consume_parity60/stdout.log:8, value=20)",scripts/run_baldiag.sh:24|scripts/run_bfdark.sh:30|scripts/run_boostdr.sh:24|scripts/run_capraise.sh:24|scripts/run_cnclean.sh:24|scripts/run_cndamp.sh:24|scripts/run_coevolve_s01.sh:37|scripts/run_conv16.sh:24|scripts/run_cpl20.sh:24|scripts/run_dronly.sh:24|scripts/run_etla.sh:24|scripts/run_fix10.sh:27|scripts/run_fix11.sh:27|scripts/run_fix12.sh:27|scripts/run_fix13.sh:27|scripts/run_fix14.sh:27|scripts/run_fix15.sh:27|scripts/run_fix16.sh:27|scripts/run_fix17.sh:27|scripts/run_fix18.sh:27|scripts/run_fix19.sh:27|scripts/run_fix2.sh:27|scripts/run_fix20.sh:27|scripts/run_fix21.sh:27|scripts/run_fix22.sh:27|scripts/run_fix3.sh:27|scripts/run_fix4.sh:27|scripts/run_fix5.sh:27|scripts/run_fix6.sh:27|scripts/run_fix7.sh:27|scripts/run_fix8.sh:27|scripts/run_fix9.sh:27|scripts/run_hotdump.sh:27|scripts/run_hotroot.sh:24|scripts/run_ionb3.sh:24|scripts/run_ionb5x.sh:24|scripts/run_ionboost.sh:24|scripts/run_ionboost2.sh:24|scripts/run_ionchk.sh:24|scripts/run_ionnt.sh:24|scripts/run_iterdump.sh:27|scripts/run_jdump.sh:24|scripts/run_milne1.sh:27|scripts/run_milneP.sh:27|scripts/run_ntdr.sh:24|scripts/run_recdiag.sh:27|scripts/run_repro22.sh:27|scripts/run_rtr33.sh:24|scripts/run_rtruth.sh:24|scripts/run_s40diag.sh:27|scripts/run_srcbl.sh:24|scripts/run_wbflr.sh:24|scripts/run_widebr.sh:24|scripts/test_thenmc_bin.sh:19,UNAUDITED,NONE,UNTESTED,MEDIUM,parameter/mask can alter arithmetic over multiple selected records or shells; no direct layout reconstruction identified,NO_EVIDENCE (no #if 0; repository dead_code_audit found no unreferenced non-static consumer function),required RESOLVED_CONFIG evidence unavailable (0 files); stdout RUN FOOTER used as fallback,C3_ACTIVE_OFF_UNTESTED,P2,"required: same binary/input; UNSET vs explicit neutral/OFF vs ON(shadow); byte-compare registered state, layout/table manifests, oracle outputs, RNG/event counters; ON must not commit target state"
LUMINA_COUPLED_NEWTON_TRACE,src/lumina_plasma.c:13070,literal getenv,unset: source comment/default states off,ON_GATE,DORMANT,NONE,NONE,NONE,scripts/run_rtr33.sh:24|scripts/slurm_ddc15_a2_trace.sh:72|scripts/slurm_ddc15_a2_trace0.sh:72|scripts/slurm_ddc15_a3_lstar.sh:77,UNAUDITED,NONE,UNTESTED,LOW,diagnostic/output/self-test control; may alter I/O or early exit but no production array/layout mutation identified at consumer,NO_EVIDENCE (no #if 0; repository dead_code_audit found no unreferenced non-static consumer function),required RESOLVED_CONFIG evidence unavailable (0 files); stdout RUN FOOTER used as fallback,C1_DORMANT_UNAUDITED,NOT_REQUIRED_BY_C2_C3,NONE
LUMINA_COUPLED_NT,src/lumina_plasma.c:12334,literal getenv,unset: NULL makes the guarded named branch false; no env-requested override/action at this consumer,ON_GATE/parameter (non-NULL/nonzero or selector value requests the named branch/override),DORMANT,NONE,NONE,NONE,scripts/run_bfdark.sh:45|scripts/run_fix10.sh:45|scripts/run_fix11.sh:45|scripts/run_fix12.sh:45|scripts/run_fix13.sh:45|scripts/run_fix14.sh:45|scripts/run_fix15.sh:45|scripts/run_fix16.sh:45|scripts/run_fix17.sh:45|scripts/run_fix18.sh:45|scripts/run_fix19.sh:45|scripts/run_fix2.sh:45|scripts/run_fix20.sh:45|scripts/run_fix21.sh:45|scripts/run_fix22.sh:45|scripts/run_fix3.sh:45|scripts/run_fix4.sh:45|scripts/run_fix5.sh:45|scripts/run_fix6.sh:45|scripts/run_fix7.sh:45|scripts/run_fix8.sh:45|scripts/run_fix9.sh:45|scripts/run_hotdump.sh:45|scripts/run_iterdump.sh:45|scripts/run_milne1.sh:45|scripts/run_milneP.sh:45|scripts/run_ntdr.sh:25|scripts/run_recdiag.sh:45|scripts/run_repro22.sh:45|scripts/run_s40diag.sh:45|scripts/test_thenmc_bin.sh:27,COVERED,docs/TRANSPORT_COUPLED_TE_DESIGN.md,UNTESTED,MEDIUM,parameter/mask can alter arithmetic over multiple selected records or shells; no direct layout reconstruction identified,NO_EVIDENCE (no #if 0; repository dead_code_audit found no unreferenced non-static consumer function),required RESOLVED_CONFIG evidence unavailable (0 files); stdout RUN FOOTER used as fallback,NONE,NOT_REQUIRED_BY_C2_C3,NONE
LUMINA_COUPLED_SEPTEST,src/lumina_plasma.c:13075,literal getenv,unset: source comment/default states off,ON_GATE,DORMANT,NONE,NONE,NONE,scripts/slurm_ddc15_a2_septest.sh:72,UNAUDITED,NONE,UNTESTED,MEDIUM,parameter/mask can alter arithmetic over multiple selected records or shells; no direct layout reconstruction identified,NO_EVIDENCE (no #if 0; repository dead_code_audit found no unreferenced non-static consumer function),required RESOLVED_CONFIG evidence unavailable (0 files); stdout RUN FOOTER used as fallback,C1_DORMANT_UNAUDITED,NOT_REQUIRED_BY_C2_C3,NONE
LUMINA_COUPLED_TDEP,src/lumina_plasma.c:13050,literal getenv,unset: source comment/default states ON,OFF_GATE,ACTIVE_OBSERVED,1,/gpfs/kjhan/lumina_runner2/logs/coevolve_consume_parity51/stdout.log:37904|/gpfs/kjhan/lumina_runner2/logs/coevolve_consume_parity51/stdout.log:55|/gpfs/kjhan/lumina_runner2/logs/coevolve_consume_parity56/stdout.log:38133|/gpfs/kjhan/lumina_runner2/logs/coevolve_consume_parity56/stdout.log:55|/gpfs/kjhan/lumina_runner2/logs/coevolve_consume_parity57/stdout.log:38900|/gpfs/kjhan/lumina_runner2/logs/coevolve_consume_parity57/stdout.log:55|/gpfs/kjhan/lumina_runner2/logs/coevolve_consume_parity58/stdout.log:38133|/gpfs/kjhan/lumina_runner2/logs/coevolve_consume_parity58/stdout.log:55|/gpfs/kjhan/lumina_runner2/logs/coevolve_consume_parity59/stdout.log:38132|/gpfs/kjhan/lumina_runner2/logs/coevolve_consume_parity59/stdout.log:55|/gpfs/kjhan/lumina_runner2/logs/coevolve_consume_parity60/stdout.log:38951|/gpfs/kjhan/lumina_runner2/logs/coevolve_consume_parity60/stdout.log:57,"coevolve_consume_parity60 (/gpfs/kjhan/lumina_runner2/logs/coevolve_consume_parity60/stdout.log:57, value=1)",scripts/run_ada_lstar_diag.sh:43|scripts/run_baldiag.sh:26|scripts/run_bfdark.sh:32|scripts/run_boostdr.sh:29|scripts/run_capraise.sh:26|scripts/run_cnclean.sh:26|scripts/run_cndamp.sh:26|scripts/run_coevolve_s01.sh:39|scripts/run_conv16.sh:26|scripts/run_cpl1.sh:26|scripts/run_cpl20.sh:26|scripts/run_dronly.sh:26|scripts/run_etla.sh:26|scripts/run_fix10.sh:29|scripts/run_fix11.sh:29|scripts/run_fix12.sh:29|scripts/run_fix13.sh:29|scripts/run_fix14.sh:29|scripts/run_fix15.sh:29|scripts/run_fix16.sh:29|scripts/run_fix17.sh:29|scripts/run_fix18.sh:29|scripts/run_fix19.sh:29|scripts/run_fix2.sh:29|scripts/run_fix20.sh:29|scripts/run_fix21.sh:29|scripts/run_fix22.sh:29|scripts/run_fix3.sh:29|scripts/run_fix4.sh:29|scripts/run_fix5.sh:29|scripts/run_fix6.sh:29|scripts/run_fix7.sh:29|scripts/run_fix8.sh:29|scripts/run_fix9.sh:29|scripts/run_fph_diag.sh:26|scripts/run_fphbf.sh:26|scripts/run_fphdg.sh:26|scripts/run_fphval.sh:26|scripts/run_frz0.sh:26|scripts/run_hotdump.sh:29|scripts/run_hotroot.sh:26|scripts/run_ionb3.sh:28|scripts/run_ionb5x.sh:28|scripts/run_ionboost.sh:26|scripts/run_ionboost2.sh:26|scripts/run_ionchk.sh:26|scripts/run_ionnt.sh:26|scripts/run_iterdump.sh:29|scripts/run_jdump.sh:26|scripts/run_jdump_diag.sh:20|scripts/run_milne1.sh:29|scripts/run_milneP.sh:29|scripts/run_ntdr.sh:28|scripts/run_recdiag.sh:29|scripts/run_repro22.sh:29|scripts/run_rtr33.sh:26|scripts/run_rtruth.sh:26|scripts/run_s2_chk.sh:26|scripts/run_s2_dep0.sh:26|scripts/run_s2_eps.sh:26|scripts/run_s2_fph.sh:26|scripts/run_s2_fph2.sh:26|scripts/run_s2_fznt.sh:26|scripts/run_s2_nebheat.sh:26|scripts/run_s2_nolinere.sh:26|scripts/run_s2_ntxe.sh:26|scripts/run_s2_phys.sh:26|scripts/run_s40diag.sh:29|scripts/run_srcbl.sh:26|scripts/run_stage0_diag.sh:30|scripts/run_stage1_ab.sh:26|scripts/run_stage2.sh:26|scripts/run_stage3.sh:27|scripts/run_wbflr.sh:28|scripts/run_widebr.sh:26|scripts/slurm_ddc15_a2_jnu.sh:72|scripts/slurm_ddc15_a2_jnu_atrad.sh:72|scripts/slurm_ddc15_a2_newton.sh:69|scripts/slurm_ddc15_a2_newton_omp.sh:72|scripts/slurm_ddc15_a2_septest.sh:73|scripts/slurm_ddc15_a2_trace.sh:73|scripts/slurm_ddc15_a2_trace0.sh:73|scripts/slurm_ddc15_a3_lstar.sh:72|scripts/slurm_ddc15_mc_macroatom.sh:80|scripts/slurm_ddc15_nefix_prof.sh:53|scripts/slurm_ddc15_pure_cmfgen_phase3.sh:94|scripts/slurm_ddc15_thenmc.sh:83|scripts/test_thenmc_bin.sh:21,UNAUDITED,NONE,UNTESTED,MEDIUM,parameter/mask can alter arithmetic over multiple selected records or shells; no direct layout reconstruction identified,NO_EVIDENCE (no #if 0; repository dead_code_audit found no unreferenced non-static consumer function),required RESOLVED_CONFIG evidence unavailable (0 files); stdout RUN FOOTER used as fallback,C3_ACTIVE_OFF_UNTESTED,P2,"required: same binary/input; UNSET vs explicit neutral/OFF vs ON(shadow); byte-compare registered state, layout/table manifests, oracle outputs, RNG/event counters; ON must not commit target state"
LUMINA_DEPOSITION_FILE,src/lumina_cuda.cu:7258,literal getenv,unset: NULL makes the guarded named branch false; no env-requested override/action at this consumer,ON_GATE/parameter (non-NULL/nonzero or selector value requests the named branch/override),ACTIVE_OBSERVED,data/tardis_reference_toy06_19p48d_sivcaiv/deposition_cmfgen.csv,/gpfs/kjhan/lumina_runner2/logs/coevolve_consume_parity51/stdout.log:122|/gpfs/kjhan/lumina_runner2/logs/coevolve_consume_parity51/stdout.log:37971|/gpfs/kjhan/lumina_runner2/logs/coevolve_consume_parity56/stdout.log:123|/gpfs/kjhan/lumina_runner2/logs/coevolve_consume_parity56/stdout.log:38201|/gpfs/kjhan/lumina_runner2/logs/coevolve_consume_parity57/stdout.log:123|/gpfs/kjhan/lumina_runner2/logs/coevolve_consume_parity57/stdout.log:38968|/gpfs/kjhan/lumina_runner2/logs/coevolve_consume_parity58/stdout.log:124|/gpfs/kjhan/lumina_runner2/logs/coevolve_consume_parity58/stdout.log:38202|/gpfs/kjhan/lumina_runner2/logs/coevolve_consume_parity59/stdout.log:124|/gpfs/kjhan/lumina_runner2/logs/coevolve_consume_parity59/stdout.log:38201|/gpfs/kjhan/lumina_runner2/logs/coevolve_consume_parity60/stdout.log:126|/gpfs/kjhan/lumina_runner2/logs/coevolve_consume_parity60/stdout.log:39020,"coevolve_consume_parity60 (/gpfs/kjhan/lumina_runner2/logs/coevolve_consume_parity60/stdout.log:39020, value=data/tardis_reference_toy06_19p48d_sivcaiv/deposition_cmfgen.csv)",scripts/run_baldiag.sh:16|scripts/run_bfdark.sh:22|scripts/run_boostdr.sh:16|scripts/run_capraise.sh:16|scripts/run_cnclean.sh:16|scripts/run_cndamp.sh:16|scripts/run_coevolve_s01.sh:29|scripts/run_conv16.sh:16|scripts/run_cpl1.sh:16|scripts/run_cpl20.sh:16|scripts/run_dronly.sh:16|scripts/run_etla.sh:16|scripts/run_fix10.sh:19|scripts/run_fix11.sh:19|scripts/run_fix12.sh:19|scripts/run_fix13.sh:19|scripts/run_fix14.sh:19|scripts/run_fix15.sh:19|scripts/run_fix16.sh:19|scripts/run_fix17.sh:19|scripts/run_fix18.sh:19|scripts/run_fix19.sh:19|scripts/run_fix2.sh:19|scripts/run_fix20.sh:19|scripts/run_fix21.sh:19|scripts/run_fix22.sh:19|scripts/run_fix3.sh:19|scripts/run_fix4.sh:19|scripts/run_fix5.sh:19|scripts/run_fix6.sh:19|scripts/run_fix7.sh:19|scripts/run_fix8.sh:19|scripts/run_fix9.sh:19|scripts/run_fph_diag.sh:16|scripts/run_fphbf.sh:16|scripts/run_fphdg.sh:16|scripts/run_fphval.sh:16|scripts/run_frz0.sh:16|scripts/run_hotdump.sh:19|scripts/run_hotroot.sh:16|scripts/run_ionb3.sh:16|scripts/run_ionb5x.sh:16|scripts/run_ionboost.sh:16|scripts/run_ionboost2.sh:16|scripts/run_ionchk.sh:16|scripts/run_ionnt.sh:16|scripts/run_iterdump.sh:19|scripts/run_jdump.sh:16|scripts/run_jdump_diag.sh:11|scripts/run_milne1.sh:19|scripts/run_milneP.sh:19|scripts/run_ntdr.sh:16|scripts/run_recdiag.sh:19|scripts/run_repro22.sh:19|scripts/run_rtr33.sh:16|scripts/run_rtruth.sh:16|scripts/run_s2_chk.sh:16|scripts/run_s2_dep0.sh:16|scripts/run_s2_eps.sh:16|scripts/run_s2_fph.sh:16|scripts/run_s2_fph2.sh:16|scripts/run_s2_fznt.sh:16|scripts/run_s2_nebheat.sh:16|scripts/run_s2_nolinere.sh:16|scripts/run_s2_ntxe.sh:16|scripts/run_s2_phys.sh:16|scripts/run_s40diag.sh:19|scripts/run_srcbl.sh:16|scripts/run_stage0_diag.sh:20|scripts/run_stage1_ab.sh:16|scripts/run_stage2.sh:16|scripts/run_stage3.sh:16|scripts/run_wbflr.sh:16|scripts/run_widebr.sh:16|scripts/test_thenmc_bin.sh:12,COVERED,docs/COEVOLVE_REWIRING_PLAN.md,UNTESTED,MEDIUM,parameter/mask can alter arithmetic over multiple selected records or shells; no direct layout reconstruction identified,NO_EVIDENCE (no #if 0; repository dead_code_audit found no unreferenced non-static consumer function),required RESOLVED_CONFIG evidence unavailable (0 files); stdout RUN FOOTER used as fallback,C3_ACTIVE_OFF_UNTESTED,P2,"required: same binary/input; UNSET vs explicit neutral/OFF vs ON(shadow); byte-compare registered state, layout/table manifests, oracle outputs, RNG/event counters; ON must not commit target state"
LUMINA_DETFLUOR_SL_CEIL,src/lumina_cuda.cu:6316|src/lumina_cuda.cu:6321,literal getenv,unset: detfluor mode derives clamp value 10,ON_GATE(parameter),DORMANT,NONE,NONE,NONE,NONE,COVERED,docs/FLUORESCENCE_DESIGN_AB.md;docs/STAGE4_ROUND2_DESIGN.md,UNTESTED,MEDIUM,parameter/mask can alter arithmetic over multiple selected records or shells; no direct layout reconstruction identified,NO_EVIDENCE (no #if 0; repository dead_code_audit found no unreferenced non-static consumer function),required RESOLVED_CONFIG evidence unavailable (0 files); stdout RUN FOOTER used as fallback,NONE,NOT_REQUIRED_BY_C2_C3,NONE
LUMINA_DIAG_SHELL,src/lumina_plasma.c:14461,literal getenv,unset: diagnostic/self-test branch not requested (no getenv value),ON_GATE(diagnostic),DORMANT,NONE,NONE,NONE,NONE,UNAUDITED,NONE,UNTESTED,LOW,diagnostic/output/self-test control; may alter I/O or early exit but no production array/layout mutation identified at consumer,NO_EVIDENCE (no #if 0; repository dead_code_audit found no unreferenced non-static consumer function),required RESOLVED_CONFIG evidence unavailable (0 files); stdout RUN FOOTER used as fallback,C1_DORMANT_UNAUDITED,NOT_REQUIRED_BY_C2_C3,NONE
LUMINA_DIAG_TE_PIN,src/lumina_plasma.c:9528,literal getenv,unset: diagnostic/self-test branch not requested (no getenv value),ON_GATE(diagnostic),DORMANT,NONE,NONE,NONE,scripts/sbatch_kpkt_exit_tepin.sh:27,UNAUDITED,NONE,UNTESTED,LOW,diagnostic/output/self-test control; may alter I/O or early exit but no production array/layout mutation identified at consumer,NO_EVIDENCE (no #if 0; repository dead_code_audit found no unreferenced non-static consumer function),required RESOLVED_CONFIG evidence unavailable (0 files); stdout RUN FOOTER used as fallback,C1_DORMANT_UNAUDITED,NOT_REQUIRED_BY_C2_C3,NONE
LUMINA_DIFFUSE_INNER_BC,src/lumina_cuda.cu:6677|src/lumina_cuda.cu:6678,literal getenv,unset: source comment/default states 0,ON_GATE,ACTIVE_OBSERVED,1,/gpfs/kjhan/lumina_runner2/logs/coevolve_consume_parity51/stdout.log:37910|/gpfs/kjhan/lumina_runner2/logs/coevolve_consume_parity51/stdout.log:61|/gpfs/kjhan/lumina_runner2/logs/coevolve_consume_parity56/stdout.log:38139|/gpfs/kjhan/lumina_runner2/logs/coevolve_consume_parity56/stdout.log:61|/gpfs/kjhan/lumina_runner2/logs/coevolve_consume_parity57/stdout.log:38906|/gpfs/kjhan/lumina_runner2/logs/coevolve_consume_parity57/stdout.log:61|/gpfs/kjhan/lumina_runner2/logs/coevolve_consume_parity58/stdout.log:38140|/gpfs/kjhan/lumina_runner2/logs/coevolve_consume_parity58/stdout.log:62|/gpfs/kjhan/lumina_runner2/logs/coevolve_consume_parity59/stdout.log:38139|/gpfs/kjhan/lumina_runner2/logs/coevolve_consume_parity59/stdout.log:62|/gpfs/kjhan/lumina_runner2/logs/coevolve_consume_parity60/stdout.log:38957|/gpfs/kjhan/lumina_runner2/logs/coevolve_consume_parity60/stdout.log:63,"coevolve_consume_parity60 (/gpfs/kjhan/lumina_runner2/logs/coevolve_consume_parity60/stdout.log:63, value=1)",scripts/run_ada_lstar_diag.sh:56|scripts/run_baldiag.sh:28|scripts/run_bfdark.sh:34|scripts/run_boostdr.sh:31|scripts/run_capraise.sh:28|scripts/run_cnclean.sh:28|scripts/run_cndamp.sh:28|scripts/run_coevolve_s01.sh:41|scripts/run_conv16.sh:28|scripts/run_cpl1.sh:28|scripts/run_cpl20.sh:28|scripts/run_dronly.sh:28|scripts/run_etla.sh:28|scripts/run_fix10.sh:31|scripts/run_fix11.sh:31|scripts/run_fix12.sh:31|scripts/run_fix13.sh:31|scripts/run_fix14.sh:31|scripts/run_fix15.sh:31|scripts/run_fix16.sh:31|scripts/run_fix17.sh:31|scripts/run_fix18.sh:31|scripts/run_fix19.sh:31|scripts/run_fix2.sh:31|scripts/run_fix20.sh:31|scripts/run_fix21.sh:31|scripts/run_fix22.sh:31|scripts/run_fix3.sh:31|scripts/run_fix4.sh:31|scripts/run_fix5.sh:31|scripts/run_fix6.sh:31|scripts/run_fix7.sh:31|scripts/run_fix8.sh:31|scripts/run_fix9.sh:31|scripts/run_fph_diag.sh:28|scripts/run_fphbf.sh:28|scripts/run_fphdg.sh:28|scripts/run_fphval.sh:28|scripts/run_frz0.sh:28|scripts/run_hotdump.sh:31|scripts/run_hotroot.sh:28|scripts/run_ionb3.sh:30|scripts/run_ionb5x.sh:30|scripts/run_ionboost.sh:28|scripts/run_ionboost2.sh:28|scripts/run_ionchk.sh:28|scripts/run_ionnt.sh:28|scripts/run_iterdump.sh:31|scripts/run_jdump.sh:28|scripts/run_jdump_diag.sh:22|scripts/run_milne1.sh:31|scripts/run_milneP.sh:31|scripts/run_ntdr.sh:30|scripts/run_recdiag.sh:31|scripts/run_repro22.sh:31|scripts/run_rtr33.sh:28|scripts/run_rtruth.sh:28|scripts/run_s2_chk.sh:28|scripts/run_s2_dep0.sh:28|scripts/run_s2_eps.sh:28|scripts/run_s2_fph.sh:28|scripts/run_s2_fph2.sh:28|scripts/run_s2_fznt.sh:28|scripts/run_s2_nebheat.sh:28|scripts/run_s2_nolinere.sh:28|scripts/run_s2_ntxe.sh:28|scripts/run_s2_phys.sh:28|scripts/run_s40diag.sh:31|scripts/run_srcbl.sh:28|scripts/run_stage0_diag.sh:32|scripts/run_stage1_ab.sh:28|scripts/run_stage2.sh:28|scripts/run_stage3.sh:29|scripts/run_wbflr.sh:30|scripts/run_widebr.sh:28|scripts/slurm_aulbranch_validate.sh:209|scripts/slurm_binnedj_estimator_ab.sh:215|scripts/slurm_cmf_fine_validate.sh:54|scripts/slurm_ddc15_a1_diffbc.sh:71|scripts/slurm_ddc15_a2_jnu.sh:80|scripts/slurm_ddc15_a2_jnu_atrad.sh:81|scripts/slurm_ddc15_a2_newton.sh:76|scripts/slurm_ddc15_a2_newton_omp.sh:79|scripts/slurm_ddc15_a2_septest.sh:80|scripts/slurm_ddc15_a2_trace.sh:80|scripts/slurm_ddc15_a2_trace0.sh:80|scripts/slurm_ddc15_a3_lstar.sh:86|scripts/slurm_ddc15_frozenin.sh:76|scripts/slurm_ddc15_frozenin_ab.sh:76|scripts/slurm_ddc15_initial.sh:102|scripts/slurm_ddc15_mc_macroatom.sh:85|scripts/slurm_ddc15_nefix_prof.sh:66|scripts/slurm_ddc15_pure_cmfgen.sh:70|scripts/slurm_ddc15_pure_cmfgen_phase3.sh:99|scripts/slurm_ddc15_radeq_ab.sh:73|scripts/slurm_ddc15_radeq_adiab.sh:81|scripts/slurm_ddc15_radeq_blanket.sh:81|scripts/slurm_ddc15_radeq_blanketdamp.sh:82|scripts/slurm_ddc15_radeq_coolfix.sh:67|scripts/slurm_ddc15_radeq_escape.sh:71|scripts/slurm_ddc15_radeq_escape_alllines.sh:71|scripts/slurm_ddc15_radeq_hybridB2.sh:79|scripts/slurm_ddc15_radeq_integralB.sh:82|scripts/slurm_ddc15_radeq_nebular.sh:81|scripts/slurm_ddc15_radeq_noswitch.sh:79|scripts/slurm_ddc15_thenmc.sh:89|scripts/slurm_ddc15real.sh:72|scripts/slurm_downbranch_binnedj_ab.sh:216|scripts/slurm_fixtrad_fluorescence.sh:223|scripts/slurm_jcap_test.sh:217|scripts/slurm_ma_internal_cap.sh:218|scripts/slurm_macroatom_binnedj_ab.sh:227|scripts/slurm_phase2a_innerbc_ab.sh:207|scripts/slurm_phase2b_nlte_opacity_ionstage_ab.sh:222|scripts/slurm_phase2c_fluorescence_ab.sh:215|scripts/test_thenmc_bin.sh:23,COVERED,docs/COEVOLVE_REWIRING_PLAN.md,UNTESTED,MEDIUM,parameter/mask can alter arithmetic over multiple selected records or shells; no direct layout reconstruction identified,NO_EVIDENCE (no #if 0; repository dead_code_audit found no unreferenced non-static consumer function),required RESOLVED_CONFIG evidence unavailable (0 files); stdout RUN FOOTER used as fallback,C3_ACTIVE_OFF_UNTESTED,P2,"required: same binary/input; UNSET vs explicit neutral/OFF vs ON(shadow); byte-compare registered state, layout/table manifests, oracle outputs, RNG/event counters; ON must not commit target state"
LUMINA_DIFFUSION_INNER_BC,src/lumina_cuda.cu:10019|src/lumina_main.c:675,literal getenv,unset: source ternary selects fallback expression `0`,ON_GATE/parameter (non-NULL/nonzero or selector value requests the named branch/override),DORMANT,NONE,NONE,NONE,scripts/run_ada_lstar_diag.sh:40|scripts/slurm_ddc15_a1_diffbc.sh:65|scripts/slurm_ddc15_a2_jnu.sh:69|scripts/slurm_ddc15_a2_jnu_atrad.sh:69|scripts/slurm_ddc15_a2_newton.sh:67|scripts/slurm_ddc15_a2_newton_omp.sh:69|scripts/slurm_ddc15_a2_septest.sh:69|scripts/slurm_ddc15_a2_trace.sh:69|scripts/slurm_ddc15_a2_trace0.sh:69|scripts/slurm_ddc15_a3_lstar.sh:69|scripts/slurm_ddc15_nefix_prof.sh:50,UNAUDITED,NONE,UNTESTED,MEDIUM,parameter/mask can alter arithmetic over multiple selected records or shells; no direct layout reconstruction identified,NO_EVIDENCE (no #if 0; repository dead_code_audit found no unreferenced non-static consumer function),required RESOLVED_CONFIG evidence unavailable (0 files); stdout RUN FOOTER used as fallback,C1_DORMANT_UNAUDITED,NOT_REQUIRED_BY_C2_C3,NONE
LUMINA_DIP_TRACE,src/lumina_cuda.cu:7654,literal getenv,unset: diagnostic/self-test branch not requested (no getenv value),ON_GATE(diagnostic),ACTIVE_OBSERVED,1,/gpfs/kjhan/lumina_runner2/logs/coevolve_consume_parity51/stdout.log:37915|/gpfs/kjhan/lumina_runner2/logs/coevolve_consume_parity51/stdout.log:66|/gpfs/kjhan/lumina_runner2/logs/coevolve_consume_parity56/stdout.log:38144|/gpfs/kjhan/lumina_runner2/logs/coevolve_consume_parity56/stdout.log:66|/gpfs/kjhan/lumina_runner2/logs/coevolve_consume_parity57/stdout.log:38911|/gpfs/kjhan/lumina_runner2/logs/coevolve_consume_parity57/stdout.log:66|/gpfs/kjhan/lumina_runner2/logs/coevolve_consume_parity58/stdout.log:38145|/gpfs/kjhan/lumina_runner2/logs/coevolve_consume_parity58/stdout.log:67|/gpfs/kjhan/lumina_runner2/logs/coevolve_consume_parity59/stdout.log:38144|/gpfs/kjhan/lumina_runner2/logs/coevolve_consume_parity59/stdout.log:67|/gpfs/kjhan/lumina_runner2/logs/coevolve_consume_parity60/stdout.log:38962|/gpfs/kjhan/lumina_runner2/logs/coevolve_consume_parity60/stdout.log:68,"coevolve_consume_parity60 (/gpfs/kjhan/lumina_runner2/logs/coevolve_consume_parity60/stdout.log:68, value=1)",scripts/run_baldiag.sh:24|scripts/run_bfdark.sh:30|scripts/run_boostdr.sh:24|scripts/run_capraise.sh:24|scripts/run_cndamp.sh:24|scripts/run_coevolve_s01.sh:37|scripts/run_conv16.sh:24|scripts/run_dronly.sh:24|scripts/run_etla.sh:24|scripts/run_fix10.sh:27|scripts/run_fix11.sh:27|scripts/run_fix12.sh:27|scripts/run_fix13.sh:27|scripts/run_fix14.sh:27|scripts/run_fix15.sh:27|scripts/run_fix16.sh:27|scripts/run_fix17.sh:27|scripts/run_fix18.sh:27|scripts/run_fix19.sh:27|scripts/run_fix2.sh:27|scripts/run_fix20.sh:27|scripts/run_fix21.sh:27|scripts/run_fix22.sh:27|scripts/run_fix3.sh:27|scripts/run_fix4.sh:27|scripts/run_fix5.sh:27|scripts/run_fix6.sh:27|scripts/run_fix7.sh:27|scripts/run_fix8.sh:27|scripts/run_fix9.sh:27|scripts/run_hotdump.sh:27|scripts/run_hotroot.sh:24|scripts/run_ionb3.sh:24|scripts/run_ionb5x.sh:24|scripts/run_ionboost.sh:24|scripts/run_ionboost2.sh:24|scripts/run_ionnt.sh:24|scripts/run_iterdump.sh:27|scripts/run_jdump.sh:24|scripts/run_milne1.sh:27|scripts/run_milneP.sh:27|scripts/run_ntdr.sh:24|scripts/run_recdiag.sh:27|scripts/run_repro22.sh:27|scripts/run_rtruth.sh:24|scripts/run_s40diag.sh:27|scripts/run_wbflr.sh:24|scripts/run_widebr.sh:24,COVERED,docs/TRANSPORT_COUPLED_TE_DESIGN.md,UNTESTED,LOW,diagnostic/output/self-test control; may alter I/O or early exit but no production array/layout mutation identified at consumer,NO_EVIDENCE (no #if 0; repository dead_code_audit found no unreferenced non-static consumer function),required RESOLVED_CONFIG evidence unavailable (0 files); stdout RUN FOOTER used as fallback,C3_ACTIVE_OFF_UNTESTED,P3,"required: same binary/input; UNSET vs explicit neutral/OFF vs ON(shadow); byte-compare registered state, layout/table manifests, oracle outputs, RNG/event counters; ON must not commit target state"
LUMINA_DR_BOOST,src/lumina_plasma.c:7974,literal getenv,unset: NULL makes the guarded named branch false; no env-requested override/action at this consumer,ON_GATE/parameter (non-NULL/nonzero or selector value requests the named branch/override),DORMANT,NONE,NONE,NONE,scripts/run_bfdark.sh:115|scripts/slurm_dr_boost_sweep.sh:42,UNAUDITED,NONE,UNTESTED,HIGH,"dynamic source-class multiplier changes DR arithmetic for every table entry of that provenance, not one target cell",NO_EVIDENCE (no #if 0; repository dead_code_audit found no unreferenced non-static consumer function),required RESOLVED_CONFIG evidence unavailable (0 files); stdout RUN FOOTER used as fallback,C1_DORMANT_UNAUDITED|C2_DORMANT_HIGH,P1,"required: same binary/input; UNSET vs explicit neutral/OFF vs ON(shadow); byte-compare registered state, layout/table manifests, oracle outputs, RNG/event counters; ON must not commit target state"
LUMINA_DR_BOOST_AUTOSTRUCT,src/lumina_plasma.c:7981,dynamic-name family,unset: multiplier 1.0 for that DR source (no scaling),ON_GATE(parameter family),SEEN_NEUTRAL_ONLY,0,/gpfs/kjhan/lumina_runner2/logs/coevolve_consume_parity51/stdout.log:29|/gpfs/kjhan/lumina_runner2/logs/coevolve_consume_parity51/stdout.log:37878|/gpfs/kjhan/lumina_runner2/logs/coevolve_consume_parity56/stdout.log:29|/gpfs/kjhan/lumina_runner2/logs/coevolve_consume_parity56/stdout.log:38107|/gpfs/kjhan/lumina_runner2/logs/coevolve_consume_parity57/stdout.log:29|/gpfs/kjhan/lumina_runner2/logs/coevolve_consume_parity57/stdout.log:38874|/gpfs/kjhan/lumina_runner2/logs/coevolve_consume_parity58/stdout.log:29|/gpfs/kjhan/lumina_runner2/logs/coevolve_consume_parity58/stdout.log:38107|/gpfs/kjhan/lumina_runner2/logs/coevolve_consume_parity59/stdout.log:29|/gpfs/kjhan/lumina_runner2/logs/coevolve_consume_parity59/stdout.log:38106|/gpfs/kjhan/lumina_runner2/logs/coevolve_consume_parity60/stdout.log:29|/gpfs/kjhan/lumina_runner2/logs/coevolve_consume_parity60/stdout.log:38923,NONE,scripts/run_coevolve_s01.sh:66|scripts/sbatch_gpu_determinism_probe_a100.sh:30|scripts/sbatch_gpu_determinism_probe_h100.sh:30,UNAUDITED,NONE,UNTESTED,HIGH,"dynamic source-class multiplier changes DR arithmetic for every table entry of that provenance, not one target cell",NO_EVIDENCE (no #if 0; repository dead_code_audit found no unreferenced non-static consumer function),required RESOLVED_CONFIG evidence unavailable (0 files); stdout RUN FOOTER used as fallback,NONE,NOT_REQUIRED_BY_C2_C3,NONE
LUMINA_DR_BOOST_BADNELL,src/lumina_plasma.c:7981,dynamic-name family,unset: multiplier 1.0 for that DR source (no scaling),ON_GATE(parameter family),SEEN_NEUTRAL_ONLY,0,/gpfs/kjhan/lumina_runner2/logs/coevolve_consume_parity51/stdout.log:100|/gpfs/kjhan/lumina_runner2/logs/coevolve_consume_parity51/stdout.log:37949|/gpfs/kjhan/lumina_runner2/logs/coevolve_consume_parity56/stdout.log:100|/gpfs/kjhan/lumina_runner2/logs/coevolve_consume_parity56/stdout.log:38178|/gpfs/kjhan/lumina_runner2/logs/coevolve_consume_parity57/stdout.log:100|/gpfs/kjhan/lumina_runner2/logs/coevolve_consume_parity57/stdout.log:38945|/gpfs/kjhan/lumina_runner2/logs/coevolve_consume_parity58/stdout.log:101|/gpfs/kjhan/lumina_runner2/logs/coevolve_consume_parity58/stdout.log:38179|/gpfs/kjhan/lumina_runner2/logs/coevolve_consume_parity59/stdout.log:101|/gpfs/kjhan/lumina_runner2/logs/coevolve_consume_parity59/stdout.log:38178|/gpfs/kjhan/lumina_runner2/logs/coevolve_consume_parity60/stdout.log:103|/gpfs/kjhan/lumina_runner2/logs/coevolve_consume_parity60/stdout.log:38997,NONE,scripts/run_coevolve_s01.sh:63|scripts/sbatch_gpu_determinism_probe_a100.sh:29|scripts/sbatch_gpu_determinism_probe_h100.sh:29,UNAUDITED,NONE,UNTESTED,HIGH,"dynamic source-class multiplier changes DR arithmetic for every table entry of that provenance, not one target cell",NO_EVIDENCE (no #if 0; repository dead_code_audit found no unreferenced non-static consumer function),required RESOLVED_CONFIG evidence unavailable (0 files); stdout RUN FOOTER used as fallback,NONE,NOT_REQUIRED_BY_C2_C3,NONE
LUMINA_DR_BOOST_CMFGEN,src/lumina_plasma.c:7981,dynamic-name family,unset: multiplier 1.0 for that DR source (no scaling),ON_GATE(parameter family),DORMANT,NONE,NONE,NONE,NONE,UNAUDITED,NONE,UNTESTED,HIGH,"dynamic source-class multiplier changes DR arithmetic for every table entry of that provenance, not one target cell",NO_EVIDENCE (no #if 0; repository dead_code_audit found no unreferenced non-static consumer function),required RESOLVED_CONFIG evidence unavailable (0 files); stdout RUN FOOTER used as fallback,C1_DORMANT_UNAUDITED|C2_DORMANT_HIGH,P1,"required: same binary/input; UNSET vs explicit neutral/OFF vs ON(shadow); byte-compare registered state, layout/table manifests, oracle outputs, RNG/event counters; ON must not commit target state"
LUMINA_DR_BOOST_EST_ISOEL,src/lumina_plasma.c:7981,dynamic-name family,unset: multiplier 1.0 for that DR source (no scaling),ON_GATE(parameter family),DORMANT,NONE,NONE,NONE,NONE,UNAUDITED,NONE,UNTESTED,HIGH,"dynamic source-class multiplier changes DR arithmetic for every table entry of that provenance, not one target cell",NO_EVIDENCE (no #if 0; repository dead_code_audit found no unreferenced non-static consumer function),required RESOLVED_CONFIG evidence unavailable (0 files); stdout RUN FOOTER used as fallback,C1_DORMANT_UNAUDITED|C2_DORMANT_HIGH,P1,"required: same binary/input; UNSET vs explicit neutral/OFF vs ON(shadow); byte-compare registered state, layout/table manifests, oracle outputs, RNG/event counters; ON must not commit target state"
LUMINA_DR_BOOST_MAZZOTTA,src/lumina_plasma.c:7981,dynamic-name family,unset: multiplier 1.0 for that DR source (no scaling),ON_GATE(parameter family),SEEN_NEUTRAL_ONLY,0,/gpfs/kjhan/lumina_runner2/logs/coevolve_consume_parity51/stdout.log:28|/gpfs/kjhan/lumina_runner2/logs/coevolve_consume_parity51/stdout.log:37877|/gpfs/kjhan/lumina_runner2/logs/coevolve_consume_parity56/stdout.log:28|/gpfs/kjhan/lumina_runner2/logs/coevolve_consume_parity56/stdout.log:38106|/gpfs/kjhan/lumina_runner2/logs/coevolve_consume_parity57/stdout.log:28|/gpfs/kjhan/lumina_runner2/logs/coevolve_consume_parity57/stdout.log:38873|/gpfs/kjhan/lumina_runner2/logs/coevolve_consume_parity58/stdout.log:28|/gpfs/kjhan/lumina_runner2/logs/coevolve_consume_parity58/stdout.log:38106|/gpfs/kjhan/lumina_runner2/logs/coevolve_consume_parity59/stdout.log:28|/gpfs/kjhan/lumina_runner2/logs/coevolve_consume_parity59/stdout.log:38105|/gpfs/kjhan/lumina_runner2/logs/coevolve_consume_parity60/stdout.log:28|/gpfs/kjhan/lumina_runner2/logs/coevolve_consume_parity60/stdout.log:38922,NONE,scripts/run_coevolve_s01.sh:65|scripts/sbatch_gpu_determinism_probe_a100.sh:30|scripts/sbatch_gpu_determinism_probe_h100.sh:30,UNAUDITED,NONE,UNTESTED,HIGH,"dynamic source-class multiplier changes DR arithmetic for every table entry of that provenance, not one target cell",NO_EVIDENCE (no #if 0; repository dead_code_audit found no unreferenced non-static consumer function),required RESOLVED_CONFIG evidence unavailable (0 files); stdout RUN FOOTER used as fallback,NONE,NOT_REQUIRED_BY_C2_C3,NONE
LUMINA_DR_BOOST_NORAD,src/lumina_plasma.c:7981,dynamic-name family,unset: multiplier 1.0 for that DR source (no scaling),ON_GATE(parameter family),SEEN_NEUTRAL_ONLY,0,/gpfs/kjhan/lumina_runner2/logs/coevolve_consume_parity51/stdout.log:37917|/gpfs/kjhan/lumina_runner2/logs/coevolve_consume_parity51/stdout.log:68|/gpfs/kjhan/lumina_runner2/logs/coevolve_consume_parity56/stdout.log:38146|/gpfs/kjhan/lumina_runner2/logs/coevolve_consume_parity56/stdout.log:68|/gpfs/kjhan/lumina_runner2/logs/coevolve_consume_parity57/stdout.log:38913|/gpfs/kjhan/lumina_runner2/logs/coevolve_consume_parity57/stdout.log:68|/gpfs/kjhan/lumina_runner2/logs/coevolve_consume_parity58/stdout.log:38147|/gpfs/kjhan/lumina_runner2/logs/coevolve_consume_parity58/stdout.log:69|/gpfs/kjhan/lumina_runner2/logs/coevolve_consume_parity59/stdout.log:38146|/gpfs/kjhan/lumina_runner2/logs/coevolve_consume_parity59/stdout.log:69|/gpfs/kjhan/lumina_runner2/logs/coevolve_consume_parity60/stdout.log:38964|/gpfs/kjhan/lumina_runner2/logs/coevolve_consume_parity60/stdout.log:70,NONE,scripts/run_coevolve_s01.sh:64|scripts/sbatch_gpu_determinism_probe_a100.sh:29|scripts/sbatch_gpu_determinism_probe_h100.sh:29,UNAUDITED,NONE,UNTESTED,HIGH,"dynamic source-class multiplier changes DR arithmetic for every table entry of that provenance, not one target cell",NO_EVIDENCE (no #if 0; repository dead_code_audit found no unreferenced non-static consumer function),required RESOLVED_CONFIG evidence unavailable (0 files); stdout RUN FOOTER used as fallback,NONE,NOT_REQUIRED_BY_C2_C3,NONE
LUMINA_DR_FLOOR_CMS,src/lumina_element_wide.c:43|src/lumina_element_wide.c:1060|src/lumina_plasma.c:16072,literal + dynamic helper,unset: getenv returns NULL and this env override is not applied; compiled initializer/parent mode remains,ON_GATE/parameter (exact polarity unresolved),DORMANT,NONE,NONE,NONE,scripts/slurm_dr_floor_aggro.sh:47|scripts/slurm_dr_floor_sweep.sh:49,COVERED,docs/OPUS5_WAVE3_CODE_AUDIT.md;docs/WAVE32_REPAIR_BATCH_SPEC_2026-08-01.md,UNTESTED,MEDIUM,parameter/mask can alter arithmetic over multiple selected records or shells; no direct layout reconstruction identified,NO_EVIDENCE (no #if 0; repository dead_code_audit found no unreferenced non-static consumer function),exact unset initializer/polarity requires function-level semantic audit | required RESOLVED_CONFIG evidence unavailable (0 files); stdout RUN FOOTER used as fallback,NONE,NOT_REQUIRED_BY_C2_C3,NONE
LUMINA_DYNAMIC_TRANSPROB,src/lumina_cuda.cu:6621|src/lumina_cuda.cu:6622|src/lumina_main.c:179|src/lumina_main.c:180,literal getenv,unset: 0/OFF,ON_GATE,ACTIVE_OBSERVED,1,/gpfs/kjhan/lumina_runner2/logs/coevolve_consume_parity51/stdout.log:37938|/gpfs/kjhan/lumina_runner2/logs/coevolve_consume_parity51/stdout.log:89|/gpfs/kjhan/lumina_runner2/logs/coevolve_consume_parity56/stdout.log:38167|/gpfs/kjhan/lumina_runner2/logs/coevolve_consume_parity56/stdout.log:89|/gpfs/kjhan/lumina_runner2/logs/coevolve_consume_parity57/stdout.log:38934|/gpfs/kjhan/lumina_runner2/logs/coevolve_consume_parity57/stdout.log:89|/gpfs/kjhan/lumina_runner2/logs/coevolve_consume_parity58/stdout.log:38168|/gpfs/kjhan/lumina_runner2/logs/coevolve_consume_parity58/stdout.log:90|/gpfs/kjhan/lumina_runner2/logs/coevolve_consume_parity59/stdout.log:38167|/gpfs/kjhan/lumina_runner2/logs/coevolve_consume_parity59/stdout.log:90|/gpfs/kjhan/lumina_runner2/logs/coevolve_consume_parity60/stdout.log:38986|/gpfs/kjhan/lumina_runner2/logs/coevolve_consume_parity60/stdout.log:92,"coevolve_consume_parity60 (/gpfs/kjhan/lumina_runner2/logs/coevolve_consume_parity60/stdout.log:92, value=1)",scripts/grid_emit_joint_stage1.sh:33|scripts/prune_co2_ni2_rydberg.py:284|scripts/run_ada_lstar_diag.sh:27|scripts/run_baldiag.sh:19|scripts/run_bfdark.sh:25|scripts/run_boostdr.sh:19|scripts/run_capraise.sh:19|scripts/run_cnclean.sh:19|scripts/run_cndamp.sh:19|scripts/run_coevolve_s01.sh:32|scripts/run_conv16.sh:19|scripts/run_cpl1.sh:19|scripts/run_cpl20.sh:19|scripts/run_dronly.sh:19|scripts/run_etla.sh:19|scripts/run_fix10.sh:22|scripts/run_fix11.sh:22|scripts/run_fix12.sh:22|scripts/run_fix13.sh:22|scripts/run_fix14.sh:22|scripts/run_fix15.sh:22|scripts/run_fix16.sh:22|scripts/run_fix17.sh:22|scripts/run_fix18.sh:22|scripts/run_fix19.sh:22|scripts/run_fix2.sh:22|scripts/run_fix20.sh:22|scripts/run_fix21.sh:22|scripts/run_fix22.sh:22|scripts/run_fix3.sh:22|scripts/run_fix4.sh:22|scripts/run_fix5.sh:22|scripts/run_fix6.sh:22|scripts/run_fix7.sh:22|scripts/run_fix8.sh:22|scripts/run_fix9.sh:22|scripts/run_fph_diag.sh:19|scripts/run_fphbf.sh:19|scripts/run_fphdg.sh:19|scripts/run_fphval.sh:19|scripts/run_frz0.sh:19|scripts/run_hotdump.sh:22|scripts/run_hotroot.sh:19|scripts/run_ionb3.sh:19|scripts/run_ionb5x.sh:19|scripts/run_ionboost.sh:19|scripts/run_ionboost2.sh:19|scripts/run_ionchk.sh:19|scripts/run_ionnt.sh:19|scripts/run_iterdump.sh:22|scripts/run_jdump.sh:19|scripts/run_jdump_diag.sh:14|scripts/run_milne1.sh:22|scripts/run_milneP.sh:22|scripts/run_ntdr.sh:19|scripts/run_recdiag.sh:22|scripts/run_repro22.sh:22|scripts/run_rtr33.sh:19|scripts/run_rtruth.sh:19|scripts/run_s2_chk.sh:19|scripts/run_s2_dep0.sh:19|scripts/run_s2_eps.sh:19|scripts/run_s2_fph.sh:19|scripts/run_s2_fph2.sh:19|scripts/run_s2_fznt.sh:19|scripts/run_s2_nebheat.sh:19|scripts/run_s2_nolinere.sh:19|scripts/run_s2_ntxe.sh:19|scripts/run_s2_phys.sh:19|scripts/run_s40diag.sh:22|scripts/run_srcbl.sh:19|scripts/run_stage0_diag.sh:23|scripts/run_stage1_ab.sh:19|scripts/run_stage2.sh:19|scripts/run_stage3.sh:19|scripts/run_wbflr.sh:19|scripts/run_widebr.sh:19|scripts/slurm_aulbranch_validate.sh:198|scripts/slurm_binnedj_estimator_ab.sh:206|scripts/slurm_cefix_smoke.sh:38|scripts/slurm_cmf_fine_validate.sh:43|scripts/slurm_ddc15_223_ionlock_smoke.sh:182|scripts/slurm_ddc15_223_perionresc_smoke.sh:177|scripts/slurm_ddc15_A1_eps_fine.sh:176|scripts/slurm_ddc15_A1b_eps_dense.sh:176|scripts/slurm_ddc15_A1c_eps_top.sh:174|scripts/slurm_ddc15_A1d_e1p00_mcvar.sh:177|scripts/slurm_ddc15_A1e_e0p70_mcvar.sh:178|scripts/slurm_ddc15_A2_s2W.sh:191|scripts/slurm_ddc15_A4.sh:175|scripts/slurm_ddc15_A5.sh:178|scripts/slurm_ddc15_C1_xTi.sh:165|scripts/slurm_ddc15_C2_xFeOuter.sh:169|scripts/slurm_ddc15_D1_Linner.sh:165|scripts/slurm_ddc15_F1_oskip.sh:164|scripts/slurm_ddc15_FI_ablation.sh:184|scripts/slurm_ddc15_FI_prod.sh:178|scripts/slurm_ddc15_G1_xFeInner.sh:176|scripts/slurm_ddc15_H1_epsUV.sh:168|scripts/slurm_ddc15_H1b_epsUV_knee.sh:165|scripts/slurm_ddc15_H1p_production.sh:169|scripts/slurm_ddc15_H2_epsUVred.sh:166|scripts/slurm_ddc15_H2p_redonly.sh:182|scripts/slurm_ddc15_H3_fate_attribution.sh:162|scripts/slurm_ddc15_I1_NiII_UVidown.sh:167|scripts/slurm_ddc15_J1_SiII_UVidown.sh:169|scripts/slurm_ddc15_K1_NiII_Aul.sh:170|scripts/slurm_ddc15_K1b_NiII_Aul_strong.sh:169|scripts/slurm_ddc15_KL1_stack.sh:178|scripts/slurm_ddc15_L1_SiII_Aul.sh:171|scripts/slurm_ddc15_M1_FeII_Aul.sh:170|scripts/slurm_ddc15_N1_KLM_stack.sh:179|scripts/slurm_ddc15_O1_CoCr_stack.sh:182|scripts/slurm_ddc15_P1_FeCo_push.sh:177|scripts/slurm_ddc15_P2_FeCo_stack.sh:176|scripts/slurm_ddc15_Q1_eps_uv_on_stack.sh:179|scripts/slurm_ddc15_Q1b_lambdamin_iron3_red.sh:180|scripts/slurm_ddc15_Q1c_lambdamin_wide.sh:175|scripts/slurm_ddc15_R1_eps_uv_2step.sh:183|scripts/slurm_ddc15_R2_aszeta.sh:184|scripts/slurm_ddc15_S1_siII_opt_aul.sh:185|scripts/slurm_ddc15_S2_siII_opt_finer.sh:181|scripts/slurm_ddc15_T1_s1_h2_stack.sh:186|scripts/slurm_ddc15_U1_feII_opt_aul.sh:186|scripts/slurm_ddc15_U1_ni2_opt.sh:186|scripts/slurm_ddc15_V1_c2_h1b_prod.sh:175|scripts/slurm_ddc15_W1_ca2_boost.sh:182|scripts/slurm_ddc15_X1_u1f005_ca2.sh:177|scripts/slurm_ddc15_a1_diffbc.sh:50|scripts/slurm_ddc15_a2_jnu.sh:54|scripts/slurm_ddc15_a2_jnu_atrad.sh:54|scripts/slurm_ddc15_a2_newton.sh:52|scripts/slurm_ddc15_a2_newton_omp.sh:54|scripts/slurm_ddc15_a2_septest.sh:54|scripts/slurm_ddc15_a2_trace.sh:54|scripts/slurm_ddc15_a2_trace0.sh:54|scripts/slurm_ddc15_a3_lstar.sh:53|scripts/slurm_ddc15_frozenin.sh:56|scripts/slurm_ddc15_frozenin_ab.sh:64|scripts/slurm_ddc15_initial.sh:84|scripts/slurm_ddc15_mc_macroatom.sh:64|scripts/slurm_ddc15_nefix_prof.sh:37|scripts/slurm_ddc15_pure_cmfgen.sh:58|scripts/slurm_ddc15_pure_cmfgen_phase3.sh:68|scripts/slurm_ddc15_radeq_ab.sh:61|scripts/slurm_ddc15_radeq_adiab.sh:63|scripts/slurm_ddc15_radeq_blanket.sh:63|scripts/slurm_ddc15_radeq_blanketdamp.sh:63|scripts/slurm_ddc15_radeq_coolfix.sh:54|scripts/slurm_ddc15_radeq_escape.sh:57|scripts/slurm_ddc15_radeq_escape_alllines.sh:57|scripts/slurm_ddc15_radeq_hybridB2.sh:62|scripts/slurm_ddc15_radeq_integralB.sh:67|scripts/slurm_ddc15_radeq_nebular.sh:63|scripts/slurm_ddc15_radeq_noswitch.sh:61|scripts/slurm_ddc15_thenmc.sh:67|scripts/slurm_ddc15real.sh:62|scripts/slurm_diag_sigmabf_ratebalance.sh:40|scripts/slurm_downbranch_binnedj_ab.sh:207|scripts/slurm_dr_boost_sweep.sh:40|scripts/slurm_dr_floor_aggro.sh:44|scripts/slurm_dr_floor_sweep.sh:47|scripts/slurm_dr_phase2_smoke.sh:40|scripts/slurm_einsteinFix_2002bo_macroatom.sh:207|scripts/slurm_einsteinFix_2002bo_macroatom_smoke.sh:207|scripts/slurm_einsteinFix_2002bo_nltedump.sh:205|scripts/slurm_einsteinFix_2002bo_ofix_prod.sh:203|scripts/slurm_einsteinFix_2002bo_taubyion.sh:203|scripts/slurm_einsteinFix_2002bo_tpin12630.sh:202|scripts/slurm_fcoll_sweep.sh:40|scripts/slurm_fixtrad_fluorescence.sh:212|scripts/slurm_g2_prescription.sh:46|scripts/slurm_gate_b5_ce_expand.sh:36|scripts/slurm_gate_b_dr_3ion.sh:35|scripts/slurm_gate_b_dr_7ion.sh:37|scripts/slurm_gate_b_dr_co3.sh:35|scripts/slurm_gate_b_dr_sc3as.sh:35|scripts/slurm_hybrid_outerFe10x_v11500.sh:51|scripts/slurm_hybrid_outerFe5x_v11500.sh:49|scripts/slurm_hybrid_outerFe5x_v11500_iter20.sh:48|scripts/slurm_ionlock_lte_levels.sh:37|scripts/slurm_ionstage_ab.sh:189|scripts/slurm_jcap_test.sh:205|scripts/slurm_logL_deep_sweep.sh:58|scripts/slurm_ma_internal_cap.sh:205|scripts/slurm_macroatom_binnedj_ab.sh:217|scripts/slurm_ml_phineb_smoke.sh:52|scripts/slurm_nlte3_diag.sh:174|scripts/slurm_nlte3fix_femerge.sh:190|scripts/slurm_nlte3fix_femerge_bare.sh:183|scripts/slurm_nlte3fix_femerge_combo.sh:179|scripts/slurm_nlte3fix_femerge_drop.sh:197|scripts/slurm_nlte3fix_femerge_optscan.sh:177|scripts/slurm_nlte3fix_femerge_probez.sh:184|scripts/slurm_nlte3fix_femerge_struct.sh:185|scripts/slurm_nlte3fix_femerge_sweep134.sh:179|scripts/slurm_nlte3fix_femerge_sweep34.sh:183|scripts/slurm_nlte3fix_optA.sh:182|scripts/slurm_nlte3fix_optAp.sh:185|scripts/slurm_nlte3fix_optC.sh:191|scripts/slurm_nlte3fix_optD.sh:190|scripts/slurm_nlte_consv_test.sh:42|scripts/slurm_nlte_ionlock_smoke.sh:42|scripts/slurm_nlte_ionlock_smoke_v2.sh:44|scripts/slurm_nlte_o_prod.sh:178|scripts/slurm_nlte_o_recal.sh:179|scripts/slurm_nlte_o_recal_prod.sh:190|scripts/slurm_nlte_o_recal_seed.sh:183|scripts/slurm_nlte_o_seed.sh:182|scripts/slurm_nlte_o_smoke.sh:178|scripts/slurm_nlte_rate_dump.sh:42|scripts/slurm_no_ml_lock_smoke.sh:39|scripts/slurm_o_triplet_prod.sh:181|scripts/slurm_o_triplet_smoke.sh:181|scripts/slurm_outerFe10x_1M_variance.sh:44|scripts/slurm_outerFe10x_W1lo_scan.sh:47|scripts/slurm_outerFe10x_W1scan.sh:50|scripts/slurm_outerFe10x_W3scan.sh:49|scripts/slurm_outerFe_W1scan.sh:51|scripts/slurm_outerFe_champion_smoke.sh:124|scripts/slurm_outerFe_vin_sweep.sh:112|scripts/slurm_paper_ddc15_bbfix_2002bo_nltedump.sh:203|scripts/slurm_paper_ddc15_paperli_2002bo.sh:209|scripts/slurm_paper_ddc15_paperli_2002bo_einsteinFix.sh:219|scripts/slurm_paper_ddc15_paperli_2002bo_metafix.sh:209|scripts/slurm_paper_ddc15_paperli_2002bo_metafix_ratedump.sh:211|scripts/slurm_paper_ddc15_paperli_2002bo_metafix_ratedump_sce.sh:216|scripts/slurm_paper_ddc15_paperli_2002bo_metafix_xouter.sh:225|scripts/slurm_paper_ddc15_v2_sn2002bo.sh:227|scripts/slurm_paper_ddc15_v3_sn2002bo.sh:242|scripts/slurm_paper_ddc15_v3asE_floorW_sn2002bo.sh:242|scripts/slurm_paper_ddc15_v3asE_floor_sn2002bo.sh:242|scripts/slurm_paper_ddc15_v3asE_sn2002bo.sh:242|scripts/slurm_paper_ddc15_v3asE_tpin_sn2002bo.sh:242|scripts/slurm_paper_ddc15_v3asEfloor_abund_sweep_2002bo.sh:264|scripts/slurm_paper_ddc15_v3asEfloor_aul_sweep_2002bo.sh:268|scripts/slurm_paper_ddc15_v3asEfloor_bbfix_2002bo.sh:242|scripts/slurm_paper_ddc15_v3asEfloor_epsir_sn2002bo.sh:243|scripts/slurm_paper_ddc15_v3asEfloor_gamma_sweep_2002bo.sh:264|scripts/slurm_paper_ddc15_v3asEfloor_iter24_2002bo.sh:244|scripts/slurm_paper_ddc15_v3asEfloor_skipMgO_sweep_2002bo.sh:250|scripts/slurm_paper_ddc15_v3asEfloor_skipZ_sweep_2002bo.sh:252|scripts/slurm_phase0_ebudget.sh:187|scripts/slurm_phase2a_innerbc_ab.sh:199|scripts/slurm_phase2b_nlte_opacity_ionstage_ab.sh:214|scripts/slurm_phase2c_fluorescence_ab.sh:207|scripts/slurm_phaseA_ablation.sh:62|scripts/slurm_physical_ref_smoke.sh:59|scripts/slurm_plain_ddc15_sn2002bo.sh:188|scripts/slurm_prod_dr7ion_ce17_ionlock.sh:43|scripts/slurm_radeq_ab.sh:203|scripts/slurm_radeq_diag.sh:216|scripts/slurm_rho11fe_A1_vin.sh:161|scripts/slurm_rho11fe_A2_finevin.sh:159|scripts/slurm_rho11fe_A3_narrowSi.sh:174|scripts/slurm_rho11fe_compA.sh:133|scripts/slurm_si_dr_smoke.sh:36|scripts/slurm_skipsi_physical_champion.sh:113|scripts/slurm_skipsi_vin_fine.sh:113|scripts/slurm_smoke_dlock_v1.sh:40|scripts/slurm_smoke_dlock_v2.sh:39|scripts/slurm_smoke_dlock_v3.sh:42|scripts/slurm_stratV2D.sh:34|scripts/slurm_stratV2EF.sh:35|scripts/slurm_stratV2_scan.sh:47|scripts/slurm_structural_3d_sweep.sh:112|scripts/slurm_structural_3d_sweep_physical.sh:130|scripts/slurm_structural_logL_sweep.sh:61|scripts/slurm_superlev_ab.sh:203|scripts/slurm_superlev_identity_smoke.sh:207|scripts/slurm_taubyion_window.sh:162|scripts/slurm_twocomp_lock.sh:42|scripts/slurm_uv_idown_smoke.sh:54|scripts/slurm_uvcap_smoke.sh:46|scripts/slurm_v1_epoch_bracket.sh:193|scripts/slurm_v2_hst_epoch_bracket.sh:175|scripts/slurm_v32_4epoch.sh:180|scripts/slurm_v3_4epoch_w5frozen.sh:181|scripts/slurm_v3_de_l_sweep.sh:168|scripts/slurm_v3_epsir_sweep.sh:167|scripts/slurm_v3_vinner_sweep.sh:167|scripts/slurm_v4_ablation.sh:200|scripts/slurm_v4_inversion.sh:173|scripts/slurm_v4_probe.sh:169|scripts/slurm_v4_smoke.sh:179|scripts/slurm_viLzeta_grid.sh:195|scripts/slurm_vinner_scan.sh:52|scripts/slurm_w1_p37_retune.sh:179|scripts/slurm_w2_logL_red5_diag.sh:182|scripts/slurm_w3_nir_damp.sh:184|scripts/slurm_w4_bump_probe.sh:46|scripts/slurm_w4_ni2_nir_push.sh:179|scripts/slurm_w5_stack_closer.sh:179|scripts/slurm_zeta_clean_mcvar.sh:197|scripts/slurm_zeta_clean_smoke.sh:194|scripts/slurm_zeta_probe.sh:44|scripts/test_thenmc_bin.sh:15,UNAUDITED,NONE,UNTESTED,MEDIUM,parameter/mask can alter arithmetic over multiple selected records or shells; no direct layout reconstruction identified,NO_EVIDENCE (no #if 0; repository dead_code_audit found no unreferenced non-static consumer function),required RESOLVED_CONFIG evidence unavailable (0 files); stdout RUN FOOTER used as fallback,C3_ACTIVE_OFF_UNTESTED,P2,"required: same binary/input; UNSET vs explicit neutral/OFF vs ON(shadow); byte-compare registered state, layout/table manifests, oracle outputs, RNG/event counters; ON must not commit target state"
LUMINA_EMERGENT_MODE,src/lumina_cuda.cu:6302,literal getenv,unset: no derived setenv overrides; raw sub-flags retained,ON_GATE(mode selector),DORMANT,NONE,NONE,NONE,NONE,COVERED,docs/FLUORESCENCE_DESIGN_AB.md,UNTESTED,HIGH,"mode selector calls setenv(..., overwrite=1) for multiple subordinate gates before lazy reads; forces global mode",NO_EVIDENCE (no #if 0; repository dead_code_audit found no unreferenced non-static consumer function),required RESOLVED_CONFIG evidence unavailable (0 files); stdout RUN FOOTER used as fallback,C2_DORMANT_HIGH,P0,"required: same binary/input; UNSET vs explicit neutral/OFF vs ON(shadow); byte-compare registered state, layout/table manifests, oracle outputs, RNG/event counters; ON must not commit target state"
LUMINA_EMIT_EBOOST_FIX,src/lumina_cuda.cu:6938|src/lumina_cuda.cu:6939,literal getenv,unset: source comment/default states OFF,ON_GATE,DORMANT,NONE,NONE,NONE,NONE,UNAUDITED,NONE,UNTESTED,MEDIUM,parameter/mask can alter arithmetic over multiple selected records or shells; no direct layout reconstruction identified,NO_EVIDENCE (no #if 0; repository dead_code_audit found no unreferenced non-static consumer function),required RESOLVED_CONFIG evidence unavailable (0 files); stdout RUN FOOTER used as fallback,C1_DORMANT_UNAUDITED,NOT_REQUIRED_BY_C2_C3,NONE
LUMINA_ENERGY_BUDGET,src/lumina_cuda.cu:9634|src/lumina_cuda.cu:9635,literal getenv,unset: diagnostic/self-test branch not requested (no getenv value),ON_GATE(diagnostic),ACTIVE_OBSERVED,1,/gpfs/kjhan/lumina_runner2/logs/coevolve_consume_parity51/stdout.log:37945|/gpfs/kjhan/lumina_runner2/logs/coevolve_consume_parity51/stdout.log:96|/gpfs/kjhan/lumina_runner2/logs/coevolve_consume_parity56/stdout.log:38174|/gpfs/kjhan/lumina_runner2/logs/coevolve_consume_parity56/stdout.log:96|/gpfs/kjhan/lumina_runner2/logs/coevolve_consume_parity57/stdout.log:38941|/gpfs/kjhan/lumina_runner2/logs/coevolve_consume_parity57/stdout.log:96|/gpfs/kjhan/lumina_runner2/logs/coevolve_consume_parity58/stdout.log:38175|/gpfs/kjhan/lumina_runner2/logs/coevolve_consume_parity58/stdout.log:97|/gpfs/kjhan/lumina_runner2/logs/coevolve_consume_parity59/stdout.log:38174|/gpfs/kjhan/lumina_runner2/logs/coevolve_consume_parity59/stdout.log:97|/gpfs/kjhan/lumina_runner2/logs/coevolve_consume_parity60/stdout.log:38993|/gpfs/kjhan/lumina_runner2/logs/coevolve_consume_parity60/stdout.log:99,"coevolve_consume_parity60 (/gpfs/kjhan/lumina_runner2/logs/coevolve_consume_parity60/stdout.log:99, value=1)",scripts/run_ada_lstar_diag.sh:57|scripts/run_baldiag.sh:28|scripts/run_bfdark.sh:34|scripts/run_boostdr.sh:31|scripts/run_capraise.sh:28|scripts/run_cnclean.sh:28|scripts/run_cndamp.sh:28|scripts/run_coevolve_s01.sh:41|scripts/run_conv16.sh:28|scripts/run_cpl1.sh:28|scripts/run_cpl20.sh:28|scripts/run_dronly.sh:28|scripts/run_etla.sh:28|scripts/run_fix10.sh:31|scripts/run_fix11.sh:31|scripts/run_fix12.sh:31|scripts/run_fix13.sh:31|scripts/run_fix14.sh:31|scripts/run_fix15.sh:31|scripts/run_fix16.sh:31|scripts/run_fix17.sh:31|scripts/run_fix18.sh:31|scripts/run_fix19.sh:31|scripts/run_fix2.sh:31|scripts/run_fix20.sh:31|scripts/run_fix21.sh:31|scripts/run_fix22.sh:31|scripts/run_fix3.sh:31|scripts/run_fix4.sh:31|scripts/run_fix5.sh:31|scripts/run_fix6.sh:31|scripts/run_fix7.sh:31|scripts/run_fix8.sh:31|scripts/run_fix9.sh:31|scripts/run_fph_diag.sh:28|scripts/run_fphbf.sh:28|scripts/run_fphdg.sh:28|scripts/run_fphval.sh:28|scripts/run_frz0.sh:28|scripts/run_hotdump.sh:31|scripts/run_hotroot.sh:28|scripts/run_ionb3.sh:30|scripts/run_ionb5x.sh:30|scripts/run_ionboost.sh:28|scripts/run_ionboost2.sh:28|scripts/run_ionchk.sh:28|scripts/run_ionnt.sh:28|scripts/run_iterdump.sh:31|scripts/run_jdump.sh:28|scripts/run_jdump_diag.sh:22|scripts/run_milne1.sh:31|scripts/run_milneP.sh:31|scripts/run_ntdr.sh:30|scripts/run_recdiag.sh:31|scripts/run_repro22.sh:31|scripts/run_rtr33.sh:28|scripts/run_rtruth.sh:28|scripts/run_s2_chk.sh:28|scripts/run_s2_dep0.sh:28|scripts/run_s2_eps.sh:28|scripts/run_s2_fph.sh:28|scripts/run_s2_fph2.sh:28|scripts/run_s2_fznt.sh:28|scripts/run_s2_nebheat.sh:28|scripts/run_s2_nolinere.sh:28|scripts/run_s2_ntxe.sh:28|scripts/run_s2_phys.sh:28|scripts/run_s40diag.sh:31|scripts/run_srcbl.sh:28|scripts/run_stage0_diag.sh:32|scripts/run_stage1_ab.sh:28|scripts/run_stage2.sh:28|scripts/run_stage3.sh:29|scripts/run_wbflr.sh:30|scripts/run_widebr.sh:28|scripts/slurm_aulbranch_validate.sh:210|scripts/slurm_binnedj_estimator_ab.sh:216|scripts/slurm_cmf_fine_validate.sh:55|scripts/slurm_ddc15_a1_diffbc.sh:72|scripts/slurm_ddc15_a2_jnu.sh:81|scripts/slurm_ddc15_a2_jnu_atrad.sh:82|scripts/slurm_ddc15_a2_newton.sh:77|scripts/slurm_ddc15_a2_newton_omp.sh:80|scripts/slurm_ddc15_a2_septest.sh:81|scripts/slurm_ddc15_a2_trace.sh:81|scripts/slurm_ddc15_a2_trace0.sh:81|scripts/slurm_ddc15_a3_lstar.sh:87|scripts/slurm_ddc15_frozenin.sh:77|scripts/slurm_ddc15_frozenin_ab.sh:77|scripts/slurm_ddc15_initial.sh:103|scripts/slurm_ddc15_mc_macroatom.sh:86|scripts/slurm_ddc15_nefix_prof.sh:67|scripts/slurm_ddc15_pure_cmfgen.sh:71|scripts/slurm_ddc15_pure_cmfgen_phase3.sh:100|scripts/slurm_ddc15_radeq_ab.sh:74|scripts/slurm_ddc15_radeq_adiab.sh:82|scripts/slurm_ddc15_radeq_blanket.sh:82|scripts/slurm_ddc15_radeq_blanketdamp.sh:83|scripts/slurm_ddc15_radeq_coolfix.sh:68|scripts/slurm_ddc15_radeq_escape.sh:72|scripts/slurm_ddc15_radeq_escape_alllines.sh:72|scripts/slurm_ddc15_radeq_hybridB2.sh:80|scripts/slurm_ddc15_radeq_integralB.sh:83|scripts/slurm_ddc15_radeq_nebular.sh:82|scripts/slurm_ddc15_radeq_noswitch.sh:80|scripts/slurm_ddc15_thenmc.sh:90|scripts/slurm_ddc15real.sh:73|scripts/slurm_downbranch_binnedj_ab.sh:217|scripts/slurm_fixtrad_fluorescence.sh:224|scripts/slurm_jcap_test.sh:218|scripts/slurm_ma_internal_cap.sh:219|scripts/slurm_macroatom_binnedj_ab.sh:228|scripts/slurm_phase0_ebudget.sh:196|scripts/slurm_phase2a_innerbc_ab.sh:208|scripts/slurm_phase2b_nlte_opacity_ionstage_ab.sh:224|scripts/slurm_phase2c_fluorescence_ab.sh:216|scripts/test_thenmc_bin.sh:23,UNAUDITED,NONE,UNTESTED,LOW,diagnostic/output/self-test control; may alter I/O or early exit but no production array/layout mutation identified at consumer,NO_EVIDENCE (no #if 0; repository dead_code_audit found no unreferenced non-static consumer function),required RESOLVED_CONFIG evidence unavailable (0 files); stdout RUN FOOTER used as fallback,C3_ACTIVE_OFF_UNTESTED,P3,"required: same binary/input; UNSET vs explicit neutral/OFF vs ON(shadow); byte-compare registered state, layout/table manifests, oracle outputs, RNG/event counters; ON must not commit target state"
LUMINA_EPS_IR,src/lumina_cuda.cu:6742|src/lumina_cuda.cu:6743,literal getenv,unset: direct getenv condition is false; named branch is not entered,ON_GATE/parameter (non-NULL/nonzero or selector value requests the named branch/override),DORMANT,NONE,NONE,NONE,scripts/slurm_paper_ddc15_v3asEfloor_abund_sweep_2002bo.sh:268|scripts/slurm_paper_ddc15_v3asEfloor_aul_sweep_2002bo.sh:272|scripts/slurm_paper_ddc15_v3asEfloor_epsir_sn2002bo.sh:247|scripts/slurm_paper_ddc15_v3asEfloor_gamma_sweep_2002bo.sh:268|scripts/slurm_paper_ddc15_v3asEfloor_iter24_2002bo.sh:248|scripts/slurm_paper_ddc15_v3asEfloor_skipMgO_sweep_2002bo.sh:254|scripts/slurm_paper_ddc15_v3asEfloor_skipZ_sweep_2002bo.sh:256|scripts/slurm_v3_epsir_sweep.sh:172,UNAUDITED,NONE,UNTESTED,MEDIUM,parameter/mask can alter arithmetic over multiple selected records or shells; no direct layout reconstruction identified,NO_EVIDENCE (no #if 0; repository dead_code_audit found no unreferenced non-static consumer function),required RESOLVED_CONFIG evidence unavailable (0 files); stdout RUN FOOTER used as fallback,C1_DORMANT_UNAUDITED,NOT_REQUIRED_BY_C2_C3,NONE
LUMINA_EPS_UV,src/lumina_cuda.cu:6723|src/lumina_cuda.cu:6724,literal getenv,unset: direct getenv condition is false; named branch is not entered,ON_GATE/parameter (non-NULL/nonzero or selector value requests the named branch/override),DORMANT,NONE,NONE,NONE,scripts/slurm_ddc15_223_ionlock_smoke.sh:185|scripts/slurm_ddc15_223_perionresc_smoke.sh:181|scripts/slurm_ddc15_A1_eps_fine.sh:179|scripts/slurm_ddc15_A1b_eps_dense.sh:179|scripts/slurm_ddc15_A1c_eps_top.sh:177|scripts/slurm_ddc15_A1d_e1p00_mcvar.sh:180|scripts/slurm_ddc15_A1e_e0p70_mcvar.sh:181|scripts/slurm_ddc15_A2_s2W.sh:194|scripts/slurm_ddc15_H1_epsUV.sh:171|scripts/slurm_ddc15_H1b_epsUV_knee.sh:168|scripts/slurm_ddc15_H1p_production.sh:172|scripts/slurm_ddc15_H2_epsUVred.sh:169|scripts/slurm_ddc15_H2p_redonly.sh:185|scripts/slurm_ddc15_H3_fate_attribution.sh:165|scripts/slurm_ddc15_Q1_eps_uv_on_stack.sh:198|scripts/slurm_ddc15_R1_eps_uv_2step.sh:186|scripts/slurm_ddc15_T1_s1_h2_stack.sh:189|scripts/slurm_ddc15_U1_ni2_opt.sh:189|scripts/slurm_ddc15_V1_c2_h1b_prod.sh:178|scripts/slurm_ddc15_W1_ca2_boost.sh:185|scripts/slurm_ddc15_X1_u1f005_ca2.sh:180|scripts/slurm_nlte3_diag.sh:179|scripts/slurm_nlte3fix_femerge.sh:193|scripts/slurm_nlte3fix_femerge_drop.sh:203|scripts/slurm_nlte3fix_optA.sh:185|scripts/slurm_nlte3fix_optAp.sh:188|scripts/slurm_nlte3fix_optC.sh:196|scripts/slurm_nlte3fix_optD.sh:195|scripts/slurm_v1_epoch_bracket.sh:196|scripts/slurm_v2_hst_epoch_bracket.sh:178|scripts/slurm_v32_4epoch.sh:183|scripts/slurm_v3_4epoch_w5frozen.sh:184|scripts/slurm_v3_de_l_sweep.sh:171|scripts/slurm_v3_epsir_sweep.sh:170|scripts/slurm_v3_vinner_sweep.sh:170|scripts/slurm_v4_ablation.sh:203|scripts/slurm_v4_inversion.sh:185|scripts/slurm_v4_inversion.sh:191|scripts/slurm_v4_inversion.sh:197|scripts/slurm_v4_probe.sh:172|scripts/slurm_v4_smoke.sh:182|scripts/slurm_viLzeta_grid.sh:198|scripts/slurm_w1_p37_retune.sh:182|scripts/slurm_w2_logL_red5_diag.sh:185|scripts/slurm_w3_nir_damp.sh:187|scripts/slurm_w4_ni2_nir_push.sh:182|scripts/slurm_w5_stack_closer.sh:182|scripts/slurm_zeta_clean_mcvar.sh:200|scripts/slurm_zeta_clean_smoke.sh:197,UNAUDITED,NONE,UNTESTED,MEDIUM,parameter/mask can alter arithmetic over multiple selected records or shells; no direct layout reconstruction identified,NO_EVIDENCE (no #if 0; repository dead_code_audit found no unreferenced non-static consumer function),required RESOLVED_CONFIG evidence unavailable (0 files); stdout RUN FOOTER used as fallback,C1_DORMANT_UNAUDITED,NOT_REQUIRED_BY_C2_C3,NONE
LUMINA_EPS_UV_2STEP,src/lumina_cuda.cu:6774|src/lumina_cuda.cu:6775,literal getenv,unset: direct getenv condition is false; named branch is not entered,ON_GATE/parameter (non-NULL/nonzero or selector value requests the named branch/override),DORMANT,NONE,NONE,NONE,scripts/slurm_ddc15_R1_eps_uv_2step.sh:187,UNAUDITED,NONE,UNTESTED,MEDIUM,parameter/mask can alter arithmetic over multiple selected records or shells; no direct layout reconstruction identified,NO_EVIDENCE (no #if 0; repository dead_code_audit found no unreferenced non-static consumer function),required RESOLVED_CONFIG evidence unavailable (0 files); stdout RUN FOOTER used as fallback,C1_DORMANT_UNAUDITED,NOT_REQUIRED_BY_C2_C3,NONE
LUMINA_EPS_UV_2STEP_BAND_HI,src/lumina_cuda.cu:6778|src/lumina_cuda.cu:6779,literal getenv,unset: direct getenv condition is false; named branch is not entered,ON_GATE/parameter (non-NULL/nonzero or selector value requests the named branch/override),DORMANT,NONE,NONE,NONE,scripts/slurm_ddc15_R1_eps_uv_2step.sh:189,UNAUDITED,NONE,UNTESTED,MEDIUM,parameter/mask can alter arithmetic over multiple selected records or shells; no direct layout reconstruction identified,NO_EVIDENCE (no #if 0; repository dead_code_audit found no unreferenced non-static consumer function),required RESOLVED_CONFIG evidence unavailable (0 files); stdout RUN FOOTER used as fallback,C1_DORMANT_UNAUDITED,NOT_REQUIRED_BY_C2_C3,NONE
LUMINA_EPS_UV_2STEP_BAND_LO,src/lumina_cuda.cu:6776|src/lumina_cuda.cu:6777,literal getenv,unset: direct getenv condition is false; named branch is not entered,ON_GATE/parameter (non-NULL/nonzero or selector value requests the named branch/override),DORMANT,NONE,NONE,NONE,scripts/slurm_ddc15_R1_eps_uv_2step.sh:188,UNAUDITED,NONE,UNTESTED,MEDIUM,parameter/mask can alter arithmetic over multiple selected records or shells; no direct layout reconstruction identified,NO_EVIDENCE (no #if 0; repository dead_code_audit found no unreferenced non-static consumer function),required RESOLVED_CONFIG evidence unavailable (0 files); stdout RUN FOOTER used as fallback,C1_DORMANT_UNAUDITED,NOT_REQUIRED_BY_C2_C3,NONE
LUMINA_EPS_UV_RED_ONLY,src/lumina_cuda.cu:6760|src/lumina_cuda.cu:6761,literal getenv,unset: direct getenv condition is false; named branch is not entered,ON_GATE/parameter (non-NULL/nonzero or selector value requests the named branch/override),DORMANT,NONE,NONE,NONE,scripts/slurm_ddc15_223_ionlock_smoke.sh:186|scripts/slurm_ddc15_223_perionresc_smoke.sh:182|scripts/slurm_ddc15_A1_eps_fine.sh:180|scripts/slurm_ddc15_A1b_eps_dense.sh:180|scripts/slurm_ddc15_A1c_eps_top.sh:178|scripts/slurm_ddc15_A1d_e1p00_mcvar.sh:181|scripts/slurm_ddc15_A1e_e0p70_mcvar.sh:182|scripts/slurm_ddc15_A2_s2W.sh:195|scripts/slurm_ddc15_H1p_production.sh:173|scripts/slurm_ddc15_H2_epsUVred.sh:170|scripts/slurm_ddc15_H2p_redonly.sh:186|scripts/slurm_ddc15_Q1_eps_uv_on_stack.sh:199|scripts/slurm_ddc15_T1_s1_h2_stack.sh:190|scripts/slurm_ddc15_U1_ni2_opt.sh:190|scripts/slurm_ddc15_V1_c2_h1b_prod.sh:179|scripts/slurm_ddc15_W1_ca2_boost.sh:186|scripts/slurm_ddc15_X1_u1f005_ca2.sh:181|scripts/slurm_nlte3_diag.sh:180|scripts/slurm_nlte3fix_femerge.sh:194|scripts/slurm_nlte3fix_femerge_drop.sh:204|scripts/slurm_nlte3fix_optA.sh:186|scripts/slurm_nlte3fix_optAp.sh:189|scripts/slurm_nlte3fix_optC.sh:197|scripts/slurm_nlte3fix_optD.sh:196|scripts/slurm_v1_epoch_bracket.sh:197|scripts/slurm_v2_hst_epoch_bracket.sh:179|scripts/slurm_v32_4epoch.sh:184|scripts/slurm_v3_4epoch_w5frozen.sh:185|scripts/slurm_v3_de_l_sweep.sh:172|scripts/slurm_v3_epsir_sweep.sh:171|scripts/slurm_v3_vinner_sweep.sh:171|scripts/slurm_v4_ablation.sh:204|scripts/slurm_v4_inversion.sh:186|scripts/slurm_v4_inversion.sh:192|scripts/slurm_v4_inversion.sh:198|scripts/slurm_v4_probe.sh:173|scripts/slurm_v4_smoke.sh:183|scripts/slurm_viLzeta_grid.sh:199|scripts/slurm_w1_p37_retune.sh:183|scripts/slurm_w2_logL_red5_diag.sh:186|scripts/slurm_w3_nir_damp.sh:188|scripts/slurm_w4_ni2_nir_push.sh:183|scripts/slurm_w5_stack_closer.sh:183|scripts/slurm_zeta_clean_mcvar.sh:201|scripts/slurm_zeta_clean_smoke.sh:198,UNAUDITED,NONE,UNTESTED,MEDIUM,parameter/mask can alter arithmetic over multiple selected records or shells; no direct layout reconstruction identified,NO_EVIDENCE (no #if 0; repository dead_code_audit found no unreferenced non-static consumer function),required RESOLVED_CONFIG evidence unavailable (0 files); stdout RUN FOOTER used as fallback,C1_DORMANT_UNAUDITED,NOT_REQUIRED_BY_C2_C3,NONE
LUMINA_ETLA_ALLOW_HEAT,src/lumina_plasma.c:10853,literal getenv,unset: NULL makes the guarded named branch false; no env-requested override/action at this consumer,ON_GATE/parameter (non-NULL/nonzero or selector value requests the named branch/override),ACTIVE_OBSERVED,1,/gpfs/kjhan/lumina_runner2/logs/coevolve_consume_parity51/stdout.log:37923|/gpfs/kjhan/lumina_runner2/logs/coevolve_consume_parity51/stdout.log:74|/gpfs/kjhan/lumina_runner2/logs/coevolve_consume_parity56/stdout.log:38152|/gpfs/kjhan/lumina_runner2/logs/coevolve_consume_parity56/stdout.log:74|/gpfs/kjhan/lumina_runner2/logs/coevolve_consume_parity57/stdout.log:38919|/gpfs/kjhan/lumina_runner2/logs/coevolve_consume_parity57/stdout.log:74|/gpfs/kjhan/lumina_runner2/logs/coevolve_consume_parity58/stdout.log:38153|/gpfs/kjhan/lumina_runner2/logs/coevolve_consume_parity58/stdout.log:75|/gpfs/kjhan/lumina_runner2/logs/coevolve_consume_parity59/stdout.log:38152|/gpfs/kjhan/lumina_runner2/logs/coevolve_consume_parity59/stdout.log:75|/gpfs/kjhan/lumina_runner2/logs/coevolve_consume_parity60/stdout.log:38970|/gpfs/kjhan/lumina_runner2/logs/coevolve_consume_parity60/stdout.log:76,"coevolve_consume_parity60 (/gpfs/kjhan/lumina_runner2/logs/coevolve_consume_parity60/stdout.log:76, value=1)",scripts/run_bfdark.sh:52|scripts/run_coevolve_s01.sh:55|scripts/run_fix10.sh:52|scripts/run_fix11.sh:52|scripts/run_fix12.sh:52|scripts/run_fix13.sh:52|scripts/run_fix14.sh:52|scripts/run_fix15.sh:52|scripts/run_fix16.sh:52|scripts/run_fix17.sh:52|scripts/run_fix18.sh:52|scripts/run_fix19.sh:52|scripts/run_fix20.sh:52|scripts/run_fix21.sh:52|scripts/run_fix22.sh:52|scripts/run_fix9.sh:52|scripts/run_hotdump.sh:52|scripts/run_iterdump.sh:52|scripts/run_milne1.sh:52|scripts/run_milneP.sh:52|scripts/run_recdiag.sh:52|scripts/run_repro22.sh:52|scripts/run_s40diag.sh:52|scripts/test_thenmc_bin.sh:29,UNAUDITED,NONE,UNTESTED,MEDIUM,parameter/mask can alter arithmetic over multiple selected records or shells; no direct layout reconstruction identified,NO_EVIDENCE (no #if 0; repository dead_code_audit found no unreferenced non-static consumer function),required RESOLVED_CONFIG evidence unavailable (0 files); stdout RUN FOOTER used as fallback,C3_ACTIVE_OFF_UNTESTED,P2,"required: same binary/input; UNSET vs explicit neutral/OFF vs ON(shadow); byte-compare registered state, layout/table manifests, oracle outputs, RNG/event counters; ON must not commit target state"
LUMINA_EVENT_LOG,src/lumina_cuda.cu:7400|src/lumina_cuda.cu:7401,literal getenv,unset: source comment/default states OFF,ON_GATE,ACTIVE_OBSERVED,1,/gpfs/kjhan/lumina_runner2/logs/coevolve_consume_parity51/stdout.log:37930|/gpfs/kjhan/lumina_runner2/logs/coevolve_consume_parity51/stdout.log:81|/gpfs/kjhan/lumina_runner2/logs/coevolve_consume_parity56/stdout.log:38159|/gpfs/kjhan/lumina_runner2/logs/coevolve_consume_parity56/stdout.log:81|/gpfs/kjhan/lumina_runner2/logs/coevolve_consume_parity57/stdout.log:38926|/gpfs/kjhan/lumina_runner2/logs/coevolve_consume_parity57/stdout.log:81|/gpfs/kjhan/lumina_runner2/logs/coevolve_consume_parity58/stdout.log:38160|/gpfs/kjhan/lumina_runner2/logs/coevolve_consume_parity58/stdout.log:82|/gpfs/kjhan/lumina_runner2/logs/coevolve_consume_parity59/stdout.log:38159|/gpfs/kjhan/lumina_runner2/logs/coevolve_consume_parity59/stdout.log:82|/gpfs/kjhan/lumina_runner2/logs/coevolve_consume_parity60/stdout.log:38977|/gpfs/kjhan/lumina_runner2/logs/coevolve_consume_parity60/stdout.log:83,"coevolve_consume_parity60 (/gpfs/kjhan/lumina_runner2/logs/coevolve_consume_parity60/stdout.log:83, value=1)",scripts/launch_parity1_syn08.sh:8|scripts/launch_parity27_syn08.sh:11|scripts/launch_parity28_syn08.sh:11|scripts/launch_parity29_syn08.sh:11|scripts/launch_parity30_syn08.sh:11|scripts/launch_parity31_syn08.sh:11|scripts/launch_parity32_syn08.sh:11|scripts/launch_parity33_syn08.sh:15|scripts/launch_parity34_syn08.sh:24|scripts/launch_parity35_syn08.sh:19|scripts/launch_parity36a_base.sh:31|scripts/launch_parity36b_noskip.sh:38|scripts/launch_parity37_taudump.sh:44|scripts/launch_parity38_nofloor.sh:52|scripts/launch_parity39_baseline.sh:27|scripts/launch_parity40_tepin.sh:55|scripts/launch_parity41_sivcaiv.sh:65|scripts/launch_parity42_gphoff.sh:60|scripts/run_coldata_syn08.sh:36|scripts/sbatch_aud1.sh:98|scripts/sbatch_aud2.sh:86|scripts/sbatch_aud3.sh:86|scripts/sbatch_bsrc.sh:91|scripts/sbatch_euv461.sh:79|scripts/sbatch_fbcb.sh:79|scripts/sbatch_fbckt.sh:79|scripts/sbatch_gph_alllevel.sh:32|scripts/sbatch_gph_bk.sh:31|scripts/sbatch_gph_dr.sh:37|scripts/sbatch_gph_jtable.sh:59|scripts/sbatch_gpu_determinism_probe_a100.sh:20|scripts/sbatch_gpu_determinism_probe_h100.sh:20|scripts/sbatch_jbl2.sh:101|scripts/sbatch_kpkt_bfnl.sh:31|scripts/sbatch_kpkt_bfnl2.sh:35|scripts/sbatch_kpkt_bfnl3.sh:34|scripts/sbatch_kpkt_bsig.sh:27|scripts/sbatch_kpkt_euvf.sh:22|scripts/sbatch_kpkt_evlog.sh:27|scripts/sbatch_kpkt_exit_iupbeta.sh:32|scripts/sbatch_kpkt_jblue.sh:30|scripts/sbatch_kpr.sh:117|scripts/sbatch_kpr10.sh:99|scripts/sbatch_kpr10b.sh:99|scripts/sbatch_kpr2.sh:100|scripts/sbatch_kpr3.sh:98|scripts/sbatch_kpr4.sh:121|scripts/sbatch_kpr5.sh:129|scripts/sbatch_kpr5jt.sh:129|scripts/sbatch_kpr6.sh:98|scripts/sbatch_kpr7.sh:108|scripts/sbatch_kpr8.sh:123|scripts/sbatch_kpr9.sh:101|scripts/sbatch_kpr_nob3.sh:117|scripts/sbatch_ltherm.sh:105|scripts/sbatch_mabf.sh:56|scripts/sbatch_milne.sh:79|scripts/sbatch_milnec2.sh:79|scripts/sbatch_milnec2ne64.sh:71|scripts/sbatch_parity26_diag.sh:19|scripts/sbatch_parity27_tepin.sh:24|scripts/sbatch_parity28_binfield.sh:24|scripts/sbatch_stage4.sh:102|scripts/sbatch_te_jtable.sh:61|scripts/sbatch_te_table.sh:69|scripts/sbatch_tepop1.sh:79|scripts/sbatch_tincol.sh:84|scripts/sbatch_tincol_tetab.sh:80,UNAUDITED,NONE,UNTESTED,LOW,diagnostic/output/self-test control; may alter I/O or early exit but no production array/layout mutation identified at consumer,NO_EVIDENCE (no #if 0; repository dead_code_audit found no unreferenced non-static consumer function),required RESOLVED_CONFIG evidence unavailable (0 files); stdout RUN FOOTER used as fallback,C3_ACTIVE_OFF_UNTESTED,P3,"required: same binary/input; UNSET vs explicit neutral/OFF vs ON(shadow); byte-compare registered state, layout/table manifests, oracle outputs, RNG/event counters; ON must not commit target state"
LUMINA_EVENT_LOG_CAP,src/lumina_cuda.cu:7411|src/lumina_cuda.cu:7412,literal getenv,unset: direct getenv condition is false; named branch is not entered,ON_GATE/parameter (non-NULL/nonzero or selector value requests the named branch/override),ACTIVE_OBSERVED,400,/gpfs/kjhan/lumina_runner2/logs/coevolve_consume_parity51/stdout.log:114|/gpfs/kjhan/lumina_runner2/logs/coevolve_consume_parity51/stdout.log:37963|/gpfs/kjhan/lumina_runner2/logs/coevolve_consume_parity56/stdout.log:115|/gpfs/kjhan/lumina_runner2/logs/coevolve_consume_parity56/stdout.log:38193|/gpfs/kjhan/lumina_runner2/logs/coevolve_consume_parity57/stdout.log:115|/gpfs/kjhan/lumina_runner2/logs/coevolve_consume_parity57/stdout.log:38960|/gpfs/kjhan/lumina_runner2/logs/coevolve_consume_parity58/stdout.log:116|/gpfs/kjhan/lumina_runner2/logs/coevolve_consume_parity58/stdout.log:38194|/gpfs/kjhan/lumina_runner2/logs/coevolve_consume_parity59/stdout.log:116|/gpfs/kjhan/lumina_runner2/logs/coevolve_consume_parity59/stdout.log:38193|/gpfs/kjhan/lumina_runner2/logs/coevolve_consume_parity60/stdout.log:118|/gpfs/kjhan/lumina_runner2/logs/coevolve_consume_parity60/stdout.log:39012,"coevolve_consume_parity60 (/gpfs/kjhan/lumina_runner2/logs/coevolve_consume_parity60/stdout.log:39012, value=400)",scripts/launch_parity27_syn08.sh:18|scripts/launch_parity28_syn08.sh:18|scripts/launch_parity29_syn08.sh:18|scripts/launch_parity30_syn08.sh:18|scripts/launch_parity31_syn08.sh:18|scripts/launch_parity32_syn08.sh:18|scripts/launch_parity33_syn08.sh:22|scripts/launch_parity34_syn08.sh:31|scripts/launch_parity35_syn08.sh:26|scripts/launch_parity36a_base.sh:38|scripts/launch_parity36b_noskip.sh:46|scripts/launch_parity37_taudump.sh:52|scripts/launch_parity38_nofloor.sh:61|scripts/launch_parity39_baseline.sh:38|scripts/launch_parity40_tepin.sh:66|scripts/launch_parity41_sivcaiv.sh:78|scripts/launch_parity42_gphoff.sh:72|scripts/run_coldata_syn08.sh:36|scripts/sbatch_aud1.sh:98|scripts/sbatch_aud2.sh:86|scripts/sbatch_aud3.sh:86|scripts/sbatch_bsrc.sh:91|scripts/sbatch_euv461.sh:79|scripts/sbatch_fbcb.sh:79|scripts/sbatch_fbckt.sh:79|scripts/sbatch_gph_alllevel.sh:32|scripts/sbatch_gph_bk.sh:31|scripts/sbatch_gph_dr.sh:37|scripts/sbatch_gph_jtable.sh:59|scripts/sbatch_gpu_determinism_probe_a100.sh:32|scripts/sbatch_gpu_determinism_probe_h100.sh:32|scripts/sbatch_jbl2.sh:101|scripts/sbatch_kpkt_bfnl.sh:31|scripts/sbatch_kpkt_bfnl2.sh:35|scripts/sbatch_kpkt_bfnl3.sh:34|scripts/sbatch_kpkt_bsig.sh:27|scripts/sbatch_kpkt_euvf.sh:22|scripts/sbatch_kpkt_evlog.sh:27|scripts/sbatch_kpkt_exit_iupbeta.sh:32|scripts/sbatch_kpkt_jblue.sh:30|scripts/sbatch_kpr.sh:117|scripts/sbatch_kpr10.sh:99|scripts/sbatch_kpr10b.sh:99|scripts/sbatch_kpr2.sh:100|scripts/sbatch_kpr3.sh:98|scripts/sbatch_kpr4.sh:121|scripts/sbatch_kpr5.sh:129|scripts/sbatch_kpr5jt.sh:129|scripts/sbatch_kpr6.sh:98|scripts/sbatch_kpr7.sh:108|scripts/sbatch_kpr8.sh:123|scripts/sbatch_kpr9.sh:101|scripts/sbatch_kpr_nob3.sh:117|scripts/sbatch_ltherm.sh:105|scripts/sbatch_mabf.sh:56|scripts/sbatch_milne.sh:79|scripts/sbatch_milnec2.sh:79|scripts/sbatch_milnec2ne64.sh:71|scripts/sbatch_parity26_diag.sh:25|scripts/sbatch_parity27_tepin.sh:30|scripts/sbatch_parity28_binfield.sh:30|scripts/sbatch_stage4.sh:102|scripts/sbatch_te_jtable.sh:61|scripts/sbatch_te_table.sh:69|scripts/sbatch_tepop1.sh:79|scripts/sbatch_tincol.sh:84|scripts/sbatch_tincol_tetab.sh:80,UNAUDITED,NONE,UNTESTED,LOW,diagnostic/output/self-test control; may alter I/O or early exit but no production array/layout mutation identified at consumer,NO_EVIDENCE (no #if 0; repository dead_code_audit found no unreferenced non-static consumer function),required RESOLVED_CONFIG evidence unavailable (0 files); stdout RUN FOOTER used as fallback,C3_ACTIVE_OFF_UNTESTED,P3,"required: same binary/input; UNSET vs explicit neutral/OFF vs ON(shadow); byte-compare registered state, layout/table manifests, oracle outputs, RNG/event counters; ON must not commit target state"
LUMINA_EVENT_LOG_ESCATTER,src/lumina_cuda.cu:7417|src/lumina_cuda.cu:7418,literal getenv,unset: getenv returns NULL and this env override is not applied; compiled initializer/parent mode remains,ON_GATE/parameter (exact polarity unresolved),DORMANT,NONE,NONE,NONE,scripts/run_coldata_syn08.sh:37|scripts/sbatch_aud1.sh:99|scripts/sbatch_aud2.sh:87|scripts/sbatch_aud3.sh:87|scripts/sbatch_bsrc.sh:95|scripts/sbatch_euv461.sh:80|scripts/sbatch_fbcb.sh:80|scripts/sbatch_fbckt.sh:80|scripts/sbatch_jbl2.sh:102|scripts/sbatch_kpr.sh:118|scripts/sbatch_kpr10.sh:100|scripts/sbatch_kpr10b.sh:100|scripts/sbatch_kpr2.sh:101|scripts/sbatch_kpr3.sh:99|scripts/sbatch_kpr4.sh:122|scripts/sbatch_kpr5.sh:130|scripts/sbatch_kpr5jt.sh:130|scripts/sbatch_kpr6.sh:99|scripts/sbatch_kpr7.sh:109|scripts/sbatch_kpr8.sh:124|scripts/sbatch_kpr9.sh:102|scripts/sbatch_kpr_nob3.sh:118|scripts/sbatch_milne.sh:80|scripts/sbatch_milnec2.sh:80|scripts/sbatch_milnec2ne64.sh:72|scripts/sbatch_tepop1.sh:80,UNAUDITED,NONE,UNTESTED,LOW,diagnostic/output/self-test control; may alter I/O or early exit but no production array/layout mutation identified at consumer,NO_EVIDENCE (no #if 0; repository dead_code_audit found no unreferenced non-static consumer function),exact unset initializer/polarity requires function-level semantic audit | required RESOLVED_CONFIG evidence unavailable (0 files); stdout RUN FOOTER used as fallback,C1_DORMANT_UNAUDITED,NOT_REQUIRED_BY_C2_C3,NONE
LUMINA_EVENT_LOG_ITERS,src/lumina_cuda.cu:7419,literal getenv,unset: NULL makes the guarded named branch false; no env-requested override/action at this consumer,ON_GATE/parameter (non-NULL/nonzero or selector value requests the named branch/override),DORMANT,NONE,NONE,NONE,NONE,UNAUDITED,NONE,UNTESTED,LOW,diagnostic/output/self-test control; may alter I/O or early exit but no production array/layout mutation identified at consumer,NO_EVIDENCE (no #if 0; repository dead_code_audit found no unreferenced non-static consumer function),required RESOLVED_CONFIG evidence unavailable (0 files); stdout RUN FOOTER used as fallback,C1_DORMANT_UNAUDITED,NOT_REQUIRED_BY_C2_C3,NONE
LUMINA_EVENT_LOG_LAMBDA_MAX,src/lumina_cuda.cu:7415|src/lumina_cuda.cu:7416,literal getenv,unset: getenv returns NULL and this env override is not applied; compiled initializer/parent mode remains,ON_GATE/parameter (exact polarity unresolved),DORMANT,NONE,NONE,NONE,scripts/sbatch_kpkt_euvf.sh:22,UNAUDITED,NONE,UNTESTED,LOW,diagnostic/output/self-test control; may alter I/O or early exit but no production array/layout mutation identified at consumer,NO_EVIDENCE (no #if 0; repository dead_code_audit found no unreferenced non-static consumer function),exact unset initializer/polarity requires function-level semantic audit | required RESOLVED_CONFIG evidence unavailable (0 files); stdout RUN FOOTER used as fallback,C1_DORMANT_UNAUDITED,NOT_REQUIRED_BY_C2_C3,NONE
LUMINA_FB_COOL_KT,src/lumina_plasma.c:3370,literal getenv,unset: NULL makes the guarded named branch false; no env-requested override/action at this consumer,ON_GATE/parameter (non-NULL/nonzero or selector value requests the named branch/override),ACTIVE_OBSERVED,1,/gpfs/kjhan/lumina_runner2/logs/coevolve_consume_parity51/stdout.log:21|/gpfs/kjhan/lumina_runner2/logs/coevolve_consume_parity51/stdout.log:37870|/gpfs/kjhan/lumina_runner2/logs/coevolve_consume_parity56/stdout.log:21|/gpfs/kjhan/lumina_runner2/logs/coevolve_consume_parity56/stdout.log:38099|/gpfs/kjhan/lumina_runner2/logs/coevolve_consume_parity57/stdout.log:21|/gpfs/kjhan/lumina_runner2/logs/coevolve_consume_parity57/stdout.log:38866|/gpfs/kjhan/lumina_runner2/logs/coevolve_consume_parity58/stdout.log:21|/gpfs/kjhan/lumina_runner2/logs/coevolve_consume_parity58/stdout.log:38099|/gpfs/kjhan/lumina_runner2/logs/coevolve_consume_parity59/stdout.log:21|/gpfs/kjhan/lumina_runner2/logs/coevolve_consume_parity59/stdout.log:38098|/gpfs/kjhan/lumina_runner2/logs/coevolve_consume_parity60/stdout.log:21|/gpfs/kjhan/lumina_runner2/logs/coevolve_consume_parity60/stdout.log:38915,"coevolve_consume_parity60 (/gpfs/kjhan/lumina_runner2/logs/coevolve_consume_parity60/stdout.log:38915, value=1)",scripts/launch_parity27_syn08.sh:15|scripts/launch_parity28_syn08.sh:15|scripts/launch_parity29_syn08.sh:15|scripts/launch_parity30_syn08.sh:15|scripts/launch_parity31_syn08.sh:15|scripts/launch_parity32_syn08.sh:15|scripts/launch_parity33_syn08.sh:19|scripts/launch_parity34_syn08.sh:28|scripts/launch_parity35_syn08.sh:23|scripts/launch_parity36a_base.sh:35|scripts/launch_parity36b_noskip.sh:43|scripts/launch_parity37_taudump.sh:49|scripts/launch_parity38_nofloor.sh:58|scripts/launch_parity39_baseline.sh:35|scripts/launch_parity40_tepin.sh:63|scripts/launch_parity41_sivcaiv.sh:75|scripts/launch_parity42_gphoff.sh:68|scripts/sbatch_fbckt.sh:162|scripts/sbatch_gpu_determinism_probe_a100.sh:26|scripts/sbatch_gpu_determinism_probe_h100.sh:26|scripts/sbatch_kpkt_bfnl3.sh:40|scripts/sbatch_parity26_diag.sh:22|scripts/sbatch_parity27_tepin.sh:27|scripts/sbatch_parity28_binfield.sh:27,UNAUDITED,NONE,UNTESTED,MEDIUM,parameter/mask can alter arithmetic over multiple selected records or shells; no direct layout reconstruction identified,NO_EVIDENCE (no #if 0; repository dead_code_audit found no unreferenced non-static consumer function),required RESOLVED_CONFIG evidence unavailable (0 files); stdout RUN FOOTER used as fallback,C3_ACTIVE_OFF_UNTESTED,P2,"required: same binary/input; UNSET vs explicit neutral/OFF vs ON(shadow); byte-compare registered state, layout/table manifests, oracle outputs, RNG/event counters; ON must not commit target state"
LUMINA_FB_MILNE_EXACT,src/lumina_plasma.c:5019,literal getenv,unset: NULL makes the guarded named branch false; no env-requested override/action at this consumer,ON_GATE/parameter (non-NULL/nonzero or selector value requests the named branch/override),DORMANT,NONE,NONE,NONE,scripts/run_coldata_syn08.sh:79|scripts/sbatch_milne.sh:159|scripts/sbatch_milnec2.sh:159|scripts/sbatch_milnec2ne64.sh:151,COVERED,docs/EUV_MILNE_SOURCE_DESIGN.md,UNTESTED,MEDIUM,parameter/mask can alter arithmetic over multiple selected records or shells; no direct layout reconstruction identified,NO_EVIDENCE (no #if 0; repository dead_code_audit found no unreferenced non-static consumer function),required RESOLVED_CONFIG evidence unavailable (0 files); stdout RUN FOOTER used as fallback,NONE,NOT_REQUIRED_BY_C2_C3,NONE
LUMINA_FEIII_COLDATA,src/lumina_cuda.cu:6467|src/lumina_plasma.c:8312,literal getenv,unset: NULL makes the guarded named branch false; no env-requested override/action at this consumer,ON_GATE/parameter (non-NULL/nonzero or selector value requests the named branch/override),DORMANT,NONE,NONE,NONE,scripts/run_coldata_syn08.sh:84,COVERED,docs/ARTIS_PARITY_GAP_AUDIT.md,UNTESTED,HIGH,source-selected model-wide mode/backend/layout/table/profile or cross-shell arithmetic; off-target impact cannot be excluded statically,NO_EVIDENCE (no #if 0; repository dead_code_audit found no unreferenced non-static consumer function),required RESOLVED_CONFIG evidence unavailable (0 files); stdout RUN FOOTER used as fallback,C2_DORMANT_HIGH,P1,"required: same binary/input; UNSET vs explicit neutral/OFF vs ON(shadow); byte-compare registered state, layout/table manifests, oracle outputs, RNG/event counters; ON must not commit target state"
LUMINA_FE_SCATTER,src/lumina_cuda.cu:6626|src/lumina_cuda.cu:6627|src/lumina_main.c:185|src/lumina_main.c:186,literal getenv,unset: mode 0/OFF,ON_GATE,DORMANT,NONE,NONE,NONE,scripts/slurm_einsteinFix_2002bo_macroatom_smoke.sh:213|scripts/slurm_superlev_identity_smoke.sh:213,UNAUDITED,NONE,UNTESTED,MEDIUM,parameter/mask can alter arithmetic over multiple selected records or shells; no direct layout reconstruction identified,NO_EVIDENCE (no #if 0; repository dead_code_audit found no unreferenced non-static consumer function),required RESOLVED_CONFIG evidence unavailable (0 files); stdout RUN FOOTER used as fallback,C1_DORMANT_UNAUDITED,NOT_REQUIRED_BY_C2_C3,NONE
LUMINA_FINE_NCHUNK,src/lumina_cmfgen.c:2318,literal getenv,unset: NULL makes the guarded named branch false; no env-requested override/action at this consumer,ON_GATE/parameter (non-NULL/nonzero or selector value requests the named branch/override),DORMANT,NONE,NONE,NONE,NONE,UNAUDITED,NONE,UNTESTED,HIGH,source-selected model-wide mode/backend/layout/table/profile or cross-shell arithmetic; off-target impact cannot be excluded statically,NO_EVIDENCE (no #if 0; repository dead_code_audit found no unreferenced non-static consumer function),required RESOLVED_CONFIG evidence unavailable (0 files); stdout RUN FOOTER used as fallback,C1_DORMANT_UNAUDITED|C2_DORMANT_HIGH,P1,"required: same binary/input; UNSET vs explicit neutral/OFF vs ON(shadow); byte-compare registered state, layout/table manifests, oracle outputs, RNG/event counters; ON must not commit target state"
LUMINA_FINE_OWNER,src/lumina_cmfgen.c:2304,literal getenv,unset: NULL makes the guarded named branch false; no env-requested override/action at this consumer,ON_GATE/parameter (non-NULL/nonzero or selector value requests the named branch/override),DORMANT,NONE,NONE,NONE,NONE,UNAUDITED,NONE,UNTESTED,HIGH,source-selected model-wide mode/backend/layout/table/profile or cross-shell arithmetic; off-target impact cannot be excluded statically,NO_EVIDENCE (no #if 0; repository dead_code_audit found no unreferenced non-static consumer function),required RESOLVED_CONFIG evidence unavailable (0 files); stdout RUN FOOTER used as fallback,C1_DORMANT_UNAUDITED|C2_DORMANT_HIGH,P1,"required: same binary/input; UNSET vs explicit neutral/OFF vs ON(shadow); byte-compare registered state, layout/table manifests, oracle outputs, RNG/event counters; ON must not commit target state"
LUMINA_FIXED_NE_PROFILE,src/lumina_plasma.c:6291,literal getenv,unset: NULL makes the guarded named branch false; no env-requested override/action at this consumer,ON_GATE/parameter (non-NULL/nonzero or selector value requests the named branch/override),DORMANT,NONE,NONE,NONE,scripts/run_toy_both.sh:10|scripts/run_toy_mc.sh:10,UNAUDITED,NONE,UNTESTED,HIGH,source-selected model-wide mode/backend/layout/table/profile or cross-shell arithmetic; off-target impact cannot be excluded statically,NO_EVIDENCE (no #if 0; repository dead_code_audit found no unreferenced non-static consumer function),required RESOLVED_CONFIG evidence unavailable (0 files); stdout RUN FOOTER used as fallback,C1_DORMANT_UNAUDITED|C2_DORMANT_HIGH,P0,"required: same binary/input; UNSET vs explicit neutral/OFF vs ON(shadow); byte-compare registered state, layout/table manifests, oracle outputs, RNG/event counters; ON must not commit target state"
LUMINA_FIXED_TE_PROFILE,src/lumina_plasma.c:11233,literal getenv,unset: NULL makes the guarded named branch false; no env-requested override/action at this consumer,ON_GATE/parameter (non-NULL/nonzero or selector value requests the named branch/override),DORMANT,NONE,NONE,NONE,scripts/run_toy_both.sh:10|scripts/run_toy_mc.sh:10,COVERED,docs/COEVOLVE_REWIRING_PLAN.md,UNTESTED,HIGH,source-selected model-wide mode/backend/layout/table/profile or cross-shell arithmetic; off-target impact cannot be excluded statically,NO_EVIDENCE (no #if 0; repository dead_code_audit found no unreferenced non-static consumer function),required RESOLVED_CONFIG evidence unavailable (0 files); stdout RUN FOOTER used as fallback,C2_DORMANT_HIGH,P0,"required: same binary/input; UNSET vs explicit neutral/OFF vs ON(shadow); byte-compare registered state, layout/table manifests, oracle outputs, RNG/event counters; ON must not commit target state"
LUMINA_FIXED_TRAD_PROFILE,src/lumina_plasma.c:837,literal getenv,unset: NULL makes the guarded named branch false; no env-requested override/action at this consumer,ON_GATE/parameter (non-NULL/nonzero or selector value requests the named branch/override),DORMANT,NONE,NONE,NONE,scripts/slurm_aulbranch_validate.sh:206|scripts/slurm_fixtrad_fluorescence.sh:220|scripts/slurm_jcap_test.sh:214|scripts/slurm_ma_internal_cap.sh:215,COVERED,docs/COEVOLVE_REWIRING_PLAN.md,UNTESTED,HIGH,source-selected model-wide mode/backend/layout/table/profile or cross-shell arithmetic; off-target impact cannot be excluded statically,NO_EVIDENCE (no #if 0; repository dead_code_audit found no unreferenced non-static consumer function),required RESOLVED_CONFIG evidence unavailable (0 files); stdout RUN FOOTER used as fallback,C2_DORMANT_HIGH,P0,"required: same binary/input; UNSET vs explicit neutral/OFF vs ON(shadow); byte-compare registered state, layout/table manifests, oracle outputs, RNG/event counters; ON must not commit target state"
LUMINA_FIX_BF_CONTINUUM_EVENT,src/lumina_atomic.c:989|src/lumina_plasma.c:6498,literal getenv,unset: NULL makes the guarded named branch false; no env-requested override/action at this consumer,ON_GATE/parameter (non-NULL/nonzero or selector value requests the named branch/override),DORMANT,NONE,NONE,NONE,NONE,COVERED,docs/CODEX_WAVE2_A_REPAIR_REPORT_2026-07-31.md;docs/V3_FUNCTION_AUDIT_VERIFICATION_2026-07-31.md;docs/ARTIS_PARITY_GAP_AUDIT.md;docs/CODEX_WAVE2_D1_REPAIR.md,"docs/CODEX_WAVE2_D1_REPAIR.md:18-28 (unset vs explicit 0, three-cell oracle byte-identical)",MEDIUM,parameter/mask can alter arithmetic over multiple selected records or shells; no direct layout reconstruction identified,NO_EVIDENCE (no #if 0; repository dead_code_audit found no unreferenced non-static consumer function),required RESOLVED_CONFIG evidence unavailable (0 files); stdout RUN FOOTER used as fallback,NONE,NOT_REQUIRED_BY_C2_C3,NONE
LUMINA_FIX_BF_ETA_SPINGATE,src/lumina_plasma.c:6507,literal getenv,unset: NULL makes the guarded named branch false; no env-requested override/action at this consumer,ON_GATE/parameter (non-NULL/nonzero or selector value requests the named branch/override),ACTIVE_OBSERVED,1,/gpfs/kjhan/lumina_runner2/logs/coevolve_consume_parity60/stdout.log:32|/gpfs/kjhan/lumina_runner2/logs/coevolve_consume_parity60/stdout.log:38926|scripts/parity_baseline.env:62,"coevolve_consume_parity60 (/gpfs/kjhan/lumina_runner2/logs/coevolve_consume_parity60/stdout.log:38926, value=1)",scripts/parity_baseline.env:62,COVERED,docs/CODEX_WAVE1_BF_REPAIR_REPORT_2026-07-31.md;docs/CODEX_WAVE1_C_REVIEW.md,UNTESTED,MEDIUM,parameter/mask can alter arithmetic over multiple selected records or shells; no direct layout reconstruction identified,NO_EVIDENCE (no #if 0; repository dead_code_audit found no unreferenced non-static consumer function),required RESOLVED_CONFIG evidence unavailable (0 files); stdout RUN FOOTER used as fallback,C3_ACTIVE_OFF_UNTESTED,P2,"required: same binary/input; UNSET vs explicit neutral/OFF vs ON(shadow); byte-compare registered state, layout/table manifests, oracle outputs, RNG/event counters; ON must not commit target state"
LUMINA_FIX_BF_MULTI_EDGE,src/lumina_cuda.cu:6705|src/lumina_plasma.c:6484,literal getenv,unset: NULL makes the guarded named branch false; no env-requested override/action at this consumer,ON_GATE/parameter (non-NULL/nonzero or selector value requests the named branch/override),DORMANT,NONE,NONE,NONE,NONE,COVERED,docs/CODEX_WAVE1_BF_REPAIR_REPORT_2026-07-31.md;docs/CODEX_WAVE2_A_REPAIR_REPORT_2026-07-31.md;docs/CODEX_WAVE1_1_FIXUP.md;docs/CODEX_WAVE1_BF_REPAIR.md;docs/CODEX_WAVE1_C_REVIEW.md;+2 more,"docs/CODEX_WAVE1_1_FIXUP.md:17 (unset vs =0 vs alias-conflict, byte-identical)",HIGH,source-selected model-wide mode/backend/layout/table/profile or cross-shell arithmetic; off-target impact cannot be excluded statically,NO_EVIDENCE (no #if 0; repository dead_code_audit found no unreferenced non-static consumer function),required RESOLVED_CONFIG evidence unavailable (0 files); stdout RUN FOOTER used as fallback,C2_DORMANT_HIGH,P1,"required: same binary/input; UNSET vs explicit neutral/OFF vs ON(shadow); byte-compare registered state, layout/table manifests, oracle outputs, RNG/event counters; ON must not commit target state"
LUMINA_FIX_BF_NEUTRAL,src/lumina_plasma.c:6475,literal getenv,unset: NULL makes the guarded named branch false; no env-requested override/action at this consumer,ON_GATE/parameter (non-NULL/nonzero or selector value requests the named branch/override),ACTIVE_OBSERVED,1,/gpfs/kjhan/lumina_runner2/logs/coevolve_consume_parity60/stdout.log:38947|/gpfs/kjhan/lumina_runner2/logs/coevolve_consume_parity60/stdout.log:53|scripts/parity_baseline.env:62,"coevolve_consume_parity60 (/gpfs/kjhan/lumina_runner2/logs/coevolve_consume_parity60/stdout.log:53, value=1)",scripts/parity_baseline.env:62,COVERED,docs/CODEX_WAVE1_BF_REPAIR_REPORT_2026-07-31.md;docs/CODEX_WAVE1_C_REVIEW.md,UNTESTED,MEDIUM,parameter/mask can alter arithmetic over multiple selected records or shells; no direct layout reconstruction identified,NO_EVIDENCE (no #if 0; repository dead_code_audit found no unreferenced non-static consumer function),required RESOLVED_CONFIG evidence unavailable (0 files); stdout RUN FOOTER used as fallback,C3_ACTIVE_OFF_UNTESTED,P2,"required: same binary/input; UNSET vs explicit neutral/OFF vs ON(shadow); byte-compare registered state, layout/table manifests, oracle outputs, RNG/event counters; ON must not commit target state"
LUMINA_FIX_BF_STIM_RECOMB,src/lumina_atomic.c:395|src/lumina_atomic.c:988|src/lumina_plasma.c:6466,literal getenv,unset: NULL makes the guarded named branch false; no env-requested override/action at this consumer,ON_GATE/parameter (non-NULL/nonzero or selector value requests the named branch/override),ACTIVE_OBSERVED,1,/gpfs/kjhan/lumina_runner2/logs/coevolve_consume_parity60/stdout.log:38980|/gpfs/kjhan/lumina_runner2/logs/coevolve_consume_parity60/stdout.log:86|scripts/parity_baseline.env:62,"coevolve_consume_parity60 (/gpfs/kjhan/lumina_runner2/logs/coevolve_consume_parity60/stdout.log:86, value=1)",scripts/parity_baseline.env:62,COVERED,docs/CODEX_WAVE1_BF_REPAIR_REPORT_2026-07-31.md;docs/CODEX_WAVE2_A_REPAIR_REPORT_2026-07-31.md;docs/ARTIS_PARITY_GAP_AUDIT.md;docs/CODEX_WAVE1_C_REVIEW.md,UNTESTED,MEDIUM,parameter/mask can alter arithmetic over multiple selected records or shells; no direct layout reconstruction identified,NO_EVIDENCE (no #if 0; repository dead_code_audit found no unreferenced non-static consumer function),required RESOLVED_CONFIG evidence unavailable (0 files); stdout RUN FOOTER used as fallback,C3_ACTIVE_OFF_UNTESTED,P2,"required: same binary/input; UNSET vs explicit neutral/OFF vs ON(shadow); byte-compare registered state, layout/table manifests, oracle outputs, RNG/event counters; ON must not commit target state"
LUMINA_FIX_MA_J_UNCLAMP,src/lumina_plasma.c:3494,literal getenv,unset: NULL makes the guarded named branch false; no env-requested override/action at this consumer,ON_GATE/parameter (non-NULL/nonzero or selector value requests the named branch/override),DORMANT,NONE,NONE,NONE,NONE,COVERED,docs/CODEX_WAVE2_A_REPAIR_REPORT_2026-07-31.md;docs/CODEX_WAVE2_D1_REPAIR.md;docs/CODEX_CLAMP_PROVENANCE.md,"docs/CODEX_WAVE2_D1_REPAIR.md:18-28 (batch OFF arms, three-cell oracle byte-identical)",MEDIUM,parameter/mask can alter arithmetic over multiple selected records or shells; no direct layout reconstruction identified,NO_EVIDENCE (no #if 0; repository dead_code_audit found no unreferenced non-static consumer function),required RESOLVED_CONFIG evidence unavailable (0 files); stdout RUN FOOTER used as fallback,NONE,NOT_REQUIRED_BY_C2_C3,NONE
LUMINA_FIX_MA_NO_LINE_THERM,src/lumina_cuda.cu:6888,literal getenv,unset: NULL makes the guarded named branch false; no env-requested override/action at this consumer,ON_GATE/parameter (non-NULL/nonzero or selector value requests the named branch/override),DORMANT,NONE,NONE,NONE,NONE,COVERED,docs/CODEX_WAVE2_A_REPAIR_REPORT_2026-07-31.md;docs/CODEX_WAVE2_D1_REPAIR.md;docs/CODEX_CLAMP_PROVENANCE.md,"docs/CODEX_WAVE2_D1_REPAIR.md:18-28 (batch OFF arms, three-cell oracle byte-identical)",HIGH,source-selected model-wide mode/backend/layout/table/profile or cross-shell arithmetic; off-target impact cannot be excluded statically,NO_EVIDENCE (no #if 0; repository dead_code_audit found no unreferenced non-static consumer function),required RESOLVED_CONFIG evidence unavailable (0 files); stdout RUN FOOTER used as fallback,C2_DORMANT_HIGH,P1,"required: same binary/input; UNSET vs explicit neutral/OFF vs ON(shadow); byte-compare registered state, layout/table manifests, oracle outputs, RNG/event counters; ON must not commit target state"
LUMINA_FI_CLAMP_SL,src/lumina_plasma.c:17664,literal getenv,unset: getenv returns NULL and this env override is not applied; compiled initializer/parent mode remains,ON_GATE/parameter (exact polarity unresolved),DORMANT,NONE,NONE,NONE,scripts/slurm_ddc15_pure_cmfgen_phase3.sh:132,UNAUDITED,NONE,UNTESTED,MEDIUM,parameter/mask can alter arithmetic over multiple selected records or shells; no direct layout reconstruction identified,NO_EVIDENCE (no #if 0; repository dead_code_audit found no unreferenced non-static consumer function),exact unset initializer/polarity requires function-level semantic audit | required RESOLVED_CONFIG evidence unavailable (0 files); stdout RUN FOOTER used as fallback,C1_DORMANT_UNAUDITED,NOT_REQUIRED_BY_C2_C3,NONE
LUMINA_FI_CONT_OPACITY,src/lumina_plasma.c:17633,literal getenv,unset: getenv returns NULL and this env override is not applied; compiled initializer/parent mode remains,ON_GATE/parameter (exact polarity unresolved),DORMANT,NONE,NONE,NONE,scripts/slurm_ddc15_FI_ablation.sh:213|scripts/slurm_ddc15_FI_prod.sh:207|scripts/slurm_ddc15_pure_cmfgen_phase3.sh:133,UNAUDITED,NONE,UNTESTED,MEDIUM,parameter/mask can alter arithmetic over multiple selected records or shells; no direct layout reconstruction identified,NO_EVIDENCE (no #if 0; repository dead_code_audit found no unreferenced non-static consumer function),exact unset initializer/polarity requires function-level semantic audit | required RESOLVED_CONFIG evidence unavailable (0 files); stdout RUN FOOTER used as fallback,C1_DORMANT_UNAUDITED,NOT_REQUIRED_BY_C2_C3,NONE
LUMINA_FI_FOREST_NOBLANK,src/lumina_plasma.c:17679,literal getenv,unset: getenv returns NULL and this env override is not applied; compiled initializer/parent mode remains,ON_GATE/parameter (exact polarity unresolved),DORMANT,NONE,NONE,NONE,scripts/slurm_ddc15_pure_cmfgen_phase3.sh:136,UNAUDITED,NONE,UNTESTED,MEDIUM,parameter/mask can alter arithmetic over multiple selected records or shells; no direct layout reconstruction identified,NO_EVIDENCE (no #if 0; repository dead_code_audit found no unreferenced non-static consumer function),exact unset initializer/polarity requires function-level semantic audit | required RESOLVED_CONFIG evidence unavailable (0 files); stdout RUN FOOTER used as fallback,C1_DORMANT_UNAUDITED,NOT_REQUIRED_BY_C2_C3,NONE
LUMINA_FI_INNER_DILUTE,src/lumina_plasma.c:17634,literal getenv,unset: getenv returns NULL and this env override is not applied; compiled initializer/parent mode remains,ON_GATE/parameter (exact polarity unresolved),DORMANT,NONE,NONE,NONE,scripts/slurm_ddc15_FI_ablation.sh:214|scripts/slurm_ddc15_FI_prod.sh:208,UNAUDITED,NONE,UNTESTED,MEDIUM,parameter/mask can alter arithmetic over multiple selected records or shells; no direct layout reconstruction identified,NO_EVIDENCE (no #if 0; repository dead_code_audit found no unreferenced non-static consumer function),exact unset initializer/polarity requires function-level semantic audit | required RESOLVED_CONFIG evidence unavailable (0 files); stdout RUN FOOTER used as fallback,C1_DORMANT_UNAUDITED,NOT_REQUIRED_BY_C2_C3,NONE
LUMINA_FI_LEDGER,src/lumina_plasma.c:17681,literal getenv,unset: getenv returns NULL and this env override is not applied; compiled initializer/parent mode remains,ON_GATE/parameter (exact polarity unresolved),DORMANT,NONE,NONE,NONE,scripts/slurm_ddc15_pure_cmfgen_phase3.sh:137,UNAUDITED,NONE,UNTESTED,MEDIUM,parameter/mask can alter arithmetic over multiple selected records or shells; no direct layout reconstruction identified,NO_EVIDENCE (no #if 0; repository dead_code_audit found no unreferenced non-static consumer function),exact unset initializer/polarity requires function-level semantic audit | required RESOLVED_CONFIG evidence unavailable (0 files); stdout RUN FOOTER used as fallback,C1_DORMANT_UNAUDITED,NOT_REQUIRED_BY_C2_C3,NONE
LUMINA_FI_TAU_CUTOFF,src/lumina_plasma.c:17632,literal getenv,unset: getenv returns NULL and this env override is not applied; compiled initializer/parent mode remains,ON_GATE/parameter (exact polarity unresolved),DORMANT,NONE,NONE,NONE,scripts/slurm_ddc15_FI_ablation.sh:215,UNAUDITED,NONE,UNTESTED,MEDIUM,parameter/mask can alter arithmetic over multiple selected records or shells; no direct layout reconstruction identified,NO_EVIDENCE (no #if 0; repository dead_code_audit found no unreferenced non-static consumer function),exact unset initializer/polarity requires function-level semantic audit | required RESOLVED_CONFIG evidence unavailable (0 files); stdout RUN FOOTER used as fallback,C1_DORMANT_UNAUDITED,NOT_REQUIRED_BY_C2_C3,NONE
LUMINA_FLUOR_ORACLE_LAM_HI,src/lumina_plasma.c:16878,literal getenv,unset: diagnostic/self-test branch not requested (no getenv value),ON_GATE(diagnostic),DORMANT,NONE,NONE,NONE,NONE,UNAUDITED,NONE,UNTESTED,LOW,diagnostic/output/self-test control; may alter I/O or early exit but no production array/layout mutation identified at consumer,NO_EVIDENCE (no #if 0; repository dead_code_audit found no unreferenced non-static consumer function),required RESOLVED_CONFIG evidence unavailable (0 files); stdout RUN FOOTER used as fallback,C1_DORMANT_UNAUDITED,NOT_REQUIRED_BY_C2_C3,NONE
LUMINA_FLUOR_ORACLE_LAM_LO,src/lumina_plasma.c:16877,literal getenv,unset: diagnostic/self-test branch not requested (no getenv value),ON_GATE(diagnostic),DORMANT,NONE,NONE,NONE,NONE,UNAUDITED,NONE,UNTESTED,LOW,diagnostic/output/self-test control; may alter I/O or early exit but no production array/layout mutation identified at consumer,NO_EVIDENCE (no #if 0; repository dead_code_audit found no unreferenced non-static consumer function),required RESOLVED_CONFIG evidence unavailable (0 files); stdout RUN FOOTER used as fallback,C1_DORMANT_UNAUDITED,NOT_REQUIRED_BY_C2_C3,NONE
LUMINA_FLUOR_ORACLE_X,src/lumina_plasma.c:16875,literal getenv,unset: diagnostic/self-test branch not requested (no getenv value),ON_GATE(diagnostic),DORMANT,NONE,NONE,NONE,scripts/slurm_ddc15_pure_cmfgen_phase3.sh:129,UNAUDITED,NONE,UNTESTED,LOW,diagnostic/output/self-test control; may alter I/O or early exit but no production array/layout mutation identified at consumer,NO_EVIDENCE (no #if 0; repository dead_code_audit found no unreferenced non-static consumer function),required RESOLVED_CONFIG evidence unavailable (0 files); stdout RUN FOOTER used as fallback,C1_DORMANT_UNAUDITED,NOT_REQUIRED_BY_C2_C3,NONE
LUMINA_FORMAL_CONS_WINDOW,src/lumina_plasma.c:18061,literal getenv,unset: getenv returns NULL and this env override is not applied; compiled initializer/parent mode remains,ON_GATE/parameter (exact polarity unresolved),ACTIVE_OBSERVED,1,/gpfs/kjhan/lumina_runner2/logs/coevolve_consume_parity56/stdout.log:110|/gpfs/kjhan/lumina_runner2/logs/coevolve_consume_parity56/stdout.log:38188|/gpfs/kjhan/lumina_runner2/logs/coevolve_consume_parity57/stdout.log:110|/gpfs/kjhan/lumina_runner2/logs/coevolve_consume_parity57/stdout.log:38955|/gpfs/kjhan/lumina_runner2/logs/coevolve_consume_parity58/stdout.log:111|/gpfs/kjhan/lumina_runner2/logs/coevolve_consume_parity58/stdout.log:38189|/gpfs/kjhan/lumina_runner2/logs/coevolve_consume_parity59/stdout.log:111|/gpfs/kjhan/lumina_runner2/logs/coevolve_consume_parity59/stdout.log:38188|/gpfs/kjhan/lumina_runner2/logs/coevolve_consume_parity60/stdout.log:113|/gpfs/kjhan/lumina_runner2/logs/coevolve_consume_parity60/stdout.log:39007,"coevolve_consume_parity60 (/gpfs/kjhan/lumina_runner2/logs/coevolve_consume_parity60/stdout.log:39007, value=1)",NONE,UNAUDITED,NONE,docs/VERIFICATION_REGISTERS.md:24 (CONSWIN OFF-identity 18/18; parity46 ride-along byte-ident),MEDIUM,parameter/mask can alter arithmetic over multiple selected records or shells; no direct layout reconstruction identified,NO_EVIDENCE (no #if 0; repository dead_code_audit found no unreferenced non-static consumer function),exact unset initializer/polarity requires function-level semantic audit | required RESOLVED_CONFIG evidence unavailable (0 files); stdout RUN FOOTER used as fallback,NONE,NOT_REQUIRED_BY_C2_C3,NONE
LUMINA_FORMAL_FIX,src/lumina_plasma.c:17657,literal getenv,unset: getenv returns NULL and this env override is not applied; compiled initializer/parent mode remains,ON_GATE/parameter (exact polarity unresolved),DORMANT,NONE,NONE,NONE,NONE,UNAUDITED,NONE,UNTESTED,MEDIUM,parameter/mask can alter arithmetic over multiple selected records or shells; no direct layout reconstruction identified,NO_EVIDENCE (no #if 0; repository dead_code_audit found no unreferenced non-static consumer function),exact unset initializer/polarity requires function-level semantic audit | required RESOLVED_CONFIG evidence unavailable (0 files); stdout RUN FOOTER used as fallback,C1_DORMANT_UNAUDITED,NOT_REQUIRED_BY_C2_C3,NONE
LUMINA_FROZENIN,src/lumina_plasma.c:5796,literal getenv,unset: NULL makes the guarded named branch false; no env-requested override/action at this consumer,ON_GATE/parameter (non-NULL/nonzero or selector value requests the named branch/override),SEEN_NEUTRAL_ONLY,0,/gpfs/kjhan/lumina_runner2/logs/coevolve_consume_parity51/stdout.log:26|/gpfs/kjhan/lumina_runner2/logs/coevolve_consume_parity51/stdout.log:37875|/gpfs/kjhan/lumina_runner2/logs/coevolve_consume_parity56/stdout.log:26|/gpfs/kjhan/lumina_runner2/logs/coevolve_consume_parity56/stdout.log:38104|/gpfs/kjhan/lumina_runner2/logs/coevolve_consume_parity57/stdout.log:26|/gpfs/kjhan/lumina_runner2/logs/coevolve_consume_parity57/stdout.log:38871|/gpfs/kjhan/lumina_runner2/logs/coevolve_consume_parity58/stdout.log:26|/gpfs/kjhan/lumina_runner2/logs/coevolve_consume_parity58/stdout.log:38104|/gpfs/kjhan/lumina_runner2/logs/coevolve_consume_parity59/stdout.log:26|/gpfs/kjhan/lumina_runner2/logs/coevolve_consume_parity59/stdout.log:38103|/gpfs/kjhan/lumina_runner2/logs/coevolve_consume_parity60/stdout.log:26|/gpfs/kjhan/lumina_runner2/logs/coevolve_consume_parity60/stdout.log:38920,NONE,scripts/run_ada_lstar_diag.sh:38|scripts/run_baldiag.sh:24|scripts/run_bfdark.sh:30|scripts/run_boostdr.sh:24|scripts/run_capraise.sh:24|scripts/run_cnclean.sh:24|scripts/run_cndamp.sh:24|scripts/run_coevolve_s01.sh:37|scripts/run_conv16.sh:24|scripts/run_cpl1.sh:24|scripts/run_cpl20.sh:24|scripts/run_dronly.sh:24|scripts/run_etla.sh:24|scripts/run_fix10.sh:27|scripts/run_fix11.sh:27|scripts/run_fix12.sh:27|scripts/run_fix13.sh:27|scripts/run_fix14.sh:27|scripts/run_fix15.sh:27|scripts/run_fix16.sh:27|scripts/run_fix17.sh:27|scripts/run_fix18.sh:27|scripts/run_fix19.sh:27|scripts/run_fix2.sh:27|scripts/run_fix20.sh:27|scripts/run_fix21.sh:27|scripts/run_fix22.sh:27|scripts/run_fix3.sh:27|scripts/run_fix4.sh:27|scripts/run_fix5.sh:27|scripts/run_fix6.sh:27|scripts/run_fix7.sh:27|scripts/run_fix8.sh:27|scripts/run_fix9.sh:27|scripts/run_fph_diag.sh:24|scripts/run_fphbf.sh:24|scripts/run_fphdg.sh:24|scripts/run_fphval.sh:24|scripts/run_frz0.sh:24|scripts/run_hotdump.sh:27|scripts/run_hotroot.sh:24|scripts/run_ionb3.sh:24|scripts/run_ionb5x.sh:24|scripts/run_ionboost.sh:24|scripts/run_ionboost2.sh:24|scripts/run_ionchk.sh:24|scripts/run_ionnt.sh:24|scripts/run_iterdump.sh:27|scripts/run_jdump.sh:24|scripts/run_jdump_diag.sh:18|scripts/run_milne1.sh:27|scripts/run_milneP.sh:27|scripts/run_ntdr.sh:24|scripts/run_recdiag.sh:27|scripts/run_repro22.sh:27|scripts/run_rtr33.sh:24|scripts/run_rtruth.sh:24|scripts/run_s2_chk.sh:24|scripts/run_s2_dep0.sh:24|scripts/run_s2_eps.sh:24|scripts/run_s2_fph.sh:24|scripts/run_s2_fph2.sh:24|scripts/run_s2_fznt.sh:24|scripts/run_s2_nebheat.sh:24|scripts/run_s2_nolinere.sh:24|scripts/run_s2_ntxe.sh:24|scripts/run_s2_phys.sh:24|scripts/run_s40diag.sh:27|scripts/run_srcbl.sh:24|scripts/run_stage0_diag.sh:28|scripts/run_stage1_ab.sh:24|scripts/run_stage2.sh:24|scripts/run_stage3.sh:25|scripts/run_wbflr.sh:24|scripts/run_widebr.sh:24|scripts/sbatch_p0_batchA.sh:43|scripts/slurm_ddc15_a1_diffbc.sh:63|scripts/slurm_ddc15_a2_jnu.sh:67|scripts/slurm_ddc15_a2_jnu_atrad.sh:67|scripts/slurm_ddc15_a2_newton.sh:65|scripts/slurm_ddc15_a2_newton_omp.sh:67|scripts/slurm_ddc15_a2_septest.sh:67|scripts/slurm_ddc15_a2_trace.sh:67|scripts/slurm_ddc15_a2_trace0.sh:67|scripts/slurm_ddc15_a3_lstar.sh:67|scripts/slurm_ddc15_frozenin.sh:69|scripts/slurm_ddc15_frozenin_ab.sh:70|scripts/slurm_ddc15_mc_macroatom.sh:76|scripts/slurm_ddc15_nefix_prof.sh:48|scripts/slurm_ddc15_pure_cmfgen_phase3.sh:90|scripts/slurm_ddc15_thenmc.sh:79|scripts/test_thenmc_bin.sh:20,COVERED,docs/RECOMB_FIX_DESIGN_BRIEF.md;docs/TRANSPORT_COUPLED_TE_DESIGN.md,UNTESTED,HIGH,source-selected model-wide mode/backend/layout/table/profile or cross-shell arithmetic; off-target impact cannot be excluded statically,NO_EVIDENCE (no #if 0; repository dead_code_audit found no unreferenced non-static consumer function),required RESOLVED_CONFIG evidence unavailable (0 files); stdout RUN FOOTER used as fallback,NONE,NOT_REQUIRED_BY_C2_C3,NONE
LUMINA_FROZENIN_DR,src/lumina_plasma.c:5966|src/lumina_plasma.c:9627,literal getenv,unset: 0/OFF,ON_GATE,SEEN_NEUTRAL_ONLY,0,/gpfs/kjhan/lumina_runner2/logs/coevolve_consume_parity51/stdout.log:37941|/gpfs/kjhan/lumina_runner2/logs/coevolve_consume_parity51/stdout.log:92|/gpfs/kjhan/lumina_runner2/logs/coevolve_consume_parity56/stdout.log:38170|/gpfs/kjhan/lumina_runner2/logs/coevolve_consume_parity56/stdout.log:92|/gpfs/kjhan/lumina_runner2/logs/coevolve_consume_parity57/stdout.log:38937|/gpfs/kjhan/lumina_runner2/logs/coevolve_consume_parity57/stdout.log:92|/gpfs/kjhan/lumina_runner2/logs/coevolve_consume_parity58/stdout.log:38171|/gpfs/kjhan/lumina_runner2/logs/coevolve_consume_parity58/stdout.log:93|/gpfs/kjhan/lumina_runner2/logs/coevolve_consume_parity59/stdout.log:38170|/gpfs/kjhan/lumina_runner2/logs/coevolve_consume_parity59/stdout.log:93|/gpfs/kjhan/lumina_runner2/logs/coevolve_consume_parity60/stdout.log:38989|/gpfs/kjhan/lumina_runner2/logs/coevolve_consume_parity60/stdout.log:95,NONE,scripts/dr_doublecount_audit.py:13|scripts/run_bfdark.sh:46|scripts/run_boostdr.sh:27|scripts/run_coevolve_s01.sh:62|scripts/run_dronly.sh:42|scripts/run_fix10.sh:46|scripts/run_fix11.sh:46|scripts/run_fix12.sh:46|scripts/run_fix13.sh:46|scripts/run_fix14.sh:46|scripts/run_fix15.sh:46|scripts/run_fix16.sh:46|scripts/run_fix17.sh:46|scripts/run_fix18.sh:46|scripts/run_fix19.sh:46|scripts/run_fix2.sh:46|scripts/run_fix20.sh:46|scripts/run_fix21.sh:46|scripts/run_fix22.sh:46|scripts/run_fix3.sh:46|scripts/run_fix4.sh:46|scripts/run_fix5.sh:46|scripts/run_fix6.sh:46|scripts/run_fix7.sh:46|scripts/run_fix8.sh:46|scripts/run_fix9.sh:46|scripts/run_hotdump.sh:46|scripts/run_ioniz_saha_selftest.sh:35|scripts/run_ionnt.sh:43|scripts/run_iterdump.sh:46|scripts/run_milne1.sh:46|scripts/run_milneP.sh:46|scripts/run_ntdr.sh:26|scripts/run_recdiag.sh:46|scripts/run_repro22.sh:46|scripts/run_s40diag.sh:46|scripts/sbatch_gph_dr.sh:40|scripts/sbatch_gpu_determinism_probe_a100.sh:28|scripts/sbatch_gpu_determinism_probe_h100.sh:28|scripts/test_thenmc_bin.sh:28,COVERED,docs/RECOMB_FIX_DESIGN_BRIEF.md;docs/TRANSPORT_COUPLED_TE_DESIGN.md,UNTESTED,MEDIUM,parameter/mask can alter arithmetic over multiple selected records or shells; no direct layout reconstruction identified,NO_EVIDENCE (no #if 0; repository dead_code_audit found no unreferenced non-static consumer function),required RESOLVED_CONFIG evidence unavailable (0 files); stdout RUN FOOTER used as fallback,NONE,NOT_REQUIRED_BY_C2_C3,NONE
LUMINA_FROZENIN_NT,src/lumina_plasma.c:6223,literal getenv,unset: NULL makes the guarded named branch false; no env-requested override/action at this consumer,ON_GATE/parameter (non-NULL/nonzero or selector value requests the named branch/override),DORMANT,NONE,NONE,NONE,scripts/run_s2_fznt.sh:36|scripts/run_s2_phys.sh:35,UNAUDITED,NONE,UNTESTED,MEDIUM,parameter/mask can alter arithmetic over multiple selected records or shells; no direct layout reconstruction identified,NO_EVIDENCE (no #if 0; repository dead_code_audit found no unreferenced non-static consumer function),required RESOLVED_CONFIG evidence unavailable (0 files); stdout RUN FOOTER used as fallback,C1_DORMANT_UNAUDITED,NOT_REQUIRED_BY_C2_C3,NONE
LUMINA_FROZENIN_NT_THR,src/lumina_plasma.c:6225,literal getenv,unset: NULL makes the guarded named branch false; no env-requested override/action at this consumer,ON_GATE/parameter (non-NULL/nonzero or selector value requests the named branch/override),DORMANT,NONE,NONE,NONE,NONE,UNAUDITED,NONE,UNTESTED,MEDIUM,parameter/mask can alter arithmetic over multiple selected records or shells; no direct layout reconstruction identified,NO_EVIDENCE (no #if 0; repository dead_code_audit found no unreferenced non-static consumer function),required RESOLVED_CONFIG evidence unavailable (0 files); stdout RUN FOOTER used as fallback,C1_DORMANT_UNAUDITED,NOT_REQUIRED_BY_C2_C3,NONE
LUMINA_F_COLL_BOOST,src/lumina_plasma.c:2778,literal getenv,unset: NULL makes the guarded named branch false; no env-requested override/action at this consumer,ON_GATE/parameter (non-NULL/nonzero or selector value requests the named branch/override),DORMANT,NONE,NONE,NONE,scripts/slurm_fcoll_sweep.sh:33|scripts/slurm_fcoll_sweep.sh:45|scripts/slurm_paper_ddc15_paperli_2002bo_metafix_ratedump_sce.sh:222,UNAUDITED,NONE,UNTESTED,MEDIUM,parameter/mask can alter arithmetic over multiple selected records or shells; no direct layout reconstruction identified,NO_EVIDENCE (no #if 0; repository dead_code_audit found no unreferenced non-static consumer function),required RESOLVED_CONFIG evidence unavailable (0 files); stdout RUN FOOTER used as fallback,C1_DORMANT_UNAUDITED,NOT_REQUIRED_BY_C2_C3,NONE
LUMINA_GAMMA_DEP,src/lumina_cuda.cu:6798|src/lumina_main.c:192,literal getenv,unset: 0/OFF,ON_GATE,ACTIVE_OBSERVED,1,/gpfs/kjhan/lumina_runner2/logs/coevolve_consume_parity51/stdout.log:108|/gpfs/kjhan/lumina_runner2/logs/coevolve_consume_parity51/stdout.log:37957|/gpfs/kjhan/lumina_runner2/logs/coevolve_consume_parity56/stdout.log:108|/gpfs/kjhan/lumina_runner2/logs/coevolve_consume_parity56/stdout.log:38186|/gpfs/kjhan/lumina_runner2/logs/coevolve_consume_parity57/stdout.log:108|/gpfs/kjhan/lumina_runner2/logs/coevolve_consume_parity57/stdout.log:38953|/gpfs/kjhan/lumina_runner2/logs/coevolve_consume_parity58/stdout.log:109|/gpfs/kjhan/lumina_runner2/logs/coevolve_consume_parity58/stdout.log:38187|/gpfs/kjhan/lumina_runner2/logs/coevolve_consume_parity59/stdout.log:109|/gpfs/kjhan/lumina_runner2/logs/coevolve_consume_parity59/stdout.log:38186|/gpfs/kjhan/lumina_runner2/logs/coevolve_consume_parity60/stdout.log:111|/gpfs/kjhan/lumina_runner2/logs/coevolve_consume_parity60/stdout.log:39005,"coevolve_consume_parity60 (/gpfs/kjhan/lumina_runner2/logs/coevolve_consume_parity60/stdout.log:39005, value=1)",scripts/run_baldiag.sh:15|scripts/run_bfdark.sh:21|scripts/run_boostdr.sh:15|scripts/run_capraise.sh:15|scripts/run_cnclean.sh:15|scripts/run_cndamp.sh:15|scripts/run_coevolve_s01.sh:28|scripts/run_conv16.sh:15|scripts/run_cpl1.sh:15|scripts/run_cpl20.sh:15|scripts/run_dronly.sh:15|scripts/run_etla.sh:15|scripts/run_fix10.sh:18|scripts/run_fix11.sh:18|scripts/run_fix12.sh:18|scripts/run_fix13.sh:18|scripts/run_fix14.sh:18|scripts/run_fix15.sh:18|scripts/run_fix16.sh:18|scripts/run_fix17.sh:18|scripts/run_fix18.sh:18|scripts/run_fix19.sh:18|scripts/run_fix2.sh:18|scripts/run_fix20.sh:18|scripts/run_fix21.sh:18|scripts/run_fix22.sh:18|scripts/run_fix3.sh:18|scripts/run_fix4.sh:18|scripts/run_fix5.sh:18|scripts/run_fix6.sh:18|scripts/run_fix7.sh:18|scripts/run_fix8.sh:18|scripts/run_fix9.sh:18|scripts/run_fph_diag.sh:15|scripts/run_fphbf.sh:15|scripts/run_fphdg.sh:15|scripts/run_fphval.sh:15|scripts/run_frz0.sh:15|scripts/run_hotdump.sh:18|scripts/run_hotroot.sh:15|scripts/run_ionb3.sh:15|scripts/run_ionb5x.sh:15|scripts/run_ionboost.sh:15|scripts/run_ionboost2.sh:15|scripts/run_ionchk.sh:15|scripts/run_ionnt.sh:15|scripts/run_iterdump.sh:18|scripts/run_jdump.sh:15|scripts/run_jdump_diag.sh:10|scripts/run_milne1.sh:18|scripts/run_milneP.sh:18|scripts/run_ntdr.sh:15|scripts/run_recdiag.sh:18|scripts/run_repro22.sh:18|scripts/run_rtr33.sh:15|scripts/run_rtruth.sh:15|scripts/run_s2_chk.sh:15|scripts/run_s2_dep0.sh:15|scripts/run_s2_eps.sh:15|scripts/run_s2_fph.sh:15|scripts/run_s2_fph2.sh:15|scripts/run_s2_fznt.sh:15|scripts/run_s2_nebheat.sh:15|scripts/run_s2_nolinere.sh:15|scripts/run_s2_ntxe.sh:15|scripts/run_s2_phys.sh:15|scripts/run_s40diag.sh:18|scripts/run_srcbl.sh:15|scripts/run_stage0_diag.sh:19|scripts/run_stage1_ab.sh:15|scripts/run_stage2.sh:15|scripts/run_stage3.sh:15|scripts/run_wbflr.sh:15|scripts/run_widebr.sh:15|scripts/slurm_ddc15_initial.sh:91|scripts/test_thenmc_bin.sh:11,UNAUDITED,NONE,UNTESTED,MEDIUM,parameter/mask can alter arithmetic over multiple selected records or shells; no direct layout reconstruction identified,NO_EVIDENCE (no #if 0; repository dead_code_audit found no unreferenced non-static consumer function),required RESOLVED_CONFIG evidence unavailable (0 files); stdout RUN FOOTER used as fallback,C3_ACTIVE_OFF_UNTESTED,P2,"required: same binary/input; UNSET vs explicit neutral/OFF vs ON(shadow); byte-compare registered state, layout/table manifests, oracle outputs, RNG/event counters; ON must not commit target state"
LUMINA_GATEB_ORACLE_CAPTURE,src/lumina_cuda.cu:8130|src/lumina_cuda.cu:8131|src/lumina_plasma.c:14493,literal getenv,unset: source comment/default states OFF,ON_GATE,ACTIVE_OBSERVED,1,/gpfs/kjhan/lumina_runner2/logs/coevolve_consume_parity58/stdout.log:38134|/gpfs/kjhan/lumina_runner2/logs/coevolve_consume_parity58/stdout.log:56|/gpfs/kjhan/lumina_runner2/logs/coevolve_consume_parity59/stdout.log:38133|/gpfs/kjhan/lumina_runner2/logs/coevolve_consume_parity59/stdout.log:56,"coevolve_consume_parity59 (/gpfs/kjhan/lumina_runner2/logs/coevolve_consume_parity59/stdout.log:56, value=1)",NONE,COVERED,docs/GATE_B_PHASE1_6_CODEX_A_REPORT.md;docs/CODEX_GATEB_A16_IMPL.md;docs/CODEX_GATEB_A_IMPL.md,UNTESTED,LOW,diagnostic/output/self-test control; may alter I/O or early exit but no production array/layout mutation identified at consumer,NO_EVIDENCE (no #if 0; repository dead_code_audit found no unreferenced non-static consumer function),required RESOLVED_CONFIG evidence unavailable (0 files); stdout RUN FOOTER used as fallback,C3_ACTIVE_OFF_UNTESTED,P3,"required: same binary/input; UNSET vs explicit neutral/OFF vs ON(shadow); byte-compare registered state, layout/table manifests, oracle outputs, RNG/event counters; ON must not commit target state"
LUMINA_GPH_ALLLEVEL,src/lumina_plasma.c:9586,literal getenv,unset: NULL makes the guarded named branch false; no env-requested override/action at this consumer,ON_GATE/parameter (non-NULL/nonzero or selector value requests the named branch/override),DORMANT,NONE,NONE,NONE,scripts/feiii_gph_decomp_s8.py:6|scripts/launch_parity27_syn08.sh:17|scripts/launch_parity28_syn08.sh:17|scripts/launch_parity29_syn08.sh:17|scripts/launch_parity30_syn08.sh:17|scripts/launch_parity31_syn08.sh:17|scripts/launch_parity32_syn08.sh:17|scripts/launch_parity33_syn08.sh:21|scripts/launch_parity34_syn08.sh:30|scripts/launch_parity35_syn08.sh:25|scripts/launch_parity36a_base.sh:37|scripts/launch_parity36b_noskip.sh:45|scripts/launch_parity37_taudump.sh:51|scripts/launch_parity38_nofloor.sh:60|scripts/launch_parity39_baseline.sh:37|scripts/launch_parity40_tepin.sh:65|scripts/launch_parity41_sivcaiv.sh:77|scripts/run_coldata_syn08.sh:40|scripts/run_ioniz_saha_selftest.sh:27|scripts/run_ioniz_saha_selftest.sh:29|scripts/run_ioniz_saha_selftest.sh:31|scripts/run_ioniz_saha_selftest.sh:33|scripts/sbatch_aud1.sh:102|scripts/sbatch_aud2.sh:90|scripts/sbatch_aud3.sh:90|scripts/sbatch_bsrc.sh:98|scripts/sbatch_euv461.sh:83|scripts/sbatch_fbcb.sh:83|scripts/sbatch_fbckt.sh:83|scripts/sbatch_gph_alllevel.sh:35|scripts/sbatch_gph_bk.sh:34|scripts/sbatch_gph_dr.sh:41|scripts/sbatch_gph_jtable.sh:62|scripts/sbatch_jbl2.sh:105|scripts/sbatch_kpr.sh:121|scripts/sbatch_kpr10.sh:103|scripts/sbatch_kpr10b.sh:103|scripts/sbatch_kpr2.sh:104|scripts/sbatch_kpr3.sh:102|scripts/sbatch_kpr4.sh:125|scripts/sbatch_kpr5.sh:133|scripts/sbatch_kpr5jt.sh:133|scripts/sbatch_kpr6.sh:102|scripts/sbatch_kpr7.sh:112|scripts/sbatch_kpr8.sh:127|scripts/sbatch_kpr9.sh:105|scripts/sbatch_kpr_nob3.sh:121|scripts/sbatch_ltherm.sh:108|scripts/sbatch_mabf.sh:59|scripts/sbatch_milne.sh:83|scripts/sbatch_milnec2.sh:83|scripts/sbatch_milnec2ne64.sh:75|scripts/sbatch_parity26_diag.sh:24|scripts/sbatch_parity27_tepin.sh:29|scripts/sbatch_parity28_binfield.sh:29|scripts/sbatch_stage4.sh:105|scripts/sbatch_te_jtable.sh:64|scripts/sbatch_te_table.sh:72|scripts/sbatch_tepop1.sh:83|scripts/sbatch_tincol.sh:87|scripts/sbatch_tincol_tetab.sh:83,UNAUDITED,NONE,UNTESTED,MEDIUM,parameter/mask can alter arithmetic over multiple selected records or shells; no direct layout reconstruction identified,NO_EVIDENCE (no #if 0; repository dead_code_audit found no unreferenced non-static consumer function),required RESOLVED_CONFIG evidence unavailable (0 files); stdout RUN FOOTER used as fallback,C1_DORMANT_UNAUDITED,NOT_REQUIRED_BY_C2_C3,NONE
LUMINA_GPH_ALLLEVEL_NLTE,src/lumina_plasma.c:9605,literal getenv,unset: NULL makes the guarded named branch false; no env-requested override/action at this consumer,ON_GATE/parameter (non-NULL/nonzero or selector value requests the named branch/override),DORMANT,NONE,NONE,NONE,scripts/launch_parity27_syn08.sh:17|scripts/launch_parity28_syn08.sh:17|scripts/launch_parity29_syn08.sh:17|scripts/launch_parity30_syn08.sh:17|scripts/launch_parity31_syn08.sh:17|scripts/launch_parity32_syn08.sh:17|scripts/launch_parity33_syn08.sh:21|scripts/launch_parity34_syn08.sh:30|scripts/launch_parity35_syn08.sh:25|scripts/launch_parity36a_base.sh:37|scripts/launch_parity36b_noskip.sh:45|scripts/launch_parity37_taudump.sh:51|scripts/launch_parity38_nofloor.sh:60|scripts/launch_parity39_baseline.sh:37|scripts/launch_parity40_tepin.sh:65|scripts/launch_parity41_sivcaiv.sh:77|scripts/run_ioniz_saha_selftest.sh:34|scripts/sbatch_gph_bk.sh:35|scripts/sbatch_parity26_diag.sh:24|scripts/sbatch_parity27_tepin.sh:29|scripts/sbatch_parity28_binfield.sh:29,UNAUDITED,NONE,UNTESTED,MEDIUM,parameter/mask can alter arithmetic over multiple selected records or shells; no direct layout reconstruction identified,NO_EVIDENCE (no #if 0; repository dead_code_audit found no unreferenced non-static consumer function),required RESOLVED_CONFIG evidence unavailable (0 files); stdout RUN FOOTER used as fallback,C1_DORMANT_UNAUDITED,NOT_REQUIRED_BY_C2_C3,NONE
LUMINA_GPH_JTABLE,src/lumina_plasma.c:9646,literal getenv,unset: NULL makes the guarded named branch false; no env-requested override/action at this consumer,ON_GATE/parameter (non-NULL/nonzero or selector value requests the named branch/override),DORMANT,NONE,NONE,NONE,scripts/sbatch_gph_jtable.sh:65|scripts/sbatch_kpr5jt.sh:170|scripts/sbatch_te_jtable.sh:72,UNAUDITED,NONE,UNTESTED,MEDIUM,parameter/mask can alter arithmetic over multiple selected records or shells; no direct layout reconstruction identified,NO_EVIDENCE (no #if 0; repository dead_code_audit found no unreferenced non-static consumer function),required RESOLVED_CONFIG evidence unavailable (0 files); stdout RUN FOOTER used as fallback,C1_DORMANT_UNAUDITED,NOT_REQUIRED_BY_C2_C3,NONE
LUMINA_GPH_SIGMA_CMFGEN,src/lumina_plasma.c:9543,literal getenv,unset: NULL makes the guarded named branch false; no env-requested override/action at this consumer,ON_GATE/parameter (non-NULL/nonzero or selector value requests the named branch/override),DORMANT,NONE,NONE,NONE,scripts/feiii_gph_decomp_s8.py:6|scripts/launch_parity27_syn08.sh:17|scripts/launch_parity28_syn08.sh:17|scripts/launch_parity29_syn08.sh:17|scripts/launch_parity30_syn08.sh:17|scripts/launch_parity31_syn08.sh:17|scripts/launch_parity32_syn08.sh:17|scripts/launch_parity33_syn08.sh:21|scripts/launch_parity34_syn08.sh:30|scripts/launch_parity35_syn08.sh:25|scripts/launch_parity36a_base.sh:37|scripts/launch_parity36b_noskip.sh:45|scripts/launch_parity37_taudump.sh:51|scripts/launch_parity38_nofloor.sh:60|scripts/launch_parity39_baseline.sh:37|scripts/launch_parity40_tepin.sh:65|scripts/launch_parity41_sivcaiv.sh:77|scripts/run_coldata_syn08.sh:39|scripts/run_ioniz_saha_selftest.sh:27|scripts/run_ioniz_saha_selftest.sh:29|scripts/run_ioniz_saha_selftest.sh:31|scripts/run_ioniz_saha_selftest.sh:33|scripts/sbatch_aud1.sh:101|scripts/sbatch_aud2.sh:89|scripts/sbatch_aud3.sh:89|scripts/sbatch_bsrc.sh:97|scripts/sbatch_euv461.sh:82|scripts/sbatch_fbcb.sh:82|scripts/sbatch_fbckt.sh:82|scripts/sbatch_gph_alllevel.sh:34|scripts/sbatch_gph_bk.sh:33|scripts/sbatch_gph_dr.sh:39|scripts/sbatch_gph_jtable.sh:61|scripts/sbatch_jbl2.sh:104|scripts/sbatch_jblue_byteid.sh:23|scripts/sbatch_kpkt_bfnl.sh:34|scripts/sbatch_kpkt_bfnl2.sh:38|scripts/sbatch_kpkt_bfnl3.sh:37|scripts/sbatch_kpkt_bsig.sh:30|scripts/sbatch_kpkt_exit_gphsig.sh:24|scripts/sbatch_kpkt_jblue.sh:33|scripts/sbatch_kpr.sh:120|scripts/sbatch_kpr10.sh:102|scripts/sbatch_kpr10b.sh:102|scripts/sbatch_kpr2.sh:103|scripts/sbatch_kpr3.sh:101|scripts/sbatch_kpr4.sh:124|scripts/sbatch_kpr5.sh:132|scripts/sbatch_kpr5jt.sh:132|scripts/sbatch_kpr6.sh:101|scripts/sbatch_kpr7.sh:111|scripts/sbatch_kpr8.sh:126|scripts/sbatch_kpr9.sh:104|scripts/sbatch_kpr_nob3.sh:120|scripts/sbatch_ltherm.sh:107|scripts/sbatch_mabf.sh:58|scripts/sbatch_milne.sh:82|scripts/sbatch_milnec2.sh:82|scripts/sbatch_milnec2ne64.sh:74|scripts/sbatch_parity26_diag.sh:24|scripts/sbatch_parity27_tepin.sh:29|scripts/sbatch_parity28_binfield.sh:29|scripts/sbatch_stage4.sh:104|scripts/sbatch_te_jtable.sh:63|scripts/sbatch_te_table.sh:71|scripts/sbatch_tepop1.sh:82|scripts/sbatch_tincol.sh:86|scripts/sbatch_tincol_tetab.sh:82,UNAUDITED,NONE,UNTESTED,MEDIUM,parameter/mask can alter arithmetic over multiple selected records or shells; no direct layout reconstruction identified,NO_EVIDENCE (no #if 0; repository dead_code_audit found no unreferenced non-static consumer function),required RESOLVED_CONFIG evidence unavailable (0 files); stdout RUN FOOTER used as fallback,C1_DORMANT_UNAUDITED,NOT_REQUIRED_BY_C2_C3,NONE
LUMINA_HRESP_CLAMP,src/lumina_plasma.c:10780,literal getenv,unset: source ternary selects fallback expression `0.0`,ON_GATE/parameter (non-NULL/nonzero or selector value requests the named branch/override),ACTIVE_OBSERVED,1.0,/gpfs/kjhan/lumina_runner2/logs/coevolve_consume_parity51/stdout.log:37|/gpfs/kjhan/lumina_runner2/logs/coevolve_consume_parity51/stdout.log:37886|/gpfs/kjhan/lumina_runner2/logs/coevolve_consume_parity56/stdout.log:37|/gpfs/kjhan/lumina_runner2/logs/coevolve_consume_parity56/stdout.log:38115|/gpfs/kjhan/lumina_runner2/logs/coevolve_consume_parity57/stdout.log:37|/gpfs/kjhan/lumina_runner2/logs/coevolve_consume_parity57/stdout.log:38882|/gpfs/kjhan/lumina_runner2/logs/coevolve_consume_parity58/stdout.log:37|/gpfs/kjhan/lumina_runner2/logs/coevolve_consume_parity58/stdout.log:38115|/gpfs/kjhan/lumina_runner2/logs/coevolve_consume_parity59/stdout.log:37|/gpfs/kjhan/lumina_runner2/logs/coevolve_consume_parity59/stdout.log:38114|/gpfs/kjhan/lumina_runner2/logs/coevolve_consume_parity60/stdout.log:38|/gpfs/kjhan/lumina_runner2/logs/coevolve_consume_parity60/stdout.log:38932,"coevolve_consume_parity60 (/gpfs/kjhan/lumina_runner2/logs/coevolve_consume_parity60/stdout.log:38932, value=1.0)",scripts/run_bfdark.sh:49|scripts/run_coevolve_s01.sh:54|scripts/run_fix10.sh:49|scripts/run_fix11.sh:49|scripts/run_fix12.sh:49|scripts/run_fix13.sh:49|scripts/run_fix14.sh:49|scripts/run_fix15.sh:49|scripts/run_fix16.sh:49|scripts/run_fix17.sh:49|scripts/run_fix18.sh:49|scripts/run_fix19.sh:49|scripts/run_fix20.sh:49|scripts/run_fix21.sh:49|scripts/run_fix22.sh:49|scripts/run_fix6.sh:49|scripts/run_fix7.sh:49|scripts/run_fix8.sh:49|scripts/run_fix9.sh:49|scripts/run_hotdump.sh:49|scripts/run_iterdump.sh:49|scripts/run_milne1.sh:49|scripts/run_milneP.sh:49|scripts/run_recdiag.sh:49|scripts/run_repro22.sh:49|scripts/run_s40diag.sh:49|scripts/test_thenmc_bin.sh:28,UNAUDITED,NONE,UNTESTED,MEDIUM,parameter/mask can alter arithmetic over multiple selected records or shells; no direct layout reconstruction identified,NO_EVIDENCE (no #if 0; repository dead_code_audit found no unreferenced non-static consumer function),required RESOLVED_CONFIG evidence unavailable (0 files); stdout RUN FOOTER used as fallback,C3_ACTIVE_OFF_UNTESTED,P2,"required: same binary/input; UNSET vs explicit neutral/OFF vs ON(shadow); byte-compare registered state, layout/table manifests, oracle outputs, RNG/event counters; ON must not commit target state"
LUMINA_INNER_BB_SCALE,src/lumina_cmfgen.c:52,literal getenv,unset: NULL makes the guarded named branch false; no env-requested override/action at this consumer,ON_GATE/parameter (non-NULL/nonzero or selector value requests the named branch/override),ACTIVE_OBSERVED,1.0,/gpfs/kjhan/lumina_runner2/logs/coevolve_consume_parity51/stdout.log:37935|/gpfs/kjhan/lumina_runner2/logs/coevolve_consume_parity51/stdout.log:86|/gpfs/kjhan/lumina_runner2/logs/coevolve_consume_parity56/stdout.log:38164|/gpfs/kjhan/lumina_runner2/logs/coevolve_consume_parity56/stdout.log:86|/gpfs/kjhan/lumina_runner2/logs/coevolve_consume_parity57/stdout.log:38931|/gpfs/kjhan/lumina_runner2/logs/coevolve_consume_parity57/stdout.log:86|/gpfs/kjhan/lumina_runner2/logs/coevolve_consume_parity58/stdout.log:38165|/gpfs/kjhan/lumina_runner2/logs/coevolve_consume_parity58/stdout.log:87|/gpfs/kjhan/lumina_runner2/logs/coevolve_consume_parity59/stdout.log:38164|/gpfs/kjhan/lumina_runner2/logs/coevolve_consume_parity59/stdout.log:87|/gpfs/kjhan/lumina_runner2/logs/coevolve_consume_parity60/stdout.log:38983|/gpfs/kjhan/lumina_runner2/logs/coevolve_consume_parity60/stdout.log:89,"coevolve_consume_parity60 (/gpfs/kjhan/lumina_runner2/logs/coevolve_consume_parity60/stdout.log:89, value=1.0)",scripts/run_baldiag.sh:44|scripts/run_bfdark.sh:58|scripts/run_boostdr.sh:47|scripts/run_capraise.sh:44|scripts/run_cnclean.sh:44|scripts/run_cndamp.sh:44|scripts/run_coevolve_s01.sh:57|scripts/run_conv16.sh:44|scripts/run_cpl1.sh:44|scripts/run_cpl20.sh:44|scripts/run_dronly.sh:45|scripts/run_etla.sh:46|scripts/run_fix10.sh:56|scripts/run_fix11.sh:56|scripts/run_fix12.sh:56|scripts/run_fix13.sh:58|scripts/run_fix14.sh:59|scripts/run_fix15.sh:59|scripts/run_fix16.sh:59|scripts/run_fix17.sh:60|scripts/run_fix18.sh:59|scripts/run_fix19.sh:60|scripts/run_fix2.sh:51|scripts/run_fix20.sh:59|scripts/run_fix21.sh:60|scripts/run_fix22.sh:60|scripts/run_fix3.sh:53|scripts/run_fix4.sh:52|scripts/run_fix5.sh:54|scripts/run_fix6.sh:54|scripts/run_fix7.sh:56|scripts/run_fix8.sh:55|scripts/run_fix9.sh:56|scripts/run_fph_diag.sh:42|scripts/run_fphbf.sh:45|scripts/run_fphdg.sh:46|scripts/run_fphval.sh:44|scripts/run_frz0.sh:44|scripts/run_hotdump.sh:61|scripts/run_hotroot.sh:44|scripts/run_ionb3.sh:46|scripts/run_ionb5x.sh:46|scripts/run_ionboost.sh:44|scripts/run_ionboost2.sh:44|scripts/run_ionchk.sh:44|scripts/run_ionnt.sh:47|scripts/run_iterdump.sh:62|scripts/run_jdump.sh:46|scripts/run_milne1.sh:61|scripts/run_milneP.sh:63|scripts/run_ntdr.sh:46|scripts/run_recdiag.sh:64|scripts/run_repro22.sh:60|scripts/run_rtr33.sh:44|scripts/run_rtruth.sh:45|scripts/run_s2_chk.sh:39|scripts/run_s2_dep0.sh:38|scripts/run_s2_eps.sh:39|scripts/run_s2_fph.sh:42|scripts/run_s2_fph2.sh:43|scripts/run_s2_fznt.sh:42|scripts/run_s2_nebheat.sh:40|scripts/run_s2_nolinere.sh:39|scripts/run_s2_ntxe.sh:41|scripts/run_s2_phys.sh:41|scripts/run_s40diag.sh:61|scripts/run_srcbl.sh:45|scripts/run_stage1_ab.sh:37|scripts/run_stage2.sh:38|scripts/run_stage3.sh:39|scripts/run_wbflr.sh:46|scripts/run_widebr.sh:46|scripts/test_thenmc_bin.sh:31,UNAUDITED,NONE,UNTESTED,MEDIUM,parameter/mask can alter arithmetic over multiple selected records or shells; no direct layout reconstruction identified,NO_EVIDENCE (no #if 0; repository dead_code_audit found no unreferenced non-static consumer function),required RESOLVED_CONFIG evidence unavailable (0 files); stdout RUN FOOTER used as fallback,C3_ACTIVE_OFF_UNTESTED,P2,"required: same binary/input; UNSET vs explicit neutral/OFF vs ON(shadow); byte-compare registered state, layout/table manifests, oracle outputs, RNG/event counters; ON must not commit target state"
LUMINA_IONIZ_SELFTEST,src/lumina_plasma.c:9156,literal getenv,unset: diagnostic/self-test branch not requested (no getenv value),ON_GATE(diagnostic),DORMANT,NONE,NONE,NONE,scripts/run_ioniz_saha_selftest.sh:20,UNAUDITED,NONE,UNTESTED,LOW,diagnostic/output/self-test control; may alter I/O or early exit but no production array/layout mutation identified at consumer,NO_EVIDENCE (no #if 0; repository dead_code_audit found no unreferenced non-static consumer function),required RESOLVED_CONFIG evidence unavailable (0 files); stdout RUN FOOTER used as fallback,C1_DORMANT_UNAUDITED,NOT_REQUIRED_BY_C2_C3,NONE
LUMINA_ION_FRAC_DUMP,src/lumina_plasma.c:6421,literal getenv,unset: diagnostic/self-test branch not requested (no getenv value),ON_GATE(diagnostic),DORMANT,NONE,NONE,NONE,scripts/slurm_taubyion_window.sh:169,UNAUDITED,NONE,UNTESTED,LOW,diagnostic/output/self-test control; may alter I/O or early exit but no production array/layout mutation identified at consumer,NO_EVIDENCE (no #if 0; repository dead_code_audit found no unreferenced non-static consumer function),required RESOLVED_CONFIG evidence unavailable (0 files); stdout RUN FOOTER used as fallback,C1_DORMANT_UNAUDITED,NOT_REQUIRED_BY_C2_C3,NONE
LUMINA_ION_FRAC_Z,src/lumina_plasma.c:6424,literal getenv,unset: NULL makes the guarded named branch false; no env-requested override/action at this consumer,ON_GATE/parameter (non-NULL/nonzero or selector value requests the named branch/override),DORMANT,NONE,NONE,NONE,scripts/slurm_taubyion_window.sh:170,UNAUDITED,NONE,UNTESTED,MEDIUM,parameter/mask can alter arithmetic over multiple selected records or shells; no direct layout reconstruction identified,NO_EVIDENCE (no #if 0; repository dead_code_audit found no unreferenced non-static consumer function),required RESOLVED_CONFIG evidence unavailable (0 files); stdout RUN FOOTER used as fallback,C1_DORMANT_UNAUDITED,NOT_REQUIRED_BY_C2_C3,NONE
LUMINA_ION_NT,src/lumina_plasma.c:2179,literal getenv,unset: NULL makes the guarded named branch false; no env-requested override/action at this consumer,ON_GATE/parameter (non-NULL/nonzero or selector value requests the named branch/override),DORMANT,NONE,NONE,NONE,scripts/run_ionnt.sh:42,UNAUDITED,NONE,UNTESTED,MEDIUM,parameter/mask can alter arithmetic over multiple selected records or shells; no direct layout reconstruction identified,NO_EVIDENCE (no #if 0; repository dead_code_audit found no unreferenced non-static consumer function),required RESOLVED_CONFIG evidence unavailable (0 files); stdout RUN FOOTER used as fallback,C1_DORMANT_UNAUDITED,NOT_REQUIRED_BY_C2_C3,NONE
LUMINA_ION_POP_DUMP,src/lumina_cuda.cu:9244|src/lumina_cuda.cu:10242,literal getenv,unset: diagnostic/self-test branch not requested (no getenv value),ON_GATE(diagnostic),ACTIVE_OBSERVED,1,/gpfs/kjhan/lumina_runner2/logs/coevolve_consume_parity51/stdout.log:37894|/gpfs/kjhan/lumina_runner2/logs/coevolve_consume_parity51/stdout.log:45|/gpfs/kjhan/lumina_runner2/logs/coevolve_consume_parity56/stdout.log:38122|/gpfs/kjhan/lumina_runner2/logs/coevolve_consume_parity56/stdout.log:44|/gpfs/kjhan/lumina_runner2/logs/coevolve_consume_parity57/stdout.log:38889|/gpfs/kjhan/lumina_runner2/logs/coevolve_consume_parity57/stdout.log:44|/gpfs/kjhan/lumina_runner2/logs/coevolve_consume_parity58/stdout.log:38122|/gpfs/kjhan/lumina_runner2/logs/coevolve_consume_parity58/stdout.log:44|/gpfs/kjhan/lumina_runner2/logs/coevolve_consume_parity59/stdout.log:38121|/gpfs/kjhan/lumina_runner2/logs/coevolve_consume_parity59/stdout.log:44|/gpfs/kjhan/lumina_runner2/logs/coevolve_consume_parity60/stdout.log:38939|/gpfs/kjhan/lumina_runner2/logs/coevolve_consume_parity60/stdout.log:45,"coevolve_consume_parity60 (/gpfs/kjhan/lumina_runner2/logs/coevolve_consume_parity60/stdout.log:45, value=1)",scripts/run_ada_lstar_diag.sh:54|scripts/run_bfdark.sh:57|scripts/run_cnclean.sh:24|scripts/run_coevolve_s01.sh:138|scripts/run_coldata_syn08.sh:35|scripts/run_etla.sh:43|scripts/run_fix10.sh:53|scripts/run_fix11.sh:53|scripts/run_fix12.sh:53|scripts/run_fix13.sh:55|scripts/run_fix14.sh:56|scripts/run_fix15.sh:56|scripts/run_fix16.sh:56|scripts/run_fix17.sh:57|scripts/run_fix18.sh:56|scripts/run_fix19.sh:57|scripts/run_fix2.sh:48|scripts/run_fix20.sh:56|scripts/run_fix21.sh:57|scripts/run_fix22.sh:57|scripts/run_fix3.sh:50|scripts/run_fix4.sh:49|scripts/run_fix5.sh:51|scripts/run_fix6.sh:51|scripts/run_fix7.sh:53|scripts/run_fix8.sh:52|scripts/run_fix9.sh:53|scripts/run_hotdump.sh:58|scripts/run_ionchk.sh:24|scripts/run_ionnt.sh:44|scripts/run_iterdump.sh:58|scripts/run_jdump.sh:43|scripts/run_milne1.sh:58|scripts/run_milneP.sh:60|scripts/run_recdiag.sh:60|scripts/run_repro22.sh:57|scripts/run_s40diag.sh:58|scripts/run_wbflr.sh:26|scripts/sbatch_aud1.sh:97|scripts/sbatch_aud2.sh:85|scripts/sbatch_aud3.sh:85|scripts/sbatch_base_n32.sh:21|scripts/sbatch_bsrc.sh:90|scripts/sbatch_euv461.sh:78|scripts/sbatch_fbcb.sh:78|scripts/sbatch_fbckt.sh:78|scripts/sbatch_gph_alllevel.sh:31|scripts/sbatch_gph_bk.sh:30|scripts/sbatch_gph_dr.sh:36|scripts/sbatch_gph_jtable.sh:58|scripts/sbatch_jbl2.sh:100|scripts/sbatch_jblue_byteid.sh:21|scripts/sbatch_kpkt_bfnl.sh:30|scripts/sbatch_kpkt_bfnl2.sh:34|scripts/sbatch_kpkt_bfnl3.sh:33|scripts/sbatch_kpkt_bsig.sh:26|scripts/sbatch_kpkt_euvf.sh:21|scripts/sbatch_kpkt_evlog.sh:25|scripts/sbatch_kpkt_exit.sh:21|scripts/sbatch_kpkt_exit_capemit.sh:22|scripts/sbatch_kpkt_exit_gphsig.sh:22|scripts/sbatch_kpkt_exit_iupbeta.sh:31|scripts/sbatch_kpkt_exit_kromer.sh:20|scripts/sbatch_kpkt_exit_mc.sh:20|scripts/sbatch_kpkt_exit_occ.sh:23|scripts/sbatch_kpkt_exit_si.sh:27|scripts/sbatch_kpkt_exit_si_hs.sh:20|scripts/sbatch_kpkt_exit_sioc.sh:20|scripts/sbatch_kpkt_exit_tepin.sh:25|scripts/sbatch_kpkt_exit_vp.sh:21|scripts/sbatch_kpkt_fbmulti.sh:30|scripts/sbatch_kpkt_jblue.sh:29|scripts/sbatch_kpr.sh:116|scripts/sbatch_kpr10.sh:98|scripts/sbatch_kpr10b.sh:98|scripts/sbatch_kpr2.sh:99|scripts/sbatch_kpr3.sh:97|scripts/sbatch_kpr4.sh:120|scripts/sbatch_kpr5.sh:128|scripts/sbatch_kpr5jt.sh:128|scripts/sbatch_kpr6.sh:97|scripts/sbatch_kpr7.sh:107|scripts/sbatch_kpr8.sh:122|scripts/sbatch_kpr9.sh:100|scripts/sbatch_kpr_nob3.sh:116|scripts/sbatch_ltherm.sh:104|scripts/sbatch_mabf.sh:55|scripts/sbatch_milne.sh:78|scripts/sbatch_milnec2.sh:78|scripts/sbatch_milnec2ne64.sh:70|scripts/sbatch_p1_iondump.sh:21|scripts/sbatch_stage4.sh:101|scripts/sbatch_te_jtable.sh:60|scripts/sbatch_te_table.sh:68|scripts/sbatch_tepop1.sh:78|scripts/sbatch_tincol.sh:83|scripts/sbatch_tincol_tetab.sh:79|scripts/slurm_ddc15_a3_lstar.sh:84|scripts/slurm_ddc15_nefix_prof.sh:64,COVERED,docs/TRANSPORT_COUPLED_TE_DESIGN.md,UNTESTED,LOW,diagnostic/output/self-test control; may alter I/O or early exit but no production array/layout mutation identified at consumer,NO_EVIDENCE (no #if 0; repository dead_code_audit found no unreferenced non-static consumer function),required RESOLVED_CONFIG evidence unavailable (0 files); stdout RUN FOOTER used as fallback,C3_ACTIVE_OFF_UNTESTED,P3,"required: same binary/input; UNSET vs explicit neutral/OFF vs ON(shadow); byte-compare registered state, layout/table manifests, oracle outputs, RNG/event counters; ON must not commit target state"
LUMINA_ION_POP_DUMP_ITER,src/lumina_cuda.cu:7662|src/lumina_cuda.cu:7663,literal getenv,unset: diagnostic/self-test branch not requested (no getenv value),ON_GATE(diagnostic),DORMANT,NONE,NONE,NONE,scripts/run_iterdump.sh:59|scripts/run_recdiag.sh:61|scripts/sbatch_base_n32.sh:21|scripts/sbatch_kpkt_exit.sh:21|scripts/sbatch_kpkt_exit_mc.sh:20|scripts/sbatch_p1_iondump.sh:21,COVERED,docs/TRANSPORT_COUPLED_TE_DESIGN.md,UNTESTED,LOW,diagnostic/output/self-test control; may alter I/O or early exit but no production array/layout mutation identified at consumer,NO_EVIDENCE (no #if 0; repository dead_code_audit found no unreferenced non-static consumer function),required RESOLVED_CONFIG evidence unavailable (0 files); stdout RUN FOOTER used as fallback,NONE,NOT_REQUIRED_BY_C2_C3,NONE
LUMINA_IUP_BINFIELD,src/lumina_plasma.c:3789,literal + dynamic helper,unset: NULL makes the guarded named branch false; no env-requested override/action at this consumer,ON_GATE/parameter (non-NULL/nonzero or selector value requests the named branch/override),DORMANT,NONE,NONE,NONE,scripts/launch_parity28_syn08.sh:21|scripts/sbatch_parity28_binfield.sh:33,COVERED,docs/V3_FUNCTION_AUDIT_VERIFICATION_2026-07-31.md;docs/ARTIS_FUNCTION_PARITY_AUDIT_2026-07-31.md,UNTESTED,MEDIUM,parameter/mask can alter arithmetic over multiple selected records or shells; no direct layout reconstruction identified,NO_EVIDENCE (no #if 0; repository dead_code_audit found no unreferenced non-static consumer function),required RESOLVED_CONFIG evidence unavailable (0 files); stdout RUN FOOTER used as fallback,NONE,NOT_REQUIRED_BY_C2_C3,NONE
LUMINA_IUP_JBLUE,src/lumina_cuda.cu:7439|src/lumina_plasma.c:3757,literal + dynamic helper,unset: NULL makes the guarded named branch false; no env-requested override/action at this consumer,ON_GATE/parameter (non-NULL/nonzero or selector value requests the named branch/override),DORMANT,NONE,NONE,NONE,scripts/sbatch_jbl2.sh:125|scripts/sbatch_kpkt_bfnl.sh:33|scripts/sbatch_kpkt_bfnl2.sh:37|scripts/sbatch_kpkt_bfnl3.sh:36|scripts/sbatch_kpkt_jblue.sh:32,COVERED,docs/V3_FUNCTION_AUDIT_VERIFICATION_2026-07-31.md;docs/N3_JBAR_DAMP_UNIFY_DESIGN.md,UNTESTED,MEDIUM,parameter/mask can alter arithmetic over multiple selected records or shells; no direct layout reconstruction identified,NO_EVIDENCE (no #if 0; repository dead_code_audit found no unreferenced non-static consumer function),required RESOLVED_CONFIG evidence unavailable (0 files); stdout RUN FOOTER used as fallback,NONE,NOT_REQUIRED_BY_C2_C3,NONE
LUMINA_JBAR_DAMP_UNIFY,src/lumina_cuda.cu:928,literal getenv,unset: source ternary selects fallback expression `0`,ON_GATE/parameter (non-NULL/nonzero or selector value requests the named branch/override),ACTIVE_OBSERVED,1,/gpfs/kjhan/lumina_runner2/logs/coevolve_consume_parity51/stdout.log:37892|/gpfs/kjhan/lumina_runner2/logs/coevolve_consume_parity51/stdout.log:43,"coevolve_consume_parity51 (/gpfs/kjhan/lumina_runner2/logs/coevolve_consume_parity51/stdout.log:43, value=1)",NONE,COVERED,docs/N3_JBAR_DAMP_UNIFY_DESIGN.md;docs/VERIFICATION_REGISTERS.md,"docs/VERIFICATION_REGISTERS.md:34 (parity50 OFF identity; direct comparison residual only 1-ulp, not strict whole-output byte identity)",MEDIUM,parameter/mask can alter arithmetic over multiple selected records or shells; no direct layout reconstruction identified,NO_EVIDENCE (no #if 0; repository dead_code_audit found no unreferenced non-static consumer function),required RESOLVED_CONFIG evidence unavailable (0 files); stdout RUN FOOTER used as fallback,NONE,NOT_REQUIRED_BY_C2_C3,NONE
LUMINA_JBAR_DUMP,src/lumina_plasma.c:14487,literal getenv,unset: diagnostic/self-test branch not requested (no getenv value),ON_GATE(diagnostic),ACTIVE_OBSERVED,1,/gpfs/kjhan/lumina_runner2/logs/coevolve_consume_parity51/stdout.log:37896|/gpfs/kjhan/lumina_runner2/logs/coevolve_consume_parity51/stdout.log:47|/gpfs/kjhan/lumina_runner2/logs/coevolve_consume_parity56/stdout.log:38125|/gpfs/kjhan/lumina_runner2/logs/coevolve_consume_parity56/stdout.log:47|/gpfs/kjhan/lumina_runner2/logs/coevolve_consume_parity57/stdout.log:38892|/gpfs/kjhan/lumina_runner2/logs/coevolve_consume_parity57/stdout.log:47|/gpfs/kjhan/lumina_runner2/logs/coevolve_consume_parity58/stdout.log:38125|/gpfs/kjhan/lumina_runner2/logs/coevolve_consume_parity58/stdout.log:47|/gpfs/kjhan/lumina_runner2/logs/coevolve_consume_parity59/stdout.log:38124|/gpfs/kjhan/lumina_runner2/logs/coevolve_consume_parity59/stdout.log:47|/gpfs/kjhan/lumina_runner2/logs/coevolve_consume_parity60/stdout.log:38942|/gpfs/kjhan/lumina_runner2/logs/coevolve_consume_parity60/stdout.log:48|scripts/parity_baseline.env:48,"coevolve_consume_parity60 (/gpfs/kjhan/lumina_runner2/logs/coevolve_consume_parity60/stdout.log:48, value=1)",scripts/launch_parity27_syn08.sh:19|scripts/launch_parity28_syn08.sh:19|scripts/launch_parity29_syn08.sh:19|scripts/launch_parity30_syn08.sh:19|scripts/launch_parity31_syn08.sh:19|scripts/launch_parity32_syn08.sh:19|scripts/launch_parity33_syn08.sh:23|scripts/launch_parity34_syn08.sh:32|scripts/launch_parity35_syn08.sh:27|scripts/launch_parity36a_base.sh:39|scripts/launch_parity36a_base.sh:71|scripts/launch_parity36b_noskip.sh:47|scripts/launch_parity36b_noskip.sh:71|scripts/launch_parity37_taudump.sh:53|scripts/launch_parity38_nofloor.sh:62|scripts/parity_baseline.env:48|scripts/sbatch_gpu_determinism_probe_a100.sh:33|scripts/sbatch_gpu_determinism_probe_h100.sh:33|scripts/sbatch_parity26_diag.sh:26|scripts/sbatch_parity27_tepin.sh:31|scripts/sbatch_parity28_binfield.sh:31,COVERED,docs/GATE_B_PHASE1_5_CODEX_A_REPORT.md;docs/GATE_B_PHASE1_6_CODEX_A_REPORT.md;docs/N3_JBAR_DAMP_UNIFY_DESIGN.md;docs/CODEX_GATEB_C16_REVIEW.md;docs/CODEX_GATEB_C_FINAL.md,UNTESTED,LOW,diagnostic/output/self-test control; may alter I/O or early exit but no production array/layout mutation identified at consumer,NO_EVIDENCE (no #if 0; repository dead_code_audit found no unreferenced non-static consumer function),required RESOLVED_CONFIG evidence unavailable (0 files); stdout RUN FOOTER used as fallback,C3_ACTIVE_OFF_UNTESTED,P3,"required: same binary/input; UNSET vs explicit neutral/OFF vs ON(shadow); byte-compare registered state, layout/table manifests, oracle outputs, RNG/event counters; ON must not commit target state"
LUMINA_JBAR_DUMP_IONS,src/lumina_plasma.c:14490,literal getenv,unset: diagnostic/self-test branch not requested (no getenv value),ON_GATE(diagnostic),ACTIVE_OBSERVED,"14:1,14:2",/gpfs/kjhan/lumina_runner2/logs/coevolve_consume_parity51/stdout.log:116|/gpfs/kjhan/lumina_runner2/logs/coevolve_consume_parity51/stdout.log:37965|/gpfs/kjhan/lumina_runner2/logs/coevolve_consume_parity56/stdout.log:117|/gpfs/kjhan/lumina_runner2/logs/coevolve_consume_parity56/stdout.log:38195|/gpfs/kjhan/lumina_runner2/logs/coevolve_consume_parity57/stdout.log:117|/gpfs/kjhan/lumina_runner2/logs/coevolve_consume_parity57/stdout.log:38962|/gpfs/kjhan/lumina_runner2/logs/coevolve_consume_parity58/stdout.log:118|/gpfs/kjhan/lumina_runner2/logs/coevolve_consume_parity58/stdout.log:38196|/gpfs/kjhan/lumina_runner2/logs/coevolve_consume_parity59/stdout.log:118|/gpfs/kjhan/lumina_runner2/logs/coevolve_consume_parity59/stdout.log:38195|/gpfs/kjhan/lumina_runner2/logs/coevolve_consume_parity60/stdout.log:120|/gpfs/kjhan/lumina_runner2/logs/coevolve_consume_parity60/stdout.log:39014|scripts/parity_baseline.env:49,"coevolve_consume_parity60 (/gpfs/kjhan/lumina_runner2/logs/coevolve_consume_parity60/stdout.log:39014, value=14:1,14:2)",scripts/judge_parity36.py:119|scripts/launch_parity36a_base.sh:40|scripts/launch_parity36a_base.sh:70|scripts/launch_parity36b_noskip.sh:48|scripts/launch_parity36b_noskip.sh:70|scripts/launch_parity37_taudump.sh:54|scripts/launch_parity38_nofloor.sh:63|scripts/launch_parity39_baseline.sh:60|scripts/parity_baseline.env:49|scripts/sbatch_gpu_determinism_probe_a100.sh:33|scripts/sbatch_gpu_determinism_probe_h100.sh:33,COVERED,docs/GATE_B_PHASE1_5_CODEX_A_REPORT.md;docs/GATE_B_PHASE1_6_CODEX_A_REPORT.md;docs/CODEX_GATEB_C_FINAL.md,UNTESTED,LOW,diagnostic/output/self-test control; may alter I/O or early exit but no production array/layout mutation identified at consumer,NO_EVIDENCE (no #if 0; repository dead_code_audit found no unreferenced non-static consumer function),required RESOLVED_CONFIG evidence unavailable (0 files); stdout RUN FOOTER used as fallback,C3_ACTIVE_OFF_UNTESTED,P3,"required: same binary/input; UNSET vs explicit neutral/OFF vs ON(shadow); byte-compare registered state, layout/table manifests, oracle outputs, RNG/event counters; ON must not commit target state"
LUMINA_JBAR_LINE_DUMP,src/lumina_cuda.cu:9687|src/lumina_cuda.cu:9688,literal getenv,unset: diagnostic/self-test branch not requested (no getenv value),ON_GATE(diagnostic),DORMANT,NONE,NONE,NONE,scripts/sbatch_p0_batchA.sh:42,UNAUDITED,NONE,UNTESTED,LOW,diagnostic/output/self-test control; may alter I/O or early exit but no production array/layout mutation identified at consumer,NO_EVIDENCE (no #if 0; repository dead_code_audit found no unreferenced non-static consumer function),required RESOLVED_CONFIG evidence unavailable (0 files); stdout RUN FOOTER used as fallback,C1_DORMANT_UNAUDITED,NOT_REQUIRED_BY_C2_C3,NONE
LUMINA_JBAR_MIN,src/lumina_cuda.cu:9076|src/lumina_plasma.c:3738|src/lumina_plasma.c:14804,literal + dynamic helper,unset: source comment/default states 10,ON_GATE(parameter),ACTIVE_OBSERVED,3,/gpfs/kjhan/lumina_runner2/logs/coevolve_consume_parity51/stdout.log:121|/gpfs/kjhan/lumina_runner2/logs/coevolve_consume_parity51/stdout.log:37970|/gpfs/kjhan/lumina_runner2/logs/coevolve_consume_parity56/stdout.log:122|/gpfs/kjhan/lumina_runner2/logs/coevolve_consume_parity56/stdout.log:38200|/gpfs/kjhan/lumina_runner2/logs/coevolve_consume_parity57/stdout.log:122|/gpfs/kjhan/lumina_runner2/logs/coevolve_consume_parity57/stdout.log:38967|/gpfs/kjhan/lumina_runner2/logs/coevolve_consume_parity58/stdout.log:123|/gpfs/kjhan/lumina_runner2/logs/coevolve_consume_parity58/stdout.log:38201|/gpfs/kjhan/lumina_runner2/logs/coevolve_consume_parity59/stdout.log:123|/gpfs/kjhan/lumina_runner2/logs/coevolve_consume_parity59/stdout.log:38200|/gpfs/kjhan/lumina_runner2/logs/coevolve_consume_parity60/stdout.log:125|/gpfs/kjhan/lumina_runner2/logs/coevolve_consume_parity60/stdout.log:39019,"coevolve_consume_parity60 (/gpfs/kjhan/lumina_runner2/logs/coevolve_consume_parity60/stdout.log:39019, value=3)",scripts/judge_parity34.py:45|scripts/run_coevolve_s01.sh:135,COVERED,docs/V3_FUNCTION_AUDIT_VERIFICATION_2026-07-31.md;docs/N3_JBAR_DAMP_UNIFY_DESIGN.md;docs/RE_RE_ARTIS_CMFGEN_PARITY_DIAGNOSIS_2026-07-31.md;docs/RE_RE_RE_ARTIS_CMFGEN_PARITY_DIAGNOSIS_2026-07-31.md,UNTESTED,MEDIUM,parameter/mask can alter arithmetic over multiple selected records or shells; no direct layout reconstruction identified,NO_EVIDENCE (no #if 0; repository dead_code_audit found no unreferenced non-static consumer function),required RESOLVED_CONFIG evidence unavailable (0 files); stdout RUN FOOTER used as fallback,C3_ACTIVE_OFF_UNTESTED,P2,"required: same binary/input; UNSET vs explicit neutral/OFF vs ON(shadow); byte-compare registered state, layout/table manifests, oracle outputs, RNG/event counters; ON must not commit target state"
LUMINA_JBAR_POPS_DAMP,src/lumina_cmfgen.c:3335|src/lumina_cuda.cu:9075|src/lumina_cuda.cu:9728,literal getenv,unset: NULL makes the guarded named branch false; no env-requested override/action at this consumer,ON_GATE/parameter (non-NULL/nonzero or selector value requests the named branch/override),DORMANT,NONE,NONE,NONE,scripts/slurm_ddc15_pure_cmfgen_phase3.sh:128,COVERED,docs/COEVOLVE_REWIRING_PLAN.md,UNTESTED,MEDIUM,parameter/mask can alter arithmetic over multiple selected records or shells; no direct layout reconstruction identified,NO_EVIDENCE (no #if 0; repository dead_code_audit found no unreferenced non-static consumer function),required RESOLVED_CONFIG evidence unavailable (0 files); stdout RUN FOOTER used as fallback,NONE,NOT_REQUIRED_BY_C2_C3,NONE
LUMINA_JBAR_SRC_BINNED,src/lumina_nlte_assemble.cu:384|src/lumina_plasma.c:14817,literal + dynamic helper,unset: NULL makes the guarded named branch false; no env-requested override/action at this consumer,ON_GATE/parameter (non-NULL/nonzero or selector value requests the named branch/override),DORMANT,NONE,NONE,NONE,NONE,UNAUDITED,NONE,UNTESTED,MEDIUM,parameter/mask can alter arithmetic over multiple selected records or shells; no direct layout reconstruction identified,NO_EVIDENCE (no #if 0; repository dead_code_audit found no unreferenced non-static consumer function),required RESOLVED_CONFIG evidence unavailable (0 files); stdout RUN FOOTER used as fallback,C1_DORMANT_UNAUDITED,NOT_REQUIRED_BY_C2_C3,NONE
LUMINA_JBAR_UNIFY,src/lumina_plasma.c:3736,literal + dynamic helper,unset: NULL makes the guarded named branch false; no env-requested override/action at this consumer,ON_GATE/parameter (non-NULL/nonzero or selector value requests the named branch/override),DORMANT,NONE,NONE,NONE,NONE,COVERED,docs/V3_FUNCTION_AUDIT_VERIFICATION_2026-07-31.md;docs/N3_JBAR_DAMP_UNIFY_DESIGN.md,UNTESTED,MEDIUM,parameter/mask can alter arithmetic over multiple selected records or shells; no direct layout reconstruction identified,NO_EVIDENCE (no #if 0; repository dead_code_audit found no unreferenced non-static consumer function),required RESOLVED_CONFIG evidence unavailable (0 files); stdout RUN FOOTER used as fallback,NONE,NOT_REQUIRED_BY_C2_C3,NONE
LUMINA_JNU_FINE_DUMP,src/lumina_plasma.c:1560,literal getenv,unset: source comment/default states OFF,ON_GATE,ACTIVE_OBSERVED,1,/gpfs/kjhan/lumina_runner2/logs/coevolve_consume_parity51/stdout.log:37903|/gpfs/kjhan/lumina_runner2/logs/coevolve_consume_parity51/stdout.log:54|/gpfs/kjhan/lumina_runner2/logs/coevolve_consume_parity56/stdout.log:38132|/gpfs/kjhan/lumina_runner2/logs/coevolve_consume_parity56/stdout.log:54|/gpfs/kjhan/lumina_runner2/logs/coevolve_consume_parity57/stdout.log:38899|/gpfs/kjhan/lumina_runner2/logs/coevolve_consume_parity57/stdout.log:54|/gpfs/kjhan/lumina_runner2/logs/coevolve_consume_parity58/stdout.log:38132|/gpfs/kjhan/lumina_runner2/logs/coevolve_consume_parity58/stdout.log:54|/gpfs/kjhan/lumina_runner2/logs/coevolve_consume_parity59/stdout.log:38131|/gpfs/kjhan/lumina_runner2/logs/coevolve_consume_parity59/stdout.log:54|/gpfs/kjhan/lumina_runner2/logs/coevolve_consume_parity60/stdout.log:38950|/gpfs/kjhan/lumina_runner2/logs/coevolve_consume_parity60/stdout.log:56,"coevolve_consume_parity60 (/gpfs/kjhan/lumina_runner2/logs/coevolve_consume_parity60/stdout.log:56, value=1)",scripts/launch_parity27_syn08.sh:18|scripts/launch_parity28_syn08.sh:18|scripts/launch_parity29_syn08.sh:18|scripts/launch_parity30_syn08.sh:18|scripts/launch_parity31_syn08.sh:18|scripts/launch_parity32_syn08.sh:18|scripts/launch_parity33_syn08.sh:22|scripts/launch_parity34_syn08.sh:31|scripts/launch_parity35_syn08.sh:26|scripts/launch_parity36a_base.sh:38|scripts/launch_parity36b_noskip.sh:46|scripts/launch_parity37_taudump.sh:52|scripts/launch_parity38_nofloor.sh:61|scripts/launch_parity39_baseline.sh:38|scripts/launch_parity40_tepin.sh:66|scripts/launch_parity41_sivcaiv.sh:78|scripts/launch_parity42_gphoff.sh:72|scripts/sbatch_gpu_determinism_probe_a100.sh:32|scripts/sbatch_gpu_determinism_probe_h100.sh:32|scripts/sbatch_parity26_diag.sh:25|scripts/sbatch_parity27_tepin.sh:30|scripts/sbatch_parity28_binfield.sh:30,UNAUDITED,NONE,UNTESTED,LOW,diagnostic/output/self-test control; may alter I/O or early exit but no production array/layout mutation identified at consumer,NO_EVIDENCE (no #if 0; repository dead_code_audit found no unreferenced non-static consumer function),required RESOLVED_CONFIG evidence unavailable (0 files); stdout RUN FOOTER used as fallback,C3_ACTIVE_OFF_UNTESTED,P3,"required: same binary/input; UNSET vs explicit neutral/OFF vs ON(shadow); byte-compare registered state, layout/table manifests, oracle outputs, RNG/event counters; ON must not commit target state"
LUMINA_JNU_SED_DUMP,src/lumina_plasma.c:907,literal getenv,unset: diagnostic/self-test branch not requested (no getenv value),ON_GATE(diagnostic),DORMANT,NONE,NONE,NONE,scripts/run_ada_lstar_diag.sh:55|scripts/slurm_ddc15_a3_lstar.sh:85|scripts/slurm_ddc15_nefix_prof.sh:65,UNAUDITED,NONE,UNTESTED,LOW,diagnostic/output/self-test control; may alter I/O or early exit but no production array/layout mutation identified at consumer,NO_EVIDENCE (no #if 0; repository dead_code_audit found no unreferenced non-static consumer function),required RESOLVED_CONFIG evidence unavailable (0 files); stdout RUN FOOTER used as fallback,C1_DORMANT_UNAUDITED,NOT_REQUIRED_BY_C2_C3,NONE
LUMINA_JPROBE,src/lumina_cuda.cu:7552|src/lumina_cuda.cu:7618|src/lumina_cuda.cu:7633,literal getenv,unset: diagnostic/self-test branch not requested (no getenv value),ON_GATE(diagnostic),ACTIVE_OBSERVED,1,/gpfs/kjhan/lumina_runner2/logs/coevolve_consume_parity51/stdout.log:24|/gpfs/kjhan/lumina_runner2/logs/coevolve_consume_parity51/stdout.log:37873|/gpfs/kjhan/lumina_runner2/logs/coevolve_consume_parity56/stdout.log:24|/gpfs/kjhan/lumina_runner2/logs/coevolve_consume_parity56/stdout.log:38102|/gpfs/kjhan/lumina_runner2/logs/coevolve_consume_parity57/stdout.log:24|/gpfs/kjhan/lumina_runner2/logs/coevolve_consume_parity57/stdout.log:38869|/gpfs/kjhan/lumina_runner2/logs/coevolve_consume_parity58/stdout.log:24|/gpfs/kjhan/lumina_runner2/logs/coevolve_consume_parity58/stdout.log:38102|/gpfs/kjhan/lumina_runner2/logs/coevolve_consume_parity59/stdout.log:24|/gpfs/kjhan/lumina_runner2/logs/coevolve_consume_parity59/stdout.log:38101|/gpfs/kjhan/lumina_runner2/logs/coevolve_consume_parity60/stdout.log:24|/gpfs/kjhan/lumina_runner2/logs/coevolve_consume_parity60/stdout.log:38918,"coevolve_consume_parity60 (/gpfs/kjhan/lumina_runner2/logs/coevolve_consume_parity60/stdout.log:38918, value=1)",scripts/run_coevolve_s01.sh:101|scripts/run_coevolve_s01.sh:123|scripts/run_fix17.sh:54|scripts/run_fix19.sh:54,COVERED,docs/COEVOLVE_REWIRING_PLAN.md,UNTESTED,LOW,diagnostic/output/self-test control; may alter I/O or early exit but no production array/layout mutation identified at consumer,NO_EVIDENCE (no #if 0; repository dead_code_audit found no unreferenced non-static consumer function),required RESOLVED_CONFIG evidence unavailable (0 files); stdout RUN FOOTER used as fallback,C3_ACTIVE_OFF_UNTESTED,P3,"required: same binary/input; UNSET vs explicit neutral/OFF vs ON(shadow); byte-compare registered state, layout/table manifests, oracle outputs, RNG/event counters; ON must not commit target state"
LUMINA_J_CAP_FACTOR,src/lumina_plasma.c:3467,literal getenv,unset: source ternary selects fallback expression `0.0)`,ON_GATE/parameter (non-NULL/nonzero or selector value requests the named branch/override),DORMANT,NONE,NONE,NONE,scripts/slurm_jcap_test.sh:206|scripts/slurm_ma_internal_cap.sh:206,UNAUDITED,NONE,UNTESTED,MEDIUM,parameter/mask can alter arithmetic over multiple selected records or shells; no direct layout reconstruction identified,NO_EVIDENCE (no #if 0; repository dead_code_audit found no unreferenced non-static consumer function),required RESOLVED_CONFIG evidence unavailable (0 files); stdout RUN FOOTER used as fallback,C1_DORMANT_UNAUDITED,NOT_REQUIRED_BY_C2_C3,NONE
LUMINA_J_DAMP,src/lumina_cuda.cu:7525,literal getenv,unset: source ternary selects fallback expression `1.0`,ON_GATE/parameter (non-NULL/nonzero or selector value requests the named branch/override),ACTIVE_OBSERVED,0.5,/gpfs/kjhan/lumina_runner2/logs/coevolve_consume_parity51/stdout.log:110|/gpfs/kjhan/lumina_runner2/logs/coevolve_consume_parity51/stdout.log:37959|/gpfs/kjhan/lumina_runner2/logs/coevolve_consume_parity56/stdout.log:111|/gpfs/kjhan/lumina_runner2/logs/coevolve_consume_parity56/stdout.log:38189|/gpfs/kjhan/lumina_runner2/logs/coevolve_consume_parity57/stdout.log:111|/gpfs/kjhan/lumina_runner2/logs/coevolve_consume_parity57/stdout.log:38956|/gpfs/kjhan/lumina_runner2/logs/coevolve_consume_parity58/stdout.log:112|/gpfs/kjhan/lumina_runner2/logs/coevolve_consume_parity58/stdout.log:38190|/gpfs/kjhan/lumina_runner2/logs/coevolve_consume_parity59/stdout.log:112|/gpfs/kjhan/lumina_runner2/logs/coevolve_consume_parity59/stdout.log:38189|/gpfs/kjhan/lumina_runner2/logs/coevolve_consume_parity60/stdout.log:114|/gpfs/kjhan/lumina_runner2/logs/coevolve_consume_parity60/stdout.log:39008,"coevolve_consume_parity60 (/gpfs/kjhan/lumina_runner2/logs/coevolve_consume_parity60/stdout.log:39008, value=0.5)",scripts/run_bfdark.sh:55|scripts/run_coevolve_s01.sh:56|scripts/run_fix14.sh:54|scripts/run_fix15.sh:54|scripts/run_fix16.sh:54|scripts/run_fix17.sh:55|scripts/run_fix18.sh:54|scripts/run_fix19.sh:55|scripts/run_fix20.sh:54|scripts/run_fix21.sh:55|scripts/run_fix22.sh:55|scripts/run_hotdump.sh:56|scripts/run_iterdump.sh:56|scripts/run_milne1.sh:56|scripts/run_milneP.sh:58|scripts/run_recdiag.sh:58|scripts/run_repro22.sh:55|scripts/run_s40diag.sh:56|scripts/test_thenmc_bin.sh:30,COVERED,docs/N3_JBAR_DAMP_UNIFY_DESIGN.md;docs/COEVOLVE_REWIRING_PLAN.md,UNTESTED,MEDIUM,parameter/mask can alter arithmetic over multiple selected records or shells; no direct layout reconstruction identified,NO_EVIDENCE (no #if 0; repository dead_code_audit found no unreferenced non-static consumer function),required RESOLVED_CONFIG evidence unavailable (0 files); stdout RUN FOOTER used as fallback,C3_ACTIVE_OFF_UNTESTED,P2,"required: same binary/input; UNSET vs explicit neutral/OFF vs ON(shadow); byte-compare registered state, layout/table manifests, oracle outputs, RNG/event counters; ON must not commit target state"
LUMINA_J_FLOOR_FACTOR,src/lumina_plasma.c:3483,literal getenv,unset: source ternary selects fallback expression `0.0)`,ON_GATE/parameter (non-NULL/nonzero or selector value requests the named branch/override),DORMANT,NONE,NONE,NONE,NONE,UNAUDITED,NONE,UNTESTED,MEDIUM,parameter/mask can alter arithmetic over multiple selected records or shells; no direct layout reconstruction identified,NO_EVIDENCE (no #if 0; repository dead_code_audit found no unreferenced non-static consumer function),required RESOLVED_CONFIG evidence unavailable (0 files); stdout RUN FOOTER used as fallback,C1_DORMANT_UNAUDITED,NOT_REQUIRED_BY_C2_C3,NONE
LUMINA_J_NU_UV_CAP,src/lumina_plasma.c:14310,literal getenv,unset: direct getenv condition is false; named branch is not entered,ON_GATE/parameter (non-NULL/nonzero or selector value requests the named branch/override),DORMANT,NONE,NONE,NONE,scripts/slurm_radeq_diag.sh:225|scripts/slurm_uvcap_smoke.sh:49,UNAUDITED,NONE,UNTESTED,MEDIUM,parameter/mask can alter arithmetic over multiple selected records or shells; no direct layout reconstruction identified,NO_EVIDENCE (no #if 0; repository dead_code_audit found no unreferenced non-static consumer function),required RESOLVED_CONFIG evidence unavailable (0 files); stdout RUN FOOTER used as fallback,C1_DORMANT_UNAUDITED,NOT_REQUIRED_BY_C2_C3,NONE
LUMINA_J_NU_UV_CAP_LAMBDA_MAX,src/lumina_plasma.c:14312,literal getenv,unset: NULL makes the guarded named branch false; no env-requested override/action at this consumer,ON_GATE/parameter (non-NULL/nonzero or selector value requests the named branch/override),DORMANT,NONE,NONE,NONE,scripts/slurm_radeq_diag.sh:227|scripts/slurm_uvcap_smoke.sh:50,UNAUDITED,NONE,UNTESTED,MEDIUM,parameter/mask can alter arithmetic over multiple selected records or shells; no direct layout reconstruction identified,NO_EVIDENCE (no #if 0; repository dead_code_audit found no unreferenced non-static consumer function),required RESOLVED_CONFIG evidence unavailable (0 files); stdout RUN FOOTER used as fallback,C1_DORMANT_UNAUDITED,NOT_REQUIRED_BY_C2_C3,NONE
LUMINA_J_NU_UV_CAP_LAMBDA_MIN,src/lumina_plasma.c:14314,literal getenv,unset: NULL makes the guarded named branch false; no env-requested override/action at this consumer,ON_GATE/parameter (non-NULL/nonzero or selector value requests the named branch/override),DORMANT,NONE,NONE,NONE,scripts/slurm_radeq_diag.sh:226|scripts/slurm_uvcap_smoke.sh:51,UNAUDITED,NONE,UNTESTED,MEDIUM,parameter/mask can alter arithmetic over multiple selected records or shells; no direct layout reconstruction identified,NO_EVIDENCE (no #if 0; repository dead_code_audit found no unreferenced non-static consumer function),required RESOLVED_CONFIG evidence unavailable (0 files); stdout RUN FOOTER used as fallback,C1_DORMANT_UNAUDITED,NOT_REQUIRED_BY_C2_C3,NONE
LUMINA_J_NU_UV_W_CAP,src/lumina_plasma.c:14316,literal getenv,unset: NULL makes the guarded named branch false; no env-requested override/action at this consumer,ON_GATE/parameter (non-NULL/nonzero or selector value requests the named branch/override),DORMANT,NONE,NONE,NONE,scripts/slurm_radeq_diag.sh:228|scripts/slurm_uvcap_smoke.sh:52,UNAUDITED,NONE,UNTESTED,MEDIUM,parameter/mask can alter arithmetic over multiple selected records or shells; no direct layout reconstruction identified,NO_EVIDENCE (no #if 0; repository dead_code_audit found no unreferenced non-static consumer function),required RESOLVED_CONFIG evidence unavailable (0 files); stdout RUN FOOTER used as fallback,C1_DORMANT_UNAUDITED,NOT_REQUIRED_BY_C2_C3,NONE
LUMINA_KPACKET,src/lumina_cuda.cu:217|src/lumina_cuda.cu:6513|src/lumina_cuda.cu:6514|src/lumina_plasma.c:3828,literal getenv,unset: NULL makes the guarded named branch false; no env-requested override/action at this consumer,ON_GATE/parameter (non-NULL/nonzero or selector value requests the named branch/override),ACTIVE_OBSERVED,1,/gpfs/kjhan/lumina_runner2/logs/coevolve_consume_parity51/stdout.log:37897|/gpfs/kjhan/lumina_runner2/logs/coevolve_consume_parity51/stdout.log:48|/gpfs/kjhan/lumina_runner2/logs/coevolve_consume_parity56/stdout.log:38126|/gpfs/kjhan/lumina_runner2/logs/coevolve_consume_parity56/stdout.log:48|/gpfs/kjhan/lumina_runner2/logs/coevolve_consume_parity57/stdout.log:38893|/gpfs/kjhan/lumina_runner2/logs/coevolve_consume_parity57/stdout.log:48|/gpfs/kjhan/lumina_runner2/logs/coevolve_consume_parity58/stdout.log:38126|/gpfs/kjhan/lumina_runner2/logs/coevolve_consume_parity58/stdout.log:48|/gpfs/kjhan/lumina_runner2/logs/coevolve_consume_parity59/stdout.log:38125|/gpfs/kjhan/lumina_runner2/logs/coevolve_consume_parity59/stdout.log:48|/gpfs/kjhan/lumina_runner2/logs/coevolve_consume_parity60/stdout.log:38943|/gpfs/kjhan/lumina_runner2/logs/coevolve_consume_parity60/stdout.log:49,"coevolve_consume_parity60 (/gpfs/kjhan/lumina_runner2/logs/coevolve_consume_parity60/stdout.log:49, value=1)",scripts/launch_parity1_syn08.sh:7|scripts/launch_parity27_syn08.sh:10|scripts/launch_parity28_syn08.sh:10|scripts/launch_parity29_syn08.sh:10|scripts/launch_parity30_syn08.sh:10|scripts/launch_parity31_syn08.sh:10|scripts/launch_parity32_syn08.sh:10|scripts/launch_parity33_syn08.sh:14|scripts/launch_parity34_syn08.sh:23|scripts/launch_parity35_syn08.sh:18|scripts/launch_parity36a_base.sh:30|scripts/launch_parity36b_noskip.sh:37|scripts/launch_parity37_taudump.sh:43|scripts/launch_parity38_nofloor.sh:51|scripts/launch_parity39_baseline.sh:26|scripts/launch_parity40_tepin.sh:54|scripts/launch_parity41_sivcaiv.sh:64|scripts/launch_parity42_gphoff.sh:59|scripts/run_bfdark.sh:110|scripts/run_bfdark.sh:111|scripts/run_bfdark.sh:112|scripts/run_bfdark.sh:113|scripts/run_bfdark.sh:114|scripts/run_bfdark.sh:115|scripts/run_bfdark.sh:116|scripts/run_coevolve_s01.sh:130|scripts/run_coevolve_s01.sh:71|scripts/run_coldata_syn08.sh:91|scripts/sbatch_aud1.sh:168|scripts/sbatch_aud2.sh:153|scripts/sbatch_aud3.sh:155|scripts/sbatch_bsrc.sh:114|scripts/sbatch_euv461.sh:160|scripts/sbatch_fbcb.sh:163|scripts/sbatch_fbckt.sh:169|scripts/sbatch_gph_alllevel.sh:42|scripts/sbatch_gph_bk.sh:42|scripts/sbatch_gph_dr.sh:48|scripts/sbatch_gph_jtable.sh:73|scripts/sbatch_gpu_determinism_probe_a100.sh:20|scripts/sbatch_gpu_determinism_probe_h100.sh:20|scripts/sbatch_jbl2.sh:172|scripts/sbatch_jblue_byteid.sh:31|scripts/sbatch_kpkt_bfnl.sh:41|scripts/sbatch_kpkt_bfnl2.sh:45|scripts/sbatch_kpkt_bfnl3.sh:45|scripts/sbatch_kpkt_bsig.sh:35|scripts/sbatch_kpkt_euvf.sh:28|scripts/sbatch_kpkt_evlog.sh:33|scripts/sbatch_kpkt_exit.sh:26|scripts/sbatch_kpkt_exit_capemit.sh:27|scripts/sbatch_kpkt_exit_gphsig.sh:29|scripts/sbatch_kpkt_exit_iupbeta.sh:39|scripts/sbatch_kpkt_exit_kromer.sh:25|scripts/sbatch_kpkt_exit_mc.sh:25|scripts/sbatch_kpkt_exit_occ.sh:28|scripts/sbatch_kpkt_exit_si.sh:33|scripts/sbatch_kpkt_exit_si_hs.sh:26|scripts/sbatch_kpkt_exit_sioc.sh:26|scripts/sbatch_kpkt_exit_tepin.sh:32|scripts/sbatch_kpkt_exit_vp.sh:26|scripts/sbatch_kpkt_fbmulti.sh:37|scripts/sbatch_kpkt_jblue.sh:38|scripts/sbatch_kpr.sh:150|scripts/sbatch_kpr10.sh:173|scripts/sbatch_kpr10b.sh:173|scripts/sbatch_kpr2.sh:137|scripts/sbatch_kpr3.sh:136|scripts/sbatch_kpr4.sh:163|scripts/sbatch_kpr5.sh:178|scripts/sbatch_kpr5jt.sh:179|scripts/sbatch_kpr6.sh:154|scripts/sbatch_kpr7.sh:167|scripts/sbatch_kpr8.sh:190|scripts/sbatch_kpr9.sh:171|scripts/sbatch_kpr_nob3.sh:150|scripts/sbatch_ltherm.sh:122|scripts/sbatch_mabf.sh:70|scripts/sbatch_milne.sh:166|scripts/sbatch_milnec2.sh:166|scripts/sbatch_milnec2ne64.sh:158|scripts/sbatch_parity26_diag.sh:18|scripts/sbatch_parity27_tepin.sh:23|scripts/sbatch_parity28_binfield.sh:23|scripts/sbatch_stage4.sh:119|scripts/sbatch_te_jtable.sh:80|scripts/sbatch_te_table.sh:86|scripts/sbatch_tepop1.sh:157|scripts/sbatch_tincol.sh:100|scripts/sbatch_tincol_tetab.sh:98|scripts/slurm_ddc15_initial.sh:95,COVERED,docs/CODEX_WAVE2_A_REPAIR_REPORT_2026-07-31.md;docs/V3_FUNCTION_AUDIT_VERIFICATION_2026-07-31.md;docs/ARTIS_PARITY_GAP_AUDIT.md;docs/BF_CASCADE_DESIGN.md;docs/CODEX_WAVE2_1_A_REPAIR.md;+2 more,UNTESTED,MEDIUM,parameter/mask can alter arithmetic over multiple selected records or shells; no direct layout reconstruction identified,NO_EVIDENCE (no #if 0; repository dead_code_audit found no unreferenced non-static consumer function),required RESOLVED_CONFIG evidence unavailable (0 files); stdout RUN FOOTER used as fallback,C3_ACTIVE_OFF_UNTESTED,P2,"required: same binary/input; UNSET vs explicit neutral/OFF vs ON(shadow); byte-compare registered state, layout/table manifests, oracle outputs, RNG/event counters; ON must not commit target state"
LUMINA_KPACKET_EXIT,src/lumina_cuda.cu:6690|src/lumina_cuda.cu:6691,literal getenv,unset: source comment/default states 0,ON_GATE,DORMANT,NONE,NONE,NONE,scripts/run_coldata_syn08.sh:91|scripts/sbatch_aud1.sh:168|scripts/sbatch_aud2.sh:153|scripts/sbatch_aud3.sh:155|scripts/sbatch_bsrc.sh:114|scripts/sbatch_euv461.sh:160|scripts/sbatch_fbcb.sh:163|scripts/sbatch_fbckt.sh:169|scripts/sbatch_gph_alllevel.sh:42|scripts/sbatch_gph_bk.sh:42|scripts/sbatch_gph_dr.sh:48|scripts/sbatch_gph_jtable.sh:73|scripts/sbatch_jbl2.sh:172|scripts/sbatch_jblue_byteid.sh:31|scripts/sbatch_kpkt_bfnl.sh:41|scripts/sbatch_kpkt_bfnl2.sh:45|scripts/sbatch_kpkt_bfnl3.sh:45|scripts/sbatch_kpkt_bsig.sh:35|scripts/sbatch_kpkt_euvf.sh:28|scripts/sbatch_kpkt_evlog.sh:33|scripts/sbatch_kpkt_exit.sh:26|scripts/sbatch_kpkt_exit_capemit.sh:27|scripts/sbatch_kpkt_exit_gphsig.sh:29|scripts/sbatch_kpkt_exit_iupbeta.sh:39|scripts/sbatch_kpkt_exit_kromer.sh:25|scripts/sbatch_kpkt_exit_mc.sh:25|scripts/sbatch_kpkt_exit_occ.sh:28|scripts/sbatch_kpkt_exit_si.sh:33|scripts/sbatch_kpkt_exit_si_hs.sh:26|scripts/sbatch_kpkt_exit_sioc.sh:26|scripts/sbatch_kpkt_exit_tepin.sh:32|scripts/sbatch_kpkt_exit_vp.sh:26|scripts/sbatch_kpkt_fbmulti.sh:37|scripts/sbatch_kpkt_jblue.sh:38|scripts/sbatch_kpr.sh:150|scripts/sbatch_kpr10.sh:173|scripts/sbatch_kpr10b.sh:173|scripts/sbatch_kpr2.sh:137|scripts/sbatch_kpr3.sh:136|scripts/sbatch_kpr4.sh:163|scripts/sbatch_kpr5.sh:178|scripts/sbatch_kpr5jt.sh:179|scripts/sbatch_kpr6.sh:154|scripts/sbatch_kpr7.sh:167|scripts/sbatch_kpr8.sh:190|scripts/sbatch_kpr9.sh:171|scripts/sbatch_kpr_nob3.sh:150|scripts/sbatch_ltherm.sh:122|scripts/sbatch_mabf.sh:70|scripts/sbatch_milne.sh:166|scripts/sbatch_milnec2.sh:166|scripts/sbatch_milnec2ne64.sh:158|scripts/sbatch_stage4.sh:119|scripts/sbatch_te_jtable.sh:80|scripts/sbatch_te_table.sh:86|scripts/sbatch_tepop1.sh:157|scripts/sbatch_tincol.sh:100|scripts/sbatch_tincol_tetab.sh:98,UNAUDITED,NONE,UNTESTED,MEDIUM,parameter/mask can alter arithmetic over multiple selected records or shells; no direct layout reconstruction identified,NO_EVIDENCE (no #if 0; repository dead_code_audit found no unreferenced non-static consumer function),required RESOLVED_CONFIG evidence unavailable (0 files); stdout RUN FOOTER used as fallback,C1_DORMANT_UNAUDITED,NOT_REQUIRED_BY_C2_C3,NONE
LUMINA_KPACKET_ONESHOT,src/lumina_cuda.cu:6685|src/lumina_cuda.cu:6686,literal getenv,unset: source comment/default states 0,ON_GATE,DORMANT,NONE,NONE,NONE,NONE,UNAUDITED,NONE,UNTESTED,MEDIUM,parameter/mask can alter arithmetic over multiple selected records or shells; no direct layout reconstruction identified,NO_EVIDENCE (no #if 0; repository dead_code_audit found no unreferenced non-static consumer function),required RESOLVED_CONFIG evidence unavailable (0 files); stdout RUN FOOTER used as fallback,C1_DORMANT_UNAUDITED,NOT_REQUIRED_BY_C2_C3,NONE
LUMINA_KPEMISS_BSRC_PHOT,src/lumina_cuda.cu:7063|src/lumina_cuda.cu:7064,literal getenv,unset: source comment/default states 2,ON_GATE(parameter),DORMANT,NONE,NONE,NONE,scripts/run_coldata_syn08.sh:69|scripts/sbatch_aud2.sh:139|scripts/sbatch_euv461.sh:134|scripts/sbatch_fbcb.sh:134|scripts/sbatch_fbckt.sh:134|scripts/sbatch_jbl2.sh:153|scripts/sbatch_kpr10.sh:154|scripts/sbatch_kpr10b.sh:154|scripts/sbatch_kpr6.sh:140|scripts/sbatch_kpr7.sh:150|scripts/sbatch_kpr8.sh:165|scripts/sbatch_kpr9.sh:152|scripts/sbatch_milne.sh:134|scripts/sbatch_milnec2.sh:134|scripts/sbatch_milnec2ne64.sh:126|scripts/sbatch_tepop1.sh:134,COVERED,docs/PHOTOSPHERIC_EUV_REPAIR_DESIGN.md,UNTESTED,MEDIUM,parameter/mask can alter arithmetic over multiple selected records or shells; no direct layout reconstruction identified,NO_EVIDENCE (no #if 0; repository dead_code_audit found no unreferenced non-static consumer function),required RESOLVED_CONFIG evidence unavailable (0 files); stdout RUN FOOTER used as fallback,NONE,NOT_REQUIRED_BY_C2_C3,NONE
LUMINA_KPEMISS_BSRC_PHOT_SRC,src/lumina_cuda.cu:7069,literal getenv,unset: source comment/default states 0.0,ON_GATE(parameter),DORMANT,NONE,NONE,NONE,scripts/run_coldata_syn08.sh:70|scripts/sbatch_aud2.sh:140|scripts/sbatch_euv461.sh:136|scripts/sbatch_fbcb.sh:136|scripts/sbatch_fbckt.sh:136|scripts/sbatch_jbl2.sh:155|scripts/sbatch_kpr10.sh:156|scripts/sbatch_kpr10b.sh:156|scripts/sbatch_kpr6.sh:143|scripts/sbatch_kpr7.sh:152|scripts/sbatch_kpr8.sh:167|scripts/sbatch_kpr9.sh:154|scripts/sbatch_milne.sh:136|scripts/sbatch_milnec2.sh:136|scripts/sbatch_milnec2ne64.sh:128|scripts/sbatch_tepop1.sh:136,COVERED,docs/PHOTOSPHERIC_EUV_REPAIR_DESIGN.md,UNTESTED,MEDIUM,parameter/mask can alter arithmetic over multiple selected records or shells; no direct layout reconstruction identified,NO_EVIDENCE (no #if 0; repository dead_code_audit found no unreferenced non-static consumer function),required RESOLVED_CONFIG evidence unavailable (0 files); stdout RUN FOOTER used as fallback,NONE,NOT_REQUIRED_BY_C2_C3,NONE
LUMINA_KPEMISS_BSRC_PHOT_WFLOOR,src/lumina_cuda.cu:7066,literal getenv,unset: source comment/default states 0.0,ON_GATE(parameter),DORMANT,NONE,NONE,NONE,scripts/sbatch_kpr6.sh:142,UNAUDITED,NONE,UNTESTED,MEDIUM,parameter/mask can alter arithmetic over multiple selected records or shells; no direct layout reconstruction identified,NO_EVIDENCE (no #if 0; repository dead_code_audit found no unreferenced non-static consumer function),required RESOLVED_CONFIG evidence unavailable (0 files); stdout RUN FOOTER used as fallback,C1_DORMANT_UNAUDITED,NOT_REQUIRED_BY_C2_C3,NONE
LUMINA_KPEMISS_BSRC_PHOT_XION,src/lumina_cuda.cu:7071|src/lumina_cuda.cu:7072,literal getenv,unset: getenv returns NULL and this env override is not applied; compiled initializer/parent mode remains,ON_GATE/parameter (exact polarity unresolved),DORMANT,NONE,NONE,NONE,scripts/run_coldata_syn08.sh:73|scripts/sbatch_aud2.sh:143|scripts/sbatch_euv461.sh:145|scripts/sbatch_fbcb.sh:148|scripts/sbatch_fbckt.sh:148|scripts/sbatch_jbl2.sh:161|scripts/sbatch_kpr10.sh:162|scripts/sbatch_kpr10b.sh:162|scripts/sbatch_kpr8.sh:177|scripts/sbatch_kpr9.sh:160|scripts/sbatch_milne.sh:148|scripts/sbatch_milnec2.sh:148|scripts/sbatch_milnec2ne64.sh:140|scripts/sbatch_tepop1.sh:142,UNAUDITED,NONE,UNTESTED,MEDIUM,parameter/mask can alter arithmetic over multiple selected records or shells; no direct layout reconstruction identified,NO_EVIDENCE (no #if 0; repository dead_code_audit found no unreferenced non-static consumer function),exact unset initializer/polarity requires function-level semantic audit | required RESOLVED_CONFIG evidence unavailable (0 files); stdout RUN FOOTER used as fallback,C1_DORMANT_UNAUDITED,NOT_REQUIRED_BY_C2_C3,NONE
LUMINA_KPEMISS_BSRC_SRC,src/lumina_cuda.cu:7038,literal getenv,unset: NULL makes the guarded named branch false; no env-requested override/action at this consumer,ON_GATE/parameter (non-NULL/nonzero or selector value requests the named branch/override),DORMANT,NONE,NONE,NONE,scripts/run_coldata_syn08.sh:60|scripts/sbatch_aud1.sh:128|scripts/sbatch_aud2.sh:119|scripts/sbatch_aud3.sh:117|scripts/sbatch_euv461.sh:115|scripts/sbatch_fbcb.sh:115|scripts/sbatch_fbckt.sh:115|scripts/sbatch_jbl2.sh:134|scripts/sbatch_kpr10.sh:135|scripts/sbatch_kpr10b.sh:135|scripts/sbatch_kpr3.sh:121|scripts/sbatch_kpr4.sh:144|scripts/sbatch_kpr5.sh:154|scripts/sbatch_kpr5jt.sh:154|scripts/sbatch_kpr6.sh:121|scripts/sbatch_kpr7.sh:131|scripts/sbatch_kpr8.sh:146|scripts/sbatch_kpr9.sh:133|scripts/sbatch_milne.sh:115|scripts/sbatch_milnec2.sh:115|scripts/sbatch_milnec2ne64.sh:107|scripts/sbatch_tepop1.sh:115,UNAUDITED,NONE,UNTESTED,MEDIUM,parameter/mask can alter arithmetic over multiple selected records or shells; no direct layout reconstruction identified,NO_EVIDENCE (no #if 0; repository dead_code_audit found no unreferenced non-static consumer function),required RESOLVED_CONFIG evidence unavailable (0 files); stdout RUN FOOTER used as fallback,C1_DORMANT_UNAUDITED,NOT_REQUIRED_BY_C2_C3,NONE
LUMINA_KPEMISS_BSRC_TAU,src/lumina_cuda.cu:7033|src/lumina_cuda.cu:7034,literal getenv,unset: getenv returns NULL and this env override is not applied; compiled initializer/parent mode remains,ON_GATE/parameter (exact polarity unresolved),DORMANT,NONE,NONE,NONE,scripts/run_coldata_syn08.sh:59|scripts/sbatch_aud1.sh:127|scripts/sbatch_aud2.sh:118|scripts/sbatch_aud3.sh:116|scripts/sbatch_euv461.sh:114|scripts/sbatch_fbcb.sh:114|scripts/sbatch_fbckt.sh:114|scripts/sbatch_jbl2.sh:133|scripts/sbatch_kpr.sh:139|scripts/sbatch_kpr10.sh:134|scripts/sbatch_kpr10b.sh:134|scripts/sbatch_kpr2.sh:122|scripts/sbatch_kpr3.sh:120|scripts/sbatch_kpr4.sh:143|scripts/sbatch_kpr5.sh:153|scripts/sbatch_kpr5jt.sh:153|scripts/sbatch_kpr6.sh:120|scripts/sbatch_kpr7.sh:130|scripts/sbatch_kpr8.sh:145|scripts/sbatch_kpr9.sh:132|scripts/sbatch_kpr_nob3.sh:139|scripts/sbatch_milne.sh:114|scripts/sbatch_milnec2.sh:114|scripts/sbatch_milnec2ne64.sh:106|scripts/sbatch_tepop1.sh:114,COVERED,docs/KP_EMISS_REPAIR_DESIGN.md;docs/PHOTOSPHERIC_EUV_REPAIR_DESIGN.md,UNTESTED,MEDIUM,parameter/mask can alter arithmetic over multiple selected records or shells; no direct layout reconstruction identified,NO_EVIDENCE (no #if 0; repository dead_code_audit found no unreferenced non-static consumer function),exact unset initializer/polarity requires function-level semantic audit | required RESOLVED_CONFIG evidence unavailable (0 files); stdout RUN FOOTER used as fallback,NONE,NOT_REQUIRED_BY_C2_C3,NONE
LUMINA_KPEMISS_BSRC_WFLOOR,src/lumina_cuda.cu:7067,literal getenv,unset: source comment/default states 0.0,ON_GATE(parameter),DORMANT,NONE,NONE,NONE,NONE,COVERED,docs/PHOTOSPHERIC_EUV_REPAIR_DESIGN.md,UNTESTED,MEDIUM,parameter/mask can alter arithmetic over multiple selected records or shells; no direct layout reconstruction identified,NO_EVIDENCE (no #if 0; repository dead_code_audit found no unreferenced non-static consumer function),required RESOLVED_CONFIG evidence unavailable (0 files); stdout RUN FOOTER used as fallback,NONE,NOT_REQUIRED_BY_C2_C3,NONE
LUMINA_KPEMISS_COOLGUARD,src/lumina_cuda.cu:7113,literal getenv,unset: source comment/default states ON,OFF_GATE,DORMANT,NONE,NONE,NONE,scripts/run_coldata_syn08.sh:62|scripts/sbatch_aud1.sh:134|scripts/sbatch_aud2.sh:123|scripts/sbatch_aud3.sh:122|scripts/sbatch_euv461.sh:119|scripts/sbatch_fbcb.sh:119|scripts/sbatch_fbckt.sh:119|scripts/sbatch_jbl2.sh:138|scripts/sbatch_kpr10.sh:139|scripts/sbatch_kpr10b.sh:139|scripts/sbatch_kpr2.sh:126|scripts/sbatch_kpr3.sh:125|scripts/sbatch_kpr4.sh:148|scripts/sbatch_kpr5.sh:158|scripts/sbatch_kpr5jt.sh:158|scripts/sbatch_kpr6.sh:125|scripts/sbatch_kpr7.sh:135|scripts/sbatch_kpr8.sh:150|scripts/sbatch_kpr9.sh:137|scripts/sbatch_milne.sh:119|scripts/sbatch_milnec2.sh:119|scripts/sbatch_milnec2ne64.sh:111|scripts/sbatch_tepop1.sh:119,UNAUDITED,NONE,UNTESTED,MEDIUM,parameter/mask can alter arithmetic over multiple selected records or shells; no direct layout reconstruction identified,NO_EVIDENCE (no #if 0; repository dead_code_audit found no unreferenced non-static consumer function),required RESOLVED_CONFIG evidence unavailable (0 files); stdout RUN FOOTER used as fallback,C1_DORMANT_UNAUDITED,NOT_REQUIRED_BY_C2_C3,NONE
LUMINA_KPEMISS_FB_OTS,src/lumina_cuda.cu:7073|src/lumina_cuda.cu:7074,literal getenv,unset: source comment/default states 2,ON_GATE(parameter),DORMANT,NONE,NONE,NONE,scripts/run_coldata_syn08.sh:71|scripts/sbatch_aud2.sh:141|scripts/sbatch_euv461.sh:138|scripts/sbatch_fbcb.sh:138|scripts/sbatch_fbckt.sh:138|scripts/sbatch_jbl2.sh:157|scripts/sbatch_kpr10.sh:158|scripts/sbatch_kpr10b.sh:158|scripts/sbatch_kpr6.sh:145|scripts/sbatch_kpr7.sh:154|scripts/sbatch_kpr8.sh:169|scripts/sbatch_kpr9.sh:156|scripts/sbatch_milne.sh:138|scripts/sbatch_milnec2.sh:138|scripts/sbatch_milnec2ne64.sh:130|scripts/sbatch_tepop1.sh:138,COVERED,docs/PHOTOSPHERIC_EUV_REPAIR_DESIGN.md,UNTESTED,MEDIUM,parameter/mask can alter arithmetic over multiple selected records or shells; no direct layout reconstruction identified,NO_EVIDENCE (no #if 0; repository dead_code_audit found no unreferenced non-static consumer function),required RESOLVED_CONFIG evidence unavailable (0 files); stdout RUN FOOTER used as fallback,NONE,NOT_REQUIRED_BY_C2_C3,NONE
LUMINA_KPEMISS_FB_OTS_NUMIN,src/lumina_cuda.cu:7075,literal getenv,unset: source comment/default states 2,ON_GATE(parameter),DORMANT,NONE,NONE,NONE,scripts/run_coldata_syn08.sh:72|scripts/sbatch_aud2.sh:142|scripts/sbatch_euv461.sh:140|scripts/sbatch_fbcb.sh:140|scripts/sbatch_fbckt.sh:140|scripts/sbatch_jbl2.sh:159|scripts/sbatch_kpr10.sh:160|scripts/sbatch_kpr10b.sh:160|scripts/sbatch_kpr6.sh:147|scripts/sbatch_kpr7.sh:156|scripts/sbatch_kpr8.sh:172|scripts/sbatch_kpr9.sh:158|scripts/sbatch_milne.sh:140|scripts/sbatch_milnec2.sh:140|scripts/sbatch_milnec2ne64.sh:132|scripts/sbatch_tepop1.sh:140,COVERED,docs/PHOTOSPHERIC_EUV_REPAIR_DESIGN.md,UNTESTED,MEDIUM,parameter/mask can alter arithmetic over multiple selected records or shells; no direct layout reconstruction identified,NO_EVIDENCE (no #if 0; repository dead_code_audit found no unreferenced non-static consumer function),required RESOLVED_CONFIG evidence unavailable (0 files); stdout RUN FOOTER used as fallback,NONE,NOT_REQUIRED_BY_C2_C3,NONE
LUMINA_KPEMISS_OTS_MODE,src/lumina_cuda.cu:7078,literal getenv,unset: source comment/default states 2,ON_GATE(parameter),DORMANT,NONE,NONE,NONE,scripts/run_coldata_syn08.sh:74|scripts/sbatch_aud2.sh:144|scripts/sbatch_euv461.sh:147|scripts/sbatch_fbcb.sh:150|scripts/sbatch_fbckt.sh:150|scripts/sbatch_jbl2.sh:163|scripts/sbatch_kpr10.sh:164|scripts/sbatch_kpr10b.sh:164|scripts/sbatch_kpr7.sh:158|scripts/sbatch_kpr8.sh:181|scripts/sbatch_kpr9.sh:162|scripts/sbatch_milne.sh:150|scripts/sbatch_milnec2.sh:150|scripts/sbatch_milnec2ne64.sh:142|scripts/sbatch_tepop1.sh:144,UNAUDITED,NONE,UNTESTED,MEDIUM,parameter/mask can alter arithmetic over multiple selected records or shells; no direct layout reconstruction identified,NO_EVIDENCE (no #if 0; repository dead_code_audit found no unreferenced non-static consumer function),required RESOLVED_CONFIG evidence unavailable (0 files); stdout RUN FOOTER used as fallback,C1_DORMANT_UNAUDITED,NOT_REQUIRED_BY_C2_C3,NONE
LUMINA_KPEMISS_OTS_TAU,src/lumina_cuda.cu:7080,literal getenv,unset: source comment/default states 2,ON_GATE(parameter),DORMANT,NONE,NONE,NONE,scripts/run_coldata_syn08.sh:75|scripts/sbatch_aud2.sh:145|scripts/sbatch_euv461.sh:148|scripts/sbatch_fbcb.sh:151|scripts/sbatch_fbckt.sh:151|scripts/sbatch_jbl2.sh:164|scripts/sbatch_kpr10.sh:165|scripts/sbatch_kpr10b.sh:165|scripts/sbatch_kpr7.sh:159|scripts/sbatch_kpr8.sh:182|scripts/sbatch_kpr9.sh:163|scripts/sbatch_milne.sh:151|scripts/sbatch_milnec2.sh:151|scripts/sbatch_milnec2ne64.sh:143|scripts/sbatch_tepop1.sh:145,UNAUDITED,NONE,UNTESTED,MEDIUM,parameter/mask can alter arithmetic over multiple selected records or shells; no direct layout reconstruction identified,NO_EVIDENCE (no #if 0; repository dead_code_audit found no unreferenced non-static consumer function),required RESOLVED_CONFIG evidence unavailable (0 files); stdout RUN FOOTER used as fallback,C1_DORMANT_UNAUDITED,NOT_REQUIRED_BY_C2_C3,NONE
LUMINA_KPEMISS_REPAIR,src/lumina_cuda.cu:6264|src/lumina_cuda.cu:7024|src/lumina_cuda.cu:7025|src/lumina_cuda.cu:7128|src/lumina_plasma.c:3513|src/lumina_plasma.c:3526,literal + dynamic helper,unset: NULL makes the guarded named branch false; no env-requested override/action at this consumer,ON_GATE/parameter (non-NULL/nonzero or selector value requests the named branch/override),DORMANT,NONE,NONE,NONE,scripts/launch_parity29_syn08.sh:21|scripts/run_coldata_syn08.sh:56|scripts/sbatch_aud1.sh:124|scripts/sbatch_aud2.sh:115|scripts/sbatch_aud3.sh:113|scripts/sbatch_euv461.sh:111|scripts/sbatch_fbcb.sh:111|scripts/sbatch_fbckt.sh:111|scripts/sbatch_jbl2.sh:130|scripts/sbatch_kpr.sh:136|scripts/sbatch_kpr10.sh:131|scripts/sbatch_kpr10b.sh:131|scripts/sbatch_kpr2.sh:119|scripts/sbatch_kpr3.sh:117|scripts/sbatch_kpr4.sh:140|scripts/sbatch_kpr5.sh:150|scripts/sbatch_kpr5jt.sh:150|scripts/sbatch_kpr6.sh:117|scripts/sbatch_kpr7.sh:127|scripts/sbatch_kpr8.sh:142|scripts/sbatch_kpr9.sh:129|scripts/sbatch_kpr_nob3.sh:136|scripts/sbatch_milne.sh:111|scripts/sbatch_milnec2.sh:111|scripts/sbatch_milnec2ne64.sh:103|scripts/sbatch_tepop1.sh:111,COVERED,docs/KP_EMISS_REPAIR_DESIGN.md;docs/PHOTOSPHERIC_EUV_REPAIR_DESIGN.md,UNTESTED,MEDIUM,parameter/mask can alter arithmetic over multiple selected records or shells; no direct layout reconstruction identified,NO_EVIDENCE (no #if 0; repository dead_code_audit found no unreferenced non-static consumer function),required RESOLVED_CONFIG evidence unavailable (0 files); stdout RUN FOOTER used as fallback,NONE,NOT_REQUIRED_BY_C2_C3,NONE
LUMINA_KPEMISS_SE_POPS,src/lumina_cuda.cu:7031|src/lumina_cuda.cu:7032|src/lumina_plasma.c:3514,literal getenv,unset: direct getenv condition is false; named branch is not entered,ON_GATE/parameter (non-NULL/nonzero or selector value requests the named branch/override),DORMANT,NONE,NONE,NONE,scripts/launch_parity29_syn08.sh:21|scripts/run_coldata_syn08.sh:57|scripts/sbatch_aud1.sh:125|scripts/sbatch_aud2.sh:116|scripts/sbatch_aud3.sh:114|scripts/sbatch_euv461.sh:112|scripts/sbatch_fbcb.sh:112|scripts/sbatch_fbckt.sh:112|scripts/sbatch_jbl2.sh:131|scripts/sbatch_kpr.sh:137|scripts/sbatch_kpr10.sh:132|scripts/sbatch_kpr10b.sh:132|scripts/sbatch_kpr2.sh:120|scripts/sbatch_kpr3.sh:118|scripts/sbatch_kpr4.sh:141|scripts/sbatch_kpr5.sh:151|scripts/sbatch_kpr5jt.sh:151|scripts/sbatch_kpr6.sh:118|scripts/sbatch_kpr7.sh:128|scripts/sbatch_kpr8.sh:143|scripts/sbatch_kpr9.sh:130|scripts/sbatch_kpr_nob3.sh:137|scripts/sbatch_milne.sh:112|scripts/sbatch_milnec2.sh:112|scripts/sbatch_milnec2ne64.sh:104|scripts/sbatch_tepop1.sh:112,COVERED,docs/KP_EMISS_REPAIR_DESIGN.md,UNTESTED,MEDIUM,parameter/mask can alter arithmetic over multiple selected records or shells; no direct layout reconstruction identified,NO_EVIDENCE (no #if 0; repository dead_code_audit found no unreferenced non-static consumer function),required RESOLVED_CONFIG evidence unavailable (0 files); stdout RUN FOOTER used as fallback,NONE,NOT_REQUIRED_BY_C2_C3,NONE
LUMINA_KPEMISS_TE_POP,src/lumina_plasma.c:3527,literal getenv,unset: getenv returns NULL and this env override is not applied; compiled initializer/parent mode remains,ON_GATE/parameter (exact polarity unresolved),DORMANT,NONE,NONE,NONE,scripts/launch_parity29_syn08.sh:21|scripts/run_coldata_syn08.sh:76|scripts/sbatch_euv461.sh:153|scripts/sbatch_fbcb.sh:156|scripts/sbatch_fbckt.sh:156|scripts/sbatch_milne.sh:156|scripts/sbatch_milnec2.sh:156|scripts/sbatch_milnec2ne64.sh:148|scripts/sbatch_tepop1.sh:150,UNAUDITED,NONE,UNTESTED,MEDIUM,parameter/mask can alter arithmetic over multiple selected records or shells; no direct layout reconstruction identified,NO_EVIDENCE (no #if 0; repository dead_code_audit found no unreferenced non-static consumer function),exact unset initializer/polarity requires function-level semantic audit | required RESOLVED_CONFIG evidence unavailable (0 files); stdout RUN FOOTER used as fallback,C1_DORMANT_UNAUDITED,NOT_REQUIRED_BY_C2_C3,NONE
LUMINA_KPKT_FB_MULTI,src/lumina_plasma.c:6485,literal getenv,unset: getenv returns NULL and this env override is not applied; compiled initializer/parent mode remains,ON_GATE/parameter (exact polarity unresolved),DORMANT,NONE,NONE,NONE,scripts/run_coldata_syn08.sh:58|scripts/sbatch_aud1.sh:126|scripts/sbatch_aud2.sh:117|scripts/sbatch_aud3.sh:115|scripts/sbatch_euv461.sh:113|scripts/sbatch_fbcb.sh:113|scripts/sbatch_fbckt.sh:113|scripts/sbatch_jbl2.sh:132|scripts/sbatch_kpkt_bfnl.sh:36|scripts/sbatch_kpkt_bfnl2.sh:40|scripts/sbatch_kpkt_bfnl3.sh:39|scripts/sbatch_kpkt_fbmulti.sh:32|scripts/sbatch_kpr.sh:138|scripts/sbatch_kpr10.sh:133|scripts/sbatch_kpr10b.sh:133|scripts/sbatch_kpr2.sh:121|scripts/sbatch_kpr3.sh:119|scripts/sbatch_kpr4.sh:142|scripts/sbatch_kpr5.sh:152|scripts/sbatch_kpr5jt.sh:152|scripts/sbatch_kpr6.sh:119|scripts/sbatch_kpr7.sh:129|scripts/sbatch_kpr8.sh:144|scripts/sbatch_kpr9.sh:131|scripts/sbatch_kpr_nob3.sh:138|scripts/sbatch_milne.sh:113|scripts/sbatch_milnec2.sh:113|scripts/sbatch_milnec2ne64.sh:105|scripts/sbatch_tepop1.sh:113,COVERED,docs/CODEX_WAVE1_BF_REPAIR_REPORT_2026-07-31.md;docs/CODEX_WAVE1_C_REVIEW.md;docs/CODEX_WAVE2_C_REVIEW.md;docs/KP_EMISS_REPAIR_DESIGN.md;docs/PHOTOSPHERIC_EUV_REPAIR_DESIGN.md,UNTESTED,MEDIUM,parameter/mask can alter arithmetic over multiple selected records or shells; no direct layout reconstruction identified,NO_EVIDENCE (no #if 0; repository dead_code_audit found no unreferenced non-static consumer function),exact unset initializer/polarity requires function-level semantic audit | required RESOLVED_CONFIG evidence unavailable (0 files); stdout RUN FOOTER used as fallback,NONE,NOT_REQUIRED_BY_C2_C3,NONE
LUMINA_KROMER,src/lumina_cuda.cu:295|src/lumina_cuda.cu:7331,literal getenv,unset: direct getenv condition is false; named branch is not entered,ON_GATE/parameter (non-NULL/nonzero or selector value requests the named branch/override),DORMANT,NONE,NONE,NONE,scripts/run_bfdark.sh:114|scripts/run_coldata_syn08.sh:35|scripts/sbatch_aud1.sh:97|scripts/sbatch_aud2.sh:85|scripts/sbatch_aud3.sh:85|scripts/sbatch_bsrc.sh:90|scripts/sbatch_euv461.sh:78|scripts/sbatch_fbcb.sh:78|scripts/sbatch_fbckt.sh:78|scripts/sbatch_gph_alllevel.sh:31|scripts/sbatch_gph_bk.sh:30|scripts/sbatch_gph_dr.sh:36|scripts/sbatch_gph_jtable.sh:58|scripts/sbatch_jbl2.sh:100|scripts/sbatch_jblue_byteid.sh:21|scripts/sbatch_kpkt_bfnl.sh:30|scripts/sbatch_kpkt_bfnl2.sh:34|scripts/sbatch_kpkt_bfnl3.sh:33|scripts/sbatch_kpkt_bsig.sh:26|scripts/sbatch_kpkt_euvf.sh:21|scripts/sbatch_kpkt_evlog.sh:25|scripts/sbatch_kpkt_exit_capemit.sh:22|scripts/sbatch_kpkt_exit_gphsig.sh:22|scripts/sbatch_kpkt_exit_iupbeta.sh:31|scripts/sbatch_kpkt_exit_kromer.sh:20|scripts/sbatch_kpkt_exit_occ.sh:23|scripts/sbatch_kpkt_exit_si.sh:27|scripts/sbatch_kpkt_exit_si_hs.sh:20|scripts/sbatch_kpkt_exit_sioc.sh:20|scripts/sbatch_kpkt_exit_tepin.sh:25|scripts/sbatch_kpkt_exit_vp.sh:21|scripts/sbatch_kpkt_fbmulti.sh:30|scripts/sbatch_kpkt_jblue.sh:29|scripts/sbatch_kpr.sh:116|scripts/sbatch_kpr10.sh:98|scripts/sbatch_kpr10b.sh:98|scripts/sbatch_kpr2.sh:99|scripts/sbatch_kpr3.sh:97|scripts/sbatch_kpr4.sh:120|scripts/sbatch_kpr5.sh:128|scripts/sbatch_kpr5jt.sh:128|scripts/sbatch_kpr6.sh:97|scripts/sbatch_kpr7.sh:107|scripts/sbatch_kpr8.sh:122|scripts/sbatch_kpr9.sh:100|scripts/sbatch_kpr_nob3.sh:116|scripts/sbatch_ltherm.sh:104|scripts/sbatch_mabf.sh:55|scripts/sbatch_milne.sh:78|scripts/sbatch_milnec2.sh:78|scripts/sbatch_milnec2ne64.sh:70|scripts/sbatch_stage4.sh:101|scripts/sbatch_te_jtable.sh:60|scripts/sbatch_te_table.sh:68|scripts/sbatch_tepop1.sh:78|scripts/sbatch_tincol.sh:83|scripts/sbatch_tincol_tetab.sh:79,UNAUDITED,NONE,UNTESTED,MEDIUM,parameter/mask can alter arithmetic over multiple selected records or shells; no direct layout reconstruction identified,NO_EVIDENCE (no #if 0; repository dead_code_audit found no unreferenced non-static consumer function),required RESOLVED_CONFIG evidence unavailable (0 files); stdout RUN FOOTER used as fallback,C1_DORMANT_UNAUDITED,NOT_REQUIRED_BY_C2_C3,NONE
LUMINA_LEVELPOP_DUMP,src/lumina_cuda.cu:9009,literal getenv,unset: diagnostic/self-test branch not requested (no getenv value),ON_GATE(diagnostic),ACTIVE_OBSERVED,1,/gpfs/kjhan/lumina_runner2/logs/coevolve_consume_parity51/stdout.log:37944|/gpfs/kjhan/lumina_runner2/logs/coevolve_consume_parity51/stdout.log:95|/gpfs/kjhan/lumina_runner2/logs/coevolve_consume_parity56/stdout.log:38173|/gpfs/kjhan/lumina_runner2/logs/coevolve_consume_parity56/stdout.log:95|/gpfs/kjhan/lumina_runner2/logs/coevolve_consume_parity57/stdout.log:38940|/gpfs/kjhan/lumina_runner2/logs/coevolve_consume_parity57/stdout.log:95|/gpfs/kjhan/lumina_runner2/logs/coevolve_consume_parity58/stdout.log:38174|/gpfs/kjhan/lumina_runner2/logs/coevolve_consume_parity58/stdout.log:96|/gpfs/kjhan/lumina_runner2/logs/coevolve_consume_parity59/stdout.log:38173|/gpfs/kjhan/lumina_runner2/logs/coevolve_consume_parity59/stdout.log:96|/gpfs/kjhan/lumina_runner2/logs/coevolve_consume_parity60/stdout.log:38992|/gpfs/kjhan/lumina_runner2/logs/coevolve_consume_parity60/stdout.log:98,"coevolve_consume_parity60 (/gpfs/kjhan/lumina_runner2/logs/coevolve_consume_parity60/stdout.log:98, value=1)",scripts/compare_bk_artis.py:65|scripts/run_coevolve_s01.sh:137|scripts/slurm_ddc15_pure_cmfgen_phase3.sh:131,COVERED,docs/TOPSTAGE_IV_CONTINUUM_NODE_DESIGN.md,UNTESTED,LOW,diagnostic/output/self-test control; may alter I/O or early exit but no production array/layout mutation identified at consumer,NO_EVIDENCE (no #if 0; repository dead_code_audit found no unreferenced non-static consumer function),required RESOLVED_CONFIG evidence unavailable (0 files); stdout RUN FOOTER used as fallback,C3_ACTIVE_OFF_UNTESTED,P3,"required: same binary/input; UNSET vs explicit neutral/OFF vs ON(shadow); byte-compare registered state, layout/table manifests, oracle outputs, RNG/event counters; ON must not commit target state"
LUMINA_LINE_BSRC,src/lumina_cuda.cu:6264|src/lumina_cuda.cu:6925|src/lumina_cuda.cu:7010,literal + dynamic helper,unset: source comment/default states OFF,ON_GATE,DORMANT,NONE,NONE,NONE,scripts/run_coldata_syn08.sh:63|scripts/sbatch_aud1.sh:137|scripts/sbatch_aud2.sh:126|scripts/sbatch_aud3.sh:125|scripts/sbatch_bsrc.sh:106|scripts/sbatch_euv461.sh:122|scripts/sbatch_fbcb.sh:122|scripts/sbatch_fbckt.sh:122|scripts/sbatch_jbl2.sh:141|scripts/sbatch_kpr.sh:142|scripts/sbatch_kpr10.sh:142|scripts/sbatch_kpr10b.sh:142|scripts/sbatch_kpr2.sh:129|scripts/sbatch_kpr3.sh:128|scripts/sbatch_kpr4.sh:151|scripts/sbatch_kpr5.sh:161|scripts/sbatch_kpr5jt.sh:161|scripts/sbatch_kpr6.sh:128|scripts/sbatch_kpr7.sh:138|scripts/sbatch_kpr8.sh:153|scripts/sbatch_kpr9.sh:140|scripts/sbatch_kpr_nob3.sh:142|scripts/sbatch_milne.sh:122|scripts/sbatch_milnec2.sh:122|scripts/sbatch_milnec2ne64.sh:114|scripts/sbatch_tepop1.sh:122,COVERED,docs/KP_EMISS_REPAIR_DESIGN.md;docs/STAGE4_ROUND2_DESIGN.md,UNTESTED,MEDIUM,parameter/mask can alter arithmetic over multiple selected records or shells; no direct layout reconstruction identified,NO_EVIDENCE (no #if 0; repository dead_code_audit found no unreferenced non-static consumer function),required RESOLVED_CONFIG evidence unavailable (0 files); stdout RUN FOOTER used as fallback,NONE,NOT_REQUIRED_BY_C2_C3,NONE
LUMINA_LINE_BSRC_MODE,src/lumina_cuda.cu:6928,literal getenv,unset: direct getenv condition is false; named branch is not entered,ON_GATE/parameter (non-NULL/nonzero or selector value requests the named branch/override),DORMANT,NONE,NONE,NONE,scripts/run_coldata_syn08.sh:64|scripts/sbatch_aud1.sh:138|scripts/sbatch_aud2.sh:127|scripts/sbatch_aud3.sh:126|scripts/sbatch_bsrc.sh:107|scripts/sbatch_euv461.sh:123|scripts/sbatch_fbcb.sh:123|scripts/sbatch_fbckt.sh:123|scripts/sbatch_jbl2.sh:142|scripts/sbatch_kpr.sh:143|scripts/sbatch_kpr10.sh:143|scripts/sbatch_kpr10b.sh:143|scripts/sbatch_kpr2.sh:130|scripts/sbatch_kpr3.sh:129|scripts/sbatch_kpr4.sh:152|scripts/sbatch_kpr5.sh:162|scripts/sbatch_kpr5jt.sh:162|scripts/sbatch_kpr6.sh:129|scripts/sbatch_kpr7.sh:139|scripts/sbatch_kpr8.sh:154|scripts/sbatch_kpr9.sh:141|scripts/sbatch_kpr_nob3.sh:143|scripts/sbatch_milne.sh:123|scripts/sbatch_milnec2.sh:123|scripts/sbatch_milnec2ne64.sh:115|scripts/sbatch_tepop1.sh:123,COVERED,docs/STAGE4_ROUND2_DESIGN.md,UNTESTED,MEDIUM,parameter/mask can alter arithmetic over multiple selected records or shells; no direct layout reconstruction identified,NO_EVIDENCE (no #if 0; repository dead_code_audit found no unreferenced non-static consumer function),required RESOLVED_CONFIG evidence unavailable (0 files); stdout RUN FOOTER used as fallback,NONE,NOT_REQUIRED_BY_C2_C3,NONE
LUMINA_LINE_INTERACTION,src/lumina_cuda.cu:6391|src/lumina_main.c:99,literal getenv,unset: NULL makes the guarded named branch false; no env-requested override/action at this consumer,ON_GATE/parameter (non-NULL/nonzero or selector value requests the named branch/override),ACTIVE_OBSERVED,macroatom,/gpfs/kjhan/lumina_runner2/logs/coevolve_consume_parity51/stdout.log:37922|/gpfs/kjhan/lumina_runner2/logs/coevolve_consume_parity51/stdout.log:73|/gpfs/kjhan/lumina_runner2/logs/coevolve_consume_parity56/stdout.log:38151|/gpfs/kjhan/lumina_runner2/logs/coevolve_consume_parity56/stdout.log:73|/gpfs/kjhan/lumina_runner2/logs/coevolve_consume_parity57/stdout.log:38918|/gpfs/kjhan/lumina_runner2/logs/coevolve_consume_parity57/stdout.log:73|/gpfs/kjhan/lumina_runner2/logs/coevolve_consume_parity58/stdout.log:38152|/gpfs/kjhan/lumina_runner2/logs/coevolve_consume_parity58/stdout.log:74|/gpfs/kjhan/lumina_runner2/logs/coevolve_consume_parity59/stdout.log:38151|/gpfs/kjhan/lumina_runner2/logs/coevolve_consume_parity59/stdout.log:74|/gpfs/kjhan/lumina_runner2/logs/coevolve_consume_parity60/stdout.log:38969|/gpfs/kjhan/lumina_runner2/logs/coevolve_consume_parity60/stdout.log:75,"coevolve_consume_parity60 (/gpfs/kjhan/lumina_runner2/logs/coevolve_consume_parity60/stdout.log:75, value=macroatom)",scripts/full_spectrum_3trace_paperli_158852.py:6|scripts/overlay_macroatom_ab_sn2002bo.py:3|scripts/run_ada_lstar_diag.sh:49|scripts/run_baldiag.sh:27|scripts/run_bfdark.sh:33|scripts/run_boostdr.sh:30|scripts/run_capraise.sh:27|scripts/run_cnclean.sh:27|scripts/run_cndamp.sh:27|scripts/run_coevolve_s01.sh:40|scripts/run_conv16.sh:27|scripts/run_cpl1.sh:27|scripts/run_cpl20.sh:27|scripts/run_dronly.sh:27|scripts/run_etla.sh:27|scripts/run_fix10.sh:30|scripts/run_fix11.sh:30|scripts/run_fix12.sh:30|scripts/run_fix13.sh:30|scripts/run_fix14.sh:30|scripts/run_fix15.sh:30|scripts/run_fix16.sh:30|scripts/run_fix17.sh:30|scripts/run_fix18.sh:30|scripts/run_fix19.sh:30|scripts/run_fix2.sh:30|scripts/run_fix20.sh:30|scripts/run_fix21.sh:30|scripts/run_fix22.sh:30|scripts/run_fix3.sh:30|scripts/run_fix4.sh:30|scripts/run_fix5.sh:30|scripts/run_fix6.sh:30|scripts/run_fix7.sh:30|scripts/run_fix8.sh:30|scripts/run_fix9.sh:30|scripts/run_fph_diag.sh:27|scripts/run_fphbf.sh:27|scripts/run_fphdg.sh:27|scripts/run_fphval.sh:27|scripts/run_frz0.sh:27|scripts/run_hotdump.sh:30|scripts/run_hotroot.sh:27|scripts/run_ionb3.sh:29|scripts/run_ionb5x.sh:29|scripts/run_ionboost.sh:27|scripts/run_ionboost2.sh:27|scripts/run_ionchk.sh:27|scripts/run_ionnt.sh:27|scripts/run_iterdump.sh:30|scripts/run_jdump.sh:27|scripts/run_jdump_diag.sh:21|scripts/run_milne1.sh:30|scripts/run_milneP.sh:30|scripts/run_ntdr.sh:29|scripts/run_recdiag.sh:30|scripts/run_repro22.sh:30|scripts/run_rtr33.sh:27|scripts/run_rtruth.sh:27|scripts/run_s2_chk.sh:27|scripts/run_s2_dep0.sh:27|scripts/run_s2_eps.sh:27|scripts/run_s2_fph.sh:27|scripts/run_s2_fph2.sh:27|scripts/run_s2_fznt.sh:27|scripts/run_s2_nebheat.sh:27|scripts/run_s2_nolinere.sh:27|scripts/run_s2_ntxe.sh:27|scripts/run_s2_phys.sh:27|scripts/run_s40diag.sh:30|scripts/run_srcbl.sh:27|scripts/run_stage0_diag.sh:31|scripts/run_stage1_ab.sh:27|scripts/run_stage2.sh:27|scripts/run_stage3.sh:28|scripts/run_toy_both.sh:18|scripts/run_toy_mc.sh:11|scripts/run_wbflr.sh:29|scripts/run_widebr.sh:27|scripts/slurm_aulbranch_validate.sh:203|scripts/slurm_binnedj_estimator_ab.sh:211|scripts/slurm_cmf_fine_validate.sh:52|scripts/slurm_ddc15_a1_diffbc.sh:66|scripts/slurm_ddc15_a2_jnu.sh:75|scripts/slurm_ddc15_a2_jnu_atrad.sh:76|scripts/slurm_ddc15_a2_newton.sh:71|scripts/slurm_ddc15_a2_newton_omp.sh:74|scripts/slurm_ddc15_a2_septest.sh:75|scripts/slurm_ddc15_a2_trace.sh:75|scripts/slurm_ddc15_a2_trace0.sh:75|scripts/slurm_ddc15_a3_lstar.sh:79|scripts/slurm_ddc15_frozenin.sh:71|scripts/slurm_ddc15_frozenin_ab.sh:71|scripts/slurm_ddc15_initial.sh:89|scripts/slurm_ddc15_mc_macroatom.sh:83|scripts/slurm_ddc15_nefix_prof.sh:59|scripts/slurm_ddc15_pure_cmfgen.sh:68|scripts/slurm_ddc15_pure_cmfgen_phase3.sh:97|scripts/slurm_ddc15_radeq_ab.sh:68|scripts/slurm_ddc15_radeq_adiab.sh:76|scripts/slurm_ddc15_radeq_blanket.sh:76|scripts/slurm_ddc15_radeq_blanketdamp.sh:77|scripts/slurm_ddc15_radeq_coolfix.sh:62|scripts/slurm_ddc15_radeq_escape.sh:66|scripts/slurm_ddc15_radeq_escape_alllines.sh:66|scripts/slurm_ddc15_radeq_hybridB2.sh:74|scripts/slurm_ddc15_radeq_integralB.sh:77|scripts/slurm_ddc15_radeq_nebular.sh:76|scripts/slurm_ddc15_radeq_noswitch.sh:74|scripts/slurm_ddc15_thenmc.sh:87|scripts/slurm_ddc15real.sh:67|scripts/slurm_downbranch_binnedj_ab.sh:212|scripts/slurm_einsteinFix_2002bo_macroatom.sh:212|scripts/slurm_einsteinFix_2002bo_macroatom_smoke.sh:214|scripts/slurm_einsteinFix_2002bo_nltedump.sh:211|scripts/slurm_einsteinFix_2002bo_ofix_prod.sh:208|scripts/slurm_einsteinFix_2002bo_taubyion.sh:208|scripts/slurm_einsteinFix_2002bo_tpin12630.sh:208|scripts/slurm_fixtrad_fluorescence.sh:217|scripts/slurm_ionstage_ab.sh:194|scripts/slurm_jcap_test.sh:211|scripts/slurm_ma_internal_cap.sh:212|scripts/slurm_macroatom_binnedj_ab.sh:222|scripts/slurm_paper_ddc15_paperli_2002bo.sh:213|scripts/slurm_paper_ddc15_paperli_2002bo_einsteinFix.sh:224|scripts/slurm_paper_ddc15_paperli_2002bo_metafix.sh:213|scripts/slurm_paper_ddc15_paperli_2002bo_metafix_ratedump.sh:216|scripts/slurm_paper_ddc15_paperli_2002bo_metafix_ratedump_sce.sh:223|scripts/slurm_paper_ddc15_paperli_2002bo_metafix_xouter.sh:230|scripts/slurm_phase0_ebudget.sh:192|scripts/slurm_phase2a_innerbc_ab.sh:204|scripts/slurm_phase2b_nlte_opacity_ionstage_ab.sh:219|scripts/slurm_phase2c_fluorescence_ab.sh:212|scripts/slurm_radeq_ab.sh:208|scripts/slurm_radeq_diag.sh:221|scripts/slurm_superlev_ab.sh:208|scripts/slurm_superlev_identity_smoke.sh:214|scripts/slurm_taubyion_window.sh:167|scripts/test_thenmc_bin.sh:22,UNAUDITED,NONE,UNTESTED,HIGH,source-selected model-wide mode/backend/layout/table/profile or cross-shell arithmetic; off-target impact cannot be excluded statically,NO_EVIDENCE (no #if 0; repository dead_code_audit found no unreferenced non-static consumer function),required RESOLVED_CONFIG evidence unavailable (0 files); stdout RUN FOOTER used as fallback,C3_ACTIVE_OFF_UNTESTED,P1,"required: same binary/input; UNSET vs explicit neutral/OFF vs ON(shadow); byte-compare registered state, layout/table manifests, oracle outputs, RNG/event counters; ON must not commit target state"
LUMINA_LINE_THERM,src/lumina_cuda.cu:6264|src/lumina_cuda.cu:6891|src/lumina_cuda.cu:6892|src/lumina_cuda.cu:6911|src/lumina_plasma.c:9496,literal + dynamic helper,unset: source comment/default states OFF,ON_GATE,ACTIVE_OBSERVED,1,/gpfs/kjhan/lumina_runner2/logs/coevolve_consume_parity51/stdout.log:37942|/gpfs/kjhan/lumina_runner2/logs/coevolve_consume_parity51/stdout.log:93|/gpfs/kjhan/lumina_runner2/logs/coevolve_consume_parity56/stdout.log:38171|/gpfs/kjhan/lumina_runner2/logs/coevolve_consume_parity56/stdout.log:93|/gpfs/kjhan/lumina_runner2/logs/coevolve_consume_parity57/stdout.log:38938|/gpfs/kjhan/lumina_runner2/logs/coevolve_consume_parity57/stdout.log:93|/gpfs/kjhan/lumina_runner2/logs/coevolve_consume_parity58/stdout.log:38172|/gpfs/kjhan/lumina_runner2/logs/coevolve_consume_parity58/stdout.log:94|/gpfs/kjhan/lumina_runner2/logs/coevolve_consume_parity59/stdout.log:38171|/gpfs/kjhan/lumina_runner2/logs/coevolve_consume_parity59/stdout.log:94|/gpfs/kjhan/lumina_runner2/logs/coevolve_consume_parity60/stdout.log:38990|/gpfs/kjhan/lumina_runner2/logs/coevolve_consume_parity60/stdout.log:96,"coevolve_consume_parity60 (/gpfs/kjhan/lumina_runner2/logs/coevolve_consume_parity60/stdout.log:96, value=1)",scripts/launch_parity32_syn08.sh:22|scripts/launch_parity33_syn08.sh:27|scripts/launch_parity34_syn08.sh:36|scripts/launch_parity35_syn08.sh:31|scripts/launch_parity36a_base.sh:44|scripts/launch_parity36b_noskip.sh:52|scripts/launch_parity37_taudump.sh:58|scripts/launch_parity38_nofloor.sh:67|scripts/launch_parity39_baseline.sh:43|scripts/launch_parity40_tepin.sh:71|scripts/launch_parity41_sivcaiv.sh:83|scripts/launch_parity42_gphoff.sh:77|scripts/sbatch_gpu_determinism_probe_a100.sh:37|scripts/sbatch_gpu_determinism_probe_h100.sh:37|scripts/sbatch_ltherm.sh:114,COVERED,docs/STAGE4_NLTE_REPAIR_DESIGN.md;docs/ARTIS_CMFGEN_PARITY_DIAGNOSIS_2026-07-30.md;docs/RE_ARTIS_CMFGEN_PARITY_DIAGNOSIS_2026-07-30.md;docs/RE_RE_ARTIS_CMFGEN_PARITY_DIAGNOSIS_2026-07-31.md,UNTESTED,MEDIUM,parameter/mask can alter arithmetic over multiple selected records or shells; no direct layout reconstruction identified,NO_EVIDENCE (no #if 0; repository dead_code_audit found no unreferenced non-static consumer function),required RESOLVED_CONFIG evidence unavailable (0 files); stdout RUN FOOTER used as fallback,C3_ACTIVE_OFF_UNTESTED,P2,"required: same binary/input; UNSET vs explicit neutral/OFF vs ON(shadow); byte-compare registered state, layout/table manifests, oracle outputs, RNG/event counters; ON must not commit target state"
LUMINA_LINE_THERM_SMAX,src/lumina_cuda.cu:6895|src/lumina_cuda.cu:6904|src/lumina_plasma.c:9498,literal getenv,unset: NULL makes the guarded named branch false; no env-requested override/action at this consumer,ON_GATE/parameter (non-NULL/nonzero or selector value requests the named branch/override),ACTIVE_OBSERVED,49,/gpfs/kjhan/lumina_runner2/logs/coevolve_consume_parity51/stdout.log:37939|/gpfs/kjhan/lumina_runner2/logs/coevolve_consume_parity51/stdout.log:90|/gpfs/kjhan/lumina_runner2/logs/coevolve_consume_parity56/stdout.log:38168|/gpfs/kjhan/lumina_runner2/logs/coevolve_consume_parity56/stdout.log:90|/gpfs/kjhan/lumina_runner2/logs/coevolve_consume_parity57/stdout.log:38935|/gpfs/kjhan/lumina_runner2/logs/coevolve_consume_parity57/stdout.log:90|/gpfs/kjhan/lumina_runner2/logs/coevolve_consume_parity58/stdout.log:38169|/gpfs/kjhan/lumina_runner2/logs/coevolve_consume_parity58/stdout.log:91|/gpfs/kjhan/lumina_runner2/logs/coevolve_consume_parity59/stdout.log:38168|/gpfs/kjhan/lumina_runner2/logs/coevolve_consume_parity59/stdout.log:91|/gpfs/kjhan/lumina_runner2/logs/coevolve_consume_parity60/stdout.log:38987|/gpfs/kjhan/lumina_runner2/logs/coevolve_consume_parity60/stdout.log:93,"coevolve_consume_parity60 (/gpfs/kjhan/lumina_runner2/logs/coevolve_consume_parity60/stdout.log:93, value=49)",scripts/launch_parity32_syn08.sh:22|scripts/launch_parity33_syn08.sh:27|scripts/launch_parity34_syn08.sh:36|scripts/launch_parity35_syn08.sh:31|scripts/launch_parity36a_base.sh:44|scripts/launch_parity36b_noskip.sh:52|scripts/launch_parity37_taudump.sh:58|scripts/launch_parity38_nofloor.sh:67|scripts/launch_parity39_baseline.sh:43|scripts/launch_parity40_tepin.sh:71|scripts/launch_parity41_sivcaiv.sh:83|scripts/launch_parity42_gphoff.sh:77|scripts/sbatch_gpu_determinism_probe_a100.sh:37|scripts/sbatch_gpu_determinism_probe_h100.sh:37|scripts/sbatch_ltherm.sh:115,COVERED,docs/RE_RE_ARTIS_CMFGEN_PARITY_DIAGNOSIS_2026-07-31.md,UNTESTED,MEDIUM,parameter/mask can alter arithmetic over multiple selected records or shells; no direct layout reconstruction identified,NO_EVIDENCE (no #if 0; repository dead_code_audit found no unreferenced non-static consumer function),required RESOLVED_CONFIG evidence unavailable (0 files); stdout RUN FOOTER used as fallback,C3_ACTIVE_OFF_UNTESTED,P2,"required: same binary/input; UNSET vs explicit neutral/OFF vs ON(shadow); byte-compare registered state, layout/table manifests, oracle outputs, RNG/event counters; ON must not commit target state"
LUMINA_LOCK_IONMASK,src/lumina_plasma.c:1708,literal getenv,unset: NULL makes the guarded named branch false; no env-requested override/action at this consumer,ON_GATE/parameter (non-NULL/nonzero or selector value requests the named branch/override),DORMANT,NONE,NONE,NONE,scripts/slurm_twocomp_lock.sh:47,UNAUDITED,NONE,UNTESTED,MEDIUM,parameter/mask can alter arithmetic over multiple selected records or shells; no direct layout reconstruction identified,NO_EVIDENCE (no #if 0; repository dead_code_audit found no unreferenced non-static consumer function),required RESOLVED_CONFIG evidence unavailable (0 files); stdout RUN FOOTER used as fallback,C1_DORMANT_UNAUDITED,NOT_REQUIRED_BY_C2_C3,NONE
LUMINA_LOCK_W_THRESH,src/lumina_plasma.c:1695,literal getenv,unset: NULL makes the guarded named branch false; no env-requested override/action at this consumer,ON_GATE/parameter (non-NULL/nonzero or selector value requests the named branch/override),DORMANT,NONE,NONE,NONE,scripts/slurm_twocomp_lock.sh:45,UNAUDITED,NONE,UNTESTED,MEDIUM,parameter/mask can alter arithmetic over multiple selected records or shells; no direct layout reconstruction identified,NO_EVIDENCE (no #if 0; repository dead_code_audit found no unreferenced non-static consumer function),required RESOLVED_CONFIG evidence unavailable (0 files); stdout RUN FOOTER used as fallback,C1_DORMANT_UNAUDITED,NOT_REQUIRED_BY_C2_C3,NONE
LUMINA_LOCK_ZMASK,src/lumina_plasma.c:1698,literal getenv,unset: NULL makes the guarded named branch false; no env-requested override/action at this consumer,ON_GATE/parameter (non-NULL/nonzero or selector value requests the named branch/override),DORMANT,NONE,NONE,NONE,scripts/slurm_twocomp_lock.sh:46,UNAUDITED,NONE,UNTESTED,MEDIUM,parameter/mask can alter arithmetic over multiple selected records or shells; no direct layout reconstruction identified,NO_EVIDENCE (no #if 0; repository dead_code_audit found no unreferenced non-static consumer function),required RESOLVED_CONFIG evidence unavailable (0 files); stdout RUN FOOTER used as fallback,C1_DORMANT_UNAUDITED,NOT_REQUIRED_BY_C2_C3,NONE
LUMINA_MACROATOM_BF,src/lumina_plasma.c:3039,literal getenv,unset: NULL makes the guarded named branch false; no env-requested override/action at this consumer,ON_GATE/parameter (non-NULL/nonzero or selector value requests the named branch/override),DORMANT,NONE,NONE,NONE,scripts/sbatch_mabf.sh:63|scripts/sbatch_stage4.sh:112,COVERED,docs/ARTIS_PARITY_GAP_AUDIT.md;docs/BF_CASCADE_DESIGN.md;docs/STAGE4_NLTE_REPAIR_DESIGN.md,UNTESTED,MEDIUM,parameter/mask can alter arithmetic over multiple selected records or shells; no direct layout reconstruction identified,NO_EVIDENCE (no #if 0; repository dead_code_audit found no unreferenced non-static consumer function),required RESOLVED_CONFIG evidence unavailable (0 files); stdout RUN FOOTER used as fallback,NONE,NOT_REQUIRED_BY_C2_C3,NONE
LUMINA_MACROATOM_EWEIGHT,src/lumina_plasma.c:3858,literal getenv,unset: direct getenv condition is false; named branch is not entered,ON_GATE/parameter (non-NULL/nonzero or selector value requests the named branch/override),ACTIVE_OBSERVED,1,/gpfs/kjhan/lumina_runner2/logs/coevolve_consume_parity51/stdout.log:109|/gpfs/kjhan/lumina_runner2/logs/coevolve_consume_parity51/stdout.log:37958|/gpfs/kjhan/lumina_runner2/logs/coevolve_consume_parity56/stdout.log:109|/gpfs/kjhan/lumina_runner2/logs/coevolve_consume_parity56/stdout.log:38187|/gpfs/kjhan/lumina_runner2/logs/coevolve_consume_parity57/stdout.log:109|/gpfs/kjhan/lumina_runner2/logs/coevolve_consume_parity57/stdout.log:38954|/gpfs/kjhan/lumina_runner2/logs/coevolve_consume_parity58/stdout.log:110|/gpfs/kjhan/lumina_runner2/logs/coevolve_consume_parity58/stdout.log:38188|/gpfs/kjhan/lumina_runner2/logs/coevolve_consume_parity59/stdout.log:110|/gpfs/kjhan/lumina_runner2/logs/coevolve_consume_parity59/stdout.log:38187|/gpfs/kjhan/lumina_runner2/logs/coevolve_consume_parity60/stdout.log:112|/gpfs/kjhan/lumina_runner2/logs/coevolve_consume_parity60/stdout.log:39006,"coevolve_consume_parity60 (/gpfs/kjhan/lumina_runner2/logs/coevolve_consume_parity60/stdout.log:39006, value=1)",scripts/run_baldiag.sh:32|scripts/run_bfdark.sh:38|scripts/run_boostdr.sh:35|scripts/run_capraise.sh:32|scripts/run_cnclean.sh:32|scripts/run_cndamp.sh:32|scripts/run_coevolve_s01.sh:52|scripts/run_conv16.sh:32|scripts/run_cpl1.sh:32|scripts/run_cpl20.sh:32|scripts/run_dronly.sh:32|scripts/run_etla.sh:32|scripts/run_fix10.sh:35|scripts/run_fix11.sh:35|scripts/run_fix12.sh:35|scripts/run_fix13.sh:35|scripts/run_fix14.sh:35|scripts/run_fix15.sh:35|scripts/run_fix16.sh:35|scripts/run_fix17.sh:35|scripts/run_fix18.sh:35|scripts/run_fix19.sh:35|scripts/run_fix2.sh:35|scripts/run_fix20.sh:35|scripts/run_fix21.sh:35|scripts/run_fix22.sh:35|scripts/run_fix3.sh:35|scripts/run_fix4.sh:35|scripts/run_fix5.sh:35|scripts/run_fix6.sh:35|scripts/run_fix7.sh:35|scripts/run_fix8.sh:35|scripts/run_fix9.sh:35|scripts/run_fph_diag.sh:32|scripts/run_fphbf.sh:32|scripts/run_fphdg.sh:32|scripts/run_fphval.sh:32|scripts/run_frz0.sh:32|scripts/run_hotdump.sh:35|scripts/run_hotroot.sh:32|scripts/run_ionb3.sh:34|scripts/run_ionb5x.sh:34|scripts/run_ionboost.sh:32|scripts/run_ionboost2.sh:32|scripts/run_ionchk.sh:32|scripts/run_ionnt.sh:32|scripts/run_iterdump.sh:35|scripts/run_jdump.sh:32|scripts/run_jdump_diag.sh:26|scripts/run_milne1.sh:35|scripts/run_milneP.sh:35|scripts/run_ntdr.sh:34|scripts/run_recdiag.sh:35|scripts/run_repro22.sh:35|scripts/run_rtr33.sh:32|scripts/run_rtruth.sh:32|scripts/run_s2_chk.sh:32|scripts/run_s2_dep0.sh:32|scripts/run_s2_eps.sh:32|scripts/run_s2_fph.sh:32|scripts/run_s2_fph2.sh:32|scripts/run_s2_fznt.sh:32|scripts/run_s2_nebheat.sh:32|scripts/run_s2_nolinere.sh:32|scripts/run_s2_ntxe.sh:32|scripts/run_s2_phys.sh:32|scripts/run_s40diag.sh:35|scripts/run_srcbl.sh:32|scripts/run_stage0_diag.sh:36|scripts/run_stage1_ab.sh:32|scripts/run_stage2.sh:32|scripts/run_stage3.sh:33|scripts/run_wbflr.sh:34|scripts/run_widebr.sh:32|scripts/slurm_ddc15_pure_cmfgen_phase3.sh:108|scripts/test_thenmc_bin.sh:26,COVERED,docs/FLUORESCENCE_DESIGN_AB.md,UNTESTED,MEDIUM,parameter/mask can alter arithmetic over multiple selected records or shells; no direct layout reconstruction identified,NO_EVIDENCE (no #if 0; repository dead_code_audit found no unreferenced non-static consumer function),required RESOLVED_CONFIG evidence unavailable (0 files); stdout RUN FOOTER used as fallback,C3_ACTIVE_OFF_UNTESTED,P2,"required: same binary/input; UNSET vs explicit neutral/OFF vs ON(shadow); byte-compare registered state, layout/table manifests, oracle outputs, RNG/event counters; ON must not commit target state"
LUMINA_MACROATOM_IDOWN_BETA,src/lumina_plasma.c:3693,literal getenv,unset: direct getenv condition is false; named branch is not entered,ON_GATE/parameter (non-NULL/nonzero or selector value requests the named branch/override),ACTIVE_OBSERVED,1,/gpfs/kjhan/lumina_runner2/logs/coevolve_consume_parity51/stdout.log:35|/gpfs/kjhan/lumina_runner2/logs/coevolve_consume_parity51/stdout.log:37884|/gpfs/kjhan/lumina_runner2/logs/coevolve_consume_parity56/stdout.log:35|/gpfs/kjhan/lumina_runner2/logs/coevolve_consume_parity56/stdout.log:38113|/gpfs/kjhan/lumina_runner2/logs/coevolve_consume_parity57/stdout.log:35|/gpfs/kjhan/lumina_runner2/logs/coevolve_consume_parity57/stdout.log:38880|/gpfs/kjhan/lumina_runner2/logs/coevolve_consume_parity58/stdout.log:35|/gpfs/kjhan/lumina_runner2/logs/coevolve_consume_parity58/stdout.log:38113|/gpfs/kjhan/lumina_runner2/logs/coevolve_consume_parity59/stdout.log:35|/gpfs/kjhan/lumina_runner2/logs/coevolve_consume_parity59/stdout.log:38112|/gpfs/kjhan/lumina_runner2/logs/coevolve_consume_parity60/stdout.log:36|/gpfs/kjhan/lumina_runner2/logs/coevolve_consume_parity60/stdout.log:38930,"coevolve_consume_parity60 (/gpfs/kjhan/lumina_runner2/logs/coevolve_consume_parity60/stdout.log:38930, value=1)",scripts/run_bfdark.sh:101|scripts/run_bfdark.sh:102|scripts/run_bfdark.sh:103|scripts/run_bfdark.sh:104|scripts/run_bfdark.sh:105|scripts/run_bfdark.sh:106|scripts/run_bfdark.sh:107|scripts/run_bfdark.sh:108|scripts/run_bfdark.sh:109|scripts/run_bfdark.sh:110|scripts/run_bfdark.sh:111|scripts/run_bfdark.sh:112|scripts/run_bfdark.sh:113|scripts/run_bfdark.sh:114|scripts/run_bfdark.sh:115|scripts/run_bfdark.sh:116|scripts/run_coevolve_s01.sh:70,UNAUDITED,NONE,UNTESTED,MEDIUM,parameter/mask can alter arithmetic over multiple selected records or shells; no direct layout reconstruction identified,NO_EVIDENCE (no #if 0; repository dead_code_audit found no unreferenced non-static consumer function),required RESOLVED_CONFIG evidence unavailable (0 files); stdout RUN FOOTER used as fallback,C3_ACTIVE_OFF_UNTESTED,P2,"required: same binary/input; UNSET vs explicit neutral/OFF vs ON(shadow); byte-compare registered state, layout/table manifests, oracle outputs, RNG/event counters; ON must not commit target state"
LUMINA_MACROATOM_IDOWN_COLL,src/lumina_plasma.c:3699,literal getenv,unset: NULL makes the guarded named branch false; no env-requested override/action at this consumer,ON_GATE/parameter (non-NULL/nonzero or selector value requests the named branch/override),DORMANT,NONE,NONE,NONE,scripts/run_bfdark.sh:106,UNAUDITED,NONE,UNTESTED,MEDIUM,parameter/mask can alter arithmetic over multiple selected records or shells; no direct layout reconstruction identified,NO_EVIDENCE (no #if 0; repository dead_code_audit found no unreferenced non-static consumer function),required RESOLVED_CONFIG evidence unavailable (0 files); stdout RUN FOOTER used as fallback,C1_DORMANT_UNAUDITED,NOT_REQUIRED_BY_C2_C3,NONE
LUMINA_MACROATOM_IUP_BETA,src/lumina_plasma.c:3753,literal + dynamic helper,unset: NULL makes the guarded named branch false; no env-requested override/action at this consumer,ON_GATE/parameter (non-NULL/nonzero or selector value requests the named branch/override),DORMANT,NONE,NONE,NONE,scripts/sbatch_kpkt_bsig.sh:29|scripts/sbatch_kpkt_exit_iupbeta.sh:34,UNAUDITED,NONE,UNTESTED,MEDIUM,parameter/mask can alter arithmetic over multiple selected records or shells; no direct layout reconstruction identified,NO_EVIDENCE (no #if 0; repository dead_code_audit found no unreferenced non-static consumer function),required RESOLVED_CONFIG evidence unavailable (0 files); stdout RUN FOOTER used as fallback,C1_DORMANT_UNAUDITED,NOT_REQUIRED_BY_C2_C3,NONE
LUMINA_MACROATOM_IUP_TRAD,src/lumina_plasma.c:3748,literal + dynamic helper,"unset: source ternary selects fallback expression `""(unset->3)"")`",ON_GATE/parameter (non-NULL/nonzero or selector value requests the named branch/override),DORMANT,NONE,NONE,NONE,scripts/run_bfdark.sh:113,COVERED,docs/FLUOR_ATTACK_DESIGN_2026-07-06.md;docs/COEVOLVE_REWIRING_PLAN.md,UNTESTED,MEDIUM,parameter/mask can alter arithmetic over multiple selected records or shells; no direct layout reconstruction identified,NO_EVIDENCE (no #if 0; repository dead_code_audit found no unreferenced non-static consumer function),required RESOLVED_CONFIG evidence unavailable (0 files); stdout RUN FOOTER used as fallback,NONE,NOT_REQUIRED_BY_C2_C3,NONE
LUMINA_MACROATOM_NEUTRAL_E,src/lumina_plasma.c:3869,literal getenv,unset: NULL makes the guarded named branch false; no env-requested override/action at this consumer,ON_GATE/parameter (non-NULL/nonzero or selector value requests the named branch/override),ACTIVE_OBSERVED,1,/gpfs/kjhan/lumina_runner2/logs/coevolve_consume_parity51/stdout.log:37907|/gpfs/kjhan/lumina_runner2/logs/coevolve_consume_parity51/stdout.log:58|/gpfs/kjhan/lumina_runner2/logs/coevolve_consume_parity56/stdout.log:38136|/gpfs/kjhan/lumina_runner2/logs/coevolve_consume_parity56/stdout.log:58|/gpfs/kjhan/lumina_runner2/logs/coevolve_consume_parity57/stdout.log:38903|/gpfs/kjhan/lumina_runner2/logs/coevolve_consume_parity57/stdout.log:58|/gpfs/kjhan/lumina_runner2/logs/coevolve_consume_parity58/stdout.log:38137|/gpfs/kjhan/lumina_runner2/logs/coevolve_consume_parity58/stdout.log:59|/gpfs/kjhan/lumina_runner2/logs/coevolve_consume_parity59/stdout.log:38136|/gpfs/kjhan/lumina_runner2/logs/coevolve_consume_parity59/stdout.log:59|/gpfs/kjhan/lumina_runner2/logs/coevolve_consume_parity60/stdout.log:38954|/gpfs/kjhan/lumina_runner2/logs/coevolve_consume_parity60/stdout.log:60,"coevolve_consume_parity60 (/gpfs/kjhan/lumina_runner2/logs/coevolve_consume_parity60/stdout.log:60, value=1)",scripts/run_baldiag.sh:14|scripts/run_bfdark.sh:20|scripts/run_bfdark.sh:99|scripts/run_boostdr.sh:14|scripts/run_capraise.sh:14|scripts/run_cnclean.sh:14|scripts/run_cndamp.sh:14|scripts/run_coevolve_s01.sh:27|scripts/run_conv16.sh:14|scripts/run_cpl1.sh:14|scripts/run_cpl20.sh:14|scripts/run_dronly.sh:14|scripts/run_etla.sh:14|scripts/run_fix10.sh:17|scripts/run_fix11.sh:17|scripts/run_fix12.sh:17|scripts/run_fix13.sh:17|scripts/run_fix14.sh:17|scripts/run_fix15.sh:17|scripts/run_fix16.sh:17|scripts/run_fix17.sh:17|scripts/run_fix18.sh:17|scripts/run_fix19.sh:17|scripts/run_fix2.sh:17|scripts/run_fix20.sh:17|scripts/run_fix21.sh:17|scripts/run_fix22.sh:17|scripts/run_fix3.sh:17|scripts/run_fix4.sh:17|scripts/run_fix5.sh:17|scripts/run_fix6.sh:17|scripts/run_fix7.sh:17|scripts/run_fix8.sh:17|scripts/run_fix9.sh:17|scripts/run_fph_diag.sh:14|scripts/run_fphbf.sh:14|scripts/run_fphdg.sh:14|scripts/run_fphval.sh:14|scripts/run_frz0.sh:14|scripts/run_hotdump.sh:17|scripts/run_hotroot.sh:14|scripts/run_ionb3.sh:14|scripts/run_ionb5x.sh:14|scripts/run_ionboost.sh:14|scripts/run_ionboost2.sh:14|scripts/run_ionchk.sh:14|scripts/run_ionnt.sh:14|scripts/run_iterdump.sh:17|scripts/run_jdump.sh:14|scripts/run_jdump_diag.sh:9|scripts/run_milne1.sh:17|scripts/run_milneP.sh:17|scripts/run_ntdr.sh:14|scripts/run_recdiag.sh:17|scripts/run_repro22.sh:17|scripts/run_rtr33.sh:14|scripts/run_rtruth.sh:14|scripts/run_s2_chk.sh:14|scripts/run_s2_dep0.sh:14|scripts/run_s2_eps.sh:14|scripts/run_s2_fph.sh:14|scripts/run_s2_fph2.sh:14|scripts/run_s2_fznt.sh:14|scripts/run_s2_nebheat.sh:14|scripts/run_s2_nolinere.sh:14|scripts/run_s2_ntxe.sh:14|scripts/run_s2_phys.sh:14|scripts/run_s40diag.sh:17|scripts/run_srcbl.sh:14|scripts/run_stage0_diag.sh:18|scripts/run_stage1_ab.sh:14|scripts/run_stage2.sh:14|scripts/run_stage3.sh:14|scripts/run_wbflr.sh:14|scripts/run_widebr.sh:14|scripts/test_thenmc_bin.sh:11,COVERED,docs/FLUORESCENCE_DESIGN_AB.md,UNTESTED,MEDIUM,parameter/mask can alter arithmetic over multiple selected records or shells; no direct layout reconstruction identified,NO_EVIDENCE (no #if 0; repository dead_code_audit found no unreferenced non-static consumer function),required RESOLVED_CONFIG evidence unavailable (0 files); stdout RUN FOOTER used as fallback,C3_ACTIVE_OFF_UNTESTED,P2,"required: same binary/input; UNSET vs explicit neutral/OFF vs ON(shadow); byte-compare registered state, layout/table manifests, oracle outputs, RNG/event counters; ON must not commit target state"
LUMINA_MACRO_UV_IDOWN_FACTOR,src/lumina_plasma.c:3650,literal getenv,unset: getenv returns NULL and this env override is not applied; compiled initializer/parent mode remains,ON_GATE/parameter (exact polarity unresolved),DORMANT,NONE,NONE,NONE,scripts/slurm_ddc15_I1_NiII_UVidown.sh:170|scripts/slurm_ddc15_J1_SiII_UVidown.sh:172|scripts/slurm_uv_idown_smoke.sh:57,UNAUDITED,NONE,UNTESTED,MEDIUM,parameter/mask can alter arithmetic over multiple selected records or shells; no direct layout reconstruction identified,NO_EVIDENCE (no #if 0; repository dead_code_audit found no unreferenced non-static consumer function),exact unset initializer/polarity requires function-level semantic audit | required RESOLVED_CONFIG evidence unavailable (0 files); stdout RUN FOOTER used as fallback,C1_DORMANT_UNAUDITED,NOT_REQUIRED_BY_C2_C3,NONE
LUMINA_MACRO_UV_IDOWN_IONMASK,src/lumina_plasma.c:3653,literal getenv,unset: getenv returns NULL and this env override is not applied; compiled initializer/parent mode remains,ON_GATE/parameter (exact polarity unresolved),DORMANT,NONE,NONE,NONE,scripts/slurm_ddc15_I1_NiII_UVidown.sh:173|scripts/slurm_ddc15_J1_SiII_UVidown.sh:175|scripts/slurm_uv_idown_smoke.sh:60,UNAUDITED,NONE,UNTESTED,MEDIUM,parameter/mask can alter arithmetic over multiple selected records or shells; no direct layout reconstruction identified,NO_EVIDENCE (no #if 0; repository dead_code_audit found no unreferenced non-static consumer function),exact unset initializer/polarity requires function-level semantic audit | required RESOLVED_CONFIG evidence unavailable (0 files); stdout RUN FOOTER used as fallback,C1_DORMANT_UNAUDITED,NOT_REQUIRED_BY_C2_C3,NONE
LUMINA_MACRO_UV_IDOWN_THRESH,src/lumina_plasma.c:3651,literal getenv,unset: getenv returns NULL and this env override is not applied; compiled initializer/parent mode remains,ON_GATE/parameter (exact polarity unresolved),DORMANT,NONE,NONE,NONE,scripts/slurm_ddc15_I1_NiII_UVidown.sh:171|scripts/slurm_ddc15_J1_SiII_UVidown.sh:173|scripts/slurm_uv_idown_smoke.sh:58,UNAUDITED,NONE,UNTESTED,MEDIUM,parameter/mask can alter arithmetic over multiple selected records or shells; no direct layout reconstruction identified,NO_EVIDENCE (no #if 0; repository dead_code_audit found no unreferenced non-static consumer function),exact unset initializer/polarity requires function-level semantic audit | required RESOLVED_CONFIG evidence unavailable (0 files); stdout RUN FOOTER used as fallback,C1_DORMANT_UNAUDITED,NOT_REQUIRED_BY_C2_C3,NONE
LUMINA_MACRO_UV_IDOWN_ZMASK,src/lumina_plasma.c:3652,literal getenv,unset: getenv returns NULL and this env override is not applied; compiled initializer/parent mode remains,ON_GATE/parameter (exact polarity unresolved),DORMANT,NONE,NONE,NONE,scripts/slurm_ddc15_I1_NiII_UVidown.sh:172|scripts/slurm_ddc15_J1_SiII_UVidown.sh:174|scripts/slurm_uv_idown_smoke.sh:59,UNAUDITED,NONE,UNTESTED,MEDIUM,parameter/mask can alter arithmetic over multiple selected records or shells; no direct layout reconstruction identified,NO_EVIDENCE (no #if 0; repository dead_code_audit found no unreferenced non-static consumer function),exact unset initializer/polarity requires function-level semantic audit | required RESOLVED_CONFIG evidence unavailable (0 files); stdout RUN FOOTER used as fallback,C1_DORMANT_UNAUDITED,NOT_REQUIRED_BY_C2_C3,NONE
LUMINA_MALI,src/lumina_element_wide.c:1304|src/lumina_nlte_assemble.cu:384|src/lumina_plasma.c:14706,literal + dynamic helper,unset: NULL makes the guarded named branch false; no env-requested override/action at this consumer,ON_GATE/parameter (non-NULL/nonzero or selector value requests the named branch/override),DORMANT,NONE,NONE,NONE,scripts/slurm_ddc15_pure_cmfgen_phase3.sh:126,UNAUDITED,NONE,UNTESTED,HIGH,source-selected model-wide mode/backend/layout/table/profile or cross-shell arithmetic; off-target impact cannot be excluded statically,NO_EVIDENCE (no #if 0; repository dead_code_audit found no unreferenced non-static consumer function),required RESOLVED_CONFIG evidence unavailable (0 files); stdout RUN FOOTER used as fallback,C1_DORMANT_UNAUDITED|C2_DORMANT_HIGH,P1,"required: same binary/input; UNSET vs explicit neutral/OFF vs ON(shadow); byte-compare registered state, layout/table manifests, oracle outputs, RNG/event counters; ON must not commit target state"
LUMINA_MAX_INTERACTIONS,src/lumina_cuda.cu:6633|src/lumina_cuda.cu:6634,literal getenv,unset: source comment/default states 100000,ON_GATE(parameter),ACTIVE_OBSERVED,50000,/gpfs/kjhan/lumina_runner2/logs/coevolve_consume_parity51/stdout.log:113|/gpfs/kjhan/lumina_runner2/logs/coevolve_consume_parity51/stdout.log:37962|/gpfs/kjhan/lumina_runner2/logs/coevolve_consume_parity56/stdout.log:114|/gpfs/kjhan/lumina_runner2/logs/coevolve_consume_parity56/stdout.log:38192|/gpfs/kjhan/lumina_runner2/logs/coevolve_consume_parity57/stdout.log:114|/gpfs/kjhan/lumina_runner2/logs/coevolve_consume_parity57/stdout.log:38959|/gpfs/kjhan/lumina_runner2/logs/coevolve_consume_parity58/stdout.log:115|/gpfs/kjhan/lumina_runner2/logs/coevolve_consume_parity58/stdout.log:38193|/gpfs/kjhan/lumina_runner2/logs/coevolve_consume_parity59/stdout.log:115|/gpfs/kjhan/lumina_runner2/logs/coevolve_consume_parity59/stdout.log:38192|/gpfs/kjhan/lumina_runner2/logs/coevolve_consume_parity60/stdout.log:117|/gpfs/kjhan/lumina_runner2/logs/coevolve_consume_parity60/stdout.log:39011,"coevolve_consume_parity60 (/gpfs/kjhan/lumina_runner2/logs/coevolve_consume_parity60/stdout.log:39011, value=50000)",scripts/plot_cap_sweep_vs_ref.py:3|scripts/run_ada_lstar_diag.sh:50|scripts/run_baldiag.sh:32|scripts/run_bfdark.sh:100|scripts/run_bfdark.sh:101|scripts/run_bfdark.sh:102|scripts/run_bfdark.sh:103|scripts/run_bfdark.sh:104|scripts/run_bfdark.sh:105|scripts/run_bfdark.sh:106|scripts/run_bfdark.sh:107|scripts/run_bfdark.sh:108|scripts/run_bfdark.sh:109|scripts/run_bfdark.sh:110|scripts/run_bfdark.sh:111|scripts/run_bfdark.sh:112|scripts/run_bfdark.sh:113|scripts/run_bfdark.sh:114|scripts/run_bfdark.sh:115|scripts/run_bfdark.sh:116|scripts/run_bfdark.sh:38|scripts/run_bfdark.sh:97|scripts/run_bfdark.sh:98|scripts/run_bfdark.sh:99|scripts/run_boostdr.sh:35|scripts/run_capraise.sh:32|scripts/run_cnclean.sh:32|scripts/run_cndamp.sh:32|scripts/run_coevolve_s01.sh:52|scripts/run_conv16.sh:32|scripts/run_cpl1.sh:32|scripts/run_cpl20.sh:32|scripts/run_dronly.sh:32|scripts/run_etla.sh:32|scripts/run_fix10.sh:35|scripts/run_fix11.sh:35|scripts/run_fix12.sh:35|scripts/run_fix13.sh:35|scripts/run_fix14.sh:35|scripts/run_fix15.sh:35|scripts/run_fix16.sh:35|scripts/run_fix17.sh:35|scripts/run_fix18.sh:35|scripts/run_fix19.sh:35|scripts/run_fix2.sh:35|scripts/run_fix20.sh:35|scripts/run_fix21.sh:35|scripts/run_fix22.sh:35|scripts/run_fix3.sh:35|scripts/run_fix4.sh:35|scripts/run_fix5.sh:35|scripts/run_fix6.sh:35|scripts/run_fix7.sh:35|scripts/run_fix8.sh:35|scripts/run_fix9.sh:35|scripts/run_fph_diag.sh:32|scripts/run_fphbf.sh:32|scripts/run_fphdg.sh:32|scripts/run_fphval.sh:32|scripts/run_frz0.sh:32|scripts/run_hotdump.sh:35|scripts/run_hotroot.sh:32|scripts/run_ionb3.sh:34|scripts/run_ionb5x.sh:34|scripts/run_ionboost.sh:32|scripts/run_ionboost2.sh:32|scripts/run_ionchk.sh:32|scripts/run_ionnt.sh:32|scripts/run_iterdump.sh:35|scripts/run_jdump.sh:32|scripts/run_jdump_diag.sh:26|scripts/run_milne1.sh:35|scripts/run_milneP.sh:35|scripts/run_ntdr.sh:34|scripts/run_recdiag.sh:35|scripts/run_repro22.sh:35|scripts/run_rtr33.sh:32|scripts/run_rtruth.sh:32|scripts/run_s2_chk.sh:32|scripts/run_s2_dep0.sh:32|scripts/run_s2_eps.sh:32|scripts/run_s2_fph.sh:32|scripts/run_s2_fph2.sh:32|scripts/run_s2_fznt.sh:32|scripts/run_s2_nebheat.sh:32|scripts/run_s2_nolinere.sh:32|scripts/run_s2_ntxe.sh:32|scripts/run_s2_phys.sh:32|scripts/run_s40diag.sh:35|scripts/run_srcbl.sh:32|scripts/run_stage0_diag.sh:36|scripts/run_stage1_ab.sh:32|scripts/run_stage2.sh:32|scripts/run_stage3.sh:33|scripts/run_wbflr.sh:34|scripts/run_widebr.sh:32|scripts/slurm_aulbranch_validate.sh:204|scripts/slurm_ddc15_a1_diffbc.sh:67|scripts/slurm_ddc15_a2_jnu.sh:76|scripts/slurm_ddc15_a2_jnu_atrad.sh:77|scripts/slurm_ddc15_a2_newton.sh:72|scripts/slurm_ddc15_a2_newton_omp.sh:75|scripts/slurm_ddc15_a2_septest.sh:76|scripts/slurm_ddc15_a2_trace.sh:76|scripts/slurm_ddc15_a2_trace0.sh:76|scripts/slurm_ddc15_a3_lstar.sh:80|scripts/slurm_ddc15_frozenin.sh:72|scripts/slurm_ddc15_frozenin_ab.sh:72|scripts/slurm_ddc15_initial.sh:90|scripts/slurm_ddc15_nefix_prof.sh:60|scripts/slurm_ddc15_pure_cmfgen_phase3.sh:107|scripts/slurm_ddc15_radeq_ab.sh:69|scripts/slurm_ddc15_radeq_adiab.sh:77|scripts/slurm_ddc15_radeq_blanket.sh:77|scripts/slurm_ddc15_radeq_blanketdamp.sh:78|scripts/slurm_ddc15_radeq_coolfix.sh:63|scripts/slurm_ddc15_radeq_escape.sh:67|scripts/slurm_ddc15_radeq_escape_alllines.sh:67|scripts/slurm_ddc15_radeq_hybridB2.sh:75|scripts/slurm_ddc15_radeq_integralB.sh:78|scripts/slurm_ddc15_radeq_nebular.sh:77|scripts/slurm_ddc15_radeq_noswitch.sh:75|scripts/slurm_ddc15real.sh:68|scripts/slurm_einsteinFix_2002bo_macroatom_smoke.sh:212|scripts/slurm_fixtrad_fluorescence.sh:218|scripts/slurm_jcap_test.sh:212|scripts/slurm_ma_internal_cap.sh:213|scripts/slurm_macroatom_binnedj_ab.sh:223|scripts/slurm_superlev_identity_smoke.sh:212|scripts/test_thenmc_bin.sh:33,COVERED,docs/FLUORESCENCE_DESIGN_AB.md,UNTESTED,MEDIUM,parameter/mask can alter arithmetic over multiple selected records or shells; no direct layout reconstruction identified,NO_EVIDENCE (no #if 0; repository dead_code_audit found no unreferenced non-static consumer function),required RESOLVED_CONFIG evidence unavailable (0 files); stdout RUN FOOTER used as fallback,C3_ACTIVE_OFF_UNTESTED,P2,"required: same binary/input; UNSET vs explicit neutral/OFF vs ON(shadow); byte-compare registered state, layout/table manifests, oracle outputs, RNG/event counters; ON must not commit target state"
LUMINA_MAX_TOTAL_STEPS,src/lumina_cuda.cu:6658|src/lumina_cuda.cu:6659,literal getenv,unset: direct getenv condition is false; named branch is not entered,ON_GATE/parameter (non-NULL/nonzero or selector value requests the named branch/override),DORMANT,NONE,NONE,NONE,NONE,UNAUDITED,NONE,UNTESTED,MEDIUM,parameter/mask can alter arithmetic over multiple selected records or shells; no direct layout reconstruction identified,NO_EVIDENCE (no #if 0; repository dead_code_audit found no unreferenced non-static consumer function),required RESOLVED_CONFIG evidence unavailable (0 files); stdout RUN FOOTER used as fallback,C1_DORMANT_UNAUDITED,NOT_REQUIRED_BY_C2_C3,NONE
LUMINA_MA_CAP_EMIT,src/lumina_cuda.cu:6696|src/lumina_cuda.cu:6697|src/lumina_cuda.cu:8160|src/lumina_cuda.cu:8161,literal getenv,unset: source comment/default states 0,ON_GATE,DORMANT,NONE,NONE,NONE,scripts/sbatch_kpkt_exit_capemit.sh:28,UNAUDITED,NONE,UNTESTED,MEDIUM,parameter/mask can alter arithmetic over multiple selected records or shells; no direct layout reconstruction identified,NO_EVIDENCE (no #if 0; repository dead_code_audit found no unreferenced non-static consumer function),required RESOLVED_CONFIG evidence unavailable (0 files); stdout RUN FOOTER used as fallback,C1_DORMANT_UNAUDITED,NOT_REQUIRED_BY_C2_C3,NONE
LUMINA_MA_COLLISION_LIMIT_EV,src/lumina_plasma.c:3704,literal + dynamic helper,unset: NULL makes the guarded named branch false; no env-requested override/action at this consumer,ON_GATE/parameter (non-NULL/nonzero or selector value requests the named branch/override),DORMANT,NONE,NONE,NONE,scripts/run_bfdark.sh:109|scripts/run_bfdark.sh:111|scripts/run_bfdark.sh:112,UNAUDITED,NONE,UNTESTED,MEDIUM,parameter/mask can alter arithmetic over multiple selected records or shells; no direct layout reconstruction identified,NO_EVIDENCE (no #if 0; repository dead_code_audit found no unreferenced non-static consumer function),required RESOLVED_CONFIG evidence unavailable (0 files); stdout RUN FOOTER used as fallback,C1_DORMANT_UNAUDITED,NOT_REQUIRED_BY_C2_C3,NONE
LUMINA_MA_FATE_ZIHIST,src/lumina_cuda.cu:6789|src/lumina_cuda.cu:6790,literal getenv,unset: direct getenv condition is false; named branch is not entered,ON_GATE/parameter (non-NULL/nonzero or selector value requests the named branch/override),DORMANT,NONE,NONE,NONE,scripts/run_bfdark.sh:100|scripts/run_bfdark.sh:101|scripts/run_bfdark.sh:108|scripts/run_bfdark.sh:109|scripts/run_bfdark.sh:110|scripts/run_bfdark.sh:111|scripts/run_bfdark.sh:112|scripts/run_bfdark.sh:113|scripts/run_bfdark.sh:114|scripts/run_bfdark.sh:115|scripts/run_bfdark.sh:98|scripts/run_bfdark.sh:99|scripts/slurm_ddc15_H3_fate_attribution.sh:166|scripts/slurm_ddc15_initial.sh:104,UNAUDITED,NONE,UNTESTED,MEDIUM,parameter/mask can alter arithmetic over multiple selected records or shells; no direct layout reconstruction identified,NO_EVIDENCE (no #if 0; repository dead_code_audit found no unreferenced non-static consumer function),required RESOLVED_CONFIG evidence unavailable (0 files); stdout RUN FOOTER used as fallback,C1_DORMANT_UNAUDITED,NOT_REQUIRED_BY_C2_C3,NONE
LUMINA_MA_INTERNAL_CAP,src/lumina_cuda.cu:6668|src/lumina_cuda.cu:6669,literal getenv,unset: source comment/default states 5000,ON_GATE(parameter),DORMANT,NONE,NONE,NONE,scripts/slurm_ma_internal_cap.sh:207,UNAUDITED,NONE,UNTESTED,MEDIUM,parameter/mask can alter arithmetic over multiple selected records or shells; no direct layout reconstruction identified,NO_EVIDENCE (no #if 0; repository dead_code_audit found no unreferenced non-static consumer function),required RESOLVED_CONFIG evidence unavailable (0 files); stdout RUN FOOTER used as fallback,C1_DORMANT_UNAUDITED,NOT_REQUIRED_BY_C2_C3,NONE
LUMINA_MA_LINE_DESTRUCT,src/lumina_cuda.cu:258|src/lumina_cuda.cu:259|src/lumina_plasma.c:4052,literal getenv,unset: 0/OFF; no table allocation/upload/consume,ON_GATE,ACTIVE_OBSERVED,0|1,/gpfs/kjhan/lumina_runner2/logs/coevolve_consume_parity51/stdout.log:37919|/gpfs/kjhan/lumina_runner2/logs/coevolve_consume_parity51/stdout.log:70|/gpfs/kjhan/lumina_runner2/logs/coevolve_consume_parity56/stdout.log:38148|/gpfs/kjhan/lumina_runner2/logs/coevolve_consume_parity56/stdout.log:70|/gpfs/kjhan/lumina_runner2/logs/coevolve_consume_parity57/stdout.log:38915|/gpfs/kjhan/lumina_runner2/logs/coevolve_consume_parity57/stdout.log:70|/gpfs/kjhan/lumina_runner2/logs/coevolve_consume_parity58/stdout.log:38149|/gpfs/kjhan/lumina_runner2/logs/coevolve_consume_parity58/stdout.log:71|/gpfs/kjhan/lumina_runner2/logs/coevolve_consume_parity59/stdout.log:38148|/gpfs/kjhan/lumina_runner2/logs/coevolve_consume_parity59/stdout.log:71|/gpfs/kjhan/lumina_runner2/logs/coevolve_consume_parity60/stdout.log:38966|/gpfs/kjhan/lumina_runner2/logs/coevolve_consume_parity60/stdout.log:72|scripts/parity_baseline.env:63,"coevolve_consume_parity59 (/gpfs/kjhan/lumina_runner2/logs/coevolve_consume_parity59/stdout.log:71, value=1)",scripts/launch_parity27_syn08.sh:14|scripts/launch_parity28_syn08.sh:14|scripts/launch_parity29_syn08.sh:14|scripts/launch_parity30_syn08.sh:14|scripts/launch_parity31_syn08.sh:14|scripts/launch_parity32_syn08.sh:14|scripts/launch_parity33_syn08.sh:18|scripts/launch_parity34_syn08.sh:27|scripts/launch_parity35_syn08.sh:22|scripts/launch_parity36a_base.sh:34|scripts/launch_parity36b_noskip.sh:42|scripts/launch_parity37_taudump.sh:48|scripts/launch_parity38_nofloor.sh:57|scripts/launch_parity39_baseline.sh:34|scripts/launch_parity40_tepin.sh:62|scripts/launch_parity41_sivcaiv.sh:74|scripts/launch_parity42_gphoff.sh:67|scripts/parity_baseline.env:63|scripts/sbatch_gpu_determinism_probe_a100.sh:25|scripts/sbatch_gpu_determinism_probe_h100.sh:25|scripts/sbatch_parity26_diag.sh:21|scripts/sbatch_parity27_tepin.sh:26|scripts/sbatch_parity28_binfield.sh:26,COVERED,docs/V3_FUNCTION_AUDIT_VERIFICATION_2026-07-31.md;docs/ARTIS_FUNCTION_PARITY_AUDIT_2026-07-31.md;docs/CODEX_P06_DOUBLE_DRAW_VERDICT.md;docs/CODEX_PARITY57_V3_ADVERSARIAL.md,UNTESTED,HIGH,source-selected model-wide mode/backend/layout/table/profile or cross-shell arithmetic; off-target impact cannot be excluded statically,NO_EVIDENCE (no #if 0; repository dead_code_audit found no unreferenced non-static consumer function),required RESOLVED_CONFIG evidence unavailable (0 files); stdout RUN FOOTER used as fallback,C3_ACTIVE_OFF_UNTESTED,P1,"required: same binary/input; UNSET vs explicit neutral/OFF vs ON(shadow); byte-compare registered state, layout/table manifests, oracle outputs, RNG/event counters; ON must not commit target state"
LUMINA_MA_RADRECOMB,src/lumina_cuda.cu:6441|src/lumina_plasma.c:3060|src/lumina_plasma.c:6993,literal getenv,unset: source comment/default states OFF,ON_GATE,ACTIVE_OBSERVED,1,/gpfs/kjhan/lumina_runner2/logs/coevolve_consume_parity51/stdout.log:117|/gpfs/kjhan/lumina_runner2/logs/coevolve_consume_parity51/stdout.log:37966|/gpfs/kjhan/lumina_runner2/logs/coevolve_consume_parity56/stdout.log:118|/gpfs/kjhan/lumina_runner2/logs/coevolve_consume_parity56/stdout.log:38196|/gpfs/kjhan/lumina_runner2/logs/coevolve_consume_parity57/stdout.log:118|/gpfs/kjhan/lumina_runner2/logs/coevolve_consume_parity57/stdout.log:38963|/gpfs/kjhan/lumina_runner2/logs/coevolve_consume_parity58/stdout.log:119|/gpfs/kjhan/lumina_runner2/logs/coevolve_consume_parity58/stdout.log:38197|/gpfs/kjhan/lumina_runner2/logs/coevolve_consume_parity59/stdout.log:119|/gpfs/kjhan/lumina_runner2/logs/coevolve_consume_parity59/stdout.log:38196|/gpfs/kjhan/lumina_runner2/logs/coevolve_consume_parity60/stdout.log:121|/gpfs/kjhan/lumina_runner2/logs/coevolve_consume_parity60/stdout.log:39015,"coevolve_consume_parity60 (/gpfs/kjhan/lumina_runner2/logs/coevolve_consume_parity60/stdout.log:39015, value=1)",scripts/launch_parity27_syn08.sh:16|scripts/launch_parity28_syn08.sh:16|scripts/launch_parity29_syn08.sh:16|scripts/launch_parity30_syn08.sh:16|scripts/launch_parity31_syn08.sh:16|scripts/launch_parity32_syn08.sh:16|scripts/launch_parity33_syn08.sh:20|scripts/launch_parity34_syn08.sh:29|scripts/launch_parity35_syn08.sh:24|scripts/launch_parity36a_base.sh:36|scripts/launch_parity36b_noskip.sh:44|scripts/launch_parity37_taudump.sh:50|scripts/launch_parity38_nofloor.sh:59|scripts/launch_parity39_baseline.sh:36|scripts/launch_parity40_tepin.sh:64|scripts/launch_parity41_sivcaiv.sh:76|scripts/launch_parity42_gphoff.sh:69|scripts/sbatch_gpu_determinism_probe_a100.sh:31|scripts/sbatch_gpu_determinism_probe_h100.sh:31|scripts/sbatch_parity26_diag.sh:23|scripts/sbatch_parity27_tepin.sh:28|scripts/sbatch_parity28_binfield.sh:28,COVERED,docs/V3_FUNCTION_AUDIT_VERIFICATION_2026-07-31.md;docs/CODEX_WAVE1_C_REVIEW.md;docs/ARTIS_CMFGEN_PARITY_DIAGNOSIS_2026-07-30.md,UNTESTED,MEDIUM,parameter/mask can alter arithmetic over multiple selected records or shells; no direct layout reconstruction identified,NO_EVIDENCE (no #if 0; repository dead_code_audit found no unreferenced non-static consumer function),required RESOLVED_CONFIG evidence unavailable (0 files); stdout RUN FOOTER used as fallback,C3_ACTIVE_OFF_UNTESTED,P2,"required: same binary/input; UNSET vs explicit neutral/OFF vs ON(shadow); byte-compare registered state, layout/table manifests, oracle outputs, RNG/event counters; ON must not commit target state"
LUMINA_MA_RADRECOMB_TARGET,src/lumina_atomic.c:992|src/lumina_cuda.cu:6444,literal getenv,unset: NULL makes the guarded named branch false; no env-requested override/action at this consumer,ON_GATE/parameter (non-NULL/nonzero or selector value requests the named branch/override),DORMANT,NONE,NONE,NONE,NONE,UNAUDITED,NONE,UNTESTED,HIGH,source-selected model-wide mode/backend/layout/table/profile or cross-shell arithmetic; off-target impact cannot be excluded statically,NO_EVIDENCE (no #if 0; repository dead_code_audit found no unreferenced non-static consumer function),required RESOLVED_CONFIG evidence unavailable (0 files); stdout RUN FOOTER used as fallback,C1_DORMANT_UNAUDITED|C2_DORMANT_HIGH,P1,"required: same binary/input; UNSET vs explicit neutral/OFF vs ON(shadow); byte-compare registered state, layout/table manifests, oracle outputs, RNG/event counters; ON must not commit target state"
LUMINA_MA_REAL_UPSILON,src/lumina_plasma.c:3931,literal getenv,unset: source comment/default states OFF,ON_GATE,ACTIVE_OBSERVED,1,/gpfs/kjhan/lumina_runner2/logs/coevolve_consume_parity51/stdout.log:30|/gpfs/kjhan/lumina_runner2/logs/coevolve_consume_parity51/stdout.log:37879|/gpfs/kjhan/lumina_runner2/logs/coevolve_consume_parity56/stdout.log:30|/gpfs/kjhan/lumina_runner2/logs/coevolve_consume_parity56/stdout.log:38108|/gpfs/kjhan/lumina_runner2/logs/coevolve_consume_parity57/stdout.log:30|/gpfs/kjhan/lumina_runner2/logs/coevolve_consume_parity57/stdout.log:38875|/gpfs/kjhan/lumina_runner2/logs/coevolve_consume_parity58/stdout.log:30|/gpfs/kjhan/lumina_runner2/logs/coevolve_consume_parity58/stdout.log:38108|/gpfs/kjhan/lumina_runner2/logs/coevolve_consume_parity59/stdout.log:30|/gpfs/kjhan/lumina_runner2/logs/coevolve_consume_parity59/stdout.log:38107|/gpfs/kjhan/lumina_runner2/logs/coevolve_consume_parity60/stdout.log:30|/gpfs/kjhan/lumina_runner2/logs/coevolve_consume_parity60/stdout.log:38924,"coevolve_consume_parity60 (/gpfs/kjhan/lumina_runner2/logs/coevolve_consume_parity60/stdout.log:38924, value=1)",scripts/launch_parity27_syn08.sh:14|scripts/launch_parity28_syn08.sh:14|scripts/launch_parity29_syn08.sh:14|scripts/launch_parity30_syn08.sh:14|scripts/launch_parity31_syn08.sh:14|scripts/launch_parity32_syn08.sh:14|scripts/launch_parity33_syn08.sh:18|scripts/launch_parity34_syn08.sh:27|scripts/launch_parity35_syn08.sh:22|scripts/launch_parity36a_base.sh:34|scripts/launch_parity36b_noskip.sh:42|scripts/launch_parity37_taudump.sh:48|scripts/launch_parity38_nofloor.sh:57|scripts/launch_parity39_baseline.sh:34|scripts/launch_parity40_tepin.sh:62|scripts/launch_parity41_sivcaiv.sh:74|scripts/launch_parity42_gphoff.sh:67|scripts/sbatch_gpu_determinism_probe_a100.sh:25|scripts/sbatch_gpu_determinism_probe_h100.sh:25|scripts/sbatch_parity26_diag.sh:21|scripts/sbatch_parity27_tepin.sh:26|scripts/sbatch_parity28_binfield.sh:26,COVERED,docs/V3_FUNCTION_AUDIT_VERIFICATION_2026-07-31.md;docs/ARTIS_FUNCTION_PARITY_AUDIT_2026-07-31.md,UNTESTED,MEDIUM,parameter/mask can alter arithmetic over multiple selected records or shells; no direct layout reconstruction identified,NO_EVIDENCE (no #if 0; repository dead_code_audit found no unreferenced non-static consumer function),required RESOLVED_CONFIG evidence unavailable (0 files); stdout RUN FOOTER used as fallback,C3_ACTIVE_OFF_UNTESTED,P2,"required: same binary/input; UNSET vs explicit neutral/OFF vs ON(shadow); byte-compare registered state, layout/table manifests, oracle outputs, RNG/event counters; ON must not commit target state"
LUMINA_MC_COEVOLVE,src/lumina_cuda.cu:6822|src/lumina_cuda.cu:6823,literal getenv,unset: getenv returns NULL and this env override is not applied; compiled initializer/parent mode remains,ON_GATE/parameter (exact polarity unresolved),ACTIVE_OBSERVED,1,/gpfs/kjhan/lumina_runner2/logs/coevolve_consume_parity51/stdout.log:10|/gpfs/kjhan/lumina_runner2/logs/coevolve_consume_parity51/stdout.log:37859|/gpfs/kjhan/lumina_runner2/logs/coevolve_consume_parity56/stdout.log:10|/gpfs/kjhan/lumina_runner2/logs/coevolve_consume_parity56/stdout.log:38088|/gpfs/kjhan/lumina_runner2/logs/coevolve_consume_parity57/stdout.log:10|/gpfs/kjhan/lumina_runner2/logs/coevolve_consume_parity57/stdout.log:38855|/gpfs/kjhan/lumina_runner2/logs/coevolve_consume_parity58/stdout.log:10|/gpfs/kjhan/lumina_runner2/logs/coevolve_consume_parity58/stdout.log:38088|/gpfs/kjhan/lumina_runner2/logs/coevolve_consume_parity59/stdout.log:10|/gpfs/kjhan/lumina_runner2/logs/coevolve_consume_parity59/stdout.log:38087|/gpfs/kjhan/lumina_runner2/logs/coevolve_consume_parity60/stdout.log:10|/gpfs/kjhan/lumina_runner2/logs/coevolve_consume_parity60/stdout.log:38904,"coevolve_consume_parity60 (/gpfs/kjhan/lumina_runner2/logs/coevolve_consume_parity60/stdout.log:38904, value=1)",scripts/run_coevolve_s01.sh:101|scripts/run_coevolve_s01.sh:123,COVERED,docs/COEVOLVE_REWIRING_PLAN.md,UNTESTED,HIGH,source-selected model-wide mode/backend/layout/table/profile or cross-shell arithmetic; off-target impact cannot be excluded statically,NO_EVIDENCE (no #if 0; repository dead_code_audit found no unreferenced non-static consumer function),exact unset initializer/polarity requires function-level semantic audit | required RESOLVED_CONFIG evidence unavailable (0 files); stdout RUN FOOTER used as fallback,C3_ACTIVE_OFF_UNTESTED,P0,"required: same binary/input; UNSET vs explicit neutral/OFF vs ON(shadow); byte-compare registered state, layout/table manifests, oracle outputs, RNG/event counters; ON must not commit target state"
LUMINA_MC_COEVOLVE_CONSUME,src/lumina_cuda.cu:8440|src/lumina_cuda.cu:9072,literal getenv,unset: source comment/default states 0,ON_GATE,ACTIVE_OBSERVED,1,/gpfs/kjhan/lumina_runner2/logs/coevolve_consume_parity51/stdout.log:13|/gpfs/kjhan/lumina_runner2/logs/coevolve_consume_parity51/stdout.log:37862|/gpfs/kjhan/lumina_runner2/logs/coevolve_consume_parity56/stdout.log:13|/gpfs/kjhan/lumina_runner2/logs/coevolve_consume_parity56/stdout.log:38091|/gpfs/kjhan/lumina_runner2/logs/coevolve_consume_parity57/stdout.log:13|/gpfs/kjhan/lumina_runner2/logs/coevolve_consume_parity57/stdout.log:38858|/gpfs/kjhan/lumina_runner2/logs/coevolve_consume_parity58/stdout.log:13|/gpfs/kjhan/lumina_runner2/logs/coevolve_consume_parity58/stdout.log:38091|/gpfs/kjhan/lumina_runner2/logs/coevolve_consume_parity59/stdout.log:13|/gpfs/kjhan/lumina_runner2/logs/coevolve_consume_parity59/stdout.log:38090|/gpfs/kjhan/lumina_runner2/logs/coevolve_consume_parity60/stdout.log:13|/gpfs/kjhan/lumina_runner2/logs/coevolve_consume_parity60/stdout.log:38907,"coevolve_consume_parity60 (/gpfs/kjhan/lumina_runner2/logs/coevolve_consume_parity60/stdout.log:38907, value=1)",scripts/run_coevolve_s01.sh:127,UNAUDITED,NONE,UNTESTED,MEDIUM,parameter/mask can alter arithmetic over multiple selected records or shells; no direct layout reconstruction identified,NO_EVIDENCE (no #if 0; repository dead_code_audit found no unreferenced non-static consumer function),required RESOLVED_CONFIG evidence unavailable (0 files); stdout RUN FOOTER used as fallback,C3_ACTIVE_OFF_UNTESTED,P2,"required: same binary/input; UNSET vs explicit neutral/OFF vs ON(shadow); byte-compare registered state, layout/table manifests, oracle outputs, RNG/event counters; ON must not commit target state"
LUMINA_MC_COEVOLVE_INJECT,src/lumina_cuda.cu:7946,literal getenv,unset: source ternary selects fallback expression `0`,ON_GATE/parameter (non-NULL/nonzero or selector value requests the named branch/override),ACTIVE_OBSERVED,2,/gpfs/kjhan/lumina_runner2/logs/coevolve_consume_parity51/stdout.log:37936|/gpfs/kjhan/lumina_runner2/logs/coevolve_consume_parity51/stdout.log:87|/gpfs/kjhan/lumina_runner2/logs/coevolve_consume_parity56/stdout.log:38165|/gpfs/kjhan/lumina_runner2/logs/coevolve_consume_parity56/stdout.log:87|/gpfs/kjhan/lumina_runner2/logs/coevolve_consume_parity57/stdout.log:38932|/gpfs/kjhan/lumina_runner2/logs/coevolve_consume_parity57/stdout.log:87|/gpfs/kjhan/lumina_runner2/logs/coevolve_consume_parity58/stdout.log:38166|/gpfs/kjhan/lumina_runner2/logs/coevolve_consume_parity58/stdout.log:88|/gpfs/kjhan/lumina_runner2/logs/coevolve_consume_parity59/stdout.log:38165|/gpfs/kjhan/lumina_runner2/logs/coevolve_consume_parity59/stdout.log:88|/gpfs/kjhan/lumina_runner2/logs/coevolve_consume_parity60/stdout.log:38984|/gpfs/kjhan/lumina_runner2/logs/coevolve_consume_parity60/stdout.log:90,"coevolve_consume_parity60 (/gpfs/kjhan/lumina_runner2/logs/coevolve_consume_parity60/stdout.log:90, value=2)",scripts/run_coevolve_s01.sh:124|scripts/sbatch_coevolve.sh:19|scripts/sbatch_coevolve.sh:20,COVERED,docs/COEVOLVE_REWIRING_PLAN.md,UNTESTED,MEDIUM,parameter/mask can alter arithmetic over multiple selected records or shells; no direct layout reconstruction identified,NO_EVIDENCE (no #if 0; repository dead_code_audit found no unreferenced non-static consumer function),required RESOLVED_CONFIG evidence unavailable (0 files); stdout RUN FOOTER used as fallback,C3_ACTIVE_OFF_UNTESTED,P2,"required: same binary/input; UNSET vs explicit neutral/OFF vs ON(shadow); byte-compare registered state, layout/table manifests, oracle outputs, RNG/event counters; ON must not commit target state"
LUMINA_MC_INJECT_SHELL,src/lumina_cuda.cu:7993|src/lumina_cuda.cu:9334,literal getenv,unset: source ternary selects fallback expression `0`,ON_GATE/parameter (non-NULL/nonzero or selector value requests the named branch/override),ACTIVE_OBSERVED,5,/gpfs/kjhan/lumina_runner2/logs/coevolve_consume_parity51/stdout.log:37889|/gpfs/kjhan/lumina_runner2/logs/coevolve_consume_parity51/stdout.log:40|/gpfs/kjhan/lumina_runner2/logs/coevolve_consume_parity56/stdout.log:38118|/gpfs/kjhan/lumina_runner2/logs/coevolve_consume_parity56/stdout.log:40|/gpfs/kjhan/lumina_runner2/logs/coevolve_consume_parity57/stdout.log:38885|/gpfs/kjhan/lumina_runner2/logs/coevolve_consume_parity57/stdout.log:40|/gpfs/kjhan/lumina_runner2/logs/coevolve_consume_parity58/stdout.log:38118|/gpfs/kjhan/lumina_runner2/logs/coevolve_consume_parity58/stdout.log:40|/gpfs/kjhan/lumina_runner2/logs/coevolve_consume_parity59/stdout.log:38117|/gpfs/kjhan/lumina_runner2/logs/coevolve_consume_parity59/stdout.log:40|/gpfs/kjhan/lumina_runner2/logs/coevolve_consume_parity60/stdout.log:38935|/gpfs/kjhan/lumina_runner2/logs/coevolve_consume_parity60/stdout.log:41,"coevolve_consume_parity60 (/gpfs/kjhan/lumina_runner2/logs/coevolve_consume_parity60/stdout.log:41, value=5)",scripts/run_bfdark.sh:107|scripts/run_bfdark.sh:108|scripts/run_bfdark.sh:109|scripts/run_bfdark.sh:110|scripts/run_bfdark.sh:111|scripts/run_bfdark.sh:112|scripts/run_bfdark.sh:113|scripts/run_bfdark.sh:114|scripts/run_bfdark.sh:115|scripts/run_bfdark.sh:116|scripts/run_coevolve_s01.sh:101|scripts/run_coevolve_s01.sh:123|scripts/run_coevolve_s01.sh:78,COVERED,docs/COEVOLVE_REWIRING_PLAN.md,UNTESTED,MEDIUM,parameter/mask can alter arithmetic over multiple selected records or shells; no direct layout reconstruction identified,NO_EVIDENCE (no #if 0; repository dead_code_audit found no unreferenced non-static consumer function),required RESOLVED_CONFIG evidence unavailable (0 files); stdout RUN FOOTER used as fallback,C3_ACTIVE_OFF_UNTESTED,P2,"required: same binary/input; UNSET vs explicit neutral/OFF vs ON(shadow); byte-compare registered state, layout/table manifests, oracle outputs, RNG/event counters; ON must not commit target state"
LUMINA_MC_JDUMP,src/lumina_cuda.cu:9709|src/lumina_plasma.c:14275,literal getenv,unset: diagnostic/self-test branch not requested (no getenv value),ON_GATE(diagnostic),DORMANT,NONE,NONE,NONE,scripts/judge_mc_field.py:27|scripts/judge_mc_field.py:6|scripts/run_bfdark.sh:116,UNAUDITED,NONE,UNTESTED,LOW,diagnostic/output/self-test control; may alter I/O or early exit but no production array/layout mutation identified at consumer,NO_EVIDENCE (no #if 0; repository dead_code_audit found no unreferenced non-static consumer function),required RESOLVED_CONFIG evidence unavailable (0 files); stdout RUN FOOTER used as fallback,C1_DORMANT_UNAUDITED,NOT_REQUIRED_BY_C2_C3,NONE
LUMINA_ML_PHI_NEB_BOOST,src/lumina_plasma.c:1932,literal getenv,unset: NULL makes the guarded named branch false; no env-requested override/action at this consumer,ON_GATE/parameter (non-NULL/nonzero or selector value requests the named branch/override),DORMANT,NONE,NONE,NONE,scripts/slurm_ml_phineb_smoke.sh:55,UNAUDITED,NONE,UNTESTED,MEDIUM,parameter/mask can alter arithmetic over multiple selected records or shells; no direct layout reconstruction identified,NO_EVIDENCE (no #if 0; repository dead_code_audit found no unreferenced non-static consumer function),required RESOLVED_CONFIG evidence unavailable (0 files); stdout RUN FOOTER used as fallback,C1_DORMANT_UNAUDITED,NOT_REQUIRED_BY_C2_C3,NONE
LUMINA_ML_PHI_NEB_IONMASK,src/lumina_plasma.c:1947,literal getenv,unset: NULL makes the guarded named branch false; no env-requested override/action at this consumer,ON_GATE/parameter (non-NULL/nonzero or selector value requests the named branch/override),DORMANT,NONE,NONE,NONE,scripts/slurm_ml_phineb_smoke.sh:58,UNAUDITED,NONE,UNTESTED,MEDIUM,parameter/mask can alter arithmetic over multiple selected records or shells; no direct layout reconstruction identified,NO_EVIDENCE (no #if 0; repository dead_code_audit found no unreferenced non-static consumer function),required RESOLVED_CONFIG evidence unavailable (0 files); stdout RUN FOOTER used as fallback,C1_DORMANT_UNAUDITED,NOT_REQUIRED_BY_C2_C3,NONE
LUMINA_ML_PHI_NEB_T_RATIO_EXP,src/lumina_plasma.c:1934,literal getenv,unset: NULL makes the guarded named branch false; no env-requested override/action at this consumer,ON_GATE/parameter (non-NULL/nonzero or selector value requests the named branch/override),DORMANT,NONE,NONE,NONE,scripts/slurm_ml_phineb_smoke.sh:56,UNAUDITED,NONE,UNTESTED,MEDIUM,parameter/mask can alter arithmetic over multiple selected records or shells; no direct layout reconstruction identified,NO_EVIDENCE (no #if 0; repository dead_code_audit found no unreferenced non-static consumer function),required RESOLVED_CONFIG evidence unavailable (0 files); stdout RUN FOOTER used as fallback,C1_DORMANT_UNAUDITED,NOT_REQUIRED_BY_C2_C3,NONE
LUMINA_ML_PHI_NEB_ZMASK,src/lumina_plasma.c:1937,literal getenv,unset: NULL makes the guarded named branch false; no env-requested override/action at this consumer,ON_GATE/parameter (non-NULL/nonzero or selector value requests the named branch/override),DORMANT,NONE,NONE,NONE,scripts/slurm_ml_phineb_smoke.sh:57,UNAUDITED,NONE,UNTESTED,MEDIUM,parameter/mask can alter arithmetic over multiple selected records or shells; no direct layout reconstruction identified,NO_EVIDENCE (no #if 0; repository dead_code_audit found no unreferenced non-static consumer function),required RESOLVED_CONFIG evidence unavailable (0 files); stdout RUN FOOTER used as fallback,C1_DORMANT_UNAUDITED,NOT_REQUIRED_BY_C2_C3,NONE
LUMINA_NLTE,src/lumina_cuda.cu:6605|src/lumina_main.c:168,literal getenv,unset: source comment/default states 0,ON_GATE,ACTIVE_OBSERVED,1,/gpfs/kjhan/lumina_runner2/logs/coevolve_consume_parity51/stdout.log:37929|/gpfs/kjhan/lumina_runner2/logs/coevolve_consume_parity51/stdout.log:80|/gpfs/kjhan/lumina_runner2/logs/coevolve_consume_parity56/stdout.log:38158|/gpfs/kjhan/lumina_runner2/logs/coevolve_consume_parity56/stdout.log:80|/gpfs/kjhan/lumina_runner2/logs/coevolve_consume_parity57/stdout.log:38925|/gpfs/kjhan/lumina_runner2/logs/coevolve_consume_parity57/stdout.log:80|/gpfs/kjhan/lumina_runner2/logs/coevolve_consume_parity58/stdout.log:38159|/gpfs/kjhan/lumina_runner2/logs/coevolve_consume_parity58/stdout.log:81|/gpfs/kjhan/lumina_runner2/logs/coevolve_consume_parity59/stdout.log:38158|/gpfs/kjhan/lumina_runner2/logs/coevolve_consume_parity59/stdout.log:81|/gpfs/kjhan/lumina_runner2/logs/coevolve_consume_parity60/stdout.log:38976|/gpfs/kjhan/lumina_runner2/logs/coevolve_consume_parity60/stdout.log:82,"coevolve_consume_parity60 (/gpfs/kjhan/lumina_runner2/logs/coevolve_consume_parity60/stdout.log:82, value=1)",scripts/run_baldiag.sh:12|scripts/run_bfdark.sh:18|scripts/run_boostdr.sh:12|scripts/run_capraise.sh:12|scripts/run_cnclean.sh:12|scripts/run_cndamp.sh:12|scripts/run_coevolve_s01.sh:25|scripts/run_conv16.sh:12|scripts/run_cpl1.sh:12|scripts/run_cpl20.sh:12|scripts/run_dronly.sh:12|scripts/run_etla.sh:12|scripts/run_fix10.sh:15|scripts/run_fix11.sh:15|scripts/run_fix12.sh:15|scripts/run_fix13.sh:15|scripts/run_fix14.sh:15|scripts/run_fix15.sh:15|scripts/run_fix16.sh:15|scripts/run_fix17.sh:15|scripts/run_fix18.sh:15|scripts/run_fix19.sh:15|scripts/run_fix2.sh:15|scripts/run_fix20.sh:15|scripts/run_fix21.sh:15|scripts/run_fix22.sh:15|scripts/run_fix3.sh:15|scripts/run_fix4.sh:15|scripts/run_fix5.sh:15|scripts/run_fix6.sh:15|scripts/run_fix7.sh:15|scripts/run_fix8.sh:15|scripts/run_fix9.sh:15|scripts/run_fph_diag.sh:12|scripts/run_fphbf.sh:12|scripts/run_fphdg.sh:12|scripts/run_fphval.sh:12|scripts/run_frz0.sh:12|scripts/run_hotdump.sh:15|scripts/run_hotroot.sh:12|scripts/run_ionb3.sh:12|scripts/run_ionb5x.sh:12|scripts/run_ionboost.sh:12|scripts/run_ionboost2.sh:12|scripts/run_ionchk.sh:12|scripts/run_ionnt.sh:12|scripts/run_iterdump.sh:15|scripts/run_jdump.sh:12|scripts/run_jdump_diag.sh:7|scripts/run_milne1.sh:15|scripts/run_milneP.sh:15|scripts/run_ntdr.sh:12|scripts/run_recdiag.sh:15|scripts/run_repro22.sh:15|scripts/run_rtr33.sh:12|scripts/run_rtruth.sh:12|scripts/run_s2_chk.sh:12|scripts/run_s2_dep0.sh:12|scripts/run_s2_eps.sh:12|scripts/run_s2_fph.sh:12|scripts/run_s2_fph2.sh:12|scripts/run_s2_fznt.sh:12|scripts/run_s2_nebheat.sh:12|scripts/run_s2_nolinere.sh:12|scripts/run_s2_ntxe.sh:12|scripts/run_s2_phys.sh:12|scripts/run_s40diag.sh:15|scripts/run_srcbl.sh:12|scripts/run_stage0_diag.sh:45|scripts/run_stage1_ab.sh:12|scripts/run_stage2.sh:12|scripts/run_stage3.sh:12|scripts/run_wbflr.sh:12|scripts/run_widebr.sh:12|scripts/test_thenmc_bin.sh:10,COVERED,docs/OPUS5_WAVE3_CODE_AUDIT.md;docs/V3_FUNCTION_AUDIT_VERIFICATION_2026-07-31.md;docs/ARTIS_FUNCTION_PARITY_AUDIT_2026-07-31.md;docs/ARTIS_PARITY_GAP_AUDIT.md;docs/B1_NLTE_ION_OWNER_DESIGN.md;+13 more,UNTESTED,HIGH,source-selected model-wide mode/backend/layout/table/profile or cross-shell arithmetic; off-target impact cannot be excluded statically,NO_EVIDENCE (no #if 0; repository dead_code_audit found no unreferenced non-static consumer function),required RESOLVED_CONFIG evidence unavailable (0 files); stdout RUN FOOTER used as fallback,C3_ACTIVE_OFF_UNTESTED,P1,"required: same binary/input; UNSET vs explicit neutral/OFF vs ON(shadow); byte-compare registered state, layout/table manifests, oracle outputs, RNG/event counters; ON must not commit target state"
LUMINA_NLTE_ASSEMBLE_GPU,src/lumina_cuda.cu:1069,literal getenv,unset: NULL makes the guarded named branch false; no env-requested override/action at this consumer,ON_GATE/parameter (non-NULL/nonzero or selector value requests the named branch/override),SEEN_NEUTRAL_ONLY,0,/gpfs/kjhan/lumina_runner2/logs/coevolve_consume_parity51/stdout.log:111|/gpfs/kjhan/lumina_runner2/logs/coevolve_consume_parity51/stdout.log:37960|/gpfs/kjhan/lumina_runner2/logs/coevolve_consume_parity56/stdout.log:112|/gpfs/kjhan/lumina_runner2/logs/coevolve_consume_parity56/stdout.log:38190|/gpfs/kjhan/lumina_runner2/logs/coevolve_consume_parity57/stdout.log:112|/gpfs/kjhan/lumina_runner2/logs/coevolve_consume_parity57/stdout.log:38957|/gpfs/kjhan/lumina_runner2/logs/coevolve_consume_parity58/stdout.log:113|/gpfs/kjhan/lumina_runner2/logs/coevolve_consume_parity58/stdout.log:38191|/gpfs/kjhan/lumina_runner2/logs/coevolve_consume_parity59/stdout.log:113|/gpfs/kjhan/lumina_runner2/logs/coevolve_consume_parity59/stdout.log:38190|/gpfs/kjhan/lumina_runner2/logs/coevolve_consume_parity60/stdout.log:115|/gpfs/kjhan/lumina_runner2/logs/coevolve_consume_parity60/stdout.log:39009,NONE,scripts/run_baldiag.sh:15|scripts/run_bfdark.sh:21|scripts/run_boostdr.sh:15|scripts/run_capraise.sh:15|scripts/run_cnclean.sh:15|scripts/run_cndamp.sh:15|scripts/run_coevolve_s01.sh:129|scripts/run_coevolve_s01.sh:28|scripts/run_conv16.sh:15|scripts/run_cpl1.sh:15|scripts/run_cpl20.sh:15|scripts/run_dronly.sh:15|scripts/run_etla.sh:15|scripts/run_fix10.sh:18|scripts/run_fix11.sh:18|scripts/run_fix12.sh:18|scripts/run_fix13.sh:18|scripts/run_fix14.sh:18|scripts/run_fix15.sh:18|scripts/run_fix16.sh:18|scripts/run_fix17.sh:18|scripts/run_fix18.sh:18|scripts/run_fix19.sh:18|scripts/run_fix2.sh:18|scripts/run_fix20.sh:18|scripts/run_fix21.sh:18|scripts/run_fix22.sh:18|scripts/run_fix3.sh:18|scripts/run_fix4.sh:18|scripts/run_fix5.sh:18|scripts/run_fix6.sh:18|scripts/run_fix7.sh:18|scripts/run_fix8.sh:18|scripts/run_fix9.sh:18|scripts/run_fph_diag.sh:15|scripts/run_fphbf.sh:15|scripts/run_fphdg.sh:15|scripts/run_fphval.sh:15|scripts/run_frz0.sh:15|scripts/run_hotdump.sh:18|scripts/run_hotroot.sh:15|scripts/run_ionb3.sh:15|scripts/run_ionb5x.sh:15|scripts/run_ionboost.sh:15|scripts/run_ionboost2.sh:15|scripts/run_ionchk.sh:15|scripts/run_ionnt.sh:15|scripts/run_iterdump.sh:18|scripts/run_jdump.sh:15|scripts/run_jdump_diag.sh:10|scripts/run_milne1.sh:18|scripts/run_milneP.sh:18|scripts/run_ntdr.sh:15|scripts/run_recdiag.sh:18|scripts/run_repro22.sh:18|scripts/run_rtr33.sh:15|scripts/run_rtruth.sh:15|scripts/run_s2_chk.sh:15|scripts/run_s2_dep0.sh:15|scripts/run_s2_eps.sh:15|scripts/run_s2_fph.sh:15|scripts/run_s2_fph2.sh:15|scripts/run_s2_fznt.sh:15|scripts/run_s2_nebheat.sh:15|scripts/run_s2_nolinere.sh:15|scripts/run_s2_ntxe.sh:15|scripts/run_s2_phys.sh:15|scripts/run_s40diag.sh:18|scripts/run_srcbl.sh:15|scripts/run_stage0_diag.sh:19|scripts/run_stage1_ab.sh:15|scripts/run_stage2.sh:15|scripts/run_stage3.sh:15|scripts/run_wbflr.sh:15|scripts/run_widebr.sh:15|scripts/test_thenmc_bin.sh:12,COVERED,docs/N3_JBAR_DAMP_UNIFY_DESIGN.md,UNTESTED,HIGH,source-selected model-wide mode/backend/layout/table/profile or cross-shell arithmetic; off-target impact cannot be excluded statically,NO_EVIDENCE (no #if 0; repository dead_code_audit found no unreferenced non-static consumer function),required RESOLVED_CONFIG evidence unavailable (0 files); stdout RUN FOOTER used as fallback,NONE,NOT_REQUIRED_BY_C2_C3,NONE
LUMINA_NLTE_BF_JEQB,src/lumina_plasma.c:379,literal + dynamic helper,unset: NULL makes the guarded named branch false; no env-requested override/action at this consumer,ON_GATE/parameter (non-NULL/nonzero or selector value requests the named branch/override),DORMANT,NONE,NONE,NONE,scripts/slurm_ddc15_pure_cmfgen_phase3.sh:147,COVERED,docs/OPUS5_WAVE3_CODE_AUDIT.md,UNTESTED,MEDIUM,parameter/mask can alter arithmetic over multiple selected records or shells; no direct layout reconstruction identified,NO_EVIDENCE (no #if 0; repository dead_code_audit found no unreferenced non-static consumer function),required RESOLVED_CONFIG evidence unavailable (0 files); stdout RUN FOOTER used as fallback,NONE,NOT_REQUIRED_BY_C2_C3,NONE
LUMINA_NLTE_BK_CEIL,src/lumina_cuda.cu:1566|src/lumina_element_wide.c:43|src/lumina_element_wide.c:1060,literal + dynamic helper,unset: source ternary selects fallback expression `0.0`,ON_GATE/parameter (non-NULL/nonzero or selector value requests the named branch/override),DORMANT,NONE,NONE,NONE,scripts/slurm_ddc15_pure_cmfgen_phase3.sh:110,UNAUDITED,NONE,UNTESTED,MEDIUM,parameter/mask can alter arithmetic over multiple selected records or shells; no direct layout reconstruction identified,NO_EVIDENCE (no #if 0; repository dead_code_audit found no unreferenced non-static consumer function),required RESOLVED_CONFIG evidence unavailable (0 files); stdout RUN FOOTER used as fallback,C1_DORMANT_UNAUDITED,NOT_REQUIRED_BY_C2_C3,NONE
LUMINA_NLTE_BK_PARTIAL,src/lumina_cuda.cu:1515|src/lumina_element_wide.c:43|src/lumina_element_wide.c:1060|src/lumina_plasma.c:16392,literal + dynamic helper,unset: NULL makes the guarded named branch false; no env-requested override/action at this consumer,ON_GATE/parameter (non-NULL/nonzero or selector value requests the named branch/override),DORMANT,NONE,NONE,NONE,scripts/slurm_ddc15_pure_cmfgen_phase3.sh:150,UNAUDITED,NONE,UNTESTED,MEDIUM,parameter/mask can alter arithmetic over multiple selected records or shells; no direct layout reconstruction identified,NO_EVIDENCE (no #if 0; repository dead_code_audit found no unreferenced non-static consumer function),required RESOLVED_CONFIG evidence unavailable (0 files); stdout RUN FOOTER used as fallback,C1_DORMANT_UNAUDITED,NOT_REQUIRED_BY_C2_C3,NONE
LUMINA_NLTE_BK_PIN_THR,src/lumina_plasma.c:16427,literal getenv,unset: getenv returns NULL and this env override is not applied; compiled initializer/parent mode remains,ON_GATE/parameter (exact polarity unresolved),DORMANT,NONE,NONE,NONE,NONE,UNAUDITED,NONE,UNTESTED,MEDIUM,parameter/mask can alter arithmetic over multiple selected records or shells; no direct layout reconstruction identified,NO_EVIDENCE (no #if 0; repository dead_code_audit found no unreferenced non-static consumer function),exact unset initializer/polarity requires function-level semantic audit | required RESOLVED_CONFIG evidence unavailable (0 files); stdout RUN FOOTER used as fallback,C1_DORMANT_UNAUDITED,NOT_REQUIRED_BY_C2_C3,NONE
LUMINA_NLTE_BUDGET_DUMP,src/lumina_plasma.c:14676,literal getenv,unset: diagnostic/self-test branch not requested (no getenv value),ON_GATE(diagnostic),DORMANT,NONE,NONE,NONE,scripts/slurm_ddc15_pure_cmfgen_phase3.sh:138,UNAUDITED,NONE,UNTESTED,LOW,diagnostic/output/self-test control; may alter I/O or early exit but no production array/layout mutation identified at consumer,NO_EVIDENCE (no #if 0; repository dead_code_audit found no unreferenced non-static consumer function),required RESOLVED_CONFIG evidence unavailable (0 files); stdout RUN FOOTER used as fallback,C1_DORMANT_UNAUDITED,NOT_REQUIRED_BY_C2_C3,NONE
LUMINA_NLTE_COLL_FIX,src/lumina_plasma.c:8233,literal getenv,unset: NULL makes the guarded named branch false; no env-requested override/action at this consumer,ON_GATE/parameter (non-NULL/nonzero or selector value requests the named branch/override),ACTIVE_OBSERVED,1,/gpfs/kjhan/lumina_runner2/logs/coevolve_consume_parity51/stdout.log:37890|/gpfs/kjhan/lumina_runner2/logs/coevolve_consume_parity51/stdout.log:41|/gpfs/kjhan/lumina_runner2/logs/coevolve_consume_parity56/stdout.log:38119|/gpfs/kjhan/lumina_runner2/logs/coevolve_consume_parity56/stdout.log:41|/gpfs/kjhan/lumina_runner2/logs/coevolve_consume_parity57/stdout.log:38886|/gpfs/kjhan/lumina_runner2/logs/coevolve_consume_parity57/stdout.log:41|/gpfs/kjhan/lumina_runner2/logs/coevolve_consume_parity58/stdout.log:38119|/gpfs/kjhan/lumina_runner2/logs/coevolve_consume_parity58/stdout.log:41|/gpfs/kjhan/lumina_runner2/logs/coevolve_consume_parity59/stdout.log:38118|/gpfs/kjhan/lumina_runner2/logs/coevolve_consume_parity59/stdout.log:41|/gpfs/kjhan/lumina_runner2/logs/coevolve_consume_parity60/stdout.log:38936|/gpfs/kjhan/lumina_runner2/logs/coevolve_consume_parity60/stdout.log:42,"coevolve_consume_parity60 (/gpfs/kjhan/lumina_runner2/logs/coevolve_consume_parity60/stdout.log:42, value=1)",scripts/run_baldiag.sh:29|scripts/run_bfdark.sh:35|scripts/run_boostdr.sh:32|scripts/run_capraise.sh:29|scripts/run_cnclean.sh:29|scripts/run_cndamp.sh:29|scripts/run_coevolve_s01.sh:49|scripts/run_conv16.sh:29|scripts/run_cpl1.sh:29|scripts/run_cpl20.sh:29|scripts/run_dronly.sh:29|scripts/run_etla.sh:29|scripts/run_fix10.sh:32|scripts/run_fix11.sh:32|scripts/run_fix12.sh:32|scripts/run_fix13.sh:32|scripts/run_fix14.sh:32|scripts/run_fix15.sh:32|scripts/run_fix16.sh:32|scripts/run_fix17.sh:32|scripts/run_fix18.sh:32|scripts/run_fix19.sh:32|scripts/run_fix2.sh:32|scripts/run_fix20.sh:32|scripts/run_fix21.sh:32|scripts/run_fix22.sh:32|scripts/run_fix3.sh:32|scripts/run_fix4.sh:32|scripts/run_fix5.sh:32|scripts/run_fix6.sh:32|scripts/run_fix7.sh:32|scripts/run_fix8.sh:32|scripts/run_fix9.sh:32|scripts/run_fph_diag.sh:29|scripts/run_fphbf.sh:29|scripts/run_fphdg.sh:29|scripts/run_fphval.sh:29|scripts/run_frz0.sh:29|scripts/run_hotdump.sh:32|scripts/run_hotroot.sh:29|scripts/run_ionb3.sh:31|scripts/run_ionb5x.sh:31|scripts/run_ionboost.sh:29|scripts/run_ionboost2.sh:29|scripts/run_ionchk.sh:29|scripts/run_ionnt.sh:29|scripts/run_iterdump.sh:32|scripts/run_jdump.sh:29|scripts/run_jdump_diag.sh:23|scripts/run_milne1.sh:32|scripts/run_milneP.sh:32|scripts/run_ntdr.sh:31|scripts/run_recdiag.sh:32|scripts/run_repro22.sh:32|scripts/run_rtr33.sh:29|scripts/run_rtruth.sh:29|scripts/run_s2_chk.sh:29|scripts/run_s2_dep0.sh:29|scripts/run_s2_eps.sh:29|scripts/run_s2_fph.sh:29|scripts/run_s2_fph2.sh:29|scripts/run_s2_fznt.sh:29|scripts/run_s2_nebheat.sh:29|scripts/run_s2_nolinere.sh:29|scripts/run_s2_ntxe.sh:29|scripts/run_s2_phys.sh:29|scripts/run_s40diag.sh:32|scripts/run_srcbl.sh:29|scripts/run_stage0_diag.sh:33|scripts/run_stage1_ab.sh:29|scripts/run_stage2.sh:29|scripts/run_stage3.sh:30|scripts/run_toy.sh:15|scripts/run_toy_both.sh:10|scripts/run_toy_mc.sh:10|scripts/run_wbflr.sh:31|scripts/run_widebr.sh:29|scripts/slurm_ddc15_pure_cmfgen_phase3.sh:112|scripts/test_thenmc_bin.sh:24,COVERED,docs/ARTIS_PARITY_GAP_AUDIT.md,UNTESTED,MEDIUM,parameter/mask can alter arithmetic over multiple selected records or shells; no direct layout reconstruction identified,NO_EVIDENCE (no #if 0; repository dead_code_audit found no unreferenced non-static consumer function),required RESOLVED_CONFIG evidence unavailable (0 files); stdout RUN FOOTER used as fallback,C3_ACTIVE_OFF_UNTESTED,P2,"required: same binary/input; UNSET vs explicit neutral/OFF vs ON(shadow); byte-compare registered state, layout/table manifests, oracle outputs, RNG/event counters; ON must not commit target state"
LUMINA_NLTE_COLL_FLOOR,src/lumina_element_wide.c:43|src/lumina_element_wide.c:1060|src/lumina_nlte_assemble.cu:419|src/lumina_plasma.c:14696,literal + dynamic helper,unset: source ternary selects fallback expression `0.0`,ON_GATE/parameter (non-NULL/nonzero or selector value requests the named branch/override),DORMANT,NONE,NONE,NONE,scripts/slurm_ddc15_pure_cmfgen_phase3.sh:109,COVERED,docs/STAGE4_ROUND2_DESIGN.md,UNTESTED,MEDIUM,parameter/mask can alter arithmetic over multiple selected records or shells; no direct layout reconstruction identified,NO_EVIDENCE (no #if 0; repository dead_code_audit found no unreferenced non-static consumer function),required RESOLVED_CONFIG evidence unavailable (0 files); stdout RUN FOOTER used as fallback,NONE,NOT_REQUIRED_BY_C2_C3,NONE
LUMINA_NLTE_DILUTE_FIELD,src/lumina_nlte_assemble.cu:424|src/lumina_plasma.c:14751,literal getenv,unset: NULL makes the guarded named branch false; no env-requested override/action at this consumer,ON_GATE/parameter (non-NULL/nonzero or selector value requests the named branch/override),DORMANT,NONE,NONE,NONE,NONE,COVERED,docs/COEVOLVE_REWIRING_PLAN.md,UNTESTED,MEDIUM,parameter/mask can alter arithmetic over multiple selected records or shells; no direct layout reconstruction identified,NO_EVIDENCE (no #if 0; repository dead_code_audit found no unreferenced non-static consumer function),required RESOLVED_CONFIG evidence unavailable (0 files); stdout RUN FOOTER used as fallback,NONE,NOT_REQUIRED_BY_C2_C3,NONE
LUMINA_NLTE_DILUTE_TR_K,src/lumina_nlte_assemble.cu:426|src/lumina_plasma.c:14753,literal getenv,unset: source ternary selects fallback expression `0.0`,ON_GATE/parameter (non-NULL/nonzero or selector value requests the named branch/override),DORMANT,NONE,NONE,NONE,NONE,UNAUDITED,NONE,UNTESTED,MEDIUM,parameter/mask can alter arithmetic over multiple selected records or shells; no direct layout reconstruction identified,NO_EVIDENCE (no #if 0; repository dead_code_audit found no unreferenced non-static consumer function),required RESOLVED_CONFIG evidence unavailable (0 files); stdout RUN FOOTER used as fallback,C1_DORMANT_UNAUDITED,NOT_REQUIRED_BY_C2_C3,NONE
LUMINA_NLTE_ELEMENT_WIDE,src/lumina_element_wide.c:54,literal getenv,unset: OFF; same first return branch as explicit 0,ON_GATE,DORMANT,NONE,NONE,NONE,NONE,COVERED,docs/OPUS5_WAVE3_CODE_AUDIT.md;docs/CODEX_WAVE3_A_IMPLEMENTATION_2026-07-31.md;docs/CODEX_WAVE3_D8_FALSIFIER.md;docs/WAVE3_D5_ELEMENT_WIDE_NLTE_SPEC_2026-07-31.md,"docs/CODEX_WAVE3_A_IMPLEMENTATION_2026-07-31.md:69-76 (unset vs =0, s0/s8/s43 cmp=0)",HIGH,D1/D8 confirmed: arming changes global NLTE layout/33-slot mapping and atomic target/sigma preparation; off-target s0/s43 oracle changed in Wave3 test,NO_EVIDENCE (no #if 0; repository dead_code_audit found no unreferenced non-static consumer function),required RESOLVED_CONFIG evidence unavailable (0 files); stdout RUN FOOTER used as fallback,C2_DORMANT_HIGH,P0,"required: same binary/input; UNSET vs explicit neutral/OFF vs ON(shadow); byte-compare registered state, layout/table manifests, oracle outputs, RNG/event counters; ON must not commit target state"
LUMINA_NLTE_ELEMENT_WIDE_COMMIT,src/lumina_element_wide.c:43|src/lumina_element_wide.c:106,literal + dynamic helper,unset: 0/OFF via ew_env_true(NULL)=false,ON_GATE,DORMANT,NONE,NONE,NONE,NONE,COVERED,docs/CODEX_WAVE3_A_IMPLEMENTATION_2026-07-31.md;docs/CODEX_WAVE3_D8_FALSIFIER.md;docs/WAVE3_D5_ELEMENT_WIDE_NLTE_SPEC_2026-07-31.md,UNTESTED,MEDIUM,parameter/mask can alter arithmetic over multiple selected records or shells; no direct layout reconstruction identified,NO_EVIDENCE (no #if 0; repository dead_code_audit found no unreferenced non-static consumer function),required RESOLVED_CONFIG evidence unavailable (0 files); stdout RUN FOOTER used as fallback,NONE,NOT_REQUIRED_BY_C2_C3,NONE
LUMINA_NLTE_ELEMENT_WIDE_DUMP,src/lumina_element_wide.c:43|src/lumina_element_wide.c:107,literal + dynamic helper,unset: 0/OFF via ew_env_true(NULL)=false,ON_GATE,DORMANT,NONE,NONE,NONE,NONE,COVERED,docs/OPUS5_WAVE3_CODE_AUDIT.md;docs/CODEX_WAVE3_A_IMPLEMENTATION_2026-07-31.md;docs/CODEX_WAVE3_D8_FALSIFIER.md;docs/WAVE3_D5_ELEMENT_WIDE_NLTE_SPEC_2026-07-31.md,UNTESTED,LOW,diagnostic/output/self-test control; may alter I/O or early exit but no production array/layout mutation identified at consumer,NO_EVIDENCE (no #if 0; repository dead_code_audit found no unreferenced non-static consumer function),required RESOLVED_CONFIG evidence unavailable (0 files); stdout RUN FOOTER used as fallback,NONE,NOT_REQUIRED_BY_C2_C3,NONE
LUMINA_NLTE_ELEMENT_WIDE_DUMP_DIR,src/lumina_element_wide.c:119,literal getenv,"unset: current directory "".""",ON_GATE(parameter),DORMANT,NONE,NONE,NONE,NONE,COVERED,docs/OPUS5_WAVE3_CODE_AUDIT.md;docs/CODEX_WAVE3_A_IMPLEMENTATION_2026-07-31.md;docs/CODEX_WAVE3_D8_FALSIFIER.md,UNTESTED,LOW,diagnostic/output/self-test control; may alter I/O or early exit but no production array/layout mutation identified at consumer,NO_EVIDENCE (no #if 0; repository dead_code_audit found no unreferenced non-static consumer function),required RESOLVED_CONFIG evidence unavailable (0 files); stdout RUN FOOTER used as fallback,NONE,NOT_REQUIRED_BY_C2_C3,NONE
LUMINA_NLTE_ELEMENT_WIDE_SHELL,src/lumina_element_wide.c:63,literal getenv,unset: master ON config fails closed; internal pre-parse shell=-1,ON_GATE(parameter),DORMANT,NONE,NONE,NONE,NONE,COVERED,docs/CODEX_WAVE3_A_IMPLEMENTATION_2026-07-31.md;docs/CODEX_WAVE3_D8_FALSIFIER.md;docs/WAVE3_D5_ELEMENT_WIDE_NLTE_SPEC_2026-07-31.md,UNTESTED,MEDIUM,parameter/mask can alter arithmetic over multiple selected records or shells; no direct layout reconstruction identified,NO_EVIDENCE (no #if 0; repository dead_code_audit found no unreferenced non-static consumer function),required RESOLVED_CONFIG evidence unavailable (0 files); stdout RUN FOOTER used as fallback,NONE,NOT_REQUIRED_BY_C2_C3,NONE
LUMINA_NLTE_ELEMENT_WIDE_Z,src/lumina_element_wide.c:62,literal getenv,unset: master ON config fails closed; master OFF irrelevant,ON_GATE(parameter),DORMANT,NONE,NONE,NONE,NONE,COVERED,docs/CODEX_WAVE3_A_IMPLEMENTATION_2026-07-31.md;docs/CODEX_WAVE3_D8_FALSIFIER.md;docs/WAVE3_D5_ELEMENT_WIDE_NLTE_SPEC_2026-07-31.md,UNTESTED,MEDIUM,parameter/mask can alter arithmetic over multiple selected records or shells; no direct layout reconstruction identified,NO_EVIDENCE (no #if 0; repository dead_code_audit found no unreferenced non-static consumer function),required RESOLVED_CONFIG evidence unavailable (0 files); stdout RUN FOOTER used as fallback,NONE,NOT_REQUIRED_BY_C2_C3,NONE
LUMINA_NLTE_EQUILIBRATE,src/lumina_cuda.cu:689,literal getenv,unset: NULL makes the guarded named branch false; no env-requested override/action at this consumer,ON_GATE/parameter (non-NULL/nonzero or selector value requests the named branch/override),DORMANT,NONE,NONE,NONE,scripts/slurm_ddc15_pure_cmfgen_phase3.sh:148,UNAUDITED,NONE,UNTESTED,MEDIUM,parameter/mask can alter arithmetic over multiple selected records or shells; no direct layout reconstruction identified,NO_EVIDENCE (no #if 0; repository dead_code_audit found no unreferenced non-static consumer function),required RESOLVED_CONFIG evidence unavailable (0 files); stdout RUN FOOTER used as fallback,C1_DORMANT_UNAUDITED,NOT_REQUIRED_BY_C2_C3,NONE
LUMINA_NLTE_FALLBACK_TE,src/lumina_cuda.cu:702,literal getenv,unset: NULL makes the guarded named branch false; no env-requested override/action at this consumer,ON_GATE/parameter (non-NULL/nonzero or selector value requests the named branch/override),ACTIVE_OBSERVED,1,/gpfs/kjhan/lumina_runner2/logs/coevolve_consume_parity51/stdout.log:120|/gpfs/kjhan/lumina_runner2/logs/coevolve_consume_parity51/stdout.log:37969|/gpfs/kjhan/lumina_runner2/logs/coevolve_consume_parity56/stdout.log:121|/gpfs/kjhan/lumina_runner2/logs/coevolve_consume_parity56/stdout.log:38199|/gpfs/kjhan/lumina_runner2/logs/coevolve_consume_parity57/stdout.log:121|/gpfs/kjhan/lumina_runner2/logs/coevolve_consume_parity57/stdout.log:38966|/gpfs/kjhan/lumina_runner2/logs/coevolve_consume_parity58/stdout.log:122|/gpfs/kjhan/lumina_runner2/logs/coevolve_consume_parity58/stdout.log:38200|/gpfs/kjhan/lumina_runner2/logs/coevolve_consume_parity59/stdout.log:122|/gpfs/kjhan/lumina_runner2/logs/coevolve_consume_parity59/stdout.log:38199|/gpfs/kjhan/lumina_runner2/logs/coevolve_consume_parity60/stdout.log:124|/gpfs/kjhan/lumina_runner2/logs/coevolve_consume_parity60/stdout.log:39018,"coevolve_consume_parity60 (/gpfs/kjhan/lumina_runner2/logs/coevolve_consume_parity60/stdout.log:39018, value=1)",scripts/run_baldiag.sh:30|scripts/run_bfdark.sh:36|scripts/run_boostdr.sh:33|scripts/run_capraise.sh:30|scripts/run_cnclean.sh:30|scripts/run_cndamp.sh:30|scripts/run_coevolve_s01.sh:50|scripts/run_conv16.sh:30|scripts/run_cpl1.sh:30|scripts/run_cpl20.sh:30|scripts/run_dronly.sh:30|scripts/run_etla.sh:30|scripts/run_fix10.sh:33|scripts/run_fix11.sh:33|scripts/run_fix12.sh:33|scripts/run_fix13.sh:33|scripts/run_fix14.sh:33|scripts/run_fix15.sh:33|scripts/run_fix16.sh:33|scripts/run_fix17.sh:33|scripts/run_fix18.sh:33|scripts/run_fix19.sh:33|scripts/run_fix2.sh:33|scripts/run_fix20.sh:33|scripts/run_fix21.sh:33|scripts/run_fix22.sh:33|scripts/run_fix3.sh:33|scripts/run_fix4.sh:33|scripts/run_fix5.sh:33|scripts/run_fix6.sh:33|scripts/run_fix7.sh:33|scripts/run_fix8.sh:33|scripts/run_fix9.sh:33|scripts/run_fph_diag.sh:30|scripts/run_fphbf.sh:30|scripts/run_fphdg.sh:30|scripts/run_fphval.sh:30|scripts/run_frz0.sh:30|scripts/run_hotdump.sh:33|scripts/run_hotroot.sh:30|scripts/run_ionb3.sh:32|scripts/run_ionb5x.sh:32|scripts/run_ionboost.sh:30|scripts/run_ionboost2.sh:30|scripts/run_ionchk.sh:30|scripts/run_ionnt.sh:30|scripts/run_iterdump.sh:33|scripts/run_jdump.sh:30|scripts/run_jdump_diag.sh:24|scripts/run_milne1.sh:33|scripts/run_milneP.sh:33|scripts/run_ntdr.sh:32|scripts/run_recdiag.sh:33|scripts/run_repro22.sh:33|scripts/run_rtr33.sh:30|scripts/run_rtruth.sh:30|scripts/run_s2_chk.sh:30|scripts/run_s2_dep0.sh:30|scripts/run_s2_eps.sh:30|scripts/run_s2_fph.sh:30|scripts/run_s2_fph2.sh:30|scripts/run_s2_fznt.sh:30|scripts/run_s2_nebheat.sh:30|scripts/run_s2_nolinere.sh:30|scripts/run_s2_ntxe.sh:30|scripts/run_s2_phys.sh:30|scripts/run_s40diag.sh:33|scripts/run_srcbl.sh:30|scripts/run_stage0_diag.sh:34|scripts/run_stage1_ab.sh:30|scripts/run_stage2.sh:30|scripts/run_stage3.sh:31|scripts/run_wbflr.sh:32|scripts/run_widebr.sh:30|scripts/slurm_ddc15_pure_cmfgen_phase3.sh:115|scripts/test_thenmc_bin.sh:25,UNAUDITED,NONE,UNTESTED,MEDIUM,parameter/mask can alter arithmetic over multiple selected records or shells; no direct layout reconstruction identified,NO_EVIDENCE (no #if 0; repository dead_code_audit found no unreferenced non-static consumer function),required RESOLVED_CONFIG evidence unavailable (0 files); stdout RUN FOOTER used as fallback,C3_ACTIVE_OFF_UNTESTED,P2,"required: same binary/input; UNSET vs explicit neutral/OFF vs ON(shadow); byte-compare registered state, layout/table manifests, oracle outputs, RNG/event counters; ON must not commit target state"
LUMINA_NLTE_FINAL_RESOLVE,src/lumina_cuda.cu:8464|src/lumina_cuda.cu:9069,literal getenv,unset: NULL makes the guarded named branch false; no env-requested override/action at this consumer,ON_GATE/parameter (non-NULL/nonzero or selector value requests the named branch/override),ACTIVE_OBSERVED,1,/gpfs/kjhan/lumina_runner2/logs/coevolve_consume_parity51/stdout.log:37911|/gpfs/kjhan/lumina_runner2/logs/coevolve_consume_parity51/stdout.log:62|/gpfs/kjhan/lumina_runner2/logs/coevolve_consume_parity56/stdout.log:38140|/gpfs/kjhan/lumina_runner2/logs/coevolve_consume_parity56/stdout.log:62|/gpfs/kjhan/lumina_runner2/logs/coevolve_consume_parity57/stdout.log:38907|/gpfs/kjhan/lumina_runner2/logs/coevolve_consume_parity57/stdout.log:62|/gpfs/kjhan/lumina_runner2/logs/coevolve_consume_parity58/stdout.log:38141|/gpfs/kjhan/lumina_runner2/logs/coevolve_consume_parity58/stdout.log:63|/gpfs/kjhan/lumina_runner2/logs/coevolve_consume_parity59/stdout.log:38140|/gpfs/kjhan/lumina_runner2/logs/coevolve_consume_parity59/stdout.log:63|/gpfs/kjhan/lumina_runner2/logs/coevolve_consume_parity60/stdout.log:38958|/gpfs/kjhan/lumina_runner2/logs/coevolve_consume_parity60/stdout.log:64,"coevolve_consume_parity60 (/gpfs/kjhan/lumina_runner2/logs/coevolve_consume_parity60/stdout.log:64, value=1)",scripts/launch_parity27_syn08.sh:19|scripts/launch_parity28_syn08.sh:19|scripts/launch_parity29_syn08.sh:19|scripts/launch_parity30_syn08.sh:19|scripts/launch_parity31_syn08.sh:19|scripts/launch_parity32_syn08.sh:19|scripts/launch_parity33_syn08.sh:23|scripts/launch_parity34_syn08.sh:32|scripts/launch_parity35_syn08.sh:27|scripts/launch_parity36a_base.sh:39|scripts/launch_parity36b_noskip.sh:47|scripts/launch_parity37_taudump.sh:53|scripts/launch_parity38_nofloor.sh:62|scripts/launch_parity39_baseline.sh:39|scripts/launch_parity40_tepin.sh:67|scripts/launch_parity41_sivcaiv.sh:79|scripts/launch_parity42_gphoff.sh:73|scripts/sbatch_gpu_determinism_probe_a100.sh:33|scripts/sbatch_gpu_determinism_probe_h100.sh:33|scripts/sbatch_parity26_diag.sh:26|scripts/sbatch_parity27_tepin.sh:31|scripts/sbatch_parity28_binfield.sh:31,COVERED,docs/N3_JBAR_DAMP_UNIFY_DESIGN.md,UNTESTED,MEDIUM,parameter/mask can alter arithmetic over multiple selected records or shells; no direct layout reconstruction identified,NO_EVIDENCE (no #if 0; repository dead_code_audit found no unreferenced non-static consumer function),required RESOLVED_CONFIG evidence unavailable (0 files); stdout RUN FOOTER used as fallback,C3_ACTIVE_OFF_UNTESTED,P2,"required: same binary/input; UNSET vs explicit neutral/OFF vs ON(shadow); byte-compare registered state, layout/table manifests, oracle outputs, RNG/event counters; ON must not commit target state"
LUMINA_NLTE_FLOOR_BKMAX,src/lumina_cuda.cu:1097|src/lumina_plasma.c:16640,literal getenv,unset: source ternary selects fallback expression `1e3`,ON_GATE/parameter (non-NULL/nonzero or selector value requests the named branch/override),DORMANT,NONE,NONE,NONE,scripts/run_coldata_syn08.sh:67|scripts/sbatch_aud1.sh:145|scripts/sbatch_euv461.sh:130|scripts/sbatch_fbcb.sh:130|scripts/sbatch_fbckt.sh:130|scripts/sbatch_jbl2.sh:149|scripts/sbatch_kpr10.sh:150|scripts/sbatch_kpr10b.sh:150|scripts/sbatch_kpr5.sh:170|scripts/sbatch_kpr5jt.sh:171|scripts/sbatch_kpr6.sh:136|scripts/sbatch_kpr7.sh:146|scripts/sbatch_kpr8.sh:161|scripts/sbatch_kpr9.sh:148|scripts/sbatch_milne.sh:130|scripts/sbatch_milnec2.sh:130|scripts/sbatch_milnec2ne64.sh:122|scripts/sbatch_tepop1.sh:130,UNAUDITED,NONE,UNTESTED,MEDIUM,parameter/mask can alter arithmetic over multiple selected records or shells; no direct layout reconstruction identified,NO_EVIDENCE (no #if 0; repository dead_code_audit found no unreferenced non-static consumer function),required RESOLVED_CONFIG evidence unavailable (0 files); stdout RUN FOOTER used as fallback,C1_DORMANT_UNAUDITED,NOT_REQUIRED_BY_C2_C3,NONE
LUMINA_NLTE_FLOOR_MODE,src/lumina_cuda.cu:1095|src/lumina_element_wide.c:43|src/lumina_element_wide.c:1060|src/lumina_plasma.c:16638,literal + dynamic helper,unset: source comment/default states 1e3,ON_GATE(parameter),DORMANT,NONE,NONE,NONE,scripts/run_coldata_syn08.sh:66|scripts/sbatch_aud1.sh:144|scripts/sbatch_euv461.sh:129|scripts/sbatch_fbcb.sh:129|scripts/sbatch_fbckt.sh:129|scripts/sbatch_jbl2.sh:148|scripts/sbatch_kpr10.sh:149|scripts/sbatch_kpr10b.sh:149|scripts/sbatch_kpr5.sh:169|scripts/sbatch_kpr5jt.sh:169|scripts/sbatch_kpr6.sh:135|scripts/sbatch_kpr7.sh:145|scripts/sbatch_kpr8.sh:160|scripts/sbatch_kpr9.sh:147|scripts/sbatch_milne.sh:129|scripts/sbatch_milnec2.sh:129|scripts/sbatch_milnec2ne64.sh:121|scripts/sbatch_tepop1.sh:129,UNAUDITED,NONE,UNTESTED,MEDIUM,parameter/mask can alter arithmetic over multiple selected records or shells; no direct layout reconstruction identified,NO_EVIDENCE (no #if 0; repository dead_code_audit found no unreferenced non-static consumer function),required RESOLVED_CONFIG evidence unavailable (0 files); stdout RUN FOOTER used as fallback,C1_DORMANT_UNAUDITED,NOT_REQUIRED_BY_C2_C3,NONE
LUMINA_NLTE_FLOOR_REG,src/lumina_element_wide.c:43|src/lumina_element_wide.c:1060|src/lumina_plasma.c:14636,literal + dynamic helper,unset: NULL makes the guarded named branch false; no env-requested override/action at this consumer,ON_GATE/parameter (non-NULL/nonzero or selector value requests the named branch/override),SEEN_NEUTRAL_ONLY,0,/gpfs/kjhan/lumina_runner2/logs/coevolve_consume_parity51/stdout.log:16|/gpfs/kjhan/lumina_runner2/logs/coevolve_consume_parity51/stdout.log:37865|/gpfs/kjhan/lumina_runner2/logs/coevolve_consume_parity56/stdout.log:16|/gpfs/kjhan/lumina_runner2/logs/coevolve_consume_parity56/stdout.log:38094|/gpfs/kjhan/lumina_runner2/logs/coevolve_consume_parity57/stdout.log:16|/gpfs/kjhan/lumina_runner2/logs/coevolve_consume_parity57/stdout.log:38861|/gpfs/kjhan/lumina_runner2/logs/coevolve_consume_parity58/stdout.log:16|/gpfs/kjhan/lumina_runner2/logs/coevolve_consume_parity58/stdout.log:38094|/gpfs/kjhan/lumina_runner2/logs/coevolve_consume_parity59/stdout.log:16|/gpfs/kjhan/lumina_runner2/logs/coevolve_consume_parity59/stdout.log:38093|/gpfs/kjhan/lumina_runner2/logs/coevolve_consume_parity60/stdout.log:16|/gpfs/kjhan/lumina_runner2/logs/coevolve_consume_parity60/stdout.log:38910,NONE,scripts/run_ada_lstar_diag.sh:30|scripts/run_baldiag.sh:20|scripts/run_bfdark.sh:26|scripts/run_boostdr.sh:20|scripts/run_capraise.sh:20|scripts/run_cnclean.sh:20|scripts/run_cndamp.sh:20|scripts/run_coevolve_s01.sh:33|scripts/run_conv16.sh:20|scripts/run_cpl1.sh:20|scripts/run_cpl20.sh:20|scripts/run_dronly.sh:20|scripts/run_etla.sh:20|scripts/run_fix10.sh:23|scripts/run_fix11.sh:23|scripts/run_fix12.sh:23|scripts/run_fix13.sh:23|scripts/run_fix14.sh:23|scripts/run_fix15.sh:23|scripts/run_fix16.sh:23|scripts/run_fix17.sh:23|scripts/run_fix18.sh:23|scripts/run_fix19.sh:23|scripts/run_fix2.sh:23|scripts/run_fix20.sh:23|scripts/run_fix21.sh:23|scripts/run_fix22.sh:23|scripts/run_fix3.sh:23|scripts/run_fix4.sh:23|scripts/run_fix5.sh:23|scripts/run_fix6.sh:23|scripts/run_fix7.sh:23|scripts/run_fix8.sh:23|scripts/run_fix9.sh:23|scripts/run_fph_diag.sh:20|scripts/run_fphbf.sh:20|scripts/run_fphdg.sh:20|scripts/run_fphval.sh:20|scripts/run_frz0.sh:20|scripts/run_hotdump.sh:23|scripts/run_hotroot.sh:20|scripts/run_ionb3.sh:20|scripts/run_ionb5x.sh:20|scripts/run_ionboost.sh:20|scripts/run_ionboost2.sh:20|scripts/run_ionchk.sh:20|scripts/run_ionnt.sh:20|scripts/run_iterdump.sh:23|scripts/run_jdump.sh:20|scripts/run_jdump_diag.sh:15|scripts/run_milne1.sh:23|scripts/run_milneP.sh:23|scripts/run_ntdr.sh:20|scripts/run_recdiag.sh:23|scripts/run_repro22.sh:23|scripts/run_rtr33.sh:20|scripts/run_rtruth.sh:20|scripts/run_s2_chk.sh:20|scripts/run_s2_dep0.sh:20|scripts/run_s2_eps.sh:20|scripts/run_s2_fph.sh:20|scripts/run_s2_fph2.sh:20|scripts/run_s2_fznt.sh:20|scripts/run_s2_nebheat.sh:20|scripts/run_s2_nolinere.sh:20|scripts/run_s2_ntxe.sh:20|scripts/run_s2_phys.sh:20|scripts/run_s40diag.sh:23|scripts/run_srcbl.sh:20|scripts/run_stage0_diag.sh:24|scripts/run_stage1_ab.sh:20|scripts/run_stage2.sh:20|scripts/run_stage3.sh:20|scripts/run_wbflr.sh:20|scripts/run_widebr.sh:20|scripts/slurm_aulbranch_validate.sh:201|scripts/slurm_binnedj_estimator_ab.sh:209|scripts/slurm_cmf_fine_validate.sh:46|scripts/slurm_ddc15_a1_diffbc.sh:53|scripts/slurm_ddc15_a2_jnu.sh:57|scripts/slurm_ddc15_a2_jnu_atrad.sh:57|scripts/slurm_ddc15_a2_newton.sh:55|scripts/slurm_ddc15_a2_newton_omp.sh:57|scripts/slurm_ddc15_a2_septest.sh:57|scripts/slurm_ddc15_a2_trace.sh:57|scripts/slurm_ddc15_a2_trace0.sh:57|scripts/slurm_ddc15_a3_lstar.sh:56|scripts/slurm_ddc15_frozenin.sh:59|scripts/slurm_ddc15_frozenin_ab.sh:67|scripts/slurm_ddc15_initial.sh:87|scripts/slurm_ddc15_mc_macroatom.sh:67|scripts/slurm_ddc15_nefix_prof.sh:40|scripts/slurm_ddc15_pure_cmfgen.sh:61|scripts/slurm_ddc15_pure_cmfgen_phase3.sh:79|scripts/slurm_ddc15_radeq_ab.sh:64|scripts/slurm_ddc15_radeq_adiab.sh:66|scripts/slurm_ddc15_radeq_blanket.sh:66|scripts/slurm_ddc15_radeq_blanketdamp.sh:66|scripts/slurm_ddc15_radeq_coolfix.sh:57|scripts/slurm_ddc15_radeq_escape.sh:60|scripts/slurm_ddc15_radeq_escape_alllines.sh:60|scripts/slurm_ddc15_radeq_hybridB2.sh:65|scripts/slurm_ddc15_radeq_integralB.sh:70|scripts/slurm_ddc15_radeq_nebular.sh:66|scripts/slurm_ddc15_radeq_noswitch.sh:64|scripts/slurm_ddc15_thenmc.sh:70|scripts/slurm_ddc15real.sh:65|scripts/slurm_downbranch_binnedj_ab.sh:210|scripts/slurm_einsteinFix_2002bo_macroatom.sh:210|scripts/slurm_einsteinFix_2002bo_macroatom_smoke.sh:210|scripts/slurm_einsteinFix_2002bo_nltedump.sh:208|scripts/slurm_einsteinFix_2002bo_ofix_prod.sh:206|scripts/slurm_einsteinFix_2002bo_taubyion.sh:206|scripts/slurm_einsteinFix_2002bo_tpin12630.sh:205|scripts/slurm_fixtrad_fluorescence.sh:215|scripts/slurm_ionstage_ab.sh:192|scripts/slurm_jcap_test.sh:209|scripts/slurm_ma_internal_cap.sh:210|scripts/slurm_macroatom_binnedj_ab.sh:220|scripts/slurm_paper_ddc15_bbfix_2002bo_nltedump.sh:206|scripts/slurm_paper_ddc15_paperli_2002bo.sh:212|scripts/slurm_paper_ddc15_paperli_2002bo_einsteinFix.sh:222|scripts/slurm_paper_ddc15_paperli_2002bo_metafix.sh:212|scripts/slurm_paper_ddc15_paperli_2002bo_metafix_ratedump.sh:214|scripts/slurm_paper_ddc15_paperli_2002bo_metafix_ratedump_sce.sh:219|scripts/slurm_paper_ddc15_paperli_2002bo_metafix_xouter.sh:228|scripts/slurm_paper_ddc15_v3asE_floorW_sn2002bo.sh:245|scripts/slurm_paper_ddc15_v3asE_floor_sn2002bo.sh:245|scripts/slurm_paper_ddc15_v3asEfloor_abund_sweep_2002bo.sh:267|scripts/slurm_paper_ddc15_v3asEfloor_aul_sweep_2002bo.sh:271|scripts/slurm_paper_ddc15_v3asEfloor_bbfix_2002bo.sh:245|scripts/slurm_paper_ddc15_v3asEfloor_epsir_sn2002bo.sh:246|scripts/slurm_paper_ddc15_v3asEfloor_gamma_sweep_2002bo.sh:267|scripts/slurm_paper_ddc15_v3asEfloor_iter24_2002bo.sh:247|scripts/slurm_paper_ddc15_v3asEfloor_skipMgO_sweep_2002bo.sh:253|scripts/slurm_paper_ddc15_v3asEfloor_skipZ_sweep_2002bo.sh:255|scripts/slurm_phase0_ebudget.sh:190|scripts/slurm_phase2a_innerbc_ab.sh:202|scripts/slurm_phase2b_nlte_opacity_ionstage_ab.sh:217|scripts/slurm_phase2c_fluorescence_ab.sh:210|scripts/slurm_radeq_ab.sh:206|scripts/slurm_radeq_diag.sh:219|scripts/slurm_superlev_ab.sh:206|scripts/slurm_superlev_identity_smoke.sh:210|scripts/slurm_taubyion_window.sh:165|scripts/test_thenmc_bin.sh:16,COVERED,docs/STAGE4_ROUND2_DESIGN.md,UNTESTED,MEDIUM,parameter/mask can alter arithmetic over multiple selected records or shells; no direct layout reconstruction identified,NO_EVIDENCE (no #if 0; repository dead_code_audit found no unreferenced non-static consumer function),required RESOLVED_CONFIG evidence unavailable (0 files); stdout RUN FOOTER used as fallback,NONE,NOT_REQUIRED_BY_C2_C3,NONE
LUMINA_NLTE_FORCE_LTE_LEVELS,src/lumina_cuda.cu:1350|src/lumina_element_wide.c:43|src/lumina_element_wide.c:1060|src/lumina_plasma.c:16598,literal + dynamic helper,unset: NULL makes the guarded named branch false; no env-requested override/action at this consumer,ON_GATE/parameter (non-NULL/nonzero or selector value requests the named branch/override),DORMANT,NONE,NONE,NONE,scripts/slurm_ddc15_thenmc.sh:86|scripts/slurm_ionlock_lte_levels.sh:40,UNAUDITED,NONE,UNTESTED,MEDIUM,parameter/mask can alter arithmetic over multiple selected records or shells; no direct layout reconstruction identified,NO_EVIDENCE (no #if 0; repository dead_code_audit found no unreferenced non-static consumer function),required RESOLVED_CONFIG evidence unavailable (0 files); stdout RUN FOOTER used as fallback,C1_DORMANT_UNAUDITED,NOT_REQUIRED_BY_C2_C3,NONE
LUMINA_NLTE_GREY_ITERS,src/lumina_cuda.cu:1366,literal getenv,unset: source ternary selects fallback expression `2`,ON_GATE/parameter (non-NULL/nonzero or selector value requests the named branch/override),ACTIVE_OBSERVED,2,/gpfs/kjhan/lumina_runner2/logs/coevolve_consume_parity51/stdout.log:12|/gpfs/kjhan/lumina_runner2/logs/coevolve_consume_parity51/stdout.log:37861|/gpfs/kjhan/lumina_runner2/logs/coevolve_consume_parity56/stdout.log:12|/gpfs/kjhan/lumina_runner2/logs/coevolve_consume_parity56/stdout.log:38090|/gpfs/kjhan/lumina_runner2/logs/coevolve_consume_parity57/stdout.log:12|/gpfs/kjhan/lumina_runner2/logs/coevolve_consume_parity57/stdout.log:38857|/gpfs/kjhan/lumina_runner2/logs/coevolve_consume_parity58/stdout.log:12|/gpfs/kjhan/lumina_runner2/logs/coevolve_consume_parity58/stdout.log:38090|/gpfs/kjhan/lumina_runner2/logs/coevolve_consume_parity59/stdout.log:12|/gpfs/kjhan/lumina_runner2/logs/coevolve_consume_parity59/stdout.log:38089|/gpfs/kjhan/lumina_runner2/logs/coevolve_consume_parity60/stdout.log:12|/gpfs/kjhan/lumina_runner2/logs/coevolve_consume_parity60/stdout.log:38906,"coevolve_consume_parity60 (/gpfs/kjhan/lumina_runner2/logs/coevolve_consume_parity60/stdout.log:38906, value=2)",scripts/run_baldiag.sh:13|scripts/run_bfdark.sh:19|scripts/run_boostdr.sh:13|scripts/run_capraise.sh:13|scripts/run_cnclean.sh:13|scripts/run_cndamp.sh:13|scripts/run_coevolve_s01.sh:26|scripts/run_conv16.sh:13|scripts/run_cpl1.sh:13|scripts/run_cpl20.sh:13|scripts/run_dronly.sh:13|scripts/run_etla.sh:13|scripts/run_fix10.sh:16|scripts/run_fix11.sh:16|scripts/run_fix12.sh:16|scripts/run_fix13.sh:16|scripts/run_fix14.sh:16|scripts/run_fix15.sh:16|scripts/run_fix16.sh:16|scripts/run_fix17.sh:16|scripts/run_fix18.sh:16|scripts/run_fix19.sh:16|scripts/run_fix2.sh:16|scripts/run_fix20.sh:16|scripts/run_fix21.sh:16|scripts/run_fix22.sh:16|scripts/run_fix3.sh:16|scripts/run_fix4.sh:16|scripts/run_fix5.sh:16|scripts/run_fix6.sh:16|scripts/run_fix7.sh:16|scripts/run_fix8.sh:16|scripts/run_fix9.sh:16|scripts/run_fph_diag.sh:13|scripts/run_fphbf.sh:13|scripts/run_fphdg.sh:13|scripts/run_fphval.sh:13|scripts/run_frz0.sh:13|scripts/run_hotdump.sh:16|scripts/run_hotroot.sh:13|scripts/run_ionb3.sh:13|scripts/run_ionb5x.sh:13|scripts/run_ionboost.sh:13|scripts/run_ionboost2.sh:13|scripts/run_ionchk.sh:13|scripts/run_ionnt.sh:13|scripts/run_iterdump.sh:16|scripts/run_jdump.sh:13|scripts/run_jdump_diag.sh:8|scripts/run_milne1.sh:16|scripts/run_milneP.sh:16|scripts/run_ntdr.sh:13|scripts/run_recdiag.sh:16|scripts/run_repro22.sh:16|scripts/run_rtr33.sh:13|scripts/run_rtruth.sh:13|scripts/run_s2_chk.sh:13|scripts/run_s2_dep0.sh:13|scripts/run_s2_eps.sh:13|scripts/run_s2_fph.sh:13|scripts/run_s2_fph2.sh:13|scripts/run_s2_fznt.sh:13|scripts/run_s2_nebheat.sh:13|scripts/run_s2_nolinere.sh:13|scripts/run_s2_ntxe.sh:13|scripts/run_s2_phys.sh:13|scripts/run_s40diag.sh:16|scripts/run_srcbl.sh:13|scripts/run_stage0_diag.sh:17|scripts/run_stage1_ab.sh:13|scripts/run_stage2.sh:13|scripts/run_stage3.sh:13|scripts/run_wbflr.sh:13|scripts/run_widebr.sh:13|scripts/test_thenmc_bin.sh:10,UNAUDITED,NONE,UNTESTED,MEDIUM,parameter/mask can alter arithmetic over multiple selected records or shells; no direct layout reconstruction identified,NO_EVIDENCE (no #if 0; repository dead_code_audit found no unreferenced non-static consumer function),required RESOLVED_CONFIG evidence unavailable (0 files); stdout RUN FOOTER used as fallback,C3_ACTIVE_OFF_UNTESTED,P2,"required: same binary/input; UNSET vs explicit neutral/OFF vs ON(shadow); byte-compare registered state, layout/table manifests, oracle outputs, RNG/event counters; ON must not commit target state"
LUMINA_NLTE_GREY_TAU,src/lumina_cuda.cu:1365,literal getenv,unset: source ternary selects fallback expression `0.0`,ON_GATE/parameter (non-NULL/nonzero or selector value requests the named branch/override),ACTIVE_OBSERVED,2,/gpfs/kjhan/lumina_runner2/logs/coevolve_consume_parity51/stdout.log:32|/gpfs/kjhan/lumina_runner2/logs/coevolve_consume_parity51/stdout.log:37881|/gpfs/kjhan/lumina_runner2/logs/coevolve_consume_parity56/stdout.log:32|/gpfs/kjhan/lumina_runner2/logs/coevolve_consume_parity56/stdout.log:38110|/gpfs/kjhan/lumina_runner2/logs/coevolve_consume_parity57/stdout.log:32|/gpfs/kjhan/lumina_runner2/logs/coevolve_consume_parity57/stdout.log:38877|/gpfs/kjhan/lumina_runner2/logs/coevolve_consume_parity58/stdout.log:32|/gpfs/kjhan/lumina_runner2/logs/coevolve_consume_parity58/stdout.log:38110|/gpfs/kjhan/lumina_runner2/logs/coevolve_consume_parity59/stdout.log:32|/gpfs/kjhan/lumina_runner2/logs/coevolve_consume_parity59/stdout.log:38109|/gpfs/kjhan/lumina_runner2/logs/coevolve_consume_parity60/stdout.log:33|/gpfs/kjhan/lumina_runner2/logs/coevolve_consume_parity60/stdout.log:38927,"coevolve_consume_parity60 (/gpfs/kjhan/lumina_runner2/logs/coevolve_consume_parity60/stdout.log:38927, value=2)",scripts/run_baldiag.sh:13|scripts/run_bfdark.sh:19|scripts/run_boostdr.sh:13|scripts/run_capraise.sh:13|scripts/run_cnclean.sh:13|scripts/run_cndamp.sh:13|scripts/run_coevolve_s01.sh:26|scripts/run_conv16.sh:13|scripts/run_cpl1.sh:13|scripts/run_cpl20.sh:13|scripts/run_dronly.sh:13|scripts/run_etla.sh:13|scripts/run_fix10.sh:16|scripts/run_fix11.sh:16|scripts/run_fix12.sh:16|scripts/run_fix13.sh:16|scripts/run_fix14.sh:16|scripts/run_fix15.sh:16|scripts/run_fix16.sh:16|scripts/run_fix17.sh:16|scripts/run_fix18.sh:16|scripts/run_fix19.sh:16|scripts/run_fix2.sh:16|scripts/run_fix20.sh:16|scripts/run_fix21.sh:16|scripts/run_fix22.sh:16|scripts/run_fix3.sh:16|scripts/run_fix4.sh:16|scripts/run_fix5.sh:16|scripts/run_fix6.sh:16|scripts/run_fix7.sh:16|scripts/run_fix8.sh:16|scripts/run_fix9.sh:16|scripts/run_fph_diag.sh:13|scripts/run_fphbf.sh:13|scripts/run_fphdg.sh:13|scripts/run_fphval.sh:13|scripts/run_frz0.sh:13|scripts/run_hotdump.sh:16|scripts/run_hotroot.sh:13|scripts/run_ionb3.sh:13|scripts/run_ionb5x.sh:13|scripts/run_ionboost.sh:13|scripts/run_ionboost2.sh:13|scripts/run_ionchk.sh:13|scripts/run_ionnt.sh:13|scripts/run_iterdump.sh:16|scripts/run_jdump.sh:13|scripts/run_jdump_diag.sh:8|scripts/run_milne1.sh:16|scripts/run_milneP.sh:16|scripts/run_ntdr.sh:13|scripts/run_recdiag.sh:16|scripts/run_repro22.sh:16|scripts/run_rtr33.sh:13|scripts/run_rtruth.sh:13|scripts/run_s2_chk.sh:13|scripts/run_s2_dep0.sh:13|scripts/run_s2_eps.sh:13|scripts/run_s2_fph.sh:13|scripts/run_s2_fph2.sh:13|scripts/run_s2_fznt.sh:13|scripts/run_s2_nebheat.sh:13|scripts/run_s2_nolinere.sh:13|scripts/run_s2_ntxe.sh:13|scripts/run_s2_phys.sh:13|scripts/run_s40diag.sh:16|scripts/run_srcbl.sh:13|scripts/run_stage0_diag.sh:17|scripts/run_stage1_ab.sh:13|scripts/run_stage2.sh:13|scripts/run_stage3.sh:13|scripts/run_wbflr.sh:13|scripts/run_widebr.sh:13|scripts/test_thenmc_bin.sh:10,UNAUDITED,NONE,UNTESTED,MEDIUM,parameter/mask can alter arithmetic over multiple selected records or shells; no direct layout reconstruction identified,NO_EVIDENCE (no #if 0; repository dead_code_audit found no unreferenced non-static consumer function),required RESOLVED_CONFIG evidence unavailable (0 files); stdout RUN FOOTER used as fallback,C3_ACTIVE_OFF_UNTESTED,P2,"required: same binary/input; UNSET vs explicit neutral/OFF vs ON(shadow); byte-compare registered state, layout/table manifests, oracle outputs, RNG/event counters; ON must not commit target state"
LUMINA_NLTE_INV_CEIL,src/lumina_plasma.c:8340,literal getenv,unset: NULL makes the guarded named branch false; no env-requested override/action at this consumer,ON_GATE/parameter (non-NULL/nonzero or selector value requests the named branch/override),ACTIVE_OBSERVED,1e4,/gpfs/kjhan/lumina_runner2/logs/coevolve_consume_parity51/stdout.log:37895|/gpfs/kjhan/lumina_runner2/logs/coevolve_consume_parity51/stdout.log:46|/gpfs/kjhan/lumina_runner2/logs/coevolve_consume_parity56/stdout.log:38124|/gpfs/kjhan/lumina_runner2/logs/coevolve_consume_parity56/stdout.log:46|/gpfs/kjhan/lumina_runner2/logs/coevolve_consume_parity57/stdout.log:38891|/gpfs/kjhan/lumina_runner2/logs/coevolve_consume_parity57/stdout.log:46|/gpfs/kjhan/lumina_runner2/logs/coevolve_consume_parity58/stdout.log:38124|/gpfs/kjhan/lumina_runner2/logs/coevolve_consume_parity58/stdout.log:46|/gpfs/kjhan/lumina_runner2/logs/coevolve_consume_parity59/stdout.log:38123|/gpfs/kjhan/lumina_runner2/logs/coevolve_consume_parity59/stdout.log:46|/gpfs/kjhan/lumina_runner2/logs/coevolve_consume_parity60/stdout.log:38941|/gpfs/kjhan/lumina_runner2/logs/coevolve_consume_parity60/stdout.log:47,"coevolve_consume_parity60 (/gpfs/kjhan/lumina_runner2/logs/coevolve_consume_parity60/stdout.log:47, value=1e4)",scripts/run_ada_lstar_diag.sh:31|scripts/run_baldiag.sh:20|scripts/run_bfdark.sh:26|scripts/run_boostdr.sh:20|scripts/run_capraise.sh:20|scripts/run_cnclean.sh:20|scripts/run_cndamp.sh:20|scripts/run_coevolve_s01.sh:33|scripts/run_conv16.sh:20|scripts/run_cpl1.sh:20|scripts/run_cpl20.sh:20|scripts/run_dronly.sh:20|scripts/run_etla.sh:20|scripts/run_fix10.sh:23|scripts/run_fix11.sh:23|scripts/run_fix12.sh:23|scripts/run_fix13.sh:23|scripts/run_fix14.sh:23|scripts/run_fix15.sh:23|scripts/run_fix16.sh:23|scripts/run_fix17.sh:23|scripts/run_fix18.sh:23|scripts/run_fix19.sh:23|scripts/run_fix2.sh:23|scripts/run_fix20.sh:23|scripts/run_fix21.sh:23|scripts/run_fix22.sh:23|scripts/run_fix3.sh:23|scripts/run_fix4.sh:23|scripts/run_fix5.sh:23|scripts/run_fix6.sh:23|scripts/run_fix7.sh:23|scripts/run_fix8.sh:23|scripts/run_fix9.sh:23|scripts/run_fph_diag.sh:20|scripts/run_fphbf.sh:20|scripts/run_fphdg.sh:20|scripts/run_fphval.sh:20|scripts/run_frz0.sh:20|scripts/run_hotdump.sh:23|scripts/run_hotroot.sh:20|scripts/run_ionb3.sh:20|scripts/run_ionb5x.sh:20|scripts/run_ionboost.sh:20|scripts/run_ionboost2.sh:20|scripts/run_ionchk.sh:20|scripts/run_ionnt.sh:20|scripts/run_iterdump.sh:23|scripts/run_jdump.sh:20|scripts/run_jdump_diag.sh:15|scripts/run_milne1.sh:23|scripts/run_milneP.sh:23|scripts/run_ntdr.sh:20|scripts/run_recdiag.sh:23|scripts/run_repro22.sh:23|scripts/run_rtr33.sh:20|scripts/run_rtruth.sh:20|scripts/run_s2_chk.sh:20|scripts/run_s2_dep0.sh:20|scripts/run_s2_eps.sh:20|scripts/run_s2_fph.sh:20|scripts/run_s2_fph2.sh:20|scripts/run_s2_fznt.sh:20|scripts/run_s2_nebheat.sh:20|scripts/run_s2_nolinere.sh:20|scripts/run_s2_ntxe.sh:20|scripts/run_s2_phys.sh:20|scripts/run_s40diag.sh:23|scripts/run_srcbl.sh:20|scripts/run_stage0_diag.sh:24|scripts/run_stage1_ab.sh:20|scripts/run_stage2.sh:20|scripts/run_stage3.sh:20|scripts/run_wbflr.sh:20|scripts/run_widebr.sh:20|scripts/slurm_aulbranch_validate.sh:202|scripts/slurm_binnedj_estimator_ab.sh:210|scripts/slurm_cmf_fine_validate.sh:47|scripts/slurm_ddc15_a1_diffbc.sh:54|scripts/slurm_ddc15_a2_jnu.sh:58|scripts/slurm_ddc15_a2_jnu_atrad.sh:58|scripts/slurm_ddc15_a2_newton.sh:56|scripts/slurm_ddc15_a2_newton_omp.sh:58|scripts/slurm_ddc15_a2_septest.sh:58|scripts/slurm_ddc15_a2_trace.sh:58|scripts/slurm_ddc15_a2_trace0.sh:58|scripts/slurm_ddc15_a3_lstar.sh:57|scripts/slurm_ddc15_frozenin.sh:60|scripts/slurm_ddc15_frozenin_ab.sh:68|scripts/slurm_ddc15_initial.sh:88|scripts/slurm_ddc15_mc_macroatom.sh:68|scripts/slurm_ddc15_nefix_prof.sh:41|scripts/slurm_ddc15_pure_cmfgen.sh:62|scripts/slurm_ddc15_pure_cmfgen_phase3.sh:80|scripts/slurm_ddc15_radeq_ab.sh:65|scripts/slurm_ddc15_radeq_adiab.sh:67|scripts/slurm_ddc15_radeq_blanket.sh:67|scripts/slurm_ddc15_radeq_blanketdamp.sh:67|scripts/slurm_ddc15_radeq_coolfix.sh:58|scripts/slurm_ddc15_radeq_escape.sh:61|scripts/slurm_ddc15_radeq_escape_alllines.sh:61|scripts/slurm_ddc15_radeq_hybridB2.sh:66|scripts/slurm_ddc15_radeq_integralB.sh:71|scripts/slurm_ddc15_radeq_nebular.sh:67|scripts/slurm_ddc15_radeq_noswitch.sh:65|scripts/slurm_ddc15_thenmc.sh:71|scripts/slurm_ddc15real.sh:66|scripts/slurm_downbranch_binnedj_ab.sh:211|scripts/slurm_einsteinFix_2002bo_macroatom.sh:211|scripts/slurm_einsteinFix_2002bo_macroatom_smoke.sh:211|scripts/slurm_einsteinFix_2002bo_nltedump.sh:210|scripts/slurm_einsteinFix_2002bo_ofix_prod.sh:207|scripts/slurm_einsteinFix_2002bo_taubyion.sh:207|scripts/slurm_einsteinFix_2002bo_tpin12630.sh:207|scripts/slurm_fixtrad_fluorescence.sh:216|scripts/slurm_ionstage_ab.sh:193|scripts/slurm_jcap_test.sh:210|scripts/slurm_ma_internal_cap.sh:211|scripts/slurm_macroatom_binnedj_ab.sh:221|scripts/slurm_paper_ddc15_paperli_2002bo_einsteinFix.sh:223|scripts/slurm_phase0_ebudget.sh:191|scripts/slurm_phase2a_innerbc_ab.sh:203|scripts/slurm_phase2b_nlte_opacity_ionstage_ab.sh:218|scripts/slurm_phase2c_fluorescence_ab.sh:211|scripts/slurm_radeq_ab.sh:207|scripts/slurm_radeq_diag.sh:220|scripts/slurm_superlev_ab.sh:207|scripts/slurm_superlev_identity_smoke.sh:211|scripts/slurm_taubyion_window.sh:166|scripts/test_thenmc_bin.sh:16,UNAUDITED,NONE,UNTESTED,MEDIUM,parameter/mask can alter arithmetic over multiple selected records or shells; no direct layout reconstruction identified,NO_EVIDENCE (no #if 0; repository dead_code_audit found no unreferenced non-static consumer function),required RESOLVED_CONFIG evidence unavailable (0 files); stdout RUN FOOTER used as fallback,C3_ACTIVE_OFF_UNTESTED,P2,"required: same binary/input; UNSET vs explicit neutral/OFF vs ON(shadow); byte-compare registered state, layout/table manifests, oracle outputs, RNG/event counters; ON must not commit target state"
LUMINA_NLTE_ION_LOCK,src/lumina_element_wide.c:43|src/lumina_element_wide.c:1060|src/lumina_plasma.c:6138|src/lumina_plasma.c:8087,literal + dynamic helper,unset: NULL makes the guarded named branch false; no env-requested override/action at this consumer,ON_GATE/parameter (non-NULL/nonzero or selector value requests the named branch/override),ACTIVE_OBSERVED,1,/gpfs/kjhan/lumina_runner2/logs/coevolve_consume_parity51/stdout.log:37858|/gpfs/kjhan/lumina_runner2/logs/coevolve_consume_parity51/stdout.log:9|/gpfs/kjhan/lumina_runner2/logs/coevolve_consume_parity56/stdout.log:38087|/gpfs/kjhan/lumina_runner2/logs/coevolve_consume_parity56/stdout.log:9|/gpfs/kjhan/lumina_runner2/logs/coevolve_consume_parity57/stdout.log:38854|/gpfs/kjhan/lumina_runner2/logs/coevolve_consume_parity57/stdout.log:9|/gpfs/kjhan/lumina_runner2/logs/coevolve_consume_parity58/stdout.log:38087|/gpfs/kjhan/lumina_runner2/logs/coevolve_consume_parity58/stdout.log:9|/gpfs/kjhan/lumina_runner2/logs/coevolve_consume_parity59/stdout.log:38086|/gpfs/kjhan/lumina_runner2/logs/coevolve_consume_parity59/stdout.log:9|/gpfs/kjhan/lumina_runner2/logs/coevolve_consume_parity60/stdout.log:38903|/gpfs/kjhan/lumina_runner2/logs/coevolve_consume_parity60/stdout.log:9,"coevolve_consume_parity60 (/gpfs/kjhan/lumina_runner2/logs/coevolve_consume_parity60/stdout.log:9, value=1)",scripts/run_baldiag.sh:29|scripts/run_bfdark.sh:35|scripts/run_boostdr.sh:32|scripts/run_capraise.sh:29|scripts/run_cnclean.sh:29|scripts/run_cndamp.sh:29|scripts/run_coevolve_s01.sh:49|scripts/run_conv16.sh:29|scripts/run_cpl1.sh:29|scripts/run_cpl20.sh:29|scripts/run_dronly.sh:29|scripts/run_etla.sh:29|scripts/run_fix10.sh:32|scripts/run_fix11.sh:32|scripts/run_fix12.sh:32|scripts/run_fix13.sh:32|scripts/run_fix14.sh:32|scripts/run_fix15.sh:32|scripts/run_fix16.sh:32|scripts/run_fix17.sh:32|scripts/run_fix18.sh:32|scripts/run_fix19.sh:32|scripts/run_fix2.sh:32|scripts/run_fix20.sh:32|scripts/run_fix21.sh:32|scripts/run_fix22.sh:32|scripts/run_fix3.sh:32|scripts/run_fix4.sh:32|scripts/run_fix5.sh:32|scripts/run_fix6.sh:32|scripts/run_fix7.sh:32|scripts/run_fix8.sh:32|scripts/run_fix9.sh:32|scripts/run_fph_diag.sh:29|scripts/run_fphbf.sh:29|scripts/run_fphdg.sh:29|scripts/run_fphval.sh:29|scripts/run_frz0.sh:29|scripts/run_hotdump.sh:32|scripts/run_hotroot.sh:29|scripts/run_ionb3.sh:31|scripts/run_ionb5x.sh:31|scripts/run_ionboost.sh:29|scripts/run_ionboost2.sh:29|scripts/run_ionchk.sh:29|scripts/run_ionnt.sh:29|scripts/run_iterdump.sh:32|scripts/run_jdump.sh:29|scripts/run_jdump_diag.sh:23|scripts/run_milne1.sh:32|scripts/run_milneP.sh:32|scripts/run_ntdr.sh:31|scripts/run_recdiag.sh:32|scripts/run_repro22.sh:32|scripts/run_rtr33.sh:29|scripts/run_rtruth.sh:29|scripts/run_s2_chk.sh:29|scripts/run_s2_dep0.sh:29|scripts/run_s2_eps.sh:29|scripts/run_s2_fph.sh:29|scripts/run_s2_fph2.sh:29|scripts/run_s2_fznt.sh:29|scripts/run_s2_nebheat.sh:29|scripts/run_s2_nolinere.sh:29|scripts/run_s2_ntxe.sh:29|scripts/run_s2_phys.sh:29|scripts/run_s40diag.sh:32|scripts/run_srcbl.sh:29|scripts/run_stage0_diag.sh:33|scripts/run_stage1_ab.sh:29|scripts/run_stage2.sh:29|scripts/run_stage3.sh:30|scripts/run_toy.sh:15|scripts/run_toy_both.sh:10|scripts/run_toy_mc.sh:10|scripts/run_wbflr.sh:31|scripts/run_widebr.sh:29|scripts/slurm_ddc15_223_ionlock_smoke.sh:184|scripts/slurm_ddc15_223_perionresc_smoke.sh:179|scripts/slurm_ddc15_pure_cmfgen_phase3.sh:113|scripts/slurm_ionlock_lte_levels.sh:39|scripts/slurm_nlte3fix_optC.sh:193|scripts/slurm_nlte3fix_optD.sh:192|scripts/slurm_nlte_ionlock_smoke.sh:44|scripts/slurm_nlte_ionlock_smoke_v2.sh:46|scripts/slurm_prod_dr7ion_ce17_ionlock.sh:45|scripts/slurm_smoke_dlock_v1.sh:42|scripts/slurm_smoke_dlock_v2.sh:41|scripts/slurm_smoke_dlock_v3.sh:44|scripts/test_thenmc_bin.sh:24,COVERED,docs/OPUS5_WAVE3_CODE_AUDIT.md;docs/V3_FUNCTION_AUDIT_VERIFICATION_2026-07-31.md,UNTESTED,HIGH,source-selected model-wide mode/backend/layout/table/profile or cross-shell arithmetic; off-target impact cannot be excluded statically,NO_EVIDENCE (no #if 0; repository dead_code_audit found no unreferenced non-static consumer function),required RESOLVED_CONFIG evidence unavailable (0 files); stdout RUN FOOTER used as fallback,C3_ACTIVE_OFF_UNTESTED,P1,"required: same binary/input; UNSET vs explicit neutral/OFF vs ON(shadow); byte-compare registered state, layout/table manifests, oracle outputs, RNG/event counters; ON must not commit target state"
LUMINA_NLTE_JBAR_POPS,src/lumina_cuda.cu:9074|src/lumina_cuda.cu:9726|src/lumina_element_wide.c:1303|src/lumina_nlte_assemble.cu:384|src/lumina_plasma.c:14724,literal + dynamic helper,unset: direct getenv condition is false; named branch is not entered,ON_GATE/parameter (non-NULL/nonzero or selector value requests the named branch/override),ACTIVE_OBSERVED,3,/gpfs/kjhan/lumina_runner2/logs/coevolve_consume_parity51/stdout.log:37888|/gpfs/kjhan/lumina_runner2/logs/coevolve_consume_parity51/stdout.log:39|/gpfs/kjhan/lumina_runner2/logs/coevolve_consume_parity56/stdout.log:38117|/gpfs/kjhan/lumina_runner2/logs/coevolve_consume_parity56/stdout.log:39|/gpfs/kjhan/lumina_runner2/logs/coevolve_consume_parity57/stdout.log:38884|/gpfs/kjhan/lumina_runner2/logs/coevolve_consume_parity57/stdout.log:39|/gpfs/kjhan/lumina_runner2/logs/coevolve_consume_parity58/stdout.log:38117|/gpfs/kjhan/lumina_runner2/logs/coevolve_consume_parity58/stdout.log:39|/gpfs/kjhan/lumina_runner2/logs/coevolve_consume_parity59/stdout.log:38116|/gpfs/kjhan/lumina_runner2/logs/coevolve_consume_parity59/stdout.log:39|/gpfs/kjhan/lumina_runner2/logs/coevolve_consume_parity60/stdout.log:38934|/gpfs/kjhan/lumina_runner2/logs/coevolve_consume_parity60/stdout.log:40,"coevolve_consume_parity60 (/gpfs/kjhan/lumina_runner2/logs/coevolve_consume_parity60/stdout.log:40, value=3)",scripts/run_coevolve_s01.sh:128|scripts/slurm_ddc15_pure_cmfgen_phase3.sh:127,COVERED,docs/OPUS5_WAVE3_CODE_AUDIT.md;docs/CONTROLLED_TEST_SUITE.md;docs/N3_JBAR_DAMP_UNIFY_DESIGN.md;docs/STAGE4_NLTE_REPAIR_DESIGN.md;docs/COEVOLVE_REWIRING_PLAN.md,UNTESTED,MEDIUM,parameter/mask can alter arithmetic over multiple selected records or shells; no direct layout reconstruction identified,NO_EVIDENCE (no #if 0; repository dead_code_audit found no unreferenced non-static consumer function),required RESOLVED_CONFIG evidence unavailable (0 files); stdout RUN FOOTER used as fallback,C3_ACTIVE_OFF_UNTESTED,P2,"required: same binary/input; UNSET vs explicit neutral/OFF vs ON(shadow); byte-compare registered state, layout/table manifests, oracle outputs, RNG/event counters; ON must not commit target state"
LUMINA_NLTE_JEQB,src/lumina_cuda.cu:7559|src/lumina_nlte_assemble.cu:384|src/lumina_plasma.c:14855,literal + dynamic helper,unset: NULL makes the guarded named branch false; no env-requested override/action at this consumer,ON_GATE/parameter (non-NULL/nonzero or selector value requests the named branch/override),DORMANT,NONE,NONE,NONE,scripts/slurm_ddc15_pure_cmfgen_phase3.sh:146,UNAUDITED,NONE,UNTESTED,MEDIUM,parameter/mask can alter arithmetic over multiple selected records or shells; no direct layout reconstruction identified,NO_EVIDENCE (no #if 0; repository dead_code_audit found no unreferenced non-static consumer function),required RESOLVED_CONFIG evidence unavailable (0 files); stdout RUN FOOTER used as fallback,C1_DORMANT_UNAUDITED,NOT_REQUIRED_BY_C2_C3,NONE
LUMINA_NLTE_LEVEL_DUMP,src/lumina_cuda.cu:1936|src/lumina_plasma.c:17290,literal getenv,unset: diagnostic/self-test branch not requested (no getenv value),ON_GATE(diagnostic),DORMANT,NONE,NONE,NONE,scripts/compare_nlte_vs_nebular_fe2.py:5|scripts/diagnose_nlte_pops.py:4|scripts/diagnostics_smoke_ci.sh:129|scripts/full_spectrum_4trace_with_158780.py:3|scripts/run_ada_lstar_diag.sh:53|scripts/slurm_aulbranch_validate.sh:208|scripts/slurm_binnedj_estimator_ab.sh:214|scripts/slurm_ddc15_a1_diffbc.sh:70|scripts/slurm_ddc15_a2_jnu.sh:79|scripts/slurm_ddc15_a2_jnu_atrad.sh:80|scripts/slurm_ddc15_a2_newton.sh:75|scripts/slurm_ddc15_a2_newton_omp.sh:78|scripts/slurm_ddc15_a2_septest.sh:79|scripts/slurm_ddc15_a2_trace.sh:79|scripts/slurm_ddc15_a2_trace0.sh:79|scripts/slurm_ddc15_a3_lstar.sh:83|scripts/slurm_ddc15_frozenin.sh:75|scripts/slurm_ddc15_frozenin_ab.sh:75|scripts/slurm_ddc15_initial.sh:101|scripts/slurm_ddc15_nefix_prof.sh:63|scripts/slurm_ddc15_radeq_ab.sh:72|scripts/slurm_ddc15_radeq_adiab.sh:80|scripts/slurm_ddc15_radeq_blanket.sh:80|scripts/slurm_ddc15_radeq_blanketdamp.sh:81|scripts/slurm_ddc15_radeq_coolfix.sh:66|scripts/slurm_ddc15_radeq_escape.sh:70|scripts/slurm_ddc15_radeq_escape_alllines.sh:70|scripts/slurm_ddc15_radeq_hybridB2.sh:78|scripts/slurm_ddc15_radeq_integralB.sh:81|scripts/slurm_ddc15_radeq_nebular.sh:80|scripts/slurm_ddc15_radeq_noswitch.sh:78|scripts/slurm_ddc15real.sh:71|scripts/slurm_downbranch_binnedj_ab.sh:215|scripts/slurm_einsteinFix_2002bo_nltedump.sh:209|scripts/slurm_fixtrad_fluorescence.sh:222|scripts/slurm_ionstage_ab.sh:196|scripts/slurm_jcap_test.sh:216|scripts/slurm_ma_internal_cap.sh:217|scripts/slurm_macroatom_binnedj_ab.sh:226|scripts/slurm_nlte3_diag.sh:178|scripts/slurm_nlte_consv_test.sh:44|scripts/slurm_nlte_rate_dump.sh:44|scripts/slurm_paper_ddc15_bbfix_2002bo_nltedump.sh:207|scripts/slurm_phase0_ebudget.sh:194|scripts/slurm_phase2a_innerbc_ab.sh:206|scripts/slurm_phase2b_nlte_opacity_ionstage_ab.sh:221|scripts/slurm_phase2c_fluorescence_ab.sh:214|scripts/slurm_phaseA_ablation.sh:64|scripts/slurm_radeq_diag.sh:222,UNAUDITED,NONE,UNTESTED,LOW,diagnostic/output/self-test control; may alter I/O or early exit but no production array/layout mutation identified at consumer,NO_EVIDENCE (no #if 0; repository dead_code_audit found no unreferenced non-static consumer function),required RESOLVED_CONFIG evidence unavailable (0 files); stdout RUN FOOTER used as fallback,C1_DORMANT_UNAUDITED,NOT_REQUIRED_BY_C2_C3,NONE
LUMINA_NLTE_LOCK_START_ITER,src/lumina_plasma.c:8088,literal getenv,unset: NULL makes the guarded named branch false; no env-requested override/action at this consumer,ON_GATE/parameter (non-NULL/nonzero or selector value requests the named branch/override),SEEN_NEUTRAL_ONLY,0,/gpfs/kjhan/lumina_runner2/logs/coevolve_consume_parity51/stdout.log:37912|/gpfs/kjhan/lumina_runner2/logs/coevolve_consume_parity51/stdout.log:63|/gpfs/kjhan/lumina_runner2/logs/coevolve_consume_parity56/stdout.log:38141|/gpfs/kjhan/lumina_runner2/logs/coevolve_consume_parity56/stdout.log:63|/gpfs/kjhan/lumina_runner2/logs/coevolve_consume_parity57/stdout.log:38908|/gpfs/kjhan/lumina_runner2/logs/coevolve_consume_parity57/stdout.log:63|/gpfs/kjhan/lumina_runner2/logs/coevolve_consume_parity58/stdout.log:38142|/gpfs/kjhan/lumina_runner2/logs/coevolve_consume_parity58/stdout.log:64|/gpfs/kjhan/lumina_runner2/logs/coevolve_consume_parity59/stdout.log:38141|/gpfs/kjhan/lumina_runner2/logs/coevolve_consume_parity59/stdout.log:64|/gpfs/kjhan/lumina_runner2/logs/coevolve_consume_parity60/stdout.log:38959|/gpfs/kjhan/lumina_runner2/logs/coevolve_consume_parity60/stdout.log:65,NONE,scripts/run_baldiag.sh:30|scripts/run_bfdark.sh:36|scripts/run_boostdr.sh:33|scripts/run_capraise.sh:30|scripts/run_cnclean.sh:30|scripts/run_cndamp.sh:30|scripts/run_coevolve_s01.sh:50|scripts/run_conv16.sh:30|scripts/run_cpl1.sh:30|scripts/run_cpl20.sh:30|scripts/run_dronly.sh:30|scripts/run_etla.sh:30|scripts/run_fix10.sh:33|scripts/run_fix11.sh:33|scripts/run_fix12.sh:33|scripts/run_fix13.sh:33|scripts/run_fix14.sh:33|scripts/run_fix15.sh:33|scripts/run_fix16.sh:33|scripts/run_fix17.sh:33|scripts/run_fix18.sh:33|scripts/run_fix19.sh:33|scripts/run_fix2.sh:33|scripts/run_fix20.sh:33|scripts/run_fix21.sh:33|scripts/run_fix22.sh:33|scripts/run_fix3.sh:33|scripts/run_fix4.sh:33|scripts/run_fix5.sh:33|scripts/run_fix6.sh:33|scripts/run_fix7.sh:33|scripts/run_fix8.sh:33|scripts/run_fix9.sh:33|scripts/run_fph_diag.sh:30|scripts/run_fphbf.sh:30|scripts/run_fphdg.sh:30|scripts/run_fphval.sh:30|scripts/run_frz0.sh:30|scripts/run_hotdump.sh:33|scripts/run_hotroot.sh:30|scripts/run_ionb3.sh:32|scripts/run_ionb5x.sh:32|scripts/run_ionboost.sh:30|scripts/run_ionboost2.sh:30|scripts/run_ionchk.sh:30|scripts/run_ionnt.sh:30|scripts/run_iterdump.sh:33|scripts/run_jdump.sh:30|scripts/run_jdump_diag.sh:24|scripts/run_milne1.sh:33|scripts/run_milneP.sh:33|scripts/run_ntdr.sh:32|scripts/run_recdiag.sh:33|scripts/run_repro22.sh:33|scripts/run_rtr33.sh:30|scripts/run_rtruth.sh:30|scripts/run_s2_chk.sh:30|scripts/run_s2_dep0.sh:30|scripts/run_s2_eps.sh:30|scripts/run_s2_fph.sh:30|scripts/run_s2_fph2.sh:30|scripts/run_s2_fznt.sh:30|scripts/run_s2_nebheat.sh:30|scripts/run_s2_nolinere.sh:30|scripts/run_s2_ntxe.sh:30|scripts/run_s2_phys.sh:30|scripts/run_s40diag.sh:33|scripts/run_srcbl.sh:30|scripts/run_stage0_diag.sh:34|scripts/run_stage1_ab.sh:30|scripts/run_stage2.sh:30|scripts/run_stage3.sh:31|scripts/run_wbflr.sh:32|scripts/run_widebr.sh:30|scripts/slurm_ddc15_pure_cmfgen_phase3.sh:114|scripts/slurm_nlte3fix_optC.sh:194|scripts/slurm_nlte3fix_optD.sh:193|scripts/slurm_smoke_dlock_v1.sh:43|scripts/slurm_smoke_dlock_v2.sh:42|scripts/slurm_smoke_dlock_v3.sh:45|scripts/test_thenmc_bin.sh:24,COVERED,docs/V3_FUNCTION_AUDIT_VERIFICATION_2026-07-31.md,UNTESTED,MEDIUM,parameter/mask can alter arithmetic over multiple selected records or shells; no direct layout reconstruction identified,NO_EVIDENCE (no #if 0; repository dead_code_audit found no unreferenced non-static consumer function),required RESOLVED_CONFIG evidence unavailable (0 files); stdout RUN FOOTER used as fallback,NONE,NOT_REQUIRED_BY_C2_C3,NONE
LUMINA_NLTE_LTE_FLOOR,src/lumina_cuda.cu:1583|src/lumina_element_wide.c:43|src/lumina_element_wide.c:1060,literal + dynamic helper,unset: NULL makes the guarded named branch false; no env-requested override/action at this consumer,ON_GATE/parameter (non-NULL/nonzero or selector value requests the named branch/override),SEEN_NEUTRAL_ONLY,0,/gpfs/kjhan/lumina_runner2/logs/coevolve_consume_parity51/stdout.log:37893|/gpfs/kjhan/lumina_runner2/logs/coevolve_consume_parity51/stdout.log:44|/gpfs/kjhan/lumina_runner2/logs/coevolve_consume_parity56/stdout.log:38121|/gpfs/kjhan/lumina_runner2/logs/coevolve_consume_parity56/stdout.log:43|/gpfs/kjhan/lumina_runner2/logs/coevolve_consume_parity57/stdout.log:38888|/gpfs/kjhan/lumina_runner2/logs/coevolve_consume_parity57/stdout.log:43|/gpfs/kjhan/lumina_runner2/logs/coevolve_consume_parity58/stdout.log:38121|/gpfs/kjhan/lumina_runner2/logs/coevolve_consume_parity58/stdout.log:43|/gpfs/kjhan/lumina_runner2/logs/coevolve_consume_parity59/stdout.log:38120|/gpfs/kjhan/lumina_runner2/logs/coevolve_consume_parity59/stdout.log:43|/gpfs/kjhan/lumina_runner2/logs/coevolve_consume_parity60/stdout.log:38938|/gpfs/kjhan/lumina_runner2/logs/coevolve_consume_parity60/stdout.log:44|scripts/parity_baseline.env:45,NONE,scripts/launch_parity38_nofloor.sh:56|scripts/launch_parity38_nofloor.sh:84|scripts/launch_parity39_baseline.sh:59|scripts/launch_parity40_tepin.sh:89|scripts/launch_parity41_sivcaiv.sh:100|scripts/parity_baseline.env:45|scripts/run_baldiag.sh:29|scripts/run_bfdark.sh:35|scripts/run_boostdr.sh:32|scripts/run_capraise.sh:29|scripts/run_cnclean.sh:29|scripts/run_cndamp.sh:29|scripts/run_coevolve_s01.sh:49|scripts/run_conv16.sh:29|scripts/run_cpl1.sh:29|scripts/run_cpl20.sh:29|scripts/run_dronly.sh:29|scripts/run_etla.sh:29|scripts/run_fix10.sh:32|scripts/run_fix11.sh:32|scripts/run_fix12.sh:32|scripts/run_fix13.sh:32|scripts/run_fix14.sh:32|scripts/run_fix15.sh:32|scripts/run_fix16.sh:32|scripts/run_fix17.sh:32|scripts/run_fix18.sh:32|scripts/run_fix19.sh:32|scripts/run_fix2.sh:32|scripts/run_fix20.sh:32|scripts/run_fix21.sh:32|scripts/run_fix22.sh:32|scripts/run_fix3.sh:32|scripts/run_fix4.sh:32|scripts/run_fix5.sh:32|scripts/run_fix6.sh:32|scripts/run_fix7.sh:32|scripts/run_fix8.sh:32|scripts/run_fix9.sh:32|scripts/run_fph_diag.sh:29|scripts/run_fphbf.sh:29|scripts/run_fphdg.sh:29|scripts/run_fphval.sh:29|scripts/run_frz0.sh:29|scripts/run_hotdump.sh:32|scripts/run_hotroot.sh:29|scripts/run_ionb3.sh:31|scripts/run_ionb5x.sh:31|scripts/run_ionboost.sh:29|scripts/run_ionboost2.sh:29|scripts/run_ionchk.sh:29|scripts/run_ionnt.sh:29|scripts/run_iterdump.sh:32|scripts/run_jdump.sh:29|scripts/run_jdump_diag.sh:23|scripts/run_milne1.sh:32|scripts/run_milneP.sh:32|scripts/run_ntdr.sh:31|scripts/run_recdiag.sh:32|scripts/run_repro22.sh:32|scripts/run_rtr33.sh:29|scripts/run_rtruth.sh:29|scripts/run_s2_chk.sh:29|scripts/run_s2_dep0.sh:29|scripts/run_s2_eps.sh:29|scripts/run_s2_fph.sh:29|scripts/run_s2_fph2.sh:29|scripts/run_s2_fznt.sh:29|scripts/run_s2_nebheat.sh:29|scripts/run_s2_nolinere.sh:29|scripts/run_s2_ntxe.sh:29|scripts/run_s2_phys.sh:29|scripts/run_s40diag.sh:32|scripts/run_srcbl.sh:29|scripts/run_stage0_diag.sh:33|scripts/run_stage1_ab.sh:29|scripts/run_stage2.sh:29|scripts/run_stage3.sh:30|scripts/run_wbflr.sh:31|scripts/run_widebr.sh:29|scripts/slurm_ddc15_pure_cmfgen_phase3.sh:111|scripts/test_thenmc_bin.sh:23,UNAUDITED,NONE,UNTESTED,MEDIUM,parameter/mask can alter arithmetic over multiple selected records or shells; no direct layout reconstruction identified,NO_EVIDENCE (no #if 0; repository dead_code_audit found no unreferenced non-static consumer function),required RESOLVED_CONFIG evidence unavailable (0 files); stdout RUN FOOTER used as fallback,NONE,NOT_REQUIRED_BY_C2_C3,NONE
LUMINA_NLTE_LTE_NCRIT,src/lumina_cuda.cu:739,literal getenv,unset: NULL makes the guarded named branch false; no env-requested override/action at this consumer,ON_GATE/parameter (non-NULL/nonzero or selector value requests the named branch/override),DORMANT,NONE,NONE,NONE,scripts/slurm_ddc15_pure_cmfgen_phase3.sh:118,UNAUDITED,NONE,UNTESTED,MEDIUM,parameter/mask can alter arithmetic over multiple selected records or shells; no direct layout reconstruction identified,NO_EVIDENCE (no #if 0; repository dead_code_audit found no unreferenced non-static consumer function),required RESOLVED_CONFIG evidence unavailable (0 files); stdout RUN FOOTER used as fallback,C1_DORMANT_UNAUDITED,NOT_REQUIRED_BY_C2_C3,NONE
LUMINA_NLTE_LTE_REPAIR,src/lumina_element_wide.c:43|src/lumina_element_wide.c:1060|src/lumina_plasma.c:16626,literal + dynamic helper,unset: getenv returns NULL and this env override is not applied; compiled initializer/parent mode remains,ON_GATE/parameter (exact polarity unresolved),DORMANT,NONE,NONE,NONE,scripts/slurm_ddc15_pure_cmfgen_phase3.sh:149,UNAUDITED,NONE,UNTESTED,MEDIUM,parameter/mask can alter arithmetic over multiple selected records or shells; no direct layout reconstruction identified,NO_EVIDENCE (no #if 0; repository dead_code_audit found no unreferenced non-static consumer function),exact unset initializer/polarity requires function-level semantic audit | required RESOLVED_CONFIG evidence unavailable (0 files); stdout RUN FOOTER used as fallback,C1_DORMANT_UNAUDITED,NOT_REQUIRED_BY_C2_C3,NONE
LUMINA_NLTE_MATDUMP,src/lumina_cuda.cu:1299,literal getenv,unset: diagnostic/self-test branch not requested (no getenv value),ON_GATE(diagnostic),DORMANT,NONE,NONE,NONE,scripts/slurm_ddc15_pure_cmfgen_phase3.sh:151,UNAUDITED,NONE,UNTESTED,LOW,diagnostic/output/self-test control; may alter I/O or early exit but no production array/layout mutation identified at consumer,NO_EVIDENCE (no #if 0; repository dead_code_audit found no unreferenced non-static consumer function),required RESOLVED_CONFIG evidence unavailable (0 files); stdout RUN FOOTER used as fallback,C1_DORMANT_UNAUDITED,NOT_REQUIRED_BY_C2_C3,NONE
LUMINA_NLTE_MATDUMP_PATH,src/lumina_cuda.cu:1304,literal getenv,unset: diagnostic/self-test branch not requested (no getenv value),ON_GATE(diagnostic),DORMANT,NONE,NONE,NONE,scripts/slurm_ddc15_pure_cmfgen_phase3.sh:152,UNAUDITED,NONE,UNTESTED,LOW,diagnostic/output/self-test control; may alter I/O or early exit but no production array/layout mutation identified at consumer,NO_EVIDENCE (no #if 0; repository dead_code_audit found no unreferenced non-static consumer function),required RESOLVED_CONFIG evidence unavailable (0 files); stdout RUN FOOTER used as fallback,C1_DORMANT_UNAUDITED,NOT_REQUIRED_BY_C2_C3,NONE
LUMINA_NLTE_METACOLL_MODE,src/lumina_plasma.c:8273,literal getenv,unset: NULL makes the guarded named branch false; no env-requested override/action at this consumer,ON_GATE/parameter (non-NULL/nonzero or selector value requests the named branch/override),DORMANT,NONE,NONE,NONE,scripts/run_coldata_syn08.sh:47|scripts/sbatch_euv461.sh:96|scripts/sbatch_fbcb.sh:96|scripts/sbatch_fbckt.sh:96|scripts/sbatch_kpr10.sh:116|scripts/sbatch_kpr10b.sh:116|scripts/sbatch_milne.sh:96|scripts/sbatch_milnec2.sh:96|scripts/sbatch_milnec2ne64.sh:88|scripts/sbatch_tepop1.sh:96,UNAUDITED,NONE,UNTESTED,MEDIUM,parameter/mask can alter arithmetic over multiple selected records or shells; no direct layout reconstruction identified,NO_EVIDENCE (no #if 0; repository dead_code_audit found no unreferenced non-static consumer function),required RESOLVED_CONFIG evidence unavailable (0 files); stdout RUN FOOTER used as fallback,C1_DORMANT_UNAUDITED,NOT_REQUIRED_BY_C2_C3,NONE
LUMINA_NLTE_METACOLL_OMEGA,src/lumina_plasma.c:8289,literal getenv,unset: NULL makes the guarded named branch false; no env-requested override/action at this consumer,ON_GATE/parameter (non-NULL/nonzero or selector value requests the named branch/override),DORMANT,NONE,NONE,NONE,scripts/run_coldata_syn08.sh:48|scripts/sbatch_euv461.sh:97|scripts/sbatch_fbcb.sh:97|scripts/sbatch_fbckt.sh:97|scripts/sbatch_kpr10.sh:117|scripts/sbatch_kpr10b.sh:117|scripts/sbatch_milne.sh:97|scripts/sbatch_milnec2.sh:97|scripts/sbatch_milnec2ne64.sh:89|scripts/sbatch_tepop1.sh:97,UNAUDITED,NONE,UNTESTED,MEDIUM,parameter/mask can alter arithmetic over multiple selected records or shells; no direct layout reconstruction identified,NO_EVIDENCE (no #if 0; repository dead_code_audit found no unreferenced non-static consumer function),required RESOLVED_CONFIG evidence unavailable (0 files); stdout RUN FOOTER used as fallback,C1_DORMANT_UNAUDITED,NOT_REQUIRED_BY_C2_C3,NONE
LUMINA_NLTE_METASTABLE_COLL,src/lumina_element_wide.c:43|src/lumina_element_wide.c:1060|src/lumina_plasma.c:8253,literal + dynamic helper,unset: NULL makes the guarded named branch false; no env-requested override/action at this consumer,ON_GATE/parameter (non-NULL/nonzero or selector value requests the named branch/override),DORMANT,NONE,NONE,NONE,scripts/run_coldata_syn08.sh:46|scripts/sbatch_aud1.sh:114|scripts/sbatch_aud2.sh:102|scripts/sbatch_aud3.sh:102|scripts/sbatch_euv461.sh:95|scripts/sbatch_fbcb.sh:95|scripts/sbatch_fbckt.sh:95|scripts/sbatch_jbl2.sh:117|scripts/sbatch_kpr10.sh:115|scripts/sbatch_kpr10b.sh:115|scripts/sbatch_kpr9.sh:117|scripts/sbatch_milne.sh:95|scripts/sbatch_milnec2.sh:95|scripts/sbatch_milnec2ne64.sh:87|scripts/sbatch_tepop1.sh:95,COVERED,docs/ARTIS_PARITY_GAP_AUDIT.md,UNTESTED,MEDIUM,parameter/mask can alter arithmetic over multiple selected records or shells; no direct layout reconstruction identified,NO_EVIDENCE (no #if 0; repository dead_code_audit found no unreferenced non-static consumer function),required RESOLVED_CONFIG evidence unavailable (0 files); stdout RUN FOOTER used as fallback,NONE,NOT_REQUIRED_BY_C2_C3,NONE
LUMINA_NLTE_NO_ML_LOCK,src/lumina_plasma.c:1748,literal getenv,unset: NULL makes the guarded named branch false; no env-requested override/action at this consumer,ON_GATE/parameter (non-NULL/nonzero or selector value requests the named branch/override),DORMANT,NONE,NONE,NONE,scripts/slurm_no_ml_lock_smoke.sh:41,COVERED,docs/V3_FUNCTION_AUDIT_VERIFICATION_2026-07-31.md;docs/ARTIS_FUNCTION_PARITY_AUDIT_2026-07-31.md;docs/ARTIS_CMFGEN_PARITY_DIAGNOSIS_2026-07-30.md,UNTESTED,MEDIUM,parameter/mask can alter arithmetic over multiple selected records or shells; no direct layout reconstruction identified,NO_EVIDENCE (no #if 0; repository dead_code_audit found no unreferenced non-static consumer function),required RESOLVED_CONFIG evidence unavailable (0 files); stdout RUN FOOTER used as fallback,NONE,NOT_REQUIRED_BY_C2_C3,NONE
LUMINA_NLTE_NSTAR_DUMP,src/lumina_plasma.c:16335,literal getenv,unset: diagnostic/self-test branch not requested (no getenv value),ON_GATE(diagnostic),DORMANT,NONE,NONE,NONE,NONE,UNAUDITED,NONE,UNTESTED,LOW,diagnostic/output/self-test control; may alter I/O or early exit but no production array/layout mutation identified at consumer,NO_EVIDENCE (no #if 0; repository dead_code_audit found no unreferenced non-static consumer function),required RESOLVED_CONFIG evidence unavailable (0 files); stdout RUN FOOTER used as fallback,C1_DORMANT_UNAUDITED,NOT_REQUIRED_BY_C2_C3,NONE
LUMINA_NLTE_NSTAR_PATH,src/lumina_plasma.c:16361,literal getenv,unset: getenv returns NULL and this env override is not applied; compiled initializer/parent mode remains,ON_GATE/parameter (exact polarity unresolved),DORMANT,NONE,NONE,NONE,NONE,UNAUDITED,NONE,UNTESTED,MEDIUM,parameter/mask can alter arithmetic over multiple selected records or shells; no direct layout reconstruction identified,NO_EVIDENCE (no #if 0; repository dead_code_audit found no unreferenced non-static consumer function),exact unset initializer/polarity requires function-level semantic audit | required RESOLVED_CONFIG evidence unavailable (0 files); stdout RUN FOOTER used as fallback,C1_DORMANT_UNAUDITED,NOT_REQUIRED_BY_C2_C3,NONE
LUMINA_NLTE_OPACITY_IONSTAGE,src/lumina_plasma.c:2650,literal getenv,unset: getenv returns NULL and this env override is not applied; compiled initializer/parent mode remains,ON_GATE/parameter (exact polarity unresolved),DORMANT,NONE,NONE,NONE,scripts/slurm_ionstage_ab.sh:185|scripts/slurm_ionstage_ab.sh:197|scripts/slurm_phase2b_nlte_opacity_ionstage_ab.sh:223,COVERED,docs/OPUS5_WAVE3_CODE_AUDIT.md;docs/V3_FUNCTION_AUDIT_VERIFICATION_2026-07-31.md;docs/ARTIS_FUNCTION_PARITY_AUDIT_2026-07-31.md,UNTESTED,MEDIUM,parameter/mask can alter arithmetic over multiple selected records or shells; no direct layout reconstruction identified,NO_EVIDENCE (no #if 0; repository dead_code_audit found no unreferenced non-static consumer function),exact unset initializer/polarity requires function-level semantic audit | required RESOLVED_CONFIG evidence unavailable (0 files); stdout RUN FOOTER used as fallback,NONE,NOT_REQUIRED_BY_C2_C3,NONE
LUMINA_NLTE_PER_ION_RESCALE,src/lumina_element_wide.c:43|src/lumina_element_wide.c:1060|src/lumina_plasma.c:6139|src/lumina_plasma.c:8105,literal + dynamic helper,unset: NULL makes the guarded named branch false; no env-requested override/action at this consumer,ON_GATE/parameter (non-NULL/nonzero or selector value requests the named branch/override),ACTIVE_OBSERVED,1,/gpfs/kjhan/lumina_runner2/logs/coevolve_consume_parity51/stdout.log:106|/gpfs/kjhan/lumina_runner2/logs/coevolve_consume_parity51/stdout.log:37955|/gpfs/kjhan/lumina_runner2/logs/coevolve_consume_parity56/stdout.log:106|/gpfs/kjhan/lumina_runner2/logs/coevolve_consume_parity56/stdout.log:38184|/gpfs/kjhan/lumina_runner2/logs/coevolve_consume_parity57/stdout.log:106|/gpfs/kjhan/lumina_runner2/logs/coevolve_consume_parity57/stdout.log:38951|/gpfs/kjhan/lumina_runner2/logs/coevolve_consume_parity58/stdout.log:107|/gpfs/kjhan/lumina_runner2/logs/coevolve_consume_parity58/stdout.log:38185|/gpfs/kjhan/lumina_runner2/logs/coevolve_consume_parity59/stdout.log:107|/gpfs/kjhan/lumina_runner2/logs/coevolve_consume_parity59/stdout.log:38184|/gpfs/kjhan/lumina_runner2/logs/coevolve_consume_parity60/stdout.log:109|/gpfs/kjhan/lumina_runner2/logs/coevolve_consume_parity60/stdout.log:39003,"coevolve_consume_parity60 (/gpfs/kjhan/lumina_runner2/logs/coevolve_consume_parity60/stdout.log:39003, value=1)",scripts/run_ada_lstar_diag.sh:39|scripts/run_baldiag.sh:25|scripts/run_bfdark.sh:31|scripts/run_boostdr.sh:28|scripts/run_capraise.sh:25|scripts/run_cnclean.sh:25|scripts/run_cndamp.sh:25|scripts/run_coevolve_s01.sh:38|scripts/run_conv16.sh:25|scripts/run_cpl1.sh:25|scripts/run_cpl20.sh:25|scripts/run_dronly.sh:25|scripts/run_etla.sh:25|scripts/run_fix10.sh:28|scripts/run_fix11.sh:28|scripts/run_fix12.sh:28|scripts/run_fix13.sh:28|scripts/run_fix14.sh:28|scripts/run_fix15.sh:28|scripts/run_fix16.sh:28|scripts/run_fix17.sh:28|scripts/run_fix18.sh:28|scripts/run_fix19.sh:28|scripts/run_fix2.sh:28|scripts/run_fix20.sh:28|scripts/run_fix21.sh:28|scripts/run_fix22.sh:28|scripts/run_fix3.sh:28|scripts/run_fix4.sh:28|scripts/run_fix5.sh:28|scripts/run_fix6.sh:28|scripts/run_fix7.sh:28|scripts/run_fix8.sh:28|scripts/run_fix9.sh:28|scripts/run_fph_diag.sh:25|scripts/run_fphbf.sh:25|scripts/run_fphdg.sh:25|scripts/run_fphval.sh:25|scripts/run_frz0.sh:25|scripts/run_hotdump.sh:28|scripts/run_hotroot.sh:25|scripts/run_ionb3.sh:27|scripts/run_ionb5x.sh:27|scripts/run_ionboost.sh:25|scripts/run_ionboost2.sh:25|scripts/run_ionchk.sh:25|scripts/run_ionnt.sh:25|scripts/run_iterdump.sh:28|scripts/run_jdump.sh:25|scripts/run_jdump_diag.sh:19|scripts/run_milne1.sh:28|scripts/run_milneP.sh:28|scripts/run_ntdr.sh:27|scripts/run_recdiag.sh:28|scripts/run_repro22.sh:28|scripts/run_rtr33.sh:25|scripts/run_rtruth.sh:25|scripts/run_s2_chk.sh:25|scripts/run_s2_dep0.sh:25|scripts/run_s2_eps.sh:25|scripts/run_s2_fph.sh:25|scripts/run_s2_fph2.sh:25|scripts/run_s2_fznt.sh:25|scripts/run_s2_nebheat.sh:25|scripts/run_s2_nolinere.sh:25|scripts/run_s2_ntxe.sh:25|scripts/run_s2_phys.sh:25|scripts/run_s40diag.sh:28|scripts/run_srcbl.sh:25|scripts/run_stage0_diag.sh:29|scripts/run_stage1_ab.sh:25|scripts/run_stage2.sh:25|scripts/run_stage3.sh:26|scripts/run_wbflr.sh:27|scripts/run_widebr.sh:25|scripts/slurm_ddc15_223_perionresc_smoke.sh:180|scripts/slurm_ddc15_a1_diffbc.sh:64|scripts/slurm_ddc15_a2_jnu.sh:68|scripts/slurm_ddc15_a2_jnu_atrad.sh:68|scripts/slurm_ddc15_a2_newton.sh:66|scripts/slurm_ddc15_a2_newton_omp.sh:68|scripts/slurm_ddc15_a2_septest.sh:68|scripts/slurm_ddc15_a2_trace.sh:68|scripts/slurm_ddc15_a2_trace0.sh:68|scripts/slurm_ddc15_a3_lstar.sh:68|scripts/slurm_ddc15_frozenin.sh:70|scripts/slurm_ddc15_frozenin_ab.sh:69|scripts/slurm_ddc15_mc_macroatom.sh:77|scripts/slurm_ddc15_nefix_prof.sh:49|scripts/slurm_ddc15_pure_cmfgen_phase3.sh:91|scripts/slurm_ddc15_thenmc.sh:80|scripts/test_thenmc_bin.sh:20,COVERED,docs/V3_FUNCTION_AUDIT_VERIFICATION_2026-07-31.md;docs/B1_NLTE_ION_OWNER_DESIGN.md,UNTESTED,HIGH,source-selected model-wide mode/backend/layout/table/profile or cross-shell arithmetic; off-target impact cannot be excluded statically,NO_EVIDENCE (no #if 0; repository dead_code_audit found no unreferenced non-static consumer function),required RESOLVED_CONFIG evidence unavailable (0 files); stdout RUN FOOTER used as fallback,C3_ACTIVE_OFF_UNTESTED,P1,"required: same binary/input; UNSET vs explicit neutral/OFF vs ON(shadow); byte-compare registered state, layout/table manifests, oracle outputs, RNG/event counters; ON must not commit target state"
LUMINA_NLTE_RATES_GEMM,src/lumina_cuda.cu:1051,literal getenv,unset: enabled; explicit 0 disables GPU rate-table path,OFF_GATE,DORMANT,NONE,NONE,NONE,NONE,UNAUDITED,NONE,UNTESTED,HIGH,source-selected model-wide mode/backend/layout/table/profile or cross-shell arithmetic; off-target impact cannot be excluded statically,NO_EVIDENCE (no #if 0; repository dead_code_audit found no unreferenced non-static consumer function),required RESOLVED_CONFIG evidence unavailable (0 files); stdout RUN FOOTER used as fallback,C1_DORMANT_UNAUDITED|C2_DORMANT_HIGH,P1,"required: same binary/input; UNSET vs explicit neutral/OFF vs ON(shadow); byte-compare registered state, layout/table manifests, oracle outputs, RNG/event counters; ON must not commit target state"
LUMINA_NLTE_RATE_DUMP,src/lumina_plasma.c:16003,literal getenv,unset: diagnostic/self-test branch not requested (no getenv value),ON_GATE(diagnostic),DORMANT,NONE,NONE,NONE,scripts/slurm_cefix_smoke.sh:40|scripts/slurm_diag_sigmabf_ratebalance.sh:42|scripts/slurm_dr_floor_aggro.sh:46|scripts/slurm_dr_phase2_smoke.sh:42|scripts/slurm_logL_deep_sweep.sh:60|scripts/slurm_ml_phineb_smoke.sh:54|scripts/slurm_nlte3_diag.sh:177|scripts/slurm_nlte_ionlock_smoke.sh:45|scripts/slurm_nlte_ionlock_smoke_v2.sh:47|scripts/slurm_nlte_rate_dump.sh:45|scripts/slurm_no_ml_lock_smoke.sh:42|scripts/slurm_paper_ddc15_paperli_2002bo_metafix_ratedump.sh:215|scripts/slurm_paper_ddc15_paperli_2002bo_metafix_ratedump_sce.sh:220|scripts/slurm_paper_ddc15_paperli_2002bo_metafix_xouter.sh:229|scripts/slurm_si_dr_smoke.sh:38|scripts/slurm_structural_3d_sweep.sh:114|scripts/slurm_structural_logL_sweep.sh:63|scripts/slurm_twocomp_lock.sh:44|scripts/slurm_uv_idown_smoke.sh:56|scripts/slurm_uvcap_smoke.sh:48|scripts/slurm_zeta_probe.sh:46,COVERED,docs/TOPSTAGE_IV_CONTINUUM_NODE_DESIGN.md,UNTESTED,LOW,diagnostic/output/self-test control; may alter I/O or early exit but no production array/layout mutation identified at consumer,NO_EVIDENCE (no #if 0; repository dead_code_audit found no unreferenced non-static consumer function),required RESOLVED_CONFIG evidence unavailable (0 files); stdout RUN FOOTER used as fallback,NONE,NOT_REQUIRED_BY_C2_C3,NONE
LUMINA_NLTE_RESID_CHECK,src/lumina_cuda.cu:716,literal getenv,unset: source comment/default states 1e-3,ON_GATE(parameter),DORMANT,NONE,NONE,NONE,scripts/slurm_ddc15_pure_cmfgen_phase3.sh:116,UNAUDITED,NONE,UNTESTED,MEDIUM,parameter/mask can alter arithmetic over multiple selected records or shells; no direct layout reconstruction identified,NO_EVIDENCE (no #if 0; repository dead_code_audit found no unreferenced non-static consumer function),required RESOLVED_CONFIG evidence unavailable (0 files); stdout RUN FOOTER used as fallback,C1_DORMANT_UNAUDITED,NOT_REQUIRED_BY_C2_C3,NONE
LUMINA_NLTE_RESID_TOL,src/lumina_cuda.cu:722,literal getenv,unset: NULL makes the guarded named branch false; no env-requested override/action at this consumer,ON_GATE/parameter (non-NULL/nonzero or selector value requests the named branch/override),DORMANT,NONE,NONE,NONE,scripts/slurm_ddc15_pure_cmfgen_phase3.sh:117,UNAUDITED,NONE,UNTESTED,MEDIUM,parameter/mask can alter arithmetic over multiple selected records or shells; no direct layout reconstruction identified,NO_EVIDENCE (no #if 0; repository dead_code_audit found no unreferenced non-static consumer function),required RESOLVED_CONFIG evidence unavailable (0 files); stdout RUN FOOTER used as fallback,C1_DORMANT_UNAUDITED,NOT_REQUIRED_BY_C2_C3,NONE
LUMINA_NLTE_SKIP_DEAD,src/lumina_plasma.c:8124,literal getenv,unset: NULL makes the guarded named branch false; no env-requested override/action at this consumer,ON_GATE/parameter (non-NULL/nonzero or selector value requests the named branch/override),DORMANT,NONE,NONE,NONE,scripts/run_ada_lstar_diag.sh:48|scripts/slurm_ddc15_a2_jnu.sh:74|scripts/slurm_ddc15_a2_jnu_atrad.sh:75|scripts/slurm_ddc15_a2_newton.sh:70|scripts/slurm_ddc15_a2_newton_omp.sh:73|scripts/slurm_ddc15_a2_septest.sh:74|scripts/slurm_ddc15_a2_trace.sh:74|scripts/slurm_ddc15_a2_trace0.sh:74|scripts/slurm_ddc15_a3_lstar.sh:78|scripts/slurm_ddc15_nefix_prof.sh:58,UNAUDITED,NONE,UNTESTED,MEDIUM,parameter/mask can alter arithmetic over multiple selected records or shells; no direct layout reconstruction identified,NO_EVIDENCE (no #if 0; repository dead_code_audit found no unreferenced non-static consumer function),required RESOLVED_CONFIG evidence unavailable (0 files); stdout RUN FOOTER used as fallback,C1_DORMANT_UNAUDITED,NOT_REQUIRED_BY_C2_C3,NONE
LUMINA_NLTE_SKIP_Z,src/lumina_cuda.cu:1825|src/lumina_plasma.c:16830,literal getenv,unset: NULL makes the guarded named branch false; no env-requested override/action at this consumer,ON_GATE/parameter (non-NULL/nonzero or selector value requests the named branch/override),SEEN_NEUTRAL_ONLY,<EMPTY>,/gpfs/kjhan/lumina_runner2/logs/coevolve_consume_parity51/stdout.log:37946|/gpfs/kjhan/lumina_runner2/logs/coevolve_consume_parity51/stdout.log:97|/gpfs/kjhan/lumina_runner2/logs/coevolve_consume_parity56/stdout.log:38175|/gpfs/kjhan/lumina_runner2/logs/coevolve_consume_parity56/stdout.log:97|/gpfs/kjhan/lumina_runner2/logs/coevolve_consume_parity57/stdout.log:38942|/gpfs/kjhan/lumina_runner2/logs/coevolve_consume_parity57/stdout.log:97|/gpfs/kjhan/lumina_runner2/logs/coevolve_consume_parity58/stdout.log:38176|/gpfs/kjhan/lumina_runner2/logs/coevolve_consume_parity58/stdout.log:98|/gpfs/kjhan/lumina_runner2/logs/coevolve_consume_parity59/stdout.log:38175|/gpfs/kjhan/lumina_runner2/logs/coevolve_consume_parity59/stdout.log:98|/gpfs/kjhan/lumina_runner2/logs/coevolve_consume_parity60/stdout.log:100|/gpfs/kjhan/lumina_runner2/logs/coevolve_consume_parity60/stdout.log:38994|scripts/parity_baseline.env:24,NONE,scripts/judge_parity36.py:116|scripts/judge_parity36.py:117|scripts/judge_parity36.py:18|scripts/judge_parity36.py:20|scripts/judge_parity36.py:5|scripts/judge_parity36.py:6|scripts/launch_parity36a_base.sh:70|scripts/launch_parity36b_noskip.sh:41|scripts/launch_parity36b_noskip.sh:70|scripts/launch_parity37_taudump.sh:47|scripts/launch_parity37_taudump.sh:75|scripts/launch_parity38_nofloor.sh:55|scripts/launch_parity38_nofloor.sh:84|scripts/launch_parity39_baseline.sh:59|scripts/launch_parity40_tepin.sh:89|scripts/launch_parity41_sivcaiv.sh:100|scripts/parity_baseline.env:24|scripts/run_ada_lstar_diag.sh:28|scripts/run_baldiag.sh:19|scripts/run_bfdark.sh:25|scripts/run_boostdr.sh:19|scripts/run_capraise.sh:19|scripts/run_cnclean.sh:19|scripts/run_cndamp.sh:19|scripts/run_coevolve_s01.sh:32|scripts/run_coldata_syn08.sh:38|scripts/run_conv16.sh:19|scripts/run_cpl1.sh:19|scripts/run_cpl20.sh:19|scripts/run_dronly.sh:19|scripts/run_etla.sh:19|scripts/run_fix10.sh:22|scripts/run_fix11.sh:22|scripts/run_fix12.sh:22|scripts/run_fix13.sh:22|scripts/run_fix14.sh:22|scripts/run_fix15.sh:22|scripts/run_fix16.sh:22|scripts/run_fix17.sh:22|scripts/run_fix18.sh:22|scripts/run_fix19.sh:22|scripts/run_fix2.sh:22|scripts/run_fix20.sh:22|scripts/run_fix21.sh:22|scripts/run_fix22.sh:22|scripts/run_fix3.sh:22|scripts/run_fix4.sh:22|scripts/run_fix5.sh:22|scripts/run_fix6.sh:22|scripts/run_fix7.sh:22|scripts/run_fix8.sh:22|scripts/run_fix9.sh:22|scripts/run_fph_diag.sh:19|scripts/run_fphbf.sh:19|scripts/run_fphdg.sh:19|scripts/run_fphval.sh:19|scripts/run_frz0.sh:19|scripts/run_hotdump.sh:22|scripts/run_hotroot.sh:19|scripts/run_ionb3.sh:19|scripts/run_ionb5x.sh:19|scripts/run_ionboost.sh:19|scripts/run_ionboost2.sh:19|scripts/run_ionchk.sh:19|scripts/run_ionnt.sh:19|scripts/run_iterdump.sh:22|scripts/run_jdump.sh:19|scripts/run_jdump_diag.sh:14|scripts/run_milne1.sh:22|scripts/run_milneP.sh:22|scripts/run_ntdr.sh:19|scripts/run_recdiag.sh:22|scripts/run_repro22.sh:22|scripts/run_rtr33.sh:19|scripts/run_rtruth.sh:19|scripts/run_s2_chk.sh:19|scripts/run_s2_dep0.sh:19|scripts/run_s2_eps.sh:19|scripts/run_s2_fph.sh:19|scripts/run_s2_fph2.sh:19|scripts/run_s2_fznt.sh:19|scripts/run_s2_nebheat.sh:19|scripts/run_s2_nolinere.sh:19|scripts/run_s2_ntxe.sh:19|scripts/run_s2_phys.sh:19|scripts/run_s40diag.sh:22|scripts/run_srcbl.sh:19|scripts/run_stage0_diag.sh:23|scripts/run_stage1_ab.sh:19|scripts/run_stage2.sh:19|scripts/run_stage3.sh:19|scripts/run_wbflr.sh:19|scripts/run_widebr.sh:19|scripts/sbatch_aud1.sh:100|scripts/sbatch_aud2.sh:88|scripts/sbatch_aud3.sh:88|scripts/sbatch_bsrc.sh:96|scripts/sbatch_euv461.sh:81|scripts/sbatch_fbcb.sh:81|scripts/sbatch_fbckt.sh:81|scripts/sbatch_gph_alllevel.sh:33|scripts/sbatch_gph_bk.sh:32|scripts/sbatch_gph_dr.sh:38|scripts/sbatch_gph_jtable.sh:60|scripts/sbatch_jbl2.sh:103|scripts/sbatch_jblue_byteid.sh:22|scripts/sbatch_kpkt_bfnl.sh:32|scripts/sbatch_kpkt_bfnl2.sh:36|scripts/sbatch_kpkt_bfnl3.sh:35|scripts/sbatch_kpkt_bsig.sh:28|scripts/sbatch_kpkt_euvf.sh:23|scripts/sbatch_kpkt_evlog.sh:26|scripts/sbatch_kpkt_exit_gphsig.sh:23|scripts/sbatch_kpkt_exit_iupbeta.sh:33|scripts/sbatch_kpkt_exit_si.sh:28|scripts/sbatch_kpkt_exit_si_hs.sh:21|scripts/sbatch_kpkt_exit_sioc.sh:21|scripts/sbatch_kpkt_exit_tepin.sh:26|scripts/sbatch_kpkt_fbmulti.sh:31|scripts/sbatch_kpkt_jblue.sh:31|scripts/sbatch_kpr.sh:119|scripts/sbatch_kpr10.sh:101|scripts/sbatch_kpr10b.sh:101|scripts/sbatch_kpr2.sh:102|scripts/sbatch_kpr3.sh:100|scripts/sbatch_kpr4.sh:123|scripts/sbatch_kpr5.sh:131|scripts/sbatch_kpr5jt.sh:131|scripts/sbatch_kpr6.sh:100|scripts/sbatch_kpr7.sh:110|scripts/sbatch_kpr8.sh:125|scripts/sbatch_kpr9.sh:103|scripts/sbatch_kpr_nob3.sh:119|scripts/sbatch_ltherm.sh:106|scripts/sbatch_mabf.sh:57|scripts/sbatch_milne.sh:81|scripts/sbatch_milnec2.sh:81|scripts/sbatch_milnec2ne64.sh:73|scripts/sbatch_stage4.sh:103|scripts/sbatch_te_jtable.sh:62|scripts/sbatch_te_table.sh:70|scripts/sbatch_tepop1.sh:81|scripts/sbatch_tincol.sh:85|scripts/sbatch_tincol_tetab.sh:81|scripts/slurm_aulbranch_validate.sh:199|scripts/slurm_binnedj_estimator_ab.sh:207|scripts/slurm_cmf_fine_validate.sh:44|scripts/slurm_ddc15_A1_eps_fine.sh:178|scripts/slurm_ddc15_A1b_eps_dense.sh:178|scripts/slurm_ddc15_A1c_eps_top.sh:176|scripts/slurm_ddc15_A1d_e1p00_mcvar.sh:179|scripts/slurm_ddc15_A1e_e0p70_mcvar.sh:180|scripts/slurm_ddc15_A2_s2W.sh:193|scripts/slurm_ddc15_A4.sh:177|scripts/slurm_ddc15_A5.sh:180|scripts/slurm_ddc15_C1_xTi.sh:167|scripts/slurm_ddc15_C2_xFeOuter.sh:171|scripts/slurm_ddc15_D1_Linner.sh:167|scripts/slurm_ddc15_F1_oskip.sh:166|scripts/slurm_ddc15_FI_ablation.sh:186|scripts/slurm_ddc15_FI_prod.sh:180|scripts/slurm_ddc15_G1_xFeInner.sh:178|scripts/slurm_ddc15_H1_epsUV.sh:170|scripts/slurm_ddc15_H1b_epsUV_knee.sh:167|scripts/slurm_ddc15_H1p_production.sh:171|scripts/slurm_ddc15_H2_epsUVred.sh:168|scripts/slurm_ddc15_H2p_redonly.sh:184|scripts/slurm_ddc15_H3_fate_attribution.sh:164|scripts/slurm_ddc15_I1_NiII_UVidown.sh:169|scripts/slurm_ddc15_J1_SiII_UVidown.sh:171|scripts/slurm_ddc15_K1_NiII_Aul.sh:172|scripts/slurm_ddc15_K1b_NiII_Aul_strong.sh:171|scripts/slurm_ddc15_KL1_stack.sh:180|scripts/slurm_ddc15_L1_SiII_Aul.sh:173|scripts/slurm_ddc15_M1_FeII_Aul.sh:172|scripts/slurm_ddc15_N1_KLM_stack.sh:181|scripts/slurm_ddc15_O1_CoCr_stack.sh:184|scripts/slurm_ddc15_P1_FeCo_push.sh:179|scripts/slurm_ddc15_P2_FeCo_stack.sh:178|scripts/slurm_ddc15_Q1_eps_uv_on_stack.sh:181|scripts/slurm_ddc15_Q1b_lambdamin_iron3_red.sh:182|scripts/slurm_ddc15_Q1c_lambdamin_wide.sh:177|scripts/slurm_ddc15_R1_eps_uv_2step.sh:185|scripts/slurm_ddc15_R2_aszeta.sh:186|scripts/slurm_ddc15_S1_siII_opt_aul.sh:187|scripts/slurm_ddc15_S2_siII_opt_finer.sh:183|scripts/slurm_ddc15_T1_s1_h2_stack.sh:188|scripts/slurm_ddc15_U1_feII_opt_aul.sh:188|scripts/slurm_ddc15_U1_ni2_opt.sh:188|scripts/slurm_ddc15_V1_c2_h1b_prod.sh:177|scripts/slurm_ddc15_W1_ca2_boost.sh:184|scripts/slurm_ddc15_X1_u1f005_ca2.sh:179|scripts/slurm_ddc15_a1_diffbc.sh:51|scripts/slurm_ddc15_a2_jnu.sh:55|scripts/slurm_ddc15_a2_jnu_atrad.sh:55|scripts/slurm_ddc15_a2_newton.sh:53|scripts/slurm_ddc15_a2_newton_omp.sh:55|scripts/slurm_ddc15_a2_septest.sh:55|scripts/slurm_ddc15_a2_trace.sh:55|scripts/slurm_ddc15_a2_trace0.sh:55|scripts/slurm_ddc15_a3_lstar.sh:54|scripts/slurm_ddc15_frozenin.sh:57|scripts/slurm_ddc15_frozenin_ab.sh:65|scripts/slurm_ddc15_initial.sh:85|scripts/slurm_ddc15_mc_macroatom.sh:65|scripts/slurm_ddc15_nefix_prof.sh:38|scripts/slurm_ddc15_pure_cmfgen.sh:59|scripts/slurm_ddc15_pure_cmfgen_phase3.sh:69|scripts/slurm_ddc15_radeq_ab.sh:62|scripts/slurm_ddc15_radeq_adiab.sh:64|scripts/slurm_ddc15_radeq_blanket.sh:64|scripts/slurm_ddc15_radeq_blanketdamp.sh:64|scripts/slurm_ddc15_radeq_coolfix.sh:55|scripts/slurm_ddc15_radeq_escape.sh:58|scripts/slurm_ddc15_radeq_escape_alllines.sh:58|scripts/slurm_ddc15_radeq_hybridB2.sh:63|scripts/slurm_ddc15_radeq_integralB.sh:68|scripts/slurm_ddc15_radeq_nebular.sh:64|scripts/slurm_ddc15_radeq_noswitch.sh:62|scripts/slurm_ddc15_thenmc.sh:68|scripts/slurm_ddc15real.sh:63|scripts/slurm_downbranch_binnedj_ab.sh:208|scripts/slurm_einsteinFix_2002bo_macroatom.sh:208|scripts/slurm_einsteinFix_2002bo_macroatom_smoke.sh:208|scripts/slurm_einsteinFix_2002bo_nltedump.sh:206|scripts/slurm_einsteinFix_2002bo_ofix_prod.sh:204|scripts/slurm_einsteinFix_2002bo_taubyion.sh:204|scripts/slurm_einsteinFix_2002bo_tpin12630.sh:203|scripts/slurm_fcoll_sweep.sh:42|scripts/slurm_fixtrad_fluorescence.sh:213|scripts/slurm_ionstage_ab.sh:190|scripts/slurm_jcap_test.sh:207|scripts/slurm_ma_internal_cap.sh:208|scripts/slurm_macroatom_binnedj_ab.sh:218|scripts/slurm_nlte3_diag.sh:175|scripts/slurm_nlte3fix_femerge.sh:191|scripts/slurm_nlte3fix_femerge_bare.sh:184|scripts/slurm_nlte3fix_femerge_combo.sh:180|scripts/slurm_nlte3fix_femerge_drop.sh:198|scripts/slurm_nlte3fix_femerge_optscan.sh:178|scripts/slurm_nlte3fix_femerge_probez.sh:185|scripts/slurm_nlte3fix_femerge_struct.sh:186|scripts/slurm_nlte3fix_femerge_sweep134.sh:180|scripts/slurm_nlte3fix_femerge_sweep34.sh:184|scripts/slurm_nlte3fix_optA.sh:183|scripts/slurm_nlte3fix_optAp.sh:186|scripts/slurm_nlte3fix_optC.sh:192|scripts/slurm_nlte3fix_optD.sh:191|scripts/slurm_nlte_o_prod.sh:179|scripts/slurm_nlte_o_recal.sh:180|scripts/slurm_nlte_o_recal_prod.sh:191|scripts/slurm_nlte_o_recal_seed.sh:184|scripts/slurm_nlte_o_seed.sh:183|scripts/slurm_nlte_o_smoke.sh:179|scripts/slurm_o_triplet_prod.sh:182|scripts/slurm_o_triplet_smoke.sh:182|scripts/slurm_paper_ddc15_bbfix_2002bo_nltedump.sh:204|scripts/slurm_paper_ddc15_paperli_2002bo.sh:210|scripts/slurm_paper_ddc15_paperli_2002bo_einsteinFix.sh:220|scripts/slurm_paper_ddc15_paperli_2002bo_metafix.sh:210|scripts/slurm_paper_ddc15_paperli_2002bo_metafix_ratedump.sh:212|scripts/slurm_paper_ddc15_paperli_2002bo_metafix_ratedump_sce.sh:217|scripts/slurm_paper_ddc15_paperli_2002bo_metafix_xouter.sh:226|scripts/slurm_paper_ddc15_v2_sn2002bo.sh:228|scripts/slurm_paper_ddc15_v3_sn2002bo.sh:243|scripts/slurm_paper_ddc15_v3asE_floorW_sn2002bo.sh:243|scripts/slurm_paper_ddc15_v3asE_floor_sn2002bo.sh:243|scripts/slurm_paper_ddc15_v3asE_sn2002bo.sh:243|scripts/slurm_paper_ddc15_v3asE_tpin_sn2002bo.sh:243|scripts/slurm_paper_ddc15_v3asEfloor_abund_sweep_2002bo.sh:265|scripts/slurm_paper_ddc15_v3asEfloor_aul_sweep_2002bo.sh:269|scripts/slurm_paper_ddc15_v3asEfloor_bbfix_2002bo.sh:243|scripts/slurm_paper_ddc15_v3asEfloor_epsir_sn2002bo.sh:244|scripts/slurm_paper_ddc15_v3asEfloor_gamma_sweep_2002bo.sh:265|scripts/slurm_paper_ddc15_v3asEfloor_iter24_2002bo.sh:245|scripts/slurm_paper_ddc15_v3asEfloor_skipMgO_sweep_2002bo.sh:251|scripts/slurm_paper_ddc15_v3asEfloor_skipZ_sweep_2002bo.sh:253|scripts/slurm_phase0_ebudget.sh:188|scripts/slurm_phase2a_innerbc_ab.sh:200|scripts/slurm_phase2b_nlte_opacity_ionstage_ab.sh:215|scripts/slurm_phase2c_fluorescence_ab.sh:208|scripts/slurm_plain_ddc15_sn2002bo.sh:189|scripts/slurm_prod_dr7ion_ce17_ionlock.sh:46|scripts/slurm_radeq_ab.sh:204|scripts/slurm_radeq_diag.sh:217|scripts/slurm_rho11fe_A1_vin.sh:163|scripts/slurm_rho11fe_A2_finevin.sh:161|scripts/slurm_rho11fe_A3_narrowSi.sh:176|scripts/slurm_rho11fe_compA.sh:137|scripts/slurm_skipsi_physical_champion.sh:115|scripts/slurm_skipsi_vin_fine.sh:115|scripts/slurm_smoke_dlock_v1.sh:44|scripts/slurm_smoke_dlock_v2.sh:43|scripts/slurm_smoke_dlock_v3.sh:46|scripts/slurm_superlev_ab.sh:204|scripts/slurm_superlev_identity_smoke.sh:208|scripts/slurm_taubyion_window.sh:163|scripts/slurm_v1_epoch_bracket.sh:194|scripts/slurm_v2_hst_epoch_bracket.sh:176|scripts/slurm_v32_4epoch.sh:181|scripts/slurm_v3_4epoch_w5frozen.sh:182|scripts/slurm_v3_de_l_sweep.sh:169|scripts/slurm_v3_epsir_sweep.sh:168|scripts/slurm_v3_vinner_sweep.sh:168|scripts/slurm_v4_ablation.sh:201|scripts/slurm_v4_inversion.sh:174|scripts/slurm_v4_probe.sh:170|scripts/slurm_v4_smoke.sh:180|scripts/slurm_viLzeta_grid.sh:196|scripts/slurm_w1_p37_retune.sh:180|scripts/slurm_w2_logL_red5_diag.sh:183|scripts/slurm_w3_nir_damp.sh:185|scripts/slurm_w4_ni2_nir_push.sh:180|scripts/slurm_w5_stack_closer.sh:180|scripts/slurm_zeta_clean_mcvar.sh:198|scripts/slurm_zeta_clean_smoke.sh:195|scripts/test_thenmc_bin.sh:15,COVERED,docs/STAGE4_ROUND2_DESIGN.md,UNTESTED,HIGH,source-selected model-wide mode/backend/layout/table/profile or cross-shell arithmetic; off-target impact cannot be excluded statically,NO_EVIDENCE (no #if 0; repository dead_code_audit found no unreferenced non-static consumer function),required RESOLVED_CONFIG evidence unavailable (0 files); stdout RUN FOOTER used as fallback,NONE,NOT_REQUIRED_BY_C2_C3,NONE
LUMINA_NLTE_STAGE4,src/lumina_element_wide.c:43|src/lumina_element_wide.c:108|src/lumina_element_wide.c:1060|src/lumina_plasma.c:8140,literal + dynamic helper,unset: NULL makes the guarded named branch false; no env-requested override/action at this consumer,ON_GATE/parameter (non-NULL/nonzero or selector value requests the named branch/override),DORMANT,NONE,NONE,NONE,scripts/run_coldata_syn08.sh:51|scripts/sbatch_aud1.sh:118|scripts/sbatch_aud2.sh:106|scripts/sbatch_aud3.sh:106|scripts/sbatch_euv461.sh:100|scripts/sbatch_fbcb.sh:100|scripts/sbatch_fbckt.sh:100|scripts/sbatch_jbl2.sh:121|scripts/sbatch_kpr.sh:130|scripts/sbatch_kpr10.sh:120|scripts/sbatch_kpr10b.sh:120|scripts/sbatch_kpr2.sh:113|scripts/sbatch_kpr3.sh:111|scripts/sbatch_kpr4.sh:134|scripts/sbatch_kpr5.sh:144|scripts/sbatch_kpr5jt.sh:144|scripts/sbatch_kpr6.sh:111|scripts/sbatch_kpr7.sh:121|scripts/sbatch_kpr8.sh:136|scripts/sbatch_kpr9.sh:121|scripts/sbatch_kpr_nob3.sh:130|scripts/sbatch_milne.sh:100|scripts/sbatch_milnec2.sh:100|scripts/sbatch_milnec2ne64.sh:92|scripts/sbatch_parity_smoke.sh:29|scripts/sbatch_stage4.sh:111|scripts/sbatch_tepop1.sh:100,COVERED,docs/CODEX_WAVE3_C_REVIEW.md;docs/STAGE4_ROUND2_DESIGN.md,UNTESTED,HIGH,source-selected model-wide mode/backend/layout/table/profile or cross-shell arithmetic; off-target impact cannot be excluded statically,NO_EVIDENCE (no #if 0; repository dead_code_audit found no unreferenced non-static consumer function),required RESOLVED_CONFIG evidence unavailable (0 files); stdout RUN FOOTER used as fallback,C2_DORMANT_HIGH,P0,"required: same binary/input; UNSET vs explicit neutral/OFF vs ON(shadow); byte-compare registered state, layout/table manifests, oracle outputs, RNG/event counters; ON must not commit target state"
LUMINA_NLTE_START_ITER,src/lumina_cuda.cu:6614|src/lumina_cuda.cu:6615|src/lumina_main.c:173|src/lumina_main.c:174,literal getenv,unset: 0 (all iterations),ON_GATE(parameter),ACTIVE_OBSERVED,2,/gpfs/kjhan/lumina_runner2/logs/coevolve_consume_parity51/stdout.log:37921|/gpfs/kjhan/lumina_runner2/logs/coevolve_consume_parity51/stdout.log:72|/gpfs/kjhan/lumina_runner2/logs/coevolve_consume_parity56/stdout.log:38150|/gpfs/kjhan/lumina_runner2/logs/coevolve_consume_parity56/stdout.log:72|/gpfs/kjhan/lumina_runner2/logs/coevolve_consume_parity57/stdout.log:38917|/gpfs/kjhan/lumina_runner2/logs/coevolve_consume_parity57/stdout.log:72|/gpfs/kjhan/lumina_runner2/logs/coevolve_consume_parity58/stdout.log:38151|/gpfs/kjhan/lumina_runner2/logs/coevolve_consume_parity58/stdout.log:73|/gpfs/kjhan/lumina_runner2/logs/coevolve_consume_parity59/stdout.log:38150|/gpfs/kjhan/lumina_runner2/logs/coevolve_consume_parity59/stdout.log:73|/gpfs/kjhan/lumina_runner2/logs/coevolve_consume_parity60/stdout.log:38968|/gpfs/kjhan/lumina_runner2/logs/coevolve_consume_parity60/stdout.log:74,"coevolve_consume_parity60 (/gpfs/kjhan/lumina_runner2/logs/coevolve_consume_parity60/stdout.log:74, value=2)",scripts/grid_emit_joint_stage1.sh:33|scripts/run_ada_lstar_diag.sh:29|scripts/run_baldiag.sh:19|scripts/run_bfdark.sh:25|scripts/run_boostdr.sh:19|scripts/run_capraise.sh:19|scripts/run_cnclean.sh:19|scripts/run_cndamp.sh:19|scripts/run_coevolve_s01.sh:32|scripts/run_conv16.sh:19|scripts/run_cpl1.sh:19|scripts/run_cpl20.sh:19|scripts/run_dronly.sh:19|scripts/run_etla.sh:19|scripts/run_fix10.sh:22|scripts/run_fix11.sh:22|scripts/run_fix12.sh:22|scripts/run_fix13.sh:22|scripts/run_fix14.sh:22|scripts/run_fix15.sh:22|scripts/run_fix16.sh:22|scripts/run_fix17.sh:22|scripts/run_fix18.sh:22|scripts/run_fix19.sh:22|scripts/run_fix2.sh:22|scripts/run_fix20.sh:22|scripts/run_fix21.sh:22|scripts/run_fix22.sh:22|scripts/run_fix3.sh:22|scripts/run_fix4.sh:22|scripts/run_fix5.sh:22|scripts/run_fix6.sh:22|scripts/run_fix7.sh:22|scripts/run_fix8.sh:22|scripts/run_fix9.sh:22|scripts/run_fph_diag.sh:19|scripts/run_fphbf.sh:19|scripts/run_fphdg.sh:19|scripts/run_fphval.sh:19|scripts/run_frz0.sh:19|scripts/run_hotdump.sh:22|scripts/run_hotroot.sh:19|scripts/run_ionb3.sh:19|scripts/run_ionb5x.sh:19|scripts/run_ionboost.sh:19|scripts/run_ionboost2.sh:19|scripts/run_ionchk.sh:19|scripts/run_ionnt.sh:19|scripts/run_iterdump.sh:22|scripts/run_jdump.sh:19|scripts/run_jdump_diag.sh:14|scripts/run_milne1.sh:22|scripts/run_milneP.sh:22|scripts/run_ntdr.sh:19|scripts/run_recdiag.sh:22|scripts/run_repro22.sh:22|scripts/run_rtr33.sh:19|scripts/run_rtruth.sh:19|scripts/run_s2_chk.sh:19|scripts/run_s2_dep0.sh:19|scripts/run_s2_eps.sh:19|scripts/run_s2_fph.sh:19|scripts/run_s2_fph2.sh:19|scripts/run_s2_fznt.sh:19|scripts/run_s2_nebheat.sh:19|scripts/run_s2_nolinere.sh:19|scripts/run_s2_ntxe.sh:19|scripts/run_s2_phys.sh:19|scripts/run_s40diag.sh:22|scripts/run_srcbl.sh:19|scripts/run_stage0_diag.sh:23|scripts/run_stage1_ab.sh:19|scripts/run_stage2.sh:19|scripts/run_stage3.sh:19|scripts/run_wbflr.sh:19|scripts/run_widebr.sh:19|scripts/slurm_aulbranch_validate.sh:200|scripts/slurm_binnedj_estimator_ab.sh:208|scripts/slurm_cefix_smoke.sh:39|scripts/slurm_cmf_fine_validate.sh:45|scripts/slurm_ddc15_223_ionlock_smoke.sh:183|scripts/slurm_ddc15_223_perionresc_smoke.sh:178|scripts/slurm_ddc15_A1_eps_fine.sh:177|scripts/slurm_ddc15_A1b_eps_dense.sh:177|scripts/slurm_ddc15_A1c_eps_top.sh:175|scripts/slurm_ddc15_A1d_e1p00_mcvar.sh:178|scripts/slurm_ddc15_A1e_e0p70_mcvar.sh:179|scripts/slurm_ddc15_A2_s2W.sh:192|scripts/slurm_ddc15_A4.sh:176|scripts/slurm_ddc15_A5.sh:179|scripts/slurm_ddc15_C1_xTi.sh:166|scripts/slurm_ddc15_C2_xFeOuter.sh:170|scripts/slurm_ddc15_D1_Linner.sh:166|scripts/slurm_ddc15_F1_oskip.sh:165|scripts/slurm_ddc15_FI_ablation.sh:185|scripts/slurm_ddc15_FI_prod.sh:179|scripts/slurm_ddc15_G1_xFeInner.sh:177|scripts/slurm_ddc15_H1_epsUV.sh:169|scripts/slurm_ddc15_H1b_epsUV_knee.sh:166|scripts/slurm_ddc15_H1p_production.sh:170|scripts/slurm_ddc15_H2_epsUVred.sh:167|scripts/slurm_ddc15_H2p_redonly.sh:183|scripts/slurm_ddc15_H3_fate_attribution.sh:163|scripts/slurm_ddc15_I1_NiII_UVidown.sh:168|scripts/slurm_ddc15_J1_SiII_UVidown.sh:170|scripts/slurm_ddc15_K1_NiII_Aul.sh:171|scripts/slurm_ddc15_K1b_NiII_Aul_strong.sh:170|scripts/slurm_ddc15_KL1_stack.sh:179|scripts/slurm_ddc15_L1_SiII_Aul.sh:172|scripts/slurm_ddc15_M1_FeII_Aul.sh:171|scripts/slurm_ddc15_N1_KLM_stack.sh:180|scripts/slurm_ddc15_O1_CoCr_stack.sh:183|scripts/slurm_ddc15_P1_FeCo_push.sh:178|scripts/slurm_ddc15_P2_FeCo_stack.sh:177|scripts/slurm_ddc15_Q1_eps_uv_on_stack.sh:180|scripts/slurm_ddc15_Q1b_lambdamin_iron3_red.sh:181|scripts/slurm_ddc15_Q1c_lambdamin_wide.sh:176|scripts/slurm_ddc15_R1_eps_uv_2step.sh:184|scripts/slurm_ddc15_R2_aszeta.sh:185|scripts/slurm_ddc15_S1_siII_opt_aul.sh:186|scripts/slurm_ddc15_S2_siII_opt_finer.sh:182|scripts/slurm_ddc15_T1_s1_h2_stack.sh:187|scripts/slurm_ddc15_U1_feII_opt_aul.sh:187|scripts/slurm_ddc15_U1_ni2_opt.sh:187|scripts/slurm_ddc15_V1_c2_h1b_prod.sh:176|scripts/slurm_ddc15_W1_ca2_boost.sh:183|scripts/slurm_ddc15_X1_u1f005_ca2.sh:178|scripts/slurm_ddc15_a1_diffbc.sh:52|scripts/slurm_ddc15_a2_jnu.sh:56|scripts/slurm_ddc15_a2_jnu_atrad.sh:56|scripts/slurm_ddc15_a2_newton.sh:54|scripts/slurm_ddc15_a2_newton_omp.sh:56|scripts/slurm_ddc15_a2_septest.sh:56|scripts/slurm_ddc15_a2_trace.sh:56|scripts/slurm_ddc15_a2_trace0.sh:56|scripts/slurm_ddc15_a3_lstar.sh:55|scripts/slurm_ddc15_frozenin.sh:58|scripts/slurm_ddc15_frozenin_ab.sh:66|scripts/slurm_ddc15_initial.sh:86|scripts/slurm_ddc15_mc_macroatom.sh:66|scripts/slurm_ddc15_nefix_prof.sh:39|scripts/slurm_ddc15_pure_cmfgen.sh:60|scripts/slurm_ddc15_pure_cmfgen_phase3.sh:70|scripts/slurm_ddc15_radeq_ab.sh:63|scripts/slurm_ddc15_radeq_adiab.sh:65|scripts/slurm_ddc15_radeq_blanket.sh:65|scripts/slurm_ddc15_radeq_blanketdamp.sh:65|scripts/slurm_ddc15_radeq_coolfix.sh:56|scripts/slurm_ddc15_radeq_escape.sh:59|scripts/slurm_ddc15_radeq_escape_alllines.sh:59|scripts/slurm_ddc15_radeq_hybridB2.sh:64|scripts/slurm_ddc15_radeq_integralB.sh:69|scripts/slurm_ddc15_radeq_nebular.sh:65|scripts/slurm_ddc15_radeq_noswitch.sh:63|scripts/slurm_ddc15_thenmc.sh:69|scripts/slurm_ddc15real.sh:64|scripts/slurm_diag_sigmabf_ratebalance.sh:41|scripts/slurm_downbranch_binnedj_ab.sh:209|scripts/slurm_dr_boost_sweep.sh:41|scripts/slurm_dr_floor_aggro.sh:45|scripts/slurm_dr_floor_sweep.sh:48|scripts/slurm_dr_phase2_smoke.sh:41|scripts/slurm_einsteinFix_2002bo_macroatom.sh:209|scripts/slurm_einsteinFix_2002bo_macroatom_smoke.sh:209|scripts/slurm_einsteinFix_2002bo_nltedump.sh:207|scripts/slurm_einsteinFix_2002bo_ofix_prod.sh:205|scripts/slurm_einsteinFix_2002bo_taubyion.sh:205|scripts/slurm_einsteinFix_2002bo_tpin12630.sh:204|scripts/slurm_fcoll_sweep.sh:41|scripts/slurm_fixtrad_fluorescence.sh:214|scripts/slurm_g2_prescription.sh:47|scripts/slurm_gate_b5_ce_expand.sh:37|scripts/slurm_gate_b_dr_3ion.sh:36|scripts/slurm_gate_b_dr_7ion.sh:38|scripts/slurm_gate_b_dr_co3.sh:36|scripts/slurm_gate_b_dr_sc3as.sh:36|scripts/slurm_hybrid_outerFe10x_v11500.sh:52|scripts/slurm_hybrid_outerFe5x_v11500.sh:50|scripts/slurm_hybrid_outerFe5x_v11500_iter20.sh:49|scripts/slurm_ionlock_lte_levels.sh:38|scripts/slurm_ionstage_ab.sh:191|scripts/slurm_jcap_test.sh:208|scripts/slurm_logL_deep_sweep.sh:59|scripts/slurm_lumina_a100.sh:38|scripts/slurm_lumina_a40.sh:38|scripts/slurm_lumina_h100.sh:39|scripts/slurm_lumina_multi.sh:49|scripts/slurm_ma_internal_cap.sh:209|scripts/slurm_macroatom_binnedj_ab.sh:219|scripts/slurm_mafate_bump_diag.sh:43|scripts/slurm_ml_phineb_smoke.sh:53|scripts/slurm_nlte3_diag.sh:176|scripts/slurm_nlte3fix_femerge.sh:192|scripts/slurm_nlte3fix_femerge_bare.sh:185|scripts/slurm_nlte3fix_femerge_combo.sh:181|scripts/slurm_nlte3fix_femerge_drop.sh:199|scripts/slurm_nlte3fix_femerge_optscan.sh:179|scripts/slurm_nlte3fix_femerge_probez.sh:186|scripts/slurm_nlte3fix_femerge_struct.sh:187|scripts/slurm_nlte3fix_femerge_sweep134.sh:181|scripts/slurm_nlte3fix_femerge_sweep34.sh:185|scripts/slurm_nlte3fix_optA.sh:184|scripts/slurm_nlte3fix_optAp.sh:187|scripts/slurm_nlte3fix_optC.sh:195|scripts/slurm_nlte3fix_optD.sh:194|scripts/slurm_nlte_consv_test.sh:43|scripts/slurm_nlte_ionlock_smoke.sh:43|scripts/slurm_nlte_ionlock_smoke_v2.sh:45|scripts/slurm_nlte_o_prod.sh:180|scripts/slurm_nlte_o_recal.sh:181|scripts/slurm_nlte_o_recal_prod.sh:192|scripts/slurm_nlte_o_recal_seed.sh:185|scripts/slurm_nlte_o_seed.sh:184|scripts/slurm_nlte_o_smoke.sh:180|scripts/slurm_nlte_rate_dump.sh:43|scripts/slurm_no_ml_lock_smoke.sh:40|scripts/slurm_o_triplet_prod.sh:183|scripts/slurm_o_triplet_smoke.sh:183|scripts/slurm_outerFe10x_1M_variance.sh:45|scripts/slurm_outerFe10x_W1lo_scan.sh:48|scripts/slurm_outerFe10x_W1scan.sh:51|scripts/slurm_outerFe10x_W3scan.sh:50|scripts/slurm_outerFe_W1scan.sh:52|scripts/slurm_outerFe_champion_smoke.sh:125|scripts/slurm_outerFe_vin_sweep.sh:113|scripts/slurm_paper_ddc15_bbfix_2002bo_nltedump.sh:205|scripts/slurm_paper_ddc15_paperli_2002bo.sh:211|scripts/slurm_paper_ddc15_paperli_2002bo_einsteinFix.sh:221|scripts/slurm_paper_ddc15_paperli_2002bo_metafix.sh:211|scripts/slurm_paper_ddc15_paperli_2002bo_metafix_ratedump.sh:213|scripts/slurm_paper_ddc15_paperli_2002bo_metafix_ratedump_sce.sh:218|scripts/slurm_paper_ddc15_paperli_2002bo_metafix_xouter.sh:227|scripts/slurm_paper_ddc15_v2_sn2002bo.sh:229|scripts/slurm_paper_ddc15_v3_sn2002bo.sh:244|scripts/slurm_paper_ddc15_v3asE_floorW_sn2002bo.sh:244|scripts/slurm_paper_ddc15_v3asE_floor_sn2002bo.sh:244|scripts/slurm_paper_ddc15_v3asE_sn2002bo.sh:244|scripts/slurm_paper_ddc15_v3asE_tpin_sn2002bo.sh:244|scripts/slurm_paper_ddc15_v3asEfloor_abund_sweep_2002bo.sh:266|scripts/slurm_paper_ddc15_v3asEfloor_aul_sweep_2002bo.sh:270|scripts/slurm_paper_ddc15_v3asEfloor_bbfix_2002bo.sh:244|scripts/slurm_paper_ddc15_v3asEfloor_epsir_sn2002bo.sh:245|scripts/slurm_paper_ddc15_v3asEfloor_gamma_sweep_2002bo.sh:266|scripts/slurm_paper_ddc15_v3asEfloor_iter24_2002bo.sh:246|scripts/slurm_paper_ddc15_v3asEfloor_skipMgO_sweep_2002bo.sh:252|scripts/slurm_paper_ddc15_v3asEfloor_skipZ_sweep_2002bo.sh:254|scripts/slurm_phase0_ebudget.sh:189|scripts/slurm_phase2a_innerbc_ab.sh:201|scripts/slurm_phase2b_nlte_opacity_ionstage_ab.sh:216|scripts/slurm_phase2c_fluorescence_ab.sh:209|scripts/slurm_phaseA_ablation.sh:63|scripts/slurm_physical_ref_smoke.sh:60|scripts/slurm_plain_ddc15_sn2002bo.sh:190|scripts/slurm_prod_dr7ion_ce17_ionlock.sh:44|scripts/slurm_radeq_ab.sh:205|scripts/slurm_radeq_diag.sh:218|scripts/slurm_rho11fe_A1_vin.sh:162|scripts/slurm_rho11fe_A2_finevin.sh:160|scripts/slurm_rho11fe_A3_narrowSi.sh:175|scripts/slurm_rho11fe_compA.sh:134|scripts/slurm_si_dr_smoke.sh:37|scripts/slurm_skipsi_physical_champion.sh:114|scripts/slurm_skipsi_vin_fine.sh:114|scripts/slurm_smoke_dlock_v1.sh:41|scripts/slurm_smoke_dlock_v2.sh:40|scripts/slurm_smoke_dlock_v3.sh:43|scripts/slurm_stratV2D.sh:35|scripts/slurm_stratV2EF.sh:36|scripts/slurm_stratV2_scan.sh:48|scripts/slurm_structural_3d_sweep.sh:113|scripts/slurm_structural_3d_sweep_physical.sh:131|scripts/slurm_structural_logL_sweep.sh:62|scripts/slurm_superlev_ab.sh:205|scripts/slurm_superlev_identity_smoke.sh:209|scripts/slurm_taubyion_window.sh:164|scripts/slurm_twocomp_lock.sh:43|scripts/slurm_uv_idown_smoke.sh:55|scripts/slurm_uvcap_smoke.sh:47|scripts/slurm_v1_epoch_bracket.sh:195|scripts/slurm_v2_hst_epoch_bracket.sh:177|scripts/slurm_v32_4epoch.sh:182|scripts/slurm_v3_4epoch_w5frozen.sh:183|scripts/slurm_v3_de_l_sweep.sh:170|scripts/slurm_v3_epsir_sweep.sh:169|scripts/slurm_v3_vinner_sweep.sh:169|scripts/slurm_v4_ablation.sh:202|scripts/slurm_v4_inversion.sh:175|scripts/slurm_v4_probe.sh:171|scripts/slurm_v4_smoke.sh:181|scripts/slurm_viLzeta_grid.sh:197|scripts/slurm_vinner_scan.sh:53|scripts/slurm_w1_p37_retune.sh:181|scripts/slurm_w2_logL_red5_diag.sh:184|scripts/slurm_w3_nir_damp.sh:186|scripts/slurm_w4_bump_probe.sh:47|scripts/slurm_w4_ni2_nir_push.sh:181|scripts/slurm_w5_stack_closer.sh:181|scripts/slurm_zeta_clean_mcvar.sh:199|scripts/slurm_zeta_clean_smoke.sh:196|scripts/slurm_zeta_probe.sh:45|scripts/test_thenmc_bin.sh:15,UNAUDITED,NONE,UNTESTED,MEDIUM,parameter/mask can alter arithmetic over multiple selected records or shells; no direct layout reconstruction identified,NO_EVIDENCE (no #if 0; repository dead_code_audit found no unreferenced non-static consumer function),required RESOLVED_CONFIG evidence unavailable (0 files); stdout RUN FOOTER used as fallback,C3_ACTIVE_OFF_UNTESTED,P2,"required: same binary/input; UNSET vs explicit neutral/OFF vs ON(shadow); byte-compare registered state, layout/table manifests, oracle outputs, RNG/event counters; ON must not commit target state"
LUMINA_NT_FULL,src/lumina_plasma.c:17366,literal getenv,unset: getenv returns NULL and this env override is not applied; compiled initializer/parent mode remains,ON_GATE/parameter (exact polarity unresolved),DORMANT,NONE,NONE,NONE,NONE,UNAUDITED,NONE,UNTESTED,MEDIUM,parameter/mask can alter arithmetic over multiple selected records or shells; no direct layout reconstruction identified,NO_EVIDENCE (no #if 0; repository dead_code_audit found no unreferenced non-static consumer function),exact unset initializer/polarity requires function-level semantic audit | required RESOLVED_CONFIG evidence unavailable (0 files); stdout RUN FOOTER used as fallback,C1_DORMANT_UNAUDITED,NOT_REQUIRED_BY_C2_C3,NONE
LUMINA_OMEGA_CMFGEN,src/lumina_plasma.c:608,literal getenv,unset: NULL makes the guarded named branch false; no env-requested override/action at this consumer,ON_GATE/parameter (non-NULL/nonzero or selector value requests the named branch/override),ACTIVE_OBSERVED,1,/gpfs/kjhan/lumina_runner2/logs/coevolve_consume_parity51/stdout.log:37943|/gpfs/kjhan/lumina_runner2/logs/coevolve_consume_parity51/stdout.log:94|/gpfs/kjhan/lumina_runner2/logs/coevolve_consume_parity56/stdout.log:38172|/gpfs/kjhan/lumina_runner2/logs/coevolve_consume_parity56/stdout.log:94|/gpfs/kjhan/lumina_runner2/logs/coevolve_consume_parity57/stdout.log:38939|/gpfs/kjhan/lumina_runner2/logs/coevolve_consume_parity57/stdout.log:94|/gpfs/kjhan/lumina_runner2/logs/coevolve_consume_parity58/stdout.log:38173|/gpfs/kjhan/lumina_runner2/logs/coevolve_consume_parity58/stdout.log:95|/gpfs/kjhan/lumina_runner2/logs/coevolve_consume_parity59/stdout.log:38172|/gpfs/kjhan/lumina_runner2/logs/coevolve_consume_parity59/stdout.log:95|/gpfs/kjhan/lumina_runner2/logs/coevolve_consume_parity60/stdout.log:38991|/gpfs/kjhan/lumina_runner2/logs/coevolve_consume_parity60/stdout.log:97,"coevolve_consume_parity60 (/gpfs/kjhan/lumina_runner2/logs/coevolve_consume_parity60/stdout.log:97, value=1)",scripts/sbatch_gpu_determinism_probe_a100.sh:27|scripts/sbatch_gpu_determinism_probe_h100.sh:27,UNAUDITED,NONE,UNTESTED,MEDIUM,parameter/mask can alter arithmetic over multiple selected records or shells; no direct layout reconstruction identified,NO_EVIDENCE (no #if 0; repository dead_code_audit found no unreferenced non-static consumer function),required RESOLVED_CONFIG evidence unavailable (0 files); stdout RUN FOOTER used as fallback,C3_ACTIVE_OFF_UNTESTED,P2,"required: same binary/input; UNSET vs explicit neutral/OFF vs ON(shadow); byte-compare registered state, layout/table manifests, oracle outputs, RNG/event counters; ON must not commit target state"
LUMINA_OMEGA_CMFGEN_SET,src/lumina_plasma.c:617,literal getenv,unset: NULL makes the guarded named branch false; no env-requested override/action at this consumer,ON_GATE/parameter (non-NULL/nonzero or selector value requests the named branch/override),DORMANT,NONE,NONE,NONE,NONE,UNAUDITED,NONE,UNTESTED,MEDIUM,parameter/mask can alter arithmetic over multiple selected records or shells; no direct layout reconstruction identified,NO_EVIDENCE (no #if 0; repository dead_code_audit found no unreferenced non-static consumer function),required RESOLVED_CONFIG evidence unavailable (0 files); stdout RUN FOOTER used as fallback,C1_DORMANT_UNAUDITED,NOT_REQUIRED_BY_C2_C3,NONE
LUMINA_OPACITY_SKIP_Z,src/lumina_plasma.c:2507,literal getenv,unset: getenv returns NULL and this env override is not applied; compiled initializer/parent mode remains,ON_GATE/parameter (exact polarity unresolved),DORMANT,NONE,NONE,NONE,scripts/slurm_ddc15_F1_oskip.sh:167,UNAUDITED,NONE,UNTESTED,HIGH,source-selected model-wide mode/backend/layout/table/profile or cross-shell arithmetic; off-target impact cannot be excluded statically,NO_EVIDENCE (no #if 0; repository dead_code_audit found no unreferenced non-static consumer function),exact unset initializer/polarity requires function-level semantic audit | required RESOLVED_CONFIG evidence unavailable (0 files); stdout RUN FOOTER used as fallback,C1_DORMANT_UNAUDITED|C2_DORMANT_HIGH,P0,"required: same binary/input; UNSET vs explicit neutral/OFF vs ON(shadow); byte-compare registered state, layout/table manifests, oracle outputs, RNG/event counters; ON must not commit target state"
LUMINA_OUTER_ION_BOOST,src/lumina_plasma.c:2279|src/lumina_plasma.c:12391,literal getenv,"unset: source ternary selects fallback expression `""(null)"")`",ON_GATE/parameter (non-NULL/nonzero or selector value requests the named branch/override),DORMANT,NONE,NONE,NONE,scripts/run_boostdr.sh:25|scripts/run_ionb3.sh:25|scripts/run_ionb5x.sh:25,COVERED,docs/TRANSPORT_COUPLED_TE_DESIGN.md,UNTESTED,MEDIUM,parameter/mask can alter arithmetic over multiple selected records or shells; no direct layout reconstruction identified,NO_EVIDENCE (no #if 0; repository dead_code_audit found no unreferenced non-static consumer function),required RESOLVED_CONFIG evidence unavailable (0 files); stdout RUN FOOTER used as fallback,NONE,NOT_REQUIRED_BY_C2_C3,NONE
LUMINA_OUTER_TE_DAMP_FACTOR,src/lumina_plasma.c:2732,literal getenv,unset: NULL makes the guarded named branch false; no env-requested override/action at this consumer,ON_GATE/parameter (non-NULL/nonzero or selector value requests the named branch/override),DORMANT,NONE,NONE,NONE,scripts/slurm_paper_ddc15_v3asEfloor_gamma_sweep_2002bo.sh:269,UNAUDITED,NONE,UNTESTED,MEDIUM,parameter/mask can alter arithmetic over multiple selected records or shells; no direct layout reconstruction identified,NO_EVIDENCE (no #if 0; repository dead_code_audit found no unreferenced non-static consumer function),required RESOLVED_CONFIG evidence unavailable (0 files); stdout RUN FOOTER used as fallback,C1_DORMANT_UNAUDITED,NOT_REQUIRED_BY_C2_C3,NONE
LUMINA_OUTER_TE_DAMP_SMIN,src/lumina_plasma.c:2733,literal getenv,unset: NULL makes the guarded named branch false; no env-requested override/action at this consumer,ON_GATE/parameter (non-NULL/nonzero or selector value requests the named branch/override),DORMANT,NONE,NONE,NONE,scripts/slurm_paper_ddc15_v3asEfloor_gamma_sweep_2002bo.sh:270,UNAUDITED,NONE,UNTESTED,MEDIUM,parameter/mask can alter arithmetic over multiple selected records or shells; no direct layout reconstruction identified,NO_EVIDENCE (no #if 0; repository dead_code_audit found no unreferenced non-static consumer function),required RESOLVED_CONFIG evidence unavailable (0 files); stdout RUN FOOTER used as fallback,C1_DORMANT_UNAUDITED,NOT_REQUIRED_BY_C2_C3,NONE
LUMINA_OUTER_TE_SEED,src/lumina_cuda.cu:7376,literal getenv,unset: NULL makes the guarded named branch false; no env-requested override/action at this consumer,ON_GATE/parameter (non-NULL/nonzero or selector value requests the named branch/override),DORMANT,NONE,NONE,NONE,NONE,COVERED,docs/TRANSPORT_COUPLED_TE_DESIGN.md,UNTESTED,MEDIUM,parameter/mask can alter arithmetic over multiple selected records or shells; no direct layout reconstruction identified,NO_EVIDENCE (no #if 0; repository dead_code_audit found no unreferenced non-static consumer function),required RESOLVED_CONFIG evidence unavailable (0 files); stdout RUN FOOTER used as fallback,NONE,NOT_REQUIRED_BY_C2_C3,NONE
LUMINA_OVERLAP_CORR,src/lumina_cuda.cu:6802|src/lumina_cuda.cu:6803|src/lumina_main.c:196|src/lumina_main.c:197|src/lumina_plasma.c:6333,literal getenv,unset: 0/OFF,ON_GATE,DORMANT,NONE,NONE,NONE,NONE,UNAUDITED,NONE,UNTESTED,MEDIUM,parameter/mask can alter arithmetic over multiple selected records or shells; no direct layout reconstruction identified,NO_EVIDENCE (no #if 0; repository dead_code_audit found no unreferenced non-static consumer function),required RESOLVED_CONFIG evidence unavailable (0 files); stdout RUN FOOTER used as fallback,C1_DORMANT_UNAUDITED,NOT_REQUIRED_BY_C2_C3,NONE
LUMINA_OVERLAP_FOUT,src/lumina_cmfgen.c:3271,literal getenv,unset: NULL makes the guarded named branch false; no env-requested override/action at this consumer,ON_GATE/parameter (non-NULL/nonzero or selector value requests the named branch/override),DORMANT,NONE,NONE,NONE,NONE,UNAUDITED,NONE,UNTESTED,MEDIUM,parameter/mask can alter arithmetic over multiple selected records or shells; no direct layout reconstruction identified,NO_EVIDENCE (no #if 0; repository dead_code_audit found no unreferenced non-static consumer function),required RESOLVED_CONFIG evidence unavailable (0 files); stdout RUN FOOTER used as fallback,C1_DORMANT_UNAUDITED,NOT_REQUIRED_BY_C2_C3,NONE
LUMINA_POP_ION,src/lumina_cuda.cu:1301|src/lumina_cuda.cu:1424|src/lumina_plasma.c:16337,literal getenv,unset: diagnostic selector ion=1,ON_GATE(parameter),DORMANT,NONE,NONE,NONE,scripts/slurm_ddc15_pure_cmfgen_phase3.sh:154,UNAUDITED,NONE,UNTESTED,MEDIUM,parameter/mask can alter arithmetic over multiple selected records or shells; no direct layout reconstruction identified,NO_EVIDENCE (no #if 0; repository dead_code_audit found no unreferenced non-static consumer function),required RESOLVED_CONFIG evidence unavailable (0 files); stdout RUN FOOTER used as fallback,C1_DORMANT_UNAUDITED,NOT_REQUIRED_BY_C2_C3,NONE
LUMINA_POP_SHELL,src/lumina_cuda.cu:1302|src/lumina_cuda.cu:1425|src/lumina_plasma.c:16338,literal getenv,unset: diagnostic selector shell=24,ON_GATE(parameter),DORMANT,NONE,NONE,NONE,scripts/slurm_ddc15_pure_cmfgen_phase3.sh:155,UNAUDITED,NONE,UNTESTED,MEDIUM,parameter/mask can alter arithmetic over multiple selected records or shells; no direct layout reconstruction identified,NO_EVIDENCE (no #if 0; repository dead_code_audit found no unreferenced non-static consumer function),required RESOLVED_CONFIG evidence unavailable (0 files); stdout RUN FOOTER used as fallback,C1_DORMANT_UNAUDITED,NOT_REQUIRED_BY_C2_C3,NONE
LUMINA_POP_TRACE,src/lumina_cuda.cu:1422|src/lumina_cuda.cu:1720,literal getenv,unset: diagnostic/self-test branch not requested (no getenv value),ON_GATE(diagnostic),DORMANT,NONE,NONE,NONE,NONE,UNAUDITED,NONE,UNTESTED,LOW,diagnostic/output/self-test control; may alter I/O or early exit but no production array/layout mutation identified at consumer,NO_EVIDENCE (no #if 0; repository dead_code_audit found no unreferenced non-static consumer function),required RESOLVED_CONFIG evidence unavailable (0 files); stdout RUN FOOTER used as fallback,C1_DORMANT_UNAUDITED,NOT_REQUIRED_BY_C2_C3,NONE
LUMINA_POP_Z,src/lumina_cuda.cu:1300|src/lumina_cuda.cu:1423|src/lumina_plasma.c:16336,literal getenv,unset: diagnostic selector Z=8,ON_GATE(parameter),DORMANT,NONE,NONE,NONE,scripts/slurm_ddc15_pure_cmfgen_phase3.sh:153,UNAUDITED,NONE,UNTESTED,MEDIUM,parameter/mask can alter arithmetic over multiple selected records or shells; no direct layout reconstruction identified,NO_EVIDENCE (no #if 0; repository dead_code_audit found no unreferenced non-static consumer function),required RESOLVED_CONFIG evidence unavailable (0 files); stdout RUN FOOTER used as fallback,C1_DORMANT_UNAUDITED,NOT_REQUIRED_BY_C2_C3,NONE
LUMINA_PURE_CMFGEN,src/lumina_cuda.cu:7350|src/lumina_main.c:315,literal getenv,unset: NULL makes the guarded named branch false; no env-requested override/action at this consumer,ON_GATE/parameter (non-NULL/nonzero or selector value requests the named branch/override),ACTIVE_OBSERVED,1,/gpfs/kjhan/lumina_runner2/logs/coevolve_consume_parity51/stdout.log:33|/gpfs/kjhan/lumina_runner2/logs/coevolve_consume_parity51/stdout.log:37882|/gpfs/kjhan/lumina_runner2/logs/coevolve_consume_parity56/stdout.log:33|/gpfs/kjhan/lumina_runner2/logs/coevolve_consume_parity56/stdout.log:38111|/gpfs/kjhan/lumina_runner2/logs/coevolve_consume_parity57/stdout.log:33|/gpfs/kjhan/lumina_runner2/logs/coevolve_consume_parity57/stdout.log:38878|/gpfs/kjhan/lumina_runner2/logs/coevolve_consume_parity58/stdout.log:33|/gpfs/kjhan/lumina_runner2/logs/coevolve_consume_parity58/stdout.log:38111|/gpfs/kjhan/lumina_runner2/logs/coevolve_consume_parity59/stdout.log:33|/gpfs/kjhan/lumina_runner2/logs/coevolve_consume_parity59/stdout.log:38110|/gpfs/kjhan/lumina_runner2/logs/coevolve_consume_parity60/stdout.log:34|/gpfs/kjhan/lumina_runner2/logs/coevolve_consume_parity60/stdout.log:38928,"coevolve_consume_parity60 (/gpfs/kjhan/lumina_runner2/logs/coevolve_consume_parity60/stdout.log:38928, value=1)",scripts/run_baldiag.sh:17|scripts/run_bfdark.sh:23|scripts/run_boostdr.sh:17|scripts/run_capraise.sh:17|scripts/run_cnclean.sh:17|scripts/run_cndamp.sh:17|scripts/run_coevolve_s01.sh:30|scripts/run_conv16.sh:17|scripts/run_cpl1.sh:17|scripts/run_cpl20.sh:17|scripts/run_dronly.sh:17|scripts/run_etla.sh:17|scripts/run_fix10.sh:20|scripts/run_fix11.sh:20|scripts/run_fix12.sh:20|scripts/run_fix13.sh:20|scripts/run_fix14.sh:20|scripts/run_fix15.sh:20|scripts/run_fix16.sh:20|scripts/run_fix17.sh:20|scripts/run_fix18.sh:20|scripts/run_fix19.sh:20|scripts/run_fix2.sh:20|scripts/run_fix20.sh:20|scripts/run_fix21.sh:20|scripts/run_fix22.sh:20|scripts/run_fix3.sh:20|scripts/run_fix4.sh:20|scripts/run_fix5.sh:20|scripts/run_fix6.sh:20|scripts/run_fix7.sh:20|scripts/run_fix8.sh:20|scripts/run_fix9.sh:20|scripts/run_fph_diag.sh:17|scripts/run_fphbf.sh:17|scripts/run_fphdg.sh:17|scripts/run_fphval.sh:17|scripts/run_frz0.sh:17|scripts/run_hotdump.sh:20|scripts/run_hotroot.sh:17|scripts/run_ionb3.sh:17|scripts/run_ionb5x.sh:17|scripts/run_ionboost.sh:17|scripts/run_ionboost2.sh:17|scripts/run_ionchk.sh:17|scripts/run_ionnt.sh:17|scripts/run_iterdump.sh:20|scripts/run_jdump.sh:17|scripts/run_jdump_diag.sh:12|scripts/run_milne1.sh:20|scripts/run_milneP.sh:20|scripts/run_ntdr.sh:17|scripts/run_recdiag.sh:20|scripts/run_repro22.sh:20|scripts/run_rtr33.sh:17|scripts/run_rtruth.sh:17|scripts/run_s2_chk.sh:17|scripts/run_s2_dep0.sh:17|scripts/run_s2_eps.sh:17|scripts/run_s2_fph.sh:17|scripts/run_s2_fph2.sh:17|scripts/run_s2_fznt.sh:17|scripts/run_s2_nebheat.sh:17|scripts/run_s2_nolinere.sh:17|scripts/run_s2_ntxe.sh:17|scripts/run_s2_phys.sh:17|scripts/run_s40diag.sh:20|scripts/run_srcbl.sh:17|scripts/run_stage0_diag.sh:21|scripts/run_stage1_ab.sh:17|scripts/run_stage2.sh:17|scripts/run_stage3.sh:17|scripts/run_toy.sh:13|scripts/run_toy_both.sh:10|scripts/run_toy_mc.sh:10|scripts/run_wbflr.sh:17|scripts/run_widebr.sh:17|scripts/slurm_cmf_fine_validate.sh:38|scripts/slurm_ddc15_pure_cmfgen.sh:52|scripts/slurm_ddc15_pure_cmfgen_phase3.sh:63|scripts/slurm_ddc15_thenmc.sh:61|scripts/test_thenmc_bin.sh:13,COVERED,docs/ARTIS_CMFGEN_PARITY_DIAGNOSIS_2026-07-30.md;docs/COEVOLVE_REWIRING_PLAN.md,UNTESTED,HIGH,source-selected model-wide mode/backend/layout/table/profile or cross-shell arithmetic; off-target impact cannot be excluded statically,NO_EVIDENCE (no #if 0; repository dead_code_audit found no unreferenced non-static consumer function),required RESOLVED_CONFIG evidence unavailable (0 files); stdout RUN FOOTER used as fallback,C3_ACTIVE_OFF_UNTESTED,P0,"required: same binary/input; UNSET vs explicit neutral/OFF vs ON(shadow); byte-compare registered state, layout/table manifests, oracle outputs, RNG/event counters; ON must not commit target state"
LUMINA_PURE_CMFGEN_ITER,src/lumina_cuda.cu:7359|src/lumina_main.c:317,literal getenv,unset: source ternary selects fallback expression `n_iterations`,ON_GATE/parameter (non-NULL/nonzero or selector value requests the named branch/override),ACTIVE_OBSERVED,12,/gpfs/kjhan/lumina_runner2/logs/coevolve_consume_parity51/stdout.log:37900|/gpfs/kjhan/lumina_runner2/logs/coevolve_consume_parity51/stdout.log:51|/gpfs/kjhan/lumina_runner2/logs/coevolve_consume_parity56/stdout.log:38129|/gpfs/kjhan/lumina_runner2/logs/coevolve_consume_parity56/stdout.log:51|/gpfs/kjhan/lumina_runner2/logs/coevolve_consume_parity57/stdout.log:38896|/gpfs/kjhan/lumina_runner2/logs/coevolve_consume_parity57/stdout.log:51|/gpfs/kjhan/lumina_runner2/logs/coevolve_consume_parity58/stdout.log:38129|/gpfs/kjhan/lumina_runner2/logs/coevolve_consume_parity58/stdout.log:51|/gpfs/kjhan/lumina_runner2/logs/coevolve_consume_parity59/stdout.log:38128|/gpfs/kjhan/lumina_runner2/logs/coevolve_consume_parity59/stdout.log:51|/gpfs/kjhan/lumina_runner2/logs/coevolve_consume_parity60/stdout.log:38946|/gpfs/kjhan/lumina_runner2/logs/coevolve_consume_parity60/stdout.log:52,"coevolve_consume_parity60 (/gpfs/kjhan/lumina_runner2/logs/coevolve_consume_parity60/stdout.log:52, value=12)",scripts/run_baldiag.sh:17|scripts/run_bfdark.sh:23|scripts/run_boostdr.sh:17|scripts/run_capraise.sh:17|scripts/run_cnclean.sh:17|scripts/run_cndamp.sh:17|scripts/run_coevolve_s01.sh:30|scripts/run_conv16.sh:17|scripts/run_cpl1.sh:17|scripts/run_cpl20.sh:17|scripts/run_dronly.sh:17|scripts/run_etla.sh:17|scripts/run_fix10.sh:20|scripts/run_fix11.sh:20|scripts/run_fix12.sh:20|scripts/run_fix13.sh:20|scripts/run_fix14.sh:20|scripts/run_fix15.sh:20|scripts/run_fix16.sh:20|scripts/run_fix17.sh:20|scripts/run_fix18.sh:20|scripts/run_fix19.sh:20|scripts/run_fix2.sh:20|scripts/run_fix20.sh:20|scripts/run_fix21.sh:20|scripts/run_fix22.sh:20|scripts/run_fix3.sh:20|scripts/run_fix4.sh:20|scripts/run_fix5.sh:20|scripts/run_fix6.sh:20|scripts/run_fix7.sh:20|scripts/run_fix8.sh:20|scripts/run_fix9.sh:20|scripts/run_fph_diag.sh:17|scripts/run_fphbf.sh:17|scripts/run_fphdg.sh:17|scripts/run_fphval.sh:17|scripts/run_frz0.sh:17|scripts/run_hotdump.sh:20|scripts/run_hotroot.sh:17|scripts/run_ionb3.sh:17|scripts/run_ionb5x.sh:17|scripts/run_ionboost.sh:17|scripts/run_ionboost2.sh:17|scripts/run_ionchk.sh:17|scripts/run_ionnt.sh:17|scripts/run_iterdump.sh:20|scripts/run_jdump.sh:17|scripts/run_jdump_diag.sh:12|scripts/run_milne1.sh:20|scripts/run_milneP.sh:20|scripts/run_milneP.sh:56|scripts/run_ntdr.sh:17|scripts/run_recdiag.sh:20|scripts/run_recdiag.sh:55|scripts/run_repro22.sh:20|scripts/run_rtr33.sh:17|scripts/run_rtruth.sh:17|scripts/run_s2_chk.sh:17|scripts/run_s2_dep0.sh:17|scripts/run_s2_eps.sh:17|scripts/run_s2_fph.sh:17|scripts/run_s2_fph2.sh:17|scripts/run_s2_fznt.sh:17|scripts/run_s2_nebheat.sh:17|scripts/run_s2_nolinere.sh:17|scripts/run_s2_ntxe.sh:17|scripts/run_s2_phys.sh:17|scripts/run_s40diag.sh:20|scripts/run_srcbl.sh:17|scripts/run_stage0_diag.sh:21|scripts/run_stage1_ab.sh:17|scripts/run_stage2.sh:17|scripts/run_stage3.sh:17|scripts/run_toy.sh:13|scripts/run_toy_both.sh:10|scripts/run_toy_mc.sh:10|scripts/run_wbflr.sh:17|scripts/run_widebr.sh:17|scripts/slurm_cmf_fine_validate.sh:39|scripts/slurm_ddc15_pure_cmfgen.sh:53|scripts/slurm_ddc15_pure_cmfgen_phase3.sh:64|scripts/slurm_ddc15_thenmc.sh:62|scripts/test_thenmc_bin.sh:13,COVERED,docs/COEVOLVE_REWIRING_PLAN.md,UNTESTED,MEDIUM,parameter/mask can alter arithmetic over multiple selected records or shells; no direct layout reconstruction identified,NO_EVIDENCE (no #if 0; repository dead_code_audit found no unreferenced non-static consumer function),required RESOLVED_CONFIG evidence unavailable (0 files); stdout RUN FOOTER used as fallback,C3_ACTIVE_OFF_UNTESTED,P2,"required: same binary/input; UNSET vs explicit neutral/OFF vs ON(shadow); byte-compare registered state, layout/table manifests, oracle outputs, RNG/event counters; ON must not commit target state"
LUMINA_RADEQ_COLPAIRS_MAXLEV,src/lumina_plasma.c:9334,literal getenv,unset: NULL makes the guarded named branch false; no env-requested override/action at this consumer,ON_GATE/parameter (non-NULL/nonzero or selector value requests the named branch/override),DORMANT,NONE,NONE,NONE,NONE,UNAUDITED,NONE,UNTESTED,MEDIUM,parameter/mask can alter arithmetic over multiple selected records or shells; no direct layout reconstruction identified,NO_EVIDENCE (no #if 0; repository dead_code_audit found no unreferenced non-static consumer function),required RESOLVED_CONFIG evidence unavailable (0 files); stdout RUN FOOTER used as fallback,C1_DORMANT_UNAUDITED,NOT_REQUIRED_BY_C2_C3,NONE
LUMINA_RADEQ_COL_PAIRS,src/lumina_plasma.c:9332,literal getenv,unset: NULL makes the guarded named branch false; no env-requested override/action at this consumer,ON_GATE/parameter (non-NULL/nonzero or selector value requests the named branch/override),DORMANT,NONE,NONE,NONE,NONE,UNAUDITED,NONE,UNTESTED,MEDIUM,parameter/mask can alter arithmetic over multiple selected records or shells; no direct layout reconstruction identified,NO_EVIDENCE (no #if 0; repository dead_code_audit found no unreferenced non-static consumer function),required RESOLVED_CONFIG evidence unavailable (0 files); stdout RUN FOOTER used as fallback,C1_DORMANT_UNAUDITED,NOT_REQUIRED_BY_C2_C3,NONE
LUMINA_RADEQ_COOL_ESCAPE,src/lumina_plasma.c:11311|src/lumina_plasma.c:13038,literal getenv,unset: source comment/default states ON,OFF_GATE,SEEN_NEUTRAL_ONLY,0,/gpfs/kjhan/lumina_runner2/logs/coevolve_consume_parity51/stdout.log:37933|/gpfs/kjhan/lumina_runner2/logs/coevolve_consume_parity51/stdout.log:84|/gpfs/kjhan/lumina_runner2/logs/coevolve_consume_parity56/stdout.log:38162|/gpfs/kjhan/lumina_runner2/logs/coevolve_consume_parity56/stdout.log:84|/gpfs/kjhan/lumina_runner2/logs/coevolve_consume_parity57/stdout.log:38929|/gpfs/kjhan/lumina_runner2/logs/coevolve_consume_parity57/stdout.log:84|/gpfs/kjhan/lumina_runner2/logs/coevolve_consume_parity58/stdout.log:38163|/gpfs/kjhan/lumina_runner2/logs/coevolve_consume_parity58/stdout.log:85|/gpfs/kjhan/lumina_runner2/logs/coevolve_consume_parity59/stdout.log:38162|/gpfs/kjhan/lumina_runner2/logs/coevolve_consume_parity59/stdout.log:85|/gpfs/kjhan/lumina_runner2/logs/coevolve_consume_parity60/stdout.log:38981|/gpfs/kjhan/lumina_runner2/logs/coevolve_consume_parity60/stdout.log:87,NONE,scripts/run_baldiag.sh:21|scripts/run_bfdark.sh:27|scripts/run_boostdr.sh:21|scripts/run_capraise.sh:21|scripts/run_cnclean.sh:21|scripts/run_cndamp.sh:21|scripts/run_coevolve_s01.sh:34|scripts/run_conv16.sh:21|scripts/run_cpl1.sh:21|scripts/run_cpl20.sh:21|scripts/run_dronly.sh:21|scripts/run_etla.sh:21|scripts/run_fix10.sh:24|scripts/run_fix11.sh:24|scripts/run_fix12.sh:24|scripts/run_fix13.sh:24|scripts/run_fix14.sh:24|scripts/run_fix15.sh:24|scripts/run_fix16.sh:24|scripts/run_fix17.sh:24|scripts/run_fix18.sh:24|scripts/run_fix19.sh:24|scripts/run_fix2.sh:24|scripts/run_fix20.sh:24|scripts/run_fix21.sh:24|scripts/run_fix22.sh:24|scripts/run_fix3.sh:24|scripts/run_fix4.sh:24|scripts/run_fix5.sh:24|scripts/run_fix6.sh:24|scripts/run_fix7.sh:24|scripts/run_fix8.sh:24|scripts/run_fix9.sh:24|scripts/run_fph_diag.sh:21|scripts/run_fphbf.sh:21|scripts/run_fphdg.sh:21|scripts/run_fphval.sh:21|scripts/run_frz0.sh:21|scripts/run_hotdump.sh:24|scripts/run_hotroot.sh:21|scripts/run_ionb3.sh:21|scripts/run_ionb5x.sh:21|scripts/run_ionboost.sh:21|scripts/run_ionboost2.sh:21|scripts/run_ionchk.sh:21|scripts/run_ionnt.sh:21|scripts/run_iterdump.sh:24|scripts/run_jdump.sh:21|scripts/run_jdump_diag.sh:16|scripts/run_milne1.sh:24|scripts/run_milneP.sh:24|scripts/run_ntdr.sh:21|scripts/run_recdiag.sh:24|scripts/run_repro22.sh:24|scripts/run_rtr33.sh:21|scripts/run_rtruth.sh:21|scripts/run_s2_chk.sh:21|scripts/run_s2_dep0.sh:21|scripts/run_s2_eps.sh:21|scripts/run_s2_fph.sh:21|scripts/run_s2_fph2.sh:21|scripts/run_s2_fznt.sh:21|scripts/run_s2_nebheat.sh:21|scripts/run_s2_nolinere.sh:21|scripts/run_s2_ntxe.sh:21|scripts/run_s2_phys.sh:21|scripts/run_s40diag.sh:24|scripts/run_srcbl.sh:21|scripts/run_stage0_diag.sh:25|scripts/run_stage1_ab.sh:21|scripts/run_stage2.sh:21|scripts/run_stage3.sh:21|scripts/run_wbflr.sh:21|scripts/run_widebr.sh:21|scripts/slurm_cmf_fine_validate.sh:49|scripts/slurm_ddc15_a1_diffbc.sh:57|scripts/slurm_ddc15_a2_jnu.sh:61|scripts/slurm_ddc15_a2_jnu_atrad.sh:61|scripts/slurm_ddc15_a2_newton.sh:59|scripts/slurm_ddc15_a2_newton_omp.sh:61|scripts/slurm_ddc15_a2_septest.sh:61|scripts/slurm_ddc15_a2_trace.sh:61|scripts/slurm_ddc15_a2_trace0.sh:61|scripts/slurm_ddc15_a3_lstar.sh:60|scripts/slurm_ddc15_frozenin.sh:63|scripts/slurm_ddc15_mc_macroatom.sh:71|scripts/slurm_ddc15_pure_cmfgen.sh:65|scripts/slurm_ddc15_pure_cmfgen_phase3.sh:83|scripts/slurm_ddc15_radeq_adiab.sh:70|scripts/slurm_ddc15_radeq_blanket.sh:70|scripts/slurm_ddc15_radeq_blanketdamp.sh:70|scripts/slurm_ddc15_radeq_escape.sh:65|scripts/slurm_ddc15_radeq_escape_alllines.sh:65|scripts/slurm_ddc15_radeq_hybridB2.sh:69|scripts/slurm_ddc15_radeq_integralB.sh:74|scripts/slurm_ddc15_radeq_nebular.sh:70|scripts/slurm_ddc15_radeq_noswitch.sh:68|scripts/slurm_ddc15_thenmc.sh:74|scripts/test_thenmc_bin.sh:17,UNAUDITED,NONE,UNTESTED,MEDIUM,parameter/mask can alter arithmetic over multiple selected records or shells; no direct layout reconstruction identified,NO_EVIDENCE (no #if 0; repository dead_code_audit found no unreferenced non-static consumer function),required RESOLVED_CONFIG evidence unavailable (0 files); stdout RUN FOOTER used as fallback,NONE,NOT_REQUIRED_BY_C2_C3,NONE
LUMINA_RADEQ_COOL_NLTE_ONLY,src/lumina_plasma.c:11289|src/lumina_plasma.c:13036,literal getenv,unset: source comment/default states ON,OFF_GATE,SEEN_NEUTRAL_ONLY,0,/gpfs/kjhan/lumina_runner2/logs/coevolve_consume_parity51/stdout.log:104|/gpfs/kjhan/lumina_runner2/logs/coevolve_consume_parity51/stdout.log:37953|/gpfs/kjhan/lumina_runner2/logs/coevolve_consume_parity56/stdout.log:104|/gpfs/kjhan/lumina_runner2/logs/coevolve_consume_parity56/stdout.log:38182|/gpfs/kjhan/lumina_runner2/logs/coevolve_consume_parity57/stdout.log:104|/gpfs/kjhan/lumina_runner2/logs/coevolve_consume_parity57/stdout.log:38949|/gpfs/kjhan/lumina_runner2/logs/coevolve_consume_parity58/stdout.log:105|/gpfs/kjhan/lumina_runner2/logs/coevolve_consume_parity58/stdout.log:38183|/gpfs/kjhan/lumina_runner2/logs/coevolve_consume_parity59/stdout.log:105|/gpfs/kjhan/lumina_runner2/logs/coevolve_consume_parity59/stdout.log:38182|/gpfs/kjhan/lumina_runner2/logs/coevolve_consume_parity60/stdout.log:107|/gpfs/kjhan/lumina_runner2/logs/coevolve_consume_parity60/stdout.log:39001,NONE,scripts/run_ada_lstar_diag.sh:34|scripts/run_baldiag.sh:22|scripts/run_bfdark.sh:28|scripts/run_boostdr.sh:22|scripts/run_capraise.sh:22|scripts/run_cnclean.sh:22|scripts/run_cndamp.sh:22|scripts/run_coevolve_s01.sh:35|scripts/run_conv16.sh:22|scripts/run_cpl1.sh:22|scripts/run_cpl20.sh:22|scripts/run_dronly.sh:22|scripts/run_etla.sh:22|scripts/run_fix10.sh:25|scripts/run_fix11.sh:25|scripts/run_fix12.sh:25|scripts/run_fix13.sh:25|scripts/run_fix14.sh:25|scripts/run_fix15.sh:25|scripts/run_fix16.sh:25|scripts/run_fix17.sh:25|scripts/run_fix18.sh:25|scripts/run_fix19.sh:25|scripts/run_fix2.sh:25|scripts/run_fix20.sh:25|scripts/run_fix21.sh:25|scripts/run_fix22.sh:25|scripts/run_fix3.sh:25|scripts/run_fix4.sh:25|scripts/run_fix5.sh:25|scripts/run_fix6.sh:25|scripts/run_fix7.sh:25|scripts/run_fix8.sh:25|scripts/run_fix9.sh:25|scripts/run_fph_diag.sh:22|scripts/run_fphbf.sh:22|scripts/run_fphdg.sh:22|scripts/run_fphval.sh:22|scripts/run_frz0.sh:22|scripts/run_hotdump.sh:25|scripts/run_hotroot.sh:22|scripts/run_ionb3.sh:22|scripts/run_ionb5x.sh:22|scripts/run_ionboost.sh:22|scripts/run_ionboost2.sh:22|scripts/run_ionchk.sh:22|scripts/run_ionnt.sh:22|scripts/run_iterdump.sh:25|scripts/run_jdump.sh:22|scripts/run_jdump_diag.sh:17|scripts/run_milne1.sh:25|scripts/run_milneP.sh:25|scripts/run_ntdr.sh:22|scripts/run_recdiag.sh:25|scripts/run_repro22.sh:25|scripts/run_rtr33.sh:22|scripts/run_rtruth.sh:22|scripts/run_s2_chk.sh:22|scripts/run_s2_dep0.sh:22|scripts/run_s2_eps.sh:22|scripts/run_s2_fph.sh:22|scripts/run_s2_fph2.sh:22|scripts/run_s2_fznt.sh:22|scripts/run_s2_nebheat.sh:22|scripts/run_s2_nolinere.sh:22|scripts/run_s2_ntxe.sh:22|scripts/run_s2_phys.sh:22|scripts/run_s40diag.sh:25|scripts/run_srcbl.sh:22|scripts/run_stage0_diag.sh:26|scripts/run_stage1_ab.sh:22|scripts/run_stage2.sh:22|scripts/run_stage3.sh:22|scripts/run_wbflr.sh:22|scripts/run_widebr.sh:22|scripts/slurm_cmf_fine_validate.sh:51|scripts/slurm_ddc15_a1_diffbc.sh:59|scripts/slurm_ddc15_a2_jnu.sh:63|scripts/slurm_ddc15_a2_jnu_atrad.sh:63|scripts/slurm_ddc15_a2_newton.sh:61|scripts/slurm_ddc15_a2_newton_omp.sh:63|scripts/slurm_ddc15_a2_septest.sh:63|scripts/slurm_ddc15_a2_trace.sh:63|scripts/slurm_ddc15_a2_trace0.sh:63|scripts/slurm_ddc15_a3_lstar.sh:63|scripts/slurm_ddc15_frozenin.sh:65|scripts/slurm_ddc15_mc_macroatom.sh:73|scripts/slurm_ddc15_nefix_prof.sh:44|scripts/slurm_ddc15_pure_cmfgen.sh:67|scripts/slurm_ddc15_pure_cmfgen_phase3.sh:85|scripts/slurm_ddc15_radeq_adiab.sh:72|scripts/slurm_ddc15_radeq_blanket.sh:72|scripts/slurm_ddc15_radeq_blanketdamp.sh:72|scripts/slurm_ddc15_radeq_coolfix.sh:61|scripts/slurm_ddc15_radeq_escape.sh:64|scripts/slurm_ddc15_radeq_escape_alllines.sh:64|scripts/slurm_ddc15_radeq_hybridB2.sh:71|scripts/slurm_ddc15_radeq_integralB.sh:76|scripts/slurm_ddc15_radeq_nebular.sh:72|scripts/slurm_ddc15_radeq_noswitch.sh:70|scripts/slurm_ddc15_thenmc.sh:76|scripts/test_thenmc_bin.sh:17,UNAUDITED,NONE,UNTESTED,MEDIUM,parameter/mask can alter arithmetic over multiple selected records or shells; no direct layout reconstruction identified,NO_EVIDENCE (no #if 0; repository dead_code_audit found no unreferenced non-static consumer function),required RESOLVED_CONFIG evidence unavailable (0 files); stdout RUN FOOTER used as fallback,NONE,NOT_REQUIRED_BY_C2_C3,NONE
LUMINA_RADEQ_COOL_NONNEG,src/lumina_plasma.c:11273|src/lumina_plasma.c:13034,literal getenv,unset: NULL makes the guarded named branch false; no env-requested override/action at this consumer,ON_GATE/parameter (non-NULL/nonzero or selector value requests the named branch/override),SEEN_NEUTRAL_ONLY,0,/gpfs/kjhan/lumina_runner2/logs/coevolve_consume_parity51/stdout.log:37891|/gpfs/kjhan/lumina_runner2/logs/coevolve_consume_parity51/stdout.log:42|/gpfs/kjhan/lumina_runner2/logs/coevolve_consume_parity56/stdout.log:38120|/gpfs/kjhan/lumina_runner2/logs/coevolve_consume_parity56/stdout.log:42|/gpfs/kjhan/lumina_runner2/logs/coevolve_consume_parity57/stdout.log:38887|/gpfs/kjhan/lumina_runner2/logs/coevolve_consume_parity57/stdout.log:42|/gpfs/kjhan/lumina_runner2/logs/coevolve_consume_parity58/stdout.log:38120|/gpfs/kjhan/lumina_runner2/logs/coevolve_consume_parity58/stdout.log:42|/gpfs/kjhan/lumina_runner2/logs/coevolve_consume_parity59/stdout.log:38119|/gpfs/kjhan/lumina_runner2/logs/coevolve_consume_parity59/stdout.log:42|/gpfs/kjhan/lumina_runner2/logs/coevolve_consume_parity60/stdout.log:38937|/gpfs/kjhan/lumina_runner2/logs/coevolve_consume_parity60/stdout.log:43,NONE,scripts/run_baldiag.sh:22|scripts/run_bfdark.sh:28|scripts/run_boostdr.sh:22|scripts/run_capraise.sh:22|scripts/run_cnclean.sh:22|scripts/run_cndamp.sh:22|scripts/run_coevolve_s01.sh:35|scripts/run_conv16.sh:22|scripts/run_cpl1.sh:22|scripts/run_cpl20.sh:22|scripts/run_dronly.sh:22|scripts/run_etla.sh:22|scripts/run_fix10.sh:25|scripts/run_fix11.sh:25|scripts/run_fix12.sh:25|scripts/run_fix13.sh:25|scripts/run_fix14.sh:25|scripts/run_fix15.sh:25|scripts/run_fix16.sh:25|scripts/run_fix17.sh:25|scripts/run_fix18.sh:25|scripts/run_fix19.sh:25|scripts/run_fix2.sh:25|scripts/run_fix20.sh:25|scripts/run_fix21.sh:25|scripts/run_fix22.sh:25|scripts/run_fix3.sh:25|scripts/run_fix4.sh:25|scripts/run_fix5.sh:25|scripts/run_fix6.sh:25|scripts/run_fix7.sh:25|scripts/run_fix8.sh:25|scripts/run_fix9.sh:25|scripts/run_fph_diag.sh:22|scripts/run_fphbf.sh:22|scripts/run_fphdg.sh:22|scripts/run_fphval.sh:22|scripts/run_frz0.sh:22|scripts/run_hotdump.sh:25|scripts/run_hotroot.sh:22|scripts/run_ionb3.sh:22|scripts/run_ionb5x.sh:22|scripts/run_ionboost.sh:22|scripts/run_ionboost2.sh:22|scripts/run_ionchk.sh:22|scripts/run_ionnt.sh:22|scripts/run_iterdump.sh:25|scripts/run_jdump.sh:22|scripts/run_jdump_diag.sh:16|scripts/run_milne1.sh:25|scripts/run_milneP.sh:25|scripts/run_ntdr.sh:22|scripts/run_recdiag.sh:25|scripts/run_repro22.sh:25|scripts/run_rtr33.sh:22|scripts/run_rtruth.sh:22|scripts/run_s2_chk.sh:22|scripts/run_s2_dep0.sh:22|scripts/run_s2_eps.sh:22|scripts/run_s2_fph.sh:22|scripts/run_s2_fph2.sh:22|scripts/run_s2_fznt.sh:22|scripts/run_s2_nebheat.sh:22|scripts/run_s2_nolinere.sh:22|scripts/run_s2_ntxe.sh:22|scripts/run_s2_phys.sh:22|scripts/run_s40diag.sh:25|scripts/run_srcbl.sh:22|scripts/run_stage0_diag.sh:26|scripts/run_stage1_ab.sh:22|scripts/run_stage2.sh:22|scripts/run_stage3.sh:22|scripts/run_wbflr.sh:22|scripts/run_widebr.sh:22|scripts/slurm_cmf_fine_validate.sh:50|scripts/slurm_ddc15_a1_diffbc.sh:58|scripts/slurm_ddc15_a2_jnu.sh:62|scripts/slurm_ddc15_a2_jnu_atrad.sh:62|scripts/slurm_ddc15_a2_newton.sh:60|scripts/slurm_ddc15_a2_newton_omp.sh:62|scripts/slurm_ddc15_a2_septest.sh:62|scripts/slurm_ddc15_a2_trace.sh:62|scripts/slurm_ddc15_a2_trace0.sh:62|scripts/slurm_ddc15_a3_lstar.sh:61|scripts/slurm_ddc15_frozenin.sh:64|scripts/slurm_ddc15_mc_macroatom.sh:72|scripts/slurm_ddc15_pure_cmfgen.sh:66|scripts/slurm_ddc15_pure_cmfgen_phase3.sh:84|scripts/slurm_ddc15_radeq_adiab.sh:71|scripts/slurm_ddc15_radeq_blanket.sh:71|scripts/slurm_ddc15_radeq_blanketdamp.sh:71|scripts/slurm_ddc15_radeq_hybridB2.sh:70|scripts/slurm_ddc15_radeq_integralB.sh:75|scripts/slurm_ddc15_radeq_nebular.sh:71|scripts/slurm_ddc15_radeq_noswitch.sh:69|scripts/slurm_ddc15_thenmc.sh:75|scripts/test_thenmc_bin.sh:17,UNAUDITED,NONE,UNTESTED,MEDIUM,parameter/mask can alter arithmetic over multiple selected records or shells; no direct layout reconstruction identified,NO_EVIDENCE (no #if 0; repository dead_code_audit found no unreferenced non-static consumer function),required RESOLVED_CONFIG evidence unavailable (0 files); stdout RUN FOOTER used as fallback,NONE,NOT_REQUIRED_BY_C2_C3,NONE
LUMINA_RADEQ_DAMP,src/lumina_plasma.c:9492|src/lumina_plasma.c:11262,literal getenv,unset: source comment/default states 0.5,ON_GATE(parameter),ACTIVE_OBSERVED,0.5,/gpfs/kjhan/lumina_runner2/logs/coevolve_consume_parity51/stdout.log:31|/gpfs/kjhan/lumina_runner2/logs/coevolve_consume_parity51/stdout.log:37880|/gpfs/kjhan/lumina_runner2/logs/coevolve_consume_parity56/stdout.log:31|/gpfs/kjhan/lumina_runner2/logs/coevolve_consume_parity56/stdout.log:38109|/gpfs/kjhan/lumina_runner2/logs/coevolve_consume_parity57/stdout.log:31|/gpfs/kjhan/lumina_runner2/logs/coevolve_consume_parity57/stdout.log:38876|/gpfs/kjhan/lumina_runner2/logs/coevolve_consume_parity58/stdout.log:31|/gpfs/kjhan/lumina_runner2/logs/coevolve_consume_parity58/stdout.log:38109|/gpfs/kjhan/lumina_runner2/logs/coevolve_consume_parity59/stdout.log:31|/gpfs/kjhan/lumina_runner2/logs/coevolve_consume_parity59/stdout.log:38108|/gpfs/kjhan/lumina_runner2/logs/coevolve_consume_parity60/stdout.log:31|/gpfs/kjhan/lumina_runner2/logs/coevolve_consume_parity60/stdout.log:38925,"coevolve_consume_parity60 (/gpfs/kjhan/lumina_runner2/logs/coevolve_consume_parity60/stdout.log:38925, value=0.5)",scripts/run_baldiag.sh:23|scripts/run_bfdark.sh:29|scripts/run_boostdr.sh:23|scripts/run_capraise.sh:23|scripts/run_cnclean.sh:23|scripts/run_cndamp.sh:23|scripts/run_coevolve_s01.sh:36|scripts/run_conv16.sh:23|scripts/run_cpl1.sh:23|scripts/run_cpl20.sh:23|scripts/run_dronly.sh:23|scripts/run_etla.sh:23|scripts/run_fix10.sh:26|scripts/run_fix11.sh:26|scripts/run_fix12.sh:26|scripts/run_fix13.sh:26|scripts/run_fix14.sh:26|scripts/run_fix15.sh:26|scripts/run_fix16.sh:26|scripts/run_fix17.sh:26|scripts/run_fix18.sh:26|scripts/run_fix19.sh:26|scripts/run_fix2.sh:26|scripts/run_fix20.sh:26|scripts/run_fix21.sh:26|scripts/run_fix22.sh:26|scripts/run_fix3.sh:26|scripts/run_fix4.sh:26|scripts/run_fix5.sh:26|scripts/run_fix6.sh:26|scripts/run_fix7.sh:26|scripts/run_fix8.sh:26|scripts/run_fix9.sh:26|scripts/run_fph_diag.sh:23|scripts/run_fphbf.sh:23|scripts/run_fphdg.sh:23|scripts/run_fphval.sh:23|scripts/run_frz0.sh:23|scripts/run_hotdump.sh:26|scripts/run_hotroot.sh:23|scripts/run_ionb3.sh:23|scripts/run_ionb5x.sh:23|scripts/run_ionboost.sh:23|scripts/run_ionboost2.sh:23|scripts/run_ionchk.sh:23|scripts/run_ionnt.sh:23|scripts/run_iterdump.sh:26|scripts/run_jdump.sh:23|scripts/run_jdump_diag.sh:17|scripts/run_milne1.sh:26|scripts/run_milneP.sh:26|scripts/run_ntdr.sh:23|scripts/run_recdiag.sh:26|scripts/run_repro22.sh:26|scripts/run_rtr33.sh:23|scripts/run_rtruth.sh:23|scripts/run_s2_chk.sh:23|scripts/run_s2_dep0.sh:23|scripts/run_s2_eps.sh:23|scripts/run_s2_fph.sh:23|scripts/run_s2_fph2.sh:23|scripts/run_s2_fznt.sh:23|scripts/run_s2_nebheat.sh:23|scripts/run_s2_nolinere.sh:23|scripts/run_s2_ntxe.sh:23|scripts/run_s2_phys.sh:23|scripts/run_s40diag.sh:26|scripts/run_srcbl.sh:23|scripts/run_stage0_diag.sh:27|scripts/run_stage1_ab.sh:23|scripts/run_stage2.sh:23|scripts/run_stage3.sh:23|scripts/run_wbflr.sh:23|scripts/run_widebr.sh:23|scripts/slurm_ddc15_initial.sh:98|scripts/slurm_ddc15_pure_cmfgen_phase3.sh:87|scripts/slurm_ddc15_radeq_blanketdamp.sh:76|scripts/slurm_radeq_diag.sh:234|scripts/test_thenmc_bin.sh:18,UNAUDITED,NONE,UNTESTED,MEDIUM,parameter/mask can alter arithmetic over multiple selected records or shells; no direct layout reconstruction identified,NO_EVIDENCE (no #if 0; repository dead_code_audit found no unreferenced non-static consumer function),required RESOLVED_CONFIG evidence unavailable (0 files); stdout RUN FOOTER used as fallback,C3_ACTIVE_OFF_UNTESTED,P2,"required: same binary/input; UNSET vs explicit neutral/OFF vs ON(shadow); byte-compare registered state, layout/table manifests, oracle outputs, RNG/event counters; ON must not commit target state"
LUMINA_RADEQ_DB_FB,src/lumina_plasma.c:9760,literal getenv,unset: NULL makes the guarded named branch false; no env-requested override/action at this consumer,ON_GATE/parameter (non-NULL/nonzero or selector value requests the named branch/override),ACTIVE_OBSERVED,1,/gpfs/kjhan/lumina_runner2/logs/coevolve_consume_parity51/stdout.log:36|/gpfs/kjhan/lumina_runner2/logs/coevolve_consume_parity51/stdout.log:37885|/gpfs/kjhan/lumina_runner2/logs/coevolve_consume_parity56/stdout.log:36|/gpfs/kjhan/lumina_runner2/logs/coevolve_consume_parity56/stdout.log:38114|/gpfs/kjhan/lumina_runner2/logs/coevolve_consume_parity57/stdout.log:36|/gpfs/kjhan/lumina_runner2/logs/coevolve_consume_parity57/stdout.log:38881|/gpfs/kjhan/lumina_runner2/logs/coevolve_consume_parity58/stdout.log:36|/gpfs/kjhan/lumina_runner2/logs/coevolve_consume_parity58/stdout.log:38114|/gpfs/kjhan/lumina_runner2/logs/coevolve_consume_parity59/stdout.log:36|/gpfs/kjhan/lumina_runner2/logs/coevolve_consume_parity59/stdout.log:38113|/gpfs/kjhan/lumina_runner2/logs/coevolve_consume_parity60/stdout.log:37|/gpfs/kjhan/lumina_runner2/logs/coevolve_consume_parity60/stdout.log:38931,"coevolve_consume_parity60 (/gpfs/kjhan/lumina_runner2/logs/coevolve_consume_parity60/stdout.log:38931, value=1)",scripts/launch_parity32_syn08.sh:21|scripts/launch_parity33_syn08.sh:25|scripts/launch_parity34_syn08.sh:34|scripts/launch_parity35_syn08.sh:29|scripts/launch_parity36a_base.sh:42|scripts/launch_parity36b_noskip.sh:50|scripts/launch_parity37_taudump.sh:56|scripts/launch_parity38_nofloor.sh:65|scripts/launch_parity39_baseline.sh:41|scripts/launch_parity40_tepin.sh:69|scripts/launch_parity41_sivcaiv.sh:81|scripts/launch_parity42_gphoff.sh:75|scripts/run_coldata_syn08.sh:61|scripts/sbatch_aud1.sh:131|scripts/sbatch_aud2.sh:122|scripts/sbatch_aud3.sh:120|scripts/sbatch_euv461.sh:118|scripts/sbatch_fbcb.sh:118|scripts/sbatch_fbckt.sh:118|scripts/sbatch_gpu_determinism_probe_a100.sh:35|scripts/sbatch_gpu_determinism_probe_h100.sh:35|scripts/sbatch_jbl2.sh:137|scripts/sbatch_kpr10.sh:138|scripts/sbatch_kpr10b.sh:138|scripts/sbatch_kpr2.sh:125|scripts/sbatch_kpr3.sh:124|scripts/sbatch_kpr4.sh:147|scripts/sbatch_kpr5.sh:157|scripts/sbatch_kpr5jt.sh:157|scripts/sbatch_kpr6.sh:124|scripts/sbatch_kpr7.sh:134|scripts/sbatch_kpr8.sh:149|scripts/sbatch_kpr9.sh:136|scripts/sbatch_milne.sh:118|scripts/sbatch_milnec2.sh:118|scripts/sbatch_milnec2ne64.sh:110|scripts/sbatch_tepop1.sh:118,UNAUDITED,NONE,UNTESTED,MEDIUM,parameter/mask can alter arithmetic over multiple selected records or shells; no direct layout reconstruction identified,NO_EVIDENCE (no #if 0; repository dead_code_audit found no unreferenced non-static consumer function),required RESOLVED_CONFIG evidence unavailable (0 files); stdout RUN FOOTER used as fallback,C3_ACTIVE_OFF_UNTESTED,P2,"required: same binary/input; UNSET vs explicit neutral/OFF vs ON(shadow); byte-compare registered state, layout/table manifests, oracle outputs, RNG/event counters; ON must not commit target state"
LUMINA_RADEQ_DIAG,src/lumina_cmfgen.c:107|src/lumina_plasma.c:10474|src/lumina_plasma.c:10491|src/lumina_plasma.c:10631|src/lumina_plasma.c:11769,literal getenv,unset: diagnostic/self-test branch not requested (no getenv value),ON_GATE(diagnostic),DORMANT,NONE,NONE,NONE,scripts/run_ada_lstar_diag.sh:33|scripts/run_baldiag.sh:41|scripts/run_bfdark.sh:43|scripts/run_boostdr.sh:44|scripts/run_capraise.sh:41|scripts/run_cnclean.sh:41|scripts/run_cndamp.sh:41|scripts/run_conv16.sh:41|scripts/run_cpl1.sh:41|scripts/run_cpl20.sh:41|scripts/run_dronly.sh:41|scripts/run_etla.sh:41|scripts/run_fix10.sh:43|scripts/run_fix11.sh:43|scripts/run_fix12.sh:43|scripts/run_fix13.sh:43|scripts/run_fix14.sh:43|scripts/run_fix15.sh:43|scripts/run_fix16.sh:43|scripts/run_fix17.sh:43|scripts/run_fix18.sh:43|scripts/run_fix19.sh:43|scripts/run_fix2.sh:43|scripts/run_fix20.sh:43|scripts/run_fix21.sh:43|scripts/run_fix22.sh:43|scripts/run_fix3.sh:43|scripts/run_fix4.sh:43|scripts/run_fix5.sh:43|scripts/run_fix6.sh:43|scripts/run_fix7.sh:43|scripts/run_fix8.sh:43|scripts/run_fix9.sh:43|scripts/run_fph_diag.sh:39|scripts/run_fphbf.sh:42|scripts/run_fphdg.sh:43|scripts/run_fphval.sh:41|scripts/run_frz0.sh:41|scripts/run_hotdump.sh:43|scripts/run_hotroot.sh:41|scripts/run_ionb3.sh:43|scripts/run_ionb5x.sh:43|scripts/run_ionboost.sh:41|scripts/run_ionboost2.sh:41|scripts/run_ionchk.sh:41|scripts/run_ionnt.sh:41|scripts/run_iterdump.sh:43|scripts/run_jdump.sh:41|scripts/run_jdump_diag.sh:29|scripts/run_milne1.sh:43|scripts/run_milneP.sh:43|scripts/run_ntdr.sh:43|scripts/run_recdiag.sh:43|scripts/run_repro22.sh:43|scripts/run_rtr33.sh:41|scripts/run_rtruth.sh:41|scripts/run_s2_chk.sh:36|scripts/run_s2_dep0.sh:35|scripts/run_s2_eps.sh:36|scripts/run_s2_fph.sh:39|scripts/run_s2_fph2.sh:40|scripts/run_s2_fznt.sh:39|scripts/run_s2_nebheat.sh:37|scripts/run_s2_nolinere.sh:36|scripts/run_s2_ntxe.sh:38|scripts/run_s2_phys.sh:38|scripts/run_s40diag.sh:43|scripts/run_srcbl.sh:42|scripts/run_stage0_diag.sh:25|scripts/run_stage2.sh:35|scripts/run_stage3.sh:36|scripts/run_wbflr.sh:43|scripts/run_widebr.sh:41|scripts/slurm_ddc15_a1_diffbc.sh:56|scripts/slurm_ddc15_a2_jnu.sh:60|scripts/slurm_ddc15_a2_jnu_atrad.sh:60|scripts/slurm_ddc15_a2_newton.sh:58|scripts/slurm_ddc15_a2_newton_omp.sh:60|scripts/slurm_ddc15_a2_septest.sh:60|scripts/slurm_ddc15_a2_trace.sh:60|scripts/slurm_ddc15_a2_trace0.sh:60|scripts/slurm_ddc15_a3_lstar.sh:59|scripts/slurm_ddc15_frozenin.sh:62|scripts/slurm_ddc15_mc_macroatom.sh:70|scripts/slurm_ddc15_nefix_prof.sh:43|scripts/slurm_ddc15_pure_cmfgen.sh:64|scripts/slurm_ddc15_pure_cmfgen_phase3.sh:82|scripts/slurm_ddc15_radeq_ab.sh:67|scripts/slurm_ddc15_radeq_adiab.sh:69|scripts/slurm_ddc15_radeq_blanket.sh:69|scripts/slurm_ddc15_radeq_blanketdamp.sh:69|scripts/slurm_ddc15_radeq_coolfix.sh:60|scripts/slurm_ddc15_radeq_escape.sh:63|scripts/slurm_ddc15_radeq_escape_alllines.sh:63|scripts/slurm_ddc15_radeq_hybridB2.sh:68|scripts/slurm_ddc15_radeq_integralB.sh:73|scripts/slurm_ddc15_radeq_nebular.sh:69|scripts/slurm_ddc15_radeq_noswitch.sh:67|scripts/slurm_ddc15_thenmc.sh:73|scripts/slurm_radeq_diag.sh:233|scripts/test_thenmc_bin.sh:27,COVERED,docs/TRANSPORT_COUPLED_TE_DESIGN.md,UNTESTED,LOW,diagnostic/output/self-test control; may alter I/O or early exit but no production array/layout mutation identified at consumer,NO_EVIDENCE (no #if 0; repository dead_code_audit found no unreferenced non-static consumer function),required RESOLVED_CONFIG evidence unavailable (0 files); stdout RUN FOOTER used as fallback,NONE,NOT_REQUIRED_BY_C2_C3,NONE
LUMINA_RADEQ_FB_RATE,src/lumina_plasma.c:8731,literal getenv,unset: NULL makes the guarded named branch false; no env-requested override/action at this consumer,ON_GATE/parameter (non-NULL/nonzero or selector value requests the named branch/override),ACTIVE_OBSERVED,1,/gpfs/kjhan/lumina_runner2/logs/coevolve_consume_parity51/stdout.log:17|/gpfs/kjhan/lumina_runner2/logs/coevolve_consume_parity51/stdout.log:37866|/gpfs/kjhan/lumina_runner2/logs/coevolve_consume_parity56/stdout.log:17|/gpfs/kjhan/lumina_runner2/logs/coevolve_consume_parity56/stdout.log:38095|/gpfs/kjhan/lumina_runner2/logs/coevolve_consume_parity57/stdout.log:17|/gpfs/kjhan/lumina_runner2/logs/coevolve_consume_parity57/stdout.log:38862|/gpfs/kjhan/lumina_runner2/logs/coevolve_consume_parity58/stdout.log:17|/gpfs/kjhan/lumina_runner2/logs/coevolve_consume_parity58/stdout.log:38095|/gpfs/kjhan/lumina_runner2/logs/coevolve_consume_parity59/stdout.log:17|/gpfs/kjhan/lumina_runner2/logs/coevolve_consume_parity59/stdout.log:38094|/gpfs/kjhan/lumina_runner2/logs/coevolve_consume_parity60/stdout.log:17|/gpfs/kjhan/lumina_runner2/logs/coevolve_consume_parity60/stdout.log:38911,"coevolve_consume_parity60 (/gpfs/kjhan/lumina_runner2/logs/coevolve_consume_parity60/stdout.log:38911, value=1)",scripts/run_bfdark.sh:48|scripts/run_coevolve_s01.sh:54|scripts/run_fix10.sh:48|scripts/run_fix11.sh:48|scripts/run_fix12.sh:48|scripts/run_fix13.sh:48|scripts/run_fix14.sh:48|scripts/run_fix15.sh:48|scripts/run_fix16.sh:48|scripts/run_fix17.sh:48|scripts/run_fix18.sh:48|scripts/run_fix19.sh:48|scripts/run_fix20.sh:48|scripts/run_fix21.sh:48|scripts/run_fix22.sh:48|scripts/run_fix4.sh:48|scripts/run_fix5.sh:48|scripts/run_fix6.sh:48|scripts/run_fix7.sh:48|scripts/run_fix8.sh:48|scripts/run_fix9.sh:48|scripts/run_hotdump.sh:48|scripts/run_iterdump.sh:48|scripts/run_milne1.sh:48|scripts/run_milneP.sh:48|scripts/run_recdiag.sh:48|scripts/run_repro22.sh:48|scripts/run_s40diag.sh:48|scripts/test_thenmc_bin.sh:28,UNAUDITED,NONE,UNTESTED,MEDIUM,parameter/mask can alter arithmetic over multiple selected records or shells; no direct layout reconstruction identified,NO_EVIDENCE (no #if 0; repository dead_code_audit found no unreferenced non-static consumer function),required RESOLVED_CONFIG evidence unavailable (0 files); stdout RUN FOOTER used as fallback,C3_ACTIVE_OFF_UNTESTED,P2,"required: same binary/input; UNSET vs explicit neutral/OFF vs ON(shadow); byte-compare registered state, layout/table manifests, oracle outputs, RNG/event counters; ON must not commit target state"
LUMINA_RADEQ_HYBRID,src/lumina_plasma.c:11348,literal getenv,unset: source comment/default states 1.0,ON_GATE(parameter),DORMANT,NONE,NONE,NONE,scripts/run_ada_lstar_diag.sh:35|scripts/slurm_ddc15_a1_diffbc.sh:60|scripts/slurm_ddc15_a2_jnu.sh:64|scripts/slurm_ddc15_a2_jnu_atrad.sh:64|scripts/slurm_ddc15_a2_newton.sh:62|scripts/slurm_ddc15_a2_newton_omp.sh:64|scripts/slurm_ddc15_a2_septest.sh:64|scripts/slurm_ddc15_a2_trace.sh:64|scripts/slurm_ddc15_a2_trace0.sh:64|scripts/slurm_ddc15_a3_lstar.sh:64|scripts/slurm_ddc15_frozenin.sh:66|scripts/slurm_ddc15_nefix_prof.sh:45|scripts/slurm_ddc15_radeq_adiab.sh:73|scripts/slurm_ddc15_radeq_blanket.sh:73|scripts/slurm_ddc15_radeq_blanketdamp.sh:73|scripts/slurm_ddc15_radeq_hybridB2.sh:72|scripts/slurm_ddc15_radeq_nebular.sh:73|scripts/slurm_ddc15_radeq_noswitch.sh:71,UNAUDITED,NONE,UNTESTED,MEDIUM,parameter/mask can alter arithmetic over multiple selected records or shells; no direct layout reconstruction identified,NO_EVIDENCE (no #if 0; repository dead_code_audit found no unreferenced non-static consumer function),required RESOLVED_CONFIG evidence unavailable (0 files); stdout RUN FOOTER used as fallback,C1_DORMANT_UNAUDITED,NOT_REQUIRED_BY_C2_C3,NONE
LUMINA_RADEQ_HYBRID_MODE,src/lumina_plasma.c:11377,literal getenv,unset: NULL makes the guarded named branch false; no env-requested override/action at this consumer,ON_GATE/parameter (non-NULL/nonzero or selector value requests the named branch/override),DORMANT,NONE,NONE,NONE,scripts/run_ada_lstar_diag.sh:37|scripts/slurm_ddc15_a1_diffbc.sh:62|scripts/slurm_ddc15_a2_jnu.sh:66|scripts/slurm_ddc15_a2_jnu_atrad.sh:66|scripts/slurm_ddc15_a2_newton.sh:64|scripts/slurm_ddc15_a2_newton_omp.sh:66|scripts/slurm_ddc15_a2_septest.sh:66|scripts/slurm_ddc15_a2_trace.sh:66|scripts/slurm_ddc15_a2_trace0.sh:66|scripts/slurm_ddc15_a3_lstar.sh:66|scripts/slurm_ddc15_frozenin.sh:68|scripts/slurm_ddc15_nefix_prof.sh:47|scripts/slurm_ddc15_radeq_adiab.sh:75|scripts/slurm_ddc15_radeq_blanket.sh:75|scripts/slurm_ddc15_radeq_blanketdamp.sh:75|scripts/slurm_ddc15_radeq_nebular.sh:75|scripts/slurm_ddc15_radeq_noswitch.sh:73,UNAUDITED,NONE,UNTESTED,MEDIUM,parameter/mask can alter arithmetic over multiple selected records or shells; no direct layout reconstruction identified,NO_EVIDENCE (no #if 0; repository dead_code_audit found no unreferenced non-static consumer function),required RESOLVED_CONFIG evidence unavailable (0 files); stdout RUN FOOTER used as fallback,C1_DORMANT_UNAUDITED,NOT_REQUIRED_BY_C2_C3,NONE
LUMINA_RADEQ_HYBRID_TAUREC,src/lumina_plasma.c:11350|src/lumina_plasma.c:13046,literal getenv,unset: source comment/default states ON,OFF_GATE,DORMANT,NONE,NONE,NONE,scripts/run_ada_lstar_diag.sh:36|scripts/slurm_ddc15_a1_diffbc.sh:61|scripts/slurm_ddc15_a2_jnu.sh:65|scripts/slurm_ddc15_a2_jnu_atrad.sh:65|scripts/slurm_ddc15_a2_newton.sh:63|scripts/slurm_ddc15_a2_newton_omp.sh:65|scripts/slurm_ddc15_a2_septest.sh:65|scripts/slurm_ddc15_a2_trace.sh:65|scripts/slurm_ddc15_a2_trace0.sh:65|scripts/slurm_ddc15_a3_lstar.sh:65|scripts/slurm_ddc15_frozenin.sh:67|scripts/slurm_ddc15_nefix_prof.sh:46|scripts/slurm_ddc15_radeq_adiab.sh:74|scripts/slurm_ddc15_radeq_blanket.sh:74|scripts/slurm_ddc15_radeq_blanketdamp.sh:74|scripts/slurm_ddc15_radeq_hybridB2.sh:73|scripts/slurm_ddc15_radeq_nebular.sh:74|scripts/slurm_ddc15_radeq_noswitch.sh:72,UNAUDITED,NONE,UNTESTED,MEDIUM,parameter/mask can alter arithmetic over multiple selected records or shells; no direct layout reconstruction identified,NO_EVIDENCE (no #if 0; repository dead_code_audit found no unreferenced non-static consumer function),required RESOLVED_CONFIG evidence unavailable (0 files); stdout RUN FOOTER used as fallback,C1_DORMANT_UNAUDITED,NOT_REQUIRED_BY_C2_C3,NONE
LUMINA_RADEQ_LINE_CULL,src/lumina_plasma.c:10367|src/lumina_plasma.c:11733|src/lumina_plasma.c:13372,literal getenv,unset: NULL makes the guarded named branch false; no env-requested override/action at this consumer,ON_GATE/parameter (non-NULL/nonzero or selector value requests the named branch/override),DORMANT,NONE,NONE,NONE,scripts/run_ioniz_saha_selftest.sh:21,UNAUDITED,NONE,UNTESTED,MEDIUM,parameter/mask can alter arithmetic over multiple selected records or shells; no direct layout reconstruction identified,NO_EVIDENCE (no #if 0; repository dead_code_audit found no unreferenced non-static consumer function),required RESOLVED_CONFIG evidence unavailable (0 files); stdout RUN FOOTER used as fallback,C1_DORMANT_UNAUDITED,NOT_REQUIRED_BY_C2_C3,NONE
LUMINA_RADEQ_LINE_RE,src/lumina_plasma.c:11321|src/lumina_plasma.c:13126,literal getenv,unset: NULL makes the guarded named branch false; no env-requested override/action at this consumer,ON_GATE/parameter (non-NULL/nonzero or selector value requests the named branch/override),SEEN_NEUTRAL_ONLY,0,/gpfs/kjhan/lumina_runner2/logs/coevolve_consume_parity51/stdout.log:37932|/gpfs/kjhan/lumina_runner2/logs/coevolve_consume_parity51/stdout.log:83|/gpfs/kjhan/lumina_runner2/logs/coevolve_consume_parity56/stdout.log:38161|/gpfs/kjhan/lumina_runner2/logs/coevolve_consume_parity56/stdout.log:83|/gpfs/kjhan/lumina_runner2/logs/coevolve_consume_parity57/stdout.log:38928|/gpfs/kjhan/lumina_runner2/logs/coevolve_consume_parity57/stdout.log:83|/gpfs/kjhan/lumina_runner2/logs/coevolve_consume_parity58/stdout.log:38162|/gpfs/kjhan/lumina_runner2/logs/coevolve_consume_parity58/stdout.log:84|/gpfs/kjhan/lumina_runner2/logs/coevolve_consume_parity59/stdout.log:38161|/gpfs/kjhan/lumina_runner2/logs/coevolve_consume_parity59/stdout.log:84|/gpfs/kjhan/lumina_runner2/logs/coevolve_consume_parity60/stdout.log:38979|/gpfs/kjhan/lumina_runner2/logs/coevolve_consume_parity60/stdout.log:85,NONE,scripts/run_baldiag.sh:26|scripts/run_bfdark.sh:32|scripts/run_boostdr.sh:29|scripts/run_capraise.sh:26|scripts/run_cnclean.sh:26|scripts/run_cndamp.sh:26|scripts/run_coevolve_s01.sh:39|scripts/run_conv16.sh:26|scripts/run_cpl1.sh:26|scripts/run_cpl20.sh:26|scripts/run_dronly.sh:26|scripts/run_etla.sh:26|scripts/run_fix10.sh:29|scripts/run_fix11.sh:29|scripts/run_fix12.sh:29|scripts/run_fix13.sh:29|scripts/run_fix14.sh:29|scripts/run_fix15.sh:29|scripts/run_fix16.sh:29|scripts/run_fix17.sh:29|scripts/run_fix18.sh:29|scripts/run_fix19.sh:29|scripts/run_fix2.sh:29|scripts/run_fix20.sh:29|scripts/run_fix21.sh:29|scripts/run_fix22.sh:29|scripts/run_fix3.sh:29|scripts/run_fix4.sh:29|scripts/run_fix5.sh:29|scripts/run_fix6.sh:29|scripts/run_fix7.sh:29|scripts/run_fix8.sh:29|scripts/run_fix9.sh:29|scripts/run_fph_diag.sh:26|scripts/run_fphbf.sh:26|scripts/run_fphdg.sh:26|scripts/run_fphval.sh:26|scripts/run_frz0.sh:26|scripts/run_hotdump.sh:29|scripts/run_hotroot.sh:26|scripts/run_ionb3.sh:28|scripts/run_ionb5x.sh:28|scripts/run_ionboost.sh:26|scripts/run_ionboost2.sh:26|scripts/run_ionchk.sh:26|scripts/run_ionnt.sh:26|scripts/run_iterdump.sh:29|scripts/run_jdump.sh:26|scripts/run_jdump_diag.sh:20|scripts/run_milne1.sh:29|scripts/run_milneP.sh:29|scripts/run_ntdr.sh:28|scripts/run_recdiag.sh:29|scripts/run_repro22.sh:29|scripts/run_rtr33.sh:26|scripts/run_rtruth.sh:26|scripts/run_s2_chk.sh:26|scripts/run_s2_dep0.sh:26|scripts/run_s2_eps.sh:26|scripts/run_s2_fph.sh:26|scripts/run_s2_fph2.sh:26|scripts/run_s2_fznt.sh:26|scripts/run_s2_nebheat.sh:26|scripts/run_s2_nolinere.sh:26|scripts/run_s2_ntxe.sh:26|scripts/run_s2_phys.sh:26|scripts/run_s40diag.sh:29|scripts/run_srcbl.sh:26|scripts/run_stage0_diag.sh:30|scripts/run_stage1_ab.sh:26|scripts/run_stage2.sh:26|scripts/run_stage3.sh:27|scripts/run_wbflr.sh:28|scripts/run_widebr.sh:26|scripts/slurm_ddc15_mc_macroatom.sh:81|scripts/slurm_ddc15_pure_cmfgen_phase3.sh:95|scripts/slurm_ddc15_thenmc.sh:84|scripts/test_thenmc_bin.sh:21,COVERED,docs/GATE_B_PHASE1_6_CODEX_A_REPORT.md;docs/OUTER_THIN_LINECOOLING_DESIGN.md;docs/TRANSPORT_COUPLED_TE_DESIGN.md,UNTESTED,MEDIUM,parameter/mask can alter arithmetic over multiple selected records or shells; no direct layout reconstruction identified,NO_EVIDENCE (no #if 0; repository dead_code_audit found no unreferenced non-static consumer function),required RESOLVED_CONFIG evidence unavailable (0 files); stdout RUN FOOTER used as fallback,NONE,NOT_REQUIRED_BY_C2_C3,NONE
LUMINA_RADEQ_LINE_RESPOND,src/lumina_plasma.c:11331|src/lumina_plasma.c:13043,literal getenv,unset: source comment/default states OFF,ON_GATE,ACTIVE_OBSERVED,1,/gpfs/kjhan/lumina_runner2/logs/coevolve_consume_parity51/stdout.log:37901|/gpfs/kjhan/lumina_runner2/logs/coevolve_consume_parity51/stdout.log:52|/gpfs/kjhan/lumina_runner2/logs/coevolve_consume_parity56/stdout.log:38130|/gpfs/kjhan/lumina_runner2/logs/coevolve_consume_parity56/stdout.log:52|/gpfs/kjhan/lumina_runner2/logs/coevolve_consume_parity57/stdout.log:38897|/gpfs/kjhan/lumina_runner2/logs/coevolve_consume_parity57/stdout.log:52|/gpfs/kjhan/lumina_runner2/logs/coevolve_consume_parity58/stdout.log:38130|/gpfs/kjhan/lumina_runner2/logs/coevolve_consume_parity58/stdout.log:52|/gpfs/kjhan/lumina_runner2/logs/coevolve_consume_parity59/stdout.log:38129|/gpfs/kjhan/lumina_runner2/logs/coevolve_consume_parity59/stdout.log:52|/gpfs/kjhan/lumina_runner2/logs/coevolve_consume_parity60/stdout.log:38948|/gpfs/kjhan/lumina_runner2/logs/coevolve_consume_parity60/stdout.log:54,"coevolve_consume_parity60 (/gpfs/kjhan/lumina_runner2/logs/coevolve_consume_parity60/stdout.log:54, value=1)",scripts/run_baldiag.sh:23|scripts/run_bfdark.sh:29|scripts/run_boostdr.sh:23|scripts/run_capraise.sh:23|scripts/run_cnclean.sh:23|scripts/run_cndamp.sh:23|scripts/run_coevolve_s01.sh:36|scripts/run_conv16.sh:23|scripts/run_cpl1.sh:23|scripts/run_cpl20.sh:23|scripts/run_dronly.sh:23|scripts/run_etla.sh:23|scripts/run_fix10.sh:26|scripts/run_fix11.sh:26|scripts/run_fix12.sh:26|scripts/run_fix13.sh:26|scripts/run_fix14.sh:26|scripts/run_fix15.sh:26|scripts/run_fix16.sh:26|scripts/run_fix17.sh:26|scripts/run_fix18.sh:26|scripts/run_fix19.sh:26|scripts/run_fix2.sh:26|scripts/run_fix20.sh:26|scripts/run_fix21.sh:26|scripts/run_fix22.sh:26|scripts/run_fix3.sh:26|scripts/run_fix4.sh:26|scripts/run_fix5.sh:26|scripts/run_fix6.sh:26|scripts/run_fix7.sh:26|scripts/run_fix8.sh:26|scripts/run_fix9.sh:26|scripts/run_fph_diag.sh:23|scripts/run_fphbf.sh:23|scripts/run_fphdg.sh:23|scripts/run_fphval.sh:23|scripts/run_frz0.sh:23|scripts/run_hotdump.sh:26|scripts/run_hotroot.sh:23|scripts/run_ionb3.sh:23|scripts/run_ionb5x.sh:23|scripts/run_ionboost.sh:23|scripts/run_ionboost2.sh:23|scripts/run_ionchk.sh:23|scripts/run_ionnt.sh:23|scripts/run_iterdump.sh:26|scripts/run_jdump.sh:23|scripts/run_jdump_diag.sh:17|scripts/run_milne1.sh:26|scripts/run_milneP.sh:26|scripts/run_ntdr.sh:23|scripts/run_recdiag.sh:26|scripts/run_repro22.sh:26|scripts/run_rtr33.sh:23|scripts/run_rtruth.sh:23|scripts/run_s2_chk.sh:23|scripts/run_s2_dep0.sh:23|scripts/run_s2_eps.sh:23|scripts/run_s2_fph.sh:23|scripts/run_s2_fph2.sh:23|scripts/run_s2_fznt.sh:23|scripts/run_s2_nebheat.sh:23|scripts/run_s2_nolinere.sh:23|scripts/run_s2_ntxe.sh:23|scripts/run_s2_phys.sh:23|scripts/run_s40diag.sh:26|scripts/run_srcbl.sh:23|scripts/run_stage0_diag.sh:27|scripts/run_stage1_ab.sh:23|scripts/run_stage2.sh:23|scripts/run_stage3.sh:23|scripts/run_wbflr.sh:23|scripts/run_widebr.sh:23|scripts/slurm_ddc15_a3_lstar.sh:62|scripts/slurm_ddc15_pure_cmfgen_phase3.sh:86|scripts/test_thenmc_bin.sh:18,COVERED,docs/GATE_B_PHASE1_6_CODEX_A_REPORT.md;docs/OUTER_THIN_LINECOOLING_DESIGN.md;docs/TRANSPORT_COUPLED_TE_DESIGN.md,UNTESTED,MEDIUM,parameter/mask can alter arithmetic over multiple selected records or shells; no direct layout reconstruction identified,NO_EVIDENCE (no #if 0; repository dead_code_audit found no unreferenced non-static consumer function),required RESOLVED_CONFIG evidence unavailable (0 files); stdout RUN FOOTER used as fallback,C3_ACTIVE_OFF_UNTESTED,P2,"required: same binary/input; UNSET vs explicit neutral/OFF vs ON(shadow); byte-compare registered state, layout/table manifests, oracle outputs, RNG/event counters; ON must not commit target state"
LUMINA_RADEQ_OMEGA_FLOOR,src/lumina_plasma.c:8466|src/lumina_plasma.c:8641,literal getenv,unset: source comment/default states 1.0,ON_GATE(parameter),DORMANT,NONE,NONE,NONE,scripts/launch_parity27_syn08.sh:15|scripts/launch_parity28_syn08.sh:15|scripts/launch_parity29_syn08.sh:15|scripts/launch_parity30_syn08.sh:15|scripts/launch_parity31_syn08.sh:15|scripts/launch_parity32_syn08.sh:15|scripts/launch_parity33_syn08.sh:19|scripts/launch_parity34_syn08.sh:28|scripts/launch_parity35_syn08.sh:23|scripts/launch_parity36a_base.sh:35|scripts/launch_parity36b_noskip.sh:43|scripts/launch_parity37_taudump.sh:49|scripts/launch_parity38_nofloor.sh:58|scripts/launch_parity39_baseline.sh:35|scripts/launch_parity40_tepin.sh:63|scripts/launch_parity41_sivcaiv.sh:75|scripts/launch_parity42_gphoff.sh:68|scripts/sbatch_parity26_diag.sh:22|scripts/sbatch_parity27_tepin.sh:27|scripts/sbatch_parity28_binfield.sh:27,UNAUDITED,NONE,UNTESTED,MEDIUM,parameter/mask can alter arithmetic over multiple selected records or shells; no direct layout reconstruction identified,NO_EVIDENCE (no #if 0; repository dead_code_audit found no unreferenced non-static consumer function),required RESOLVED_CONFIG evidence unavailable (0 files); stdout RUN FOOTER used as fallback,C1_DORMANT_UNAUDITED,NOT_REQUIRED_BY_C2_C3,NONE
LUMINA_RADEQ_PUMP_FALLBACK,src/lumina_plasma.c:9833,literal getenv,unset: NULL makes the guarded named branch false; no env-requested override/action at this consumer,ON_GATE/parameter (non-NULL/nonzero or selector value requests the named branch/override),DORMANT,NONE,NONE,NONE,scripts/run_coldata_syn08.sh:68|scripts/sbatch_aud1.sh:146|scripts/sbatch_aud2.sh:136|scripts/sbatch_aud3.sh:134|scripts/sbatch_euv461.sh:131|scripts/sbatch_fbcb.sh:131|scripts/sbatch_fbckt.sh:131|scripts/sbatch_jbl2.sh:150|scripts/sbatch_kpr10.sh:151|scripts/sbatch_kpr10b.sh:151|scripts/sbatch_kpr5.sh:171|scripts/sbatch_kpr5jt.sh:172|scripts/sbatch_kpr6.sh:137|scripts/sbatch_kpr7.sh:147|scripts/sbatch_kpr8.sh:162|scripts/sbatch_kpr9.sh:149|scripts/sbatch_milne.sh:131|scripts/sbatch_milnec2.sh:131|scripts/sbatch_milnec2ne64.sh:123|scripts/sbatch_tepop1.sh:131,UNAUDITED,NONE,UNTESTED,MEDIUM,parameter/mask can alter arithmetic over multiple selected records or shells; no direct layout reconstruction identified,NO_EVIDENCE (no #if 0; repository dead_code_audit found no unreferenced non-static consumer function),required RESOLVED_CONFIG evidence unavailable (0 files); stdout RUN FOOTER used as fallback,C1_DORMANT_UNAUDITED,NOT_REQUIRED_BY_C2_C3,NONE
LUMINA_RADEQ_PUMP_FIELD,src/lumina_plasma.c:9813,literal getenv,unset: NULL makes the guarded named branch false; no env-requested override/action at this consumer,ON_GATE/parameter (non-NULL/nonzero or selector value requests the named branch/override),DORMANT,NONE,NONE,NONE,scripts/run_coldata_syn08.sh:65|scripts/sbatch_aud1.sh:141|scripts/sbatch_aud2.sh:130|scripts/sbatch_aud3.sh:129|scripts/sbatch_euv461.sh:126|scripts/sbatch_fbcb.sh:126|scripts/sbatch_fbckt.sh:126|scripts/sbatch_jbl2.sh:145|scripts/sbatch_kpr10.sh:146|scripts/sbatch_kpr10b.sh:146|scripts/sbatch_kpr4.sh:155|scripts/sbatch_kpr5.sh:165|scripts/sbatch_kpr5jt.sh:165|scripts/sbatch_kpr6.sh:132|scripts/sbatch_kpr7.sh:142|scripts/sbatch_kpr8.sh:157|scripts/sbatch_kpr9.sh:144|scripts/sbatch_milne.sh:126|scripts/sbatch_milnec2.sh:126|scripts/sbatch_milnec2ne64.sh:118|scripts/sbatch_tepop1.sh:126,UNAUDITED,NONE,UNTESTED,MEDIUM,parameter/mask can alter arithmetic over multiple selected records or shells; no direct layout reconstruction identified,NO_EVIDENCE (no #if 0; repository dead_code_audit found no unreferenced non-static consumer function),required RESOLVED_CONFIG evidence unavailable (0 files); stdout RUN FOOTER used as fallback,C1_DORMANT_UNAUDITED,NOT_REQUIRED_BY_C2_C3,NONE
LUMINA_RADEQ_SIMUL,src/lumina_plasma.c:11221,literal getenv,unset: NULL makes the guarded named branch false; no env-requested override/action at this consumer,ON_GATE/parameter (non-NULL/nonzero or selector value requests the named branch/override),ACTIVE_OBSERVED,1,/gpfs/kjhan/lumina_runner2/logs/coevolve_consume_parity51/stdout.log:37931|/gpfs/kjhan/lumina_runner2/logs/coevolve_consume_parity51/stdout.log:82|/gpfs/kjhan/lumina_runner2/logs/coevolve_consume_parity56/stdout.log:38160|/gpfs/kjhan/lumina_runner2/logs/coevolve_consume_parity56/stdout.log:82|/gpfs/kjhan/lumina_runner2/logs/coevolve_consume_parity57/stdout.log:38927|/gpfs/kjhan/lumina_runner2/logs/coevolve_consume_parity57/stdout.log:82|/gpfs/kjhan/lumina_runner2/logs/coevolve_consume_parity58/stdout.log:38161|/gpfs/kjhan/lumina_runner2/logs/coevolve_consume_parity58/stdout.log:83|/gpfs/kjhan/lumina_runner2/logs/coevolve_consume_parity59/stdout.log:38160|/gpfs/kjhan/lumina_runner2/logs/coevolve_consume_parity59/stdout.log:83|/gpfs/kjhan/lumina_runner2/logs/coevolve_consume_parity60/stdout.log:38978|/gpfs/kjhan/lumina_runner2/logs/coevolve_consume_parity60/stdout.log:84,"coevolve_consume_parity60 (/gpfs/kjhan/lumina_runner2/logs/coevolve_consume_parity60/stdout.log:84, value=1)",scripts/run_bfdark.sh:53|scripts/run_coevolve_s01.sh:55|scripts/run_fix13.sh:53|scripts/run_fix14.sh:53|scripts/run_fix15.sh:53|scripts/run_fix16.sh:53|scripts/run_fix17.sh:53|scripts/run_fix18.sh:53|scripts/run_fix19.sh:53|scripts/run_fix20.sh:53|scripts/run_fix21.sh:53|scripts/run_fix22.sh:53|scripts/run_hotdump.sh:53|scripts/run_ioniz_saha_selftest.sh:20|scripts/run_iterdump.sh:53|scripts/run_milne1.sh:53|scripts/run_milneP.sh:53|scripts/run_recdiag.sh:53|scripts/run_repro22.sh:53|scripts/run_s40diag.sh:53|scripts/test_thenmc_bin.sh:30,COVERED,docs/OUTER_THIN_LINECOOLING_DESIGN.md;docs/COEVOLVE_REWIRING_PLAN.md,UNTESTED,HIGH,source-selected model-wide mode/backend/layout/table/profile or cross-shell arithmetic; off-target impact cannot be excluded statically,NO_EVIDENCE (no #if 0; repository dead_code_audit found no unreferenced non-static consumer function),required RESOLVED_CONFIG evidence unavailable (0 files); stdout RUN FOOTER used as fallback,C3_ACTIVE_OFF_UNTESTED,P1,"required: same binary/input; UNSET vs explicit neutral/OFF vs ON(shadow); byte-compare registered state, layout/table manifests, oracle outputs, RNG/event counters; ON must not commit target state"
LUMINA_RADEQ_TE,src/lumina_cuda.cu:6833|src/lumina_cuda.cu:6834|src/lumina_main.c:207|src/lumina_main.c:208,literal getenv,unset: 0/OFF,ON_GATE,ACTIVE_OBSERVED,1,/gpfs/kjhan/lumina_runner2/logs/coevolve_consume_parity51/stdout.log:37856|/gpfs/kjhan/lumina_runner2/logs/coevolve_consume_parity51/stdout.log:7|/gpfs/kjhan/lumina_runner2/logs/coevolve_consume_parity56/stdout.log:38085|/gpfs/kjhan/lumina_runner2/logs/coevolve_consume_parity56/stdout.log:7|/gpfs/kjhan/lumina_runner2/logs/coevolve_consume_parity57/stdout.log:38852|/gpfs/kjhan/lumina_runner2/logs/coevolve_consume_parity57/stdout.log:7|/gpfs/kjhan/lumina_runner2/logs/coevolve_consume_parity58/stdout.log:38085|/gpfs/kjhan/lumina_runner2/logs/coevolve_consume_parity58/stdout.log:7|/gpfs/kjhan/lumina_runner2/logs/coevolve_consume_parity59/stdout.log:38084|/gpfs/kjhan/lumina_runner2/logs/coevolve_consume_parity59/stdout.log:7|/gpfs/kjhan/lumina_runner2/logs/coevolve_consume_parity60/stdout.log:38901|/gpfs/kjhan/lumina_runner2/logs/coevolve_consume_parity60/stdout.log:7,"coevolve_consume_parity60 (/gpfs/kjhan/lumina_runner2/logs/coevolve_consume_parity60/stdout.log:7, value=1)",scripts/plot_radeq_vs_cmfgen.py:6|scripts/run_ada_lstar_diag.sh:32|scripts/run_baldiag.sh:21|scripts/run_bfdark.sh:27|scripts/run_boostdr.sh:21|scripts/run_capraise.sh:21|scripts/run_cnclean.sh:21|scripts/run_cndamp.sh:21|scripts/run_coevolve_s01.sh:34|scripts/run_conv16.sh:21|scripts/run_cpl1.sh:21|scripts/run_cpl20.sh:21|scripts/run_dronly.sh:21|scripts/run_etla.sh:21|scripts/run_fix10.sh:24|scripts/run_fix11.sh:24|scripts/run_fix12.sh:24|scripts/run_fix13.sh:24|scripts/run_fix14.sh:24|scripts/run_fix15.sh:24|scripts/run_fix16.sh:24|scripts/run_fix17.sh:24|scripts/run_fix18.sh:24|scripts/run_fix19.sh:24|scripts/run_fix2.sh:24|scripts/run_fix20.sh:24|scripts/run_fix21.sh:24|scripts/run_fix22.sh:24|scripts/run_fix3.sh:24|scripts/run_fix4.sh:24|scripts/run_fix5.sh:24|scripts/run_fix6.sh:24|scripts/run_fix7.sh:24|scripts/run_fix8.sh:24|scripts/run_fix9.sh:24|scripts/run_fph_diag.sh:21|scripts/run_fphbf.sh:21|scripts/run_fphdg.sh:21|scripts/run_fphval.sh:21|scripts/run_frz0.sh:21|scripts/run_hotdump.sh:24|scripts/run_hotroot.sh:21|scripts/run_ionb3.sh:21|scripts/run_ionb5x.sh:21|scripts/run_ionboost.sh:21|scripts/run_ionboost2.sh:21|scripts/run_ionchk.sh:21|scripts/run_ionnt.sh:21|scripts/run_iterdump.sh:24|scripts/run_jdump.sh:21|scripts/run_jdump_diag.sh:16|scripts/run_milne1.sh:24|scripts/run_milneP.sh:24|scripts/run_ntdr.sh:21|scripts/run_recdiag.sh:24|scripts/run_repro22.sh:24|scripts/run_rtr33.sh:21|scripts/run_rtruth.sh:21|scripts/run_s2_chk.sh:21|scripts/run_s2_dep0.sh:21|scripts/run_s2_eps.sh:21|scripts/run_s2_fph.sh:21|scripts/run_s2_fph2.sh:21|scripts/run_s2_fznt.sh:21|scripts/run_s2_nebheat.sh:21|scripts/run_s2_nolinere.sh:21|scripts/run_s2_ntxe.sh:21|scripts/run_s2_phys.sh:21|scripts/run_s40diag.sh:24|scripts/run_srcbl.sh:21|scripts/run_stage0_diag.sh:25|scripts/run_stage1_ab.sh:21|scripts/run_stage2.sh:21|scripts/run_stage3.sh:21|scripts/run_toy.sh:15|scripts/run_wbflr.sh:21|scripts/run_widebr.sh:21|scripts/slurm_cmf_fine_validate.sh:48|scripts/slurm_ddc15_a1_diffbc.sh:55|scripts/slurm_ddc15_a2_jnu.sh:59|scripts/slurm_ddc15_a2_jnu_atrad.sh:59|scripts/slurm_ddc15_a2_newton.sh:57|scripts/slurm_ddc15_a2_newton_omp.sh:59|scripts/slurm_ddc15_a2_septest.sh:59|scripts/slurm_ddc15_a2_trace.sh:59|scripts/slurm_ddc15_a2_trace0.sh:59|scripts/slurm_ddc15_a3_lstar.sh:58|scripts/slurm_ddc15_frozenin.sh:61|scripts/slurm_ddc15_initial.sh:97|scripts/slurm_ddc15_mc_macroatom.sh:69|scripts/slurm_ddc15_nefix_prof.sh:42|scripts/slurm_ddc15_pure_cmfgen.sh:63|scripts/slurm_ddc15_pure_cmfgen_phase3.sh:81|scripts/slurm_ddc15_radeq_ab.sh:66|scripts/slurm_ddc15_radeq_adiab.sh:68|scripts/slurm_ddc15_radeq_blanket.sh:68|scripts/slurm_ddc15_radeq_blanketdamp.sh:68|scripts/slurm_ddc15_radeq_coolfix.sh:59|scripts/slurm_ddc15_radeq_escape.sh:62|scripts/slurm_ddc15_radeq_escape_alllines.sh:62|scripts/slurm_ddc15_radeq_hybridB2.sh:67|scripts/slurm_ddc15_radeq_integralB.sh:72|scripts/slurm_ddc15_radeq_nebular.sh:68|scripts/slurm_ddc15_radeq_noswitch.sh:66|scripts/slurm_ddc15_thenmc.sh:72|scripts/slurm_radeq_ab.sh:210|scripts/slurm_radeq_diag.sh:233|scripts/test_thenmc_bin.sh:16,UNAUDITED,NONE,UNTESTED,HIGH,source-selected model-wide mode/backend/layout/table/profile or cross-shell arithmetic; off-target impact cannot be excluded statically,NO_EVIDENCE (no #if 0; repository dead_code_audit found no unreferenced non-static consumer function),required RESOLVED_CONFIG evidence unavailable (0 files); stdout RUN FOOTER used as fallback,C3_ACTIVE_OFF_UNTESTED,P1,"required: same binary/input; UNSET vs explicit neutral/OFF vs ON(shadow); byte-compare registered state, layout/table manifests, oracle outputs, RNG/event counters; ON must not commit target state"
LUMINA_RADEQ_VR_GAUNT,src/lumina_plasma.c:8425,literal getenv,unset: source comment/default states 1.0,ON_GATE(parameter),DORMANT,NONE,NONE,NONE,NONE,UNAUDITED,NONE,UNTESTED,MEDIUM,parameter/mask can alter arithmetic over multiple selected records or shells; no direct layout reconstruction identified,NO_EVIDENCE (no #if 0; repository dead_code_audit found no unreferenced non-static consumer function),required RESOLVED_CONFIG evidence unavailable (0 files); stdout RUN FOOTER used as fallback,C1_DORMANT_UNAUDITED,NOT_REQUIRED_BY_C2_C3,NONE
LUMINA_RADEQ_VR_STD,src/lumina_plasma.c:8561,literal getenv,unset: source comment/default states 0.2,ON_GATE(parameter),ACTIVE_OBSERVED,1,/gpfs/kjhan/lumina_runner2/logs/coevolve_consume_parity51/stdout.log:18|/gpfs/kjhan/lumina_runner2/logs/coevolve_consume_parity51/stdout.log:37867|/gpfs/kjhan/lumina_runner2/logs/coevolve_consume_parity56/stdout.log:18|/gpfs/kjhan/lumina_runner2/logs/coevolve_consume_parity56/stdout.log:38096|/gpfs/kjhan/lumina_runner2/logs/coevolve_consume_parity57/stdout.log:18|/gpfs/kjhan/lumina_runner2/logs/coevolve_consume_parity57/stdout.log:38863|/gpfs/kjhan/lumina_runner2/logs/coevolve_consume_parity58/stdout.log:18|/gpfs/kjhan/lumina_runner2/logs/coevolve_consume_parity58/stdout.log:38096|/gpfs/kjhan/lumina_runner2/logs/coevolve_consume_parity59/stdout.log:18|/gpfs/kjhan/lumina_runner2/logs/coevolve_consume_parity59/stdout.log:38095|/gpfs/kjhan/lumina_runner2/logs/coevolve_consume_parity60/stdout.log:18|/gpfs/kjhan/lumina_runner2/logs/coevolve_consume_parity60/stdout.log:38912,"coevolve_consume_parity60 (/gpfs/kjhan/lumina_runner2/logs/coevolve_consume_parity60/stdout.log:38912, value=1)",scripts/run_bfdark.sh:56|scripts/run_coevolve_s01.sh:56|scripts/run_fix13.sh:54|scripts/run_fix14.sh:55|scripts/run_fix15.sh:55|scripts/run_fix16.sh:55|scripts/run_fix17.sh:56|scripts/run_fix18.sh:55|scripts/run_fix19.sh:56|scripts/run_fix20.sh:55|scripts/run_fix21.sh:56|scripts/run_fix22.sh:56|scripts/run_hotdump.sh:57|scripts/run_iterdump.sh:57|scripts/run_milne1.sh:57|scripts/run_milneP.sh:59|scripts/run_recdiag.sh:59|scripts/run_repro22.sh:56|scripts/run_s40diag.sh:57|scripts/test_thenmc_bin.sh:30,UNAUDITED,NONE,UNTESTED,MEDIUM,parameter/mask can alter arithmetic over multiple selected records or shells; no direct layout reconstruction identified,NO_EVIDENCE (no #if 0; repository dead_code_audit found no unreferenced non-static consumer function),required RESOLVED_CONFIG evidence unavailable (0 files); stdout RUN FOOTER used as fallback,C3_ACTIVE_OFF_UNTESTED,P2,"required: same binary/input; UNSET vs explicit neutral/OFF vs ON(shadow); byte-compare registered state, layout/table manifests, oracle outputs, RNG/event counters; ON must not commit target state"
LUMINA_RADEQ_WIDE_BRACKET,src/lumina_plasma.c:11884,literal getenv,unset: NULL makes the guarded named branch false; no env-requested override/action at this consumer,ON_GATE/parameter (non-NULL/nonzero or selector value requests the named branch/override),DORMANT,NONE,NONE,NONE,scripts/run_fix3.sh:49|scripts/run_fix5.sh:50|scripts/run_fix7.sh:52|scripts/run_s2_phys.sh:36|scripts/run_widebr.sh:42,UNAUDITED,NONE,UNTESTED,MEDIUM,parameter/mask can alter arithmetic over multiple selected records or shells; no direct layout reconstruction identified,NO_EVIDENCE (no #if 0; repository dead_code_audit found no unreferenced non-static consumer function),required RESOLVED_CONFIG evidence unavailable (0 files); stdout RUN FOOTER used as fallback,C1_DORMANT_UNAUDITED,NOT_REQUIRED_BY_C2_C3,NONE
LUMINA_RATES_FIX,src/lumina_plasma.c:425,literal getenv,unset: NULL makes the guarded named branch false; no env-requested override/action at this consumer,ON_GATE/parameter (non-NULL/nonzero or selector value requests the named branch/override),DORMANT,NONE,NONE,NONE,NONE,COVERED,docs/VERIFICATION_REGISTERS.md,UNTESTED,MEDIUM,parameter/mask can alter arithmetic over multiple selected records or shells; no direct layout reconstruction identified,NO_EVIDENCE (no #if 0; repository dead_code_audit found no unreferenced non-static consumer function),required RESOLVED_CONFIG evidence unavailable (0 files); stdout RUN FOOTER used as fallback,NONE,NOT_REQUIRED_BY_C2_C3,NONE
LUMINA_REC_SPINGATE,src/lumina_plasma.c:2936,literal getenv,unset: NULL makes the guarded named branch false; no env-requested override/action at this consumer,ON_GATE/parameter (non-NULL/nonzero or selector value requests the named branch/override),DORMANT,NONE,NONE,NONE,NONE,COVERED,docs/CODEX_WAVE1_BF_REPAIR_REPORT_2026-07-31.md;docs/VERIFICATION_REGISTERS.md,UNTESTED,MEDIUM,parameter/mask can alter arithmetic over multiple selected records or shells; no direct layout reconstruction identified,NO_EVIDENCE (no #if 0; repository dead_code_audit found no unreferenced non-static consumer function),required RESOLVED_CONFIG evidence unavailable (0 files); stdout RUN FOOTER used as fallback,NONE,NOT_REQUIRED_BY_C2_C3,NONE
LUMINA_RR_TAU_THRESH,src/lumina_plasma.c:3450,literal getenv,unset: source comment/default states 1.0,ON_GATE(parameter),DORMANT,NONE,NONE,NONE,NONE,UNAUDITED,NONE,UNTESTED,MEDIUM,parameter/mask can alter arithmetic over multiple selected records or shells; no direct layout reconstruction identified,NO_EVIDENCE (no #if 0; repository dead_code_audit found no unreferenced non-static consumer function),required RESOLVED_CONFIG evidence unavailable (0 files); stdout RUN FOOTER used as fallback,C1_DORMANT_UNAUDITED,NOT_REQUIRED_BY_C2_C3,NONE
LUMINA_SELF_CONSISTENT_TE,src/lumina_cuda.cu:6810|src/lumina_cuda.cu:6811|src/lumina_main.c:204|src/lumina_main.c:205,literal getenv,unset: 0/OFF,ON_GATE,DORMANT,NONE,NONE,NONE,scripts/slurm_ddc15_initial.sh:96|scripts/slurm_fcoll_sweep.sh:44|scripts/slurm_paper_ddc15_paperli_2002bo_metafix_ratedump_sce.sh:221,UNAUDITED,NONE,UNTESTED,HIGH,source-selected model-wide mode/backend/layout/table/profile or cross-shell arithmetic; off-target impact cannot be excluded statically,NO_EVIDENCE (no #if 0; repository dead_code_audit found no unreferenced non-static consumer function),required RESOLVED_CONFIG evidence unavailable (0 files); stdout RUN FOOTER used as fallback,C1_DORMANT_UNAUDITED|C2_DORMANT_HIGH,P1,"required: same binary/input; UNSET vs explicit neutral/OFF vs ON(shadow); byte-compare registered state, layout/table manifests, oracle outputs, RNG/event counters; ON must not commit target state"
LUMINA_SIMUL_CAP_TOPION,src/lumina_plasma.c:8920,literal getenv,unset: source comment/default states ON,OFF_GATE,ACTIVE_OBSERVED,1,/gpfs/kjhan/lumina_runner2/logs/coevolve_consume_parity51/stdout.log:37899|/gpfs/kjhan/lumina_runner2/logs/coevolve_consume_parity51/stdout.log:50|/gpfs/kjhan/lumina_runner2/logs/coevolve_consume_parity56/stdout.log:38128|/gpfs/kjhan/lumina_runner2/logs/coevolve_consume_parity56/stdout.log:50|/gpfs/kjhan/lumina_runner2/logs/coevolve_consume_parity57/stdout.log:38895|/gpfs/kjhan/lumina_runner2/logs/coevolve_consume_parity57/stdout.log:50|/gpfs/kjhan/lumina_runner2/logs/coevolve_consume_parity58/stdout.log:38128|/gpfs/kjhan/lumina_runner2/logs/coevolve_consume_parity58/stdout.log:50|/gpfs/kjhan/lumina_runner2/logs/coevolve_consume_parity59/stdout.log:38127|/gpfs/kjhan/lumina_runner2/logs/coevolve_consume_parity59/stdout.log:50|/gpfs/kjhan/lumina_runner2/logs/coevolve_consume_parity60/stdout.log:38945|/gpfs/kjhan/lumina_runner2/logs/coevolve_consume_parity60/stdout.log:51,"coevolve_consume_parity60 (/gpfs/kjhan/lumina_runner2/logs/coevolve_consume_parity60/stdout.log:51, value=1)",scripts/launch_parity27_syn08.sh:15|scripts/launch_parity28_syn08.sh:15|scripts/launch_parity29_syn08.sh:15|scripts/launch_parity30_syn08.sh:15|scripts/launch_parity31_syn08.sh:15|scripts/launch_parity32_syn08.sh:15|scripts/launch_parity33_syn08.sh:19|scripts/launch_parity34_syn08.sh:28|scripts/launch_parity35_syn08.sh:23|scripts/launch_parity36a_base.sh:35|scripts/launch_parity36b_noskip.sh:43|scripts/launch_parity37_taudump.sh:49|scripts/launch_parity38_nofloor.sh:58|scripts/launch_parity39_baseline.sh:35|scripts/launch_parity40_tepin.sh:63|scripts/launch_parity41_sivcaiv.sh:75|scripts/launch_parity42_gphoff.sh:68|scripts/run_ioniz_saha_selftest.sh:36|scripts/sbatch_gpu_determinism_probe_a100.sh:26|scripts/sbatch_gpu_determinism_probe_h100.sh:26|scripts/sbatch_parity26_diag.sh:22|scripts/sbatch_parity27_tepin.sh:27|scripts/sbatch_parity28_binfield.sh:27,COVERED,docs/STAGE4_ROUND2_DESIGN.md,UNTESTED,MEDIUM,parameter/mask can alter arithmetic over multiple selected records or shells; no direct layout reconstruction identified,NO_EVIDENCE (no #if 0; repository dead_code_audit found no unreferenced non-static consumer function),required RESOLVED_CONFIG evidence unavailable (0 files); stdout RUN FOOTER used as fallback,C3_ACTIVE_OFF_UNTESTED,P2,"required: same binary/input; UNSET vs explicit neutral/OFF vs ON(shadow); byte-compare registered state, layout/table manifests, oracle outputs, RNG/event counters; ON must not commit target state"
LUMINA_SIMUL_ION_DAMP,src/lumina_plasma.c:10608,literal getenv,unset: source ternary selects fallback expression `0.5`,ON_GATE/parameter (non-NULL/nonzero or selector value requests the named branch/override),DORMANT,NONE,NONE,NONE,NONE,UNAUDITED,NONE,UNTESTED,MEDIUM,parameter/mask can alter arithmetic over multiple selected records or shells; no direct layout reconstruction identified,NO_EVIDENCE (no #if 0; repository dead_code_audit found no unreferenced non-static consumer function),required RESOLVED_CONFIG evidence unavailable (0 files); stdout RUN FOOTER used as fallback,C1_DORMANT_UNAUDITED,NOT_REQUIRED_BY_C2_C3,NONE
LUMINA_SIMUL_NESTED,src/lumina_plasma.c:9842,literal getenv,unset: source ternary selects fallback expression `-1`,ON_GATE/parameter (non-NULL/nonzero or selector value requests the named branch/override),ACTIVE_OBSERVED,6,/gpfs/kjhan/lumina_runner2/logs/coevolve_consume_parity51/stdout.log:22|/gpfs/kjhan/lumina_runner2/logs/coevolve_consume_parity51/stdout.log:37871|/gpfs/kjhan/lumina_runner2/logs/coevolve_consume_parity56/stdout.log:22|/gpfs/kjhan/lumina_runner2/logs/coevolve_consume_parity56/stdout.log:38100|/gpfs/kjhan/lumina_runner2/logs/coevolve_consume_parity57/stdout.log:22|/gpfs/kjhan/lumina_runner2/logs/coevolve_consume_parity57/stdout.log:38867|/gpfs/kjhan/lumina_runner2/logs/coevolve_consume_parity58/stdout.log:22|/gpfs/kjhan/lumina_runner2/logs/coevolve_consume_parity58/stdout.log:38100|/gpfs/kjhan/lumina_runner2/logs/coevolve_consume_parity59/stdout.log:22|/gpfs/kjhan/lumina_runner2/logs/coevolve_consume_parity59/stdout.log:38099|/gpfs/kjhan/lumina_runner2/logs/coevolve_consume_parity60/stdout.log:22|/gpfs/kjhan/lumina_runner2/logs/coevolve_consume_parity60/stdout.log:38916,"coevolve_consume_parity60 (/gpfs/kjhan/lumina_runner2/logs/coevolve_consume_parity60/stdout.log:38916, value=6)",scripts/run_bfdark.sh:107|scripts/run_bfdark.sh:108|scripts/run_bfdark.sh:109|scripts/run_bfdark.sh:110|scripts/run_bfdark.sh:111|scripts/run_bfdark.sh:112|scripts/run_bfdark.sh:113|scripts/run_bfdark.sh:114|scripts/run_bfdark.sh:115|scripts/run_bfdark.sh:116|scripts/run_coevolve_s01.sh:71,COVERED,docs/FLUOR_FRONT_POST_EPAY.md,UNTESTED,MEDIUM,parameter/mask can alter arithmetic over multiple selected records or shells; no direct layout reconstruction identified,NO_EVIDENCE (no #if 0; repository dead_code_audit found no unreferenced non-static consumer function),required RESOLVED_CONFIG evidence unavailable (0 files); stdout RUN FOOTER used as fallback,C3_ACTIVE_OFF_UNTESTED,P2,"required: same binary/input; UNSET vs explicit neutral/OFF vs ON(shadow); byte-compare registered state, layout/table manifests, oracle outputs, RNG/event counters; ON must not commit target state"
LUMINA_SIMUL_NESTED_NL,src/lumina_plasma.c:9844,literal getenv,unset: NULL makes the guarded named branch false; no env-requested override/action at this consumer,ON_GATE/parameter (non-NULL/nonzero or selector value requests the named branch/override),DORMANT,NONE,NONE,NONE,NONE,COVERED,docs/FLUOR_FRONT_POST_EPAY.md,UNTESTED,MEDIUM,parameter/mask can alter arithmetic over multiple selected records or shells; no direct layout reconstruction identified,NO_EVIDENCE (no #if 0; repository dead_code_audit found no unreferenced non-static consumer function),required RESOLVED_CONFIG evidence unavailable (0 files); stdout RUN FOOTER used as fallback,NONE,NOT_REQUIRED_BY_C2_C3,NONE
LUMINA_SIMUL_NTP,src/lumina_plasma.c:10305,literal getenv,unset: source ternary selects fallback expression `2.0`,ON_GATE/parameter (non-NULL/nonzero or selector value requests the named branch/override),DORMANT,NONE,NONE,NONE,NONE,UNAUDITED,NONE,UNTESTED,MEDIUM,parameter/mask can alter arithmetic over multiple selected records or shells; no direct layout reconstruction identified,NO_EVIDENCE (no #if 0; repository dead_code_audit found no unreferenced non-static consumer function),required RESOLVED_CONFIG evidence unavailable (0 files); stdout RUN FOOTER used as fallback,C1_DORMANT_UNAUDITED,NOT_REQUIRED_BY_C2_C3,NONE
LUMINA_SIMUL_TRACE,src/lumina_plasma.c:10489,literal getenv,unset: diagnostic/self-test branch not requested (no getenv value),ON_GATE(diagnostic),DORMANT,NONE,NONE,NONE,scripts/run_bfdark.sh:63|scripts/run_recdiag.sh:54|scripts/run_s40diag.sh:54,UNAUDITED,NONE,UNTESTED,LOW,diagnostic/output/self-test control; may alter I/O or early exit but no production array/layout mutation identified at consumer,NO_EVIDENCE (no #if 0; repository dead_code_audit found no unreferenced non-static consumer function),required RESOLVED_CONFIG evidence unavailable (0 files); stdout RUN FOOTER used as fallback,C1_DORMANT_UNAUDITED,NOT_REQUIRED_BY_C2_C3,NONE
LUMINA_SL_DUMP,src/lumina_cuda.cu:8968,literal getenv,unset: diagnostic/self-test branch not requested (no getenv value),ON_GATE(diagnostic),DORMANT,NONE,NONE,NONE,scripts/slurm_ddc15_pure_cmfgen_phase3.sh:130,UNAUDITED,NONE,UNTESTED,LOW,diagnostic/output/self-test control; may alter I/O or early exit but no production array/layout mutation identified at consumer,NO_EVIDENCE (no #if 0; repository dead_code_audit found no unreferenced non-static consumer function),required RESOLVED_CONFIG evidence unavailable (0 files); stdout RUN FOOTER used as fallback,C1_DORMANT_UNAUDITED,NOT_REQUIRED_BY_C2_C3,NONE
LUMINA_SL_WRITE_SKIPZ,src/lumina_plasma.c:16818,literal getenv,unset: getenv returns NULL and this env override is not applied; compiled initializer/parent mode remains,ON_GATE/parameter (exact polarity unresolved),DORMANT,NONE,NONE,NONE,scripts/judge_parity35.py:5|scripts/judge_smoke_slwrite.py:30|scripts/launch_parity35_syn08.sh:16,UNAUDITED,NONE,UNTESTED,MEDIUM,parameter/mask can alter arithmetic over multiple selected records or shells; no direct layout reconstruction identified,NO_EVIDENCE (no #if 0; repository dead_code_audit found no unreferenced non-static consumer function),exact unset initializer/polarity requires function-level semantic audit | required RESOLVED_CONFIG evidence unavailable (0 files); stdout RUN FOOTER used as fallback,C1_DORMANT_UNAUDITED,NOT_REQUIRED_BY_C2_C3,NONE
LUMINA_SPEC_RANGE,src/lumina_cuda.cu:6960|src/lumina_cuda.cu:6961|src/lumina_main.c:266|src/lumina_main.c:268|src/lumina_main.c:274,literal getenv,unset: direct getenv condition is false; named branch is not entered,ON_GATE/parameter (non-NULL/nonzero or selector value requests the named branch/override),DORMANT,NONE,NONE,NONE,NONE,UNAUDITED,NONE,UNTESTED,HIGH,source-selected model-wide mode/backend/layout/table/profile or cross-shell arithmetic; off-target impact cannot be excluded statically,NO_EVIDENCE (no #if 0; repository dead_code_audit found no unreferenced non-static consumer function),required RESOLVED_CONFIG evidence unavailable (0 files); stdout RUN FOOTER used as fallback,C1_DORMANT_UNAUDITED|C2_DORMANT_HIGH,P1,"required: same binary/input; UNSET vs explicit neutral/OFF vs ON(shadow); byte-compare registered state, layout/table manifests, oracle outputs, RNG/event counters; ON must not commit target state"
LUMINA_SPINGATE_MULT,src/lumina_atomic.c:924,literal getenv,unset: NULL makes the guarded named branch false; no env-requested override/action at this consumer,ON_GATE/parameter (non-NULL/nonzero or selector value requests the named branch/override),DORMANT,NONE,NONE,NONE,NONE,UNAUDITED,NONE,UNTESTED,MEDIUM,parameter/mask can alter arithmetic over multiple selected records or shells; no direct layout reconstruction identified,NO_EVIDENCE (no #if 0; repository dead_code_audit found no unreferenced non-static consumer function),required RESOLVED_CONFIG evidence unavailable (0 files); stdout RUN FOOTER used as fallback,C1_DORMANT_UNAUDITED,NOT_REQUIRED_BY_C2_C3,NONE
LUMINA_STAGE0_CSV,src/lumina_plasma.c:11638,literal getenv,unset: NULL makes the guarded named branch false; no env-requested override/action at this consumer,ON_GATE/parameter (non-NULL/nonzero or selector value requests the named branch/override),DORMANT,NONE,NONE,NONE,scripts/run_baldiag.sh:51|scripts/run_bfdark.sh:69|scripts/run_boostdr.sh:54|scripts/run_capraise.sh:51|scripts/run_cnclean.sh:51|scripts/run_cndamp.sh:51|scripts/run_conv16.sh:51|scripts/run_cpl1.sh:51|scripts/run_cpl20.sh:51|scripts/run_dronly.sh:52|scripts/run_etla.sh:53|scripts/run_fix10.sh:63|scripts/run_fix11.sh:63|scripts/run_fix12.sh:63|scripts/run_fix13.sh:65|scripts/run_fix14.sh:66|scripts/run_fix15.sh:66|scripts/run_fix16.sh:66|scripts/run_fix17.sh:67|scripts/run_fix18.sh:66|scripts/run_fix19.sh:67|scripts/run_fix2.sh:58|scripts/run_fix20.sh:66|scripts/run_fix21.sh:67|scripts/run_fix22.sh:67|scripts/run_fix3.sh:60|scripts/run_fix4.sh:59|scripts/run_fix5.sh:61|scripts/run_fix6.sh:61|scripts/run_fix7.sh:63|scripts/run_fix8.sh:62|scripts/run_fix9.sh:63|scripts/run_fph_diag.sh:49|scripts/run_fphbf.sh:52|scripts/run_fphdg.sh:53|scripts/run_fphval.sh:51|scripts/run_frz0.sh:51|scripts/run_hotdump.sh:68|scripts/run_hotroot.sh:51|scripts/run_ionb3.sh:53|scripts/run_ionb5x.sh:53|scripts/run_ionboost.sh:51|scripts/run_ionboost2.sh:51|scripts/run_ionchk.sh:51|scripts/run_ionnt.sh:54|scripts/run_iterdump.sh:69|scripts/run_jdump.sh:53|scripts/run_milne1.sh:68|scripts/run_milneP.sh:70|scripts/run_ntdr.sh:53|scripts/run_recdiag.sh:71|scripts/run_repro22.sh:67|scripts/run_rtr33.sh:51|scripts/run_rtruth.sh:52|scripts/run_s2_chk.sh:46|scripts/run_s2_dep0.sh:45|scripts/run_s2_eps.sh:46|scripts/run_s2_fph.sh:49|scripts/run_s2_fph2.sh:50|scripts/run_s2_fznt.sh:49|scripts/run_s2_nebheat.sh:47|scripts/run_s2_nolinere.sh:46|scripts/run_s2_ntxe.sh:48|scripts/run_s2_phys.sh:48|scripts/run_s40diag.sh:68|scripts/run_srcbl.sh:52|scripts/run_stage0_diag.sh:40|scripts/run_stage1_ab.sh:44|scripts/run_stage2.sh:45|scripts/run_stage3.sh:46|scripts/run_wbflr.sh:53|scripts/run_widebr.sh:53,COVERED,docs/TRANSPORT_COUPLED_TE_DESIGN.md,UNTESTED,MEDIUM,parameter/mask can alter arithmetic over multiple selected records or shells; no direct layout reconstruction identified,NO_EVIDENCE (no #if 0; repository dead_code_audit found no unreferenced non-static consumer function),required RESOLVED_CONFIG evidence unavailable (0 files); stdout RUN FOOTER used as fallback,NONE,NOT_REQUIRED_BY_C2_C3,NONE
LUMINA_STAGE0_DIAG,src/lumina_plasma.c:11624,literal getenv,unset: diagnostic/self-test branch not requested (no getenv value),ON_GATE(diagnostic),DORMANT,NONE,NONE,NONE,scripts/run_baldiag.sh:40|scripts/run_bfdark.sh:42|scripts/run_boostdr.sh:43|scripts/run_capraise.sh:40|scripts/run_cnclean.sh:40|scripts/run_cndamp.sh:40|scripts/run_conv16.sh:40|scripts/run_cpl1.sh:40|scripts/run_cpl20.sh:40|scripts/run_dronly.sh:40|scripts/run_etla.sh:40|scripts/run_fix10.sh:42|scripts/run_fix11.sh:42|scripts/run_fix12.sh:42|scripts/run_fix13.sh:42|scripts/run_fix14.sh:42|scripts/run_fix15.sh:42|scripts/run_fix16.sh:42|scripts/run_fix17.sh:42|scripts/run_fix18.sh:42|scripts/run_fix19.sh:42|scripts/run_fix2.sh:42|scripts/run_fix20.sh:42|scripts/run_fix21.sh:42|scripts/run_fix22.sh:42|scripts/run_fix3.sh:42|scripts/run_fix4.sh:42|scripts/run_fix5.sh:42|scripts/run_fix6.sh:42|scripts/run_fix7.sh:42|scripts/run_fix8.sh:42|scripts/run_fix9.sh:42|scripts/run_fph_diag.sh:38|scripts/run_fphbf.sh:41|scripts/run_fphdg.sh:42|scripts/run_fphval.sh:40|scripts/run_frz0.sh:40|scripts/run_hotdump.sh:42|scripts/run_hotroot.sh:40|scripts/run_ionb3.sh:42|scripts/run_ionb5x.sh:42|scripts/run_ionboost.sh:40|scripts/run_ionboost2.sh:40|scripts/run_ionchk.sh:40|scripts/run_ionnt.sh:40|scripts/run_iterdump.sh:42|scripts/run_jdump.sh:40|scripts/run_milne1.sh:42|scripts/run_milneP.sh:42|scripts/run_ntdr.sh:42|scripts/run_recdiag.sh:42|scripts/run_repro22.sh:42|scripts/run_rtr33.sh:40|scripts/run_rtruth.sh:40|scripts/run_s2_chk.sh:35|scripts/run_s2_dep0.sh:34|scripts/run_s2_eps.sh:35|scripts/run_s2_fph.sh:38|scripts/run_s2_fph2.sh:39|scripts/run_s2_fznt.sh:38|scripts/run_s2_nebheat.sh:36|scripts/run_s2_nolinere.sh:35|scripts/run_s2_ntxe.sh:37|scripts/run_s2_phys.sh:37|scripts/run_s40diag.sh:42|scripts/run_srcbl.sh:41|scripts/run_stage0_diag.sh:39|scripts/run_stage1_ab.sh:34|scripts/run_stage2.sh:34|scripts/run_stage3.sh:35|scripts/run_wbflr.sh:42|scripts/run_widebr.sh:40|scripts/test_thenmc_bin.sh:27,COVERED,docs/TRANSPORT_COUPLED_TE_DESIGN.md,UNTESTED,LOW,diagnostic/output/self-test control; may alter I/O or early exit but no production array/layout mutation identified at consumer,NO_EVIDENCE (no #if 0; repository dead_code_audit found no unreferenced non-static consumer function),required RESOLVED_CONFIG evidence unavailable (0 files); stdout RUN FOOTER used as fallback,NONE,NOT_REQUIRED_BY_C2_C3,NONE
LUMINA_STAGE4_BK_CAP,src/lumina_element_wide.c:43|src/lumina_element_wide.c:1060|src/lumina_plasma.c:10000,literal + dynamic helper,unset: source ternary selects fallback expression `0.13`,ON_GATE/parameter (non-NULL/nonzero or selector value requests the named branch/override),DORMANT,NONE,NONE,NONE,scripts/run_coldata_syn08.sh:53|scripts/sbatch_aud1.sh:121|scripts/sbatch_aud2.sh:112|scripts/sbatch_aud3.sh:110|scripts/sbatch_euv461.sh:103|scripts/sbatch_fbcb.sh:103|scripts/sbatch_fbckt.sh:103|scripts/sbatch_jbl2.sh:124|scripts/sbatch_kpr.sh:133|scripts/sbatch_kpr10.sh:123|scripts/sbatch_kpr10b.sh:123|scripts/sbatch_kpr2.sh:116|scripts/sbatch_kpr3.sh:114|scripts/sbatch_kpr4.sh:137|scripts/sbatch_kpr5.sh:147|scripts/sbatch_kpr5jt.sh:147|scripts/sbatch_kpr6.sh:114|scripts/sbatch_kpr7.sh:124|scripts/sbatch_kpr8.sh:139|scripts/sbatch_kpr9.sh:124|scripts/sbatch_kpr_nob3.sh:133|scripts/sbatch_milne.sh:103|scripts/sbatch_milnec2.sh:103|scripts/sbatch_milnec2ne64.sh:95|scripts/sbatch_tepop1.sh:103,UNAUDITED,NONE,UNTESTED,MEDIUM,parameter/mask can alter arithmetic over multiple selected records or shells; no direct layout reconstruction identified,NO_EVIDENCE (no #if 0; repository dead_code_audit found no unreferenced non-static consumer function),required RESOLVED_CONFIG evidence unavailable (0 files); stdout RUN FOOTER used as fallback,C1_DORMANT_UNAUDITED,NOT_REQUIRED_BY_C2_C3,NONE
LUMINA_STAGE4_GPH_WTHR,src/lumina_plasma.c:9995,literal getenv,unset: source ternary selects fallback expression `0.13`,ON_GATE/parameter (non-NULL/nonzero or selector value requests the named branch/override),DORMANT,NONE,NONE,NONE,scripts/run_coldata_syn08.sh:52|scripts/sbatch_aud1.sh:120|scripts/sbatch_aud2.sh:108|scripts/sbatch_aud3.sh:108|scripts/sbatch_euv461.sh:102|scripts/sbatch_fbcb.sh:102|scripts/sbatch_fbckt.sh:102|scripts/sbatch_jbl2.sh:123|scripts/sbatch_kpr.sh:132|scripts/sbatch_kpr10.sh:122|scripts/sbatch_kpr10b.sh:122|scripts/sbatch_kpr2.sh:115|scripts/sbatch_kpr3.sh:113|scripts/sbatch_kpr4.sh:136|scripts/sbatch_kpr5.sh:146|scripts/sbatch_kpr5jt.sh:146|scripts/sbatch_kpr6.sh:113|scripts/sbatch_kpr7.sh:123|scripts/sbatch_kpr8.sh:138|scripts/sbatch_kpr9.sh:123|scripts/sbatch_kpr_nob3.sh:132|scripts/sbatch_milne.sh:102|scripts/sbatch_milnec2.sh:102|scripts/sbatch_milnec2ne64.sh:94|scripts/sbatch_tepop1.sh:102,UNAUDITED,NONE,UNTESTED,MEDIUM,parameter/mask can alter arithmetic over multiple selected records or shells; no direct layout reconstruction identified,NO_EVIDENCE (no #if 0; repository dead_code_audit found no unreferenced non-static consumer function),required RESOLVED_CONFIG evidence unavailable (0 files); stdout RUN FOOTER used as fallback,C1_DORMANT_UNAUDITED,NOT_REQUIRED_BY_C2_C3,NONE
LUMINA_SUPER_CUTOFF,src/lumina_atomic.c:771|src/lumina_element_wide.c:43|src/lumina_element_wide.c:1060|src/lumina_element_wide.c:1245,literal + dynamic helper,unset: source ternary selects fallback expression `0`,ON_GATE/parameter (non-NULL/nonzero or selector value requests the named branch/override),ACTIVE_OBSERVED,100,/gpfs/kjhan/lumina_runner2/logs/coevolve_consume_parity51/stdout.log:107|/gpfs/kjhan/lumina_runner2/logs/coevolve_consume_parity51/stdout.log:37956|/gpfs/kjhan/lumina_runner2/logs/coevolve_consume_parity56/stdout.log:107|/gpfs/kjhan/lumina_runner2/logs/coevolve_consume_parity56/stdout.log:38185|/gpfs/kjhan/lumina_runner2/logs/coevolve_consume_parity57/stdout.log:107|/gpfs/kjhan/lumina_runner2/logs/coevolve_consume_parity57/stdout.log:38952|/gpfs/kjhan/lumina_runner2/logs/coevolve_consume_parity58/stdout.log:108|/gpfs/kjhan/lumina_runner2/logs/coevolve_consume_parity58/stdout.log:38186|/gpfs/kjhan/lumina_runner2/logs/coevolve_consume_parity59/stdout.log:108|/gpfs/kjhan/lumina_runner2/logs/coevolve_consume_parity59/stdout.log:38185|/gpfs/kjhan/lumina_runner2/logs/coevolve_consume_parity60/stdout.log:110|/gpfs/kjhan/lumina_runner2/logs/coevolve_consume_parity60/stdout.log:39004,"coevolve_consume_parity60 (/gpfs/kjhan/lumina_runner2/logs/coevolve_consume_parity60/stdout.log:39004, value=100)",scripts/run_baldiag.sh:14|scripts/run_bfdark.sh:20|scripts/run_boostdr.sh:14|scripts/run_capraise.sh:14|scripts/run_cnclean.sh:14|scripts/run_cndamp.sh:14|scripts/run_coevolve_s01.sh:27|scripts/run_conv16.sh:14|scripts/run_cpl1.sh:14|scripts/run_cpl20.sh:14|scripts/run_dronly.sh:14|scripts/run_etla.sh:14|scripts/run_fix10.sh:17|scripts/run_fix11.sh:17|scripts/run_fix12.sh:17|scripts/run_fix13.sh:17|scripts/run_fix14.sh:17|scripts/run_fix15.sh:17|scripts/run_fix16.sh:17|scripts/run_fix17.sh:17|scripts/run_fix18.sh:17|scripts/run_fix19.sh:17|scripts/run_fix2.sh:17|scripts/run_fix20.sh:17|scripts/run_fix21.sh:17|scripts/run_fix22.sh:17|scripts/run_fix3.sh:17|scripts/run_fix4.sh:17|scripts/run_fix5.sh:17|scripts/run_fix6.sh:17|scripts/run_fix7.sh:17|scripts/run_fix8.sh:17|scripts/run_fix9.sh:17|scripts/run_fph_diag.sh:14|scripts/run_fphbf.sh:14|scripts/run_fphdg.sh:14|scripts/run_fphval.sh:14|scripts/run_frz0.sh:14|scripts/run_hotdump.sh:17|scripts/run_hotroot.sh:14|scripts/run_ionb3.sh:14|scripts/run_ionb5x.sh:14|scripts/run_ionboost.sh:14|scripts/run_ionboost2.sh:14|scripts/run_ionchk.sh:14|scripts/run_ionnt.sh:14|scripts/run_iterdump.sh:17|scripts/run_jdump.sh:14|scripts/run_jdump_diag.sh:9|scripts/run_lageunha.sh:30|scripts/run_milne1.sh:17|scripts/run_milneP.sh:17|scripts/run_ntdr.sh:14|scripts/run_recdiag.sh:17|scripts/run_repro22.sh:17|scripts/run_rtr33.sh:14|scripts/run_rtruth.sh:14|scripts/run_s2_chk.sh:14|scripts/run_s2_dep0.sh:14|scripts/run_s2_eps.sh:14|scripts/run_s2_fph.sh:14|scripts/run_s2_fph2.sh:14|scripts/run_s2_fznt.sh:14|scripts/run_s2_nebheat.sh:14|scripts/run_s2_nolinere.sh:14|scripts/run_s2_ntxe.sh:14|scripts/run_s2_phys.sh:14|scripts/run_s40diag.sh:17|scripts/run_srcbl.sh:14|scripts/run_stage0_diag.sh:18|scripts/run_stage1_ab.sh:14|scripts/run_stage2.sh:14|scripts/run_stage3.sh:14|scripts/run_wbflr.sh:14|scripts/run_widebr.sh:14|scripts/test_thenmc_bin.sh:11,COVERED,docs/OPUS5_WAVE3_CODE_AUDIT.md;docs/CODEX_WAVE3_C_REVIEW.md;docs/CONTROLLED_TEST_SUITE.md;docs/STAGE4_NLTE_REPAIR_DESIGN.md,UNTESTED,HIGH,source-selected model-wide mode/backend/layout/table/profile or cross-shell arithmetic; off-target impact cannot be excluded statically,NO_EVIDENCE (no #if 0; repository dead_code_audit found no unreferenced non-static consumer function),required RESOLVED_CONFIG evidence unavailable (0 files); stdout RUN FOOTER used as fallback,C3_ACTIVE_OFF_UNTESTED,P0,"required: same binary/input; UNSET vs explicit neutral/OFF vs ON(shadow); byte-compare registered state, layout/table manifests, oracle outputs, RNG/event counters; ON must not commit target state"
LUMINA_SUPER_LEVELS,src/lumina_plasma.c:14120,literal getenv,unset: NULL makes the guarded named branch false; no env-requested override/action at this consumer,ON_GATE/parameter (non-NULL/nonzero or selector value requests the named branch/override),ACTIVE_OBSERVED,1,/gpfs/kjhan/lumina_runner2/logs/coevolve_consume_parity51/stdout.log:37913|/gpfs/kjhan/lumina_runner2/logs/coevolve_consume_parity51/stdout.log:64|/gpfs/kjhan/lumina_runner2/logs/coevolve_consume_parity56/stdout.log:38142|/gpfs/kjhan/lumina_runner2/logs/coevolve_consume_parity56/stdout.log:64|/gpfs/kjhan/lumina_runner2/logs/coevolve_consume_parity57/stdout.log:38909|/gpfs/kjhan/lumina_runner2/logs/coevolve_consume_parity57/stdout.log:64|/gpfs/kjhan/lumina_runner2/logs/coevolve_consume_parity58/stdout.log:38143|/gpfs/kjhan/lumina_runner2/logs/coevolve_consume_parity58/stdout.log:65|/gpfs/kjhan/lumina_runner2/logs/coevolve_consume_parity59/stdout.log:38142|/gpfs/kjhan/lumina_runner2/logs/coevolve_consume_parity59/stdout.log:65|/gpfs/kjhan/lumina_runner2/logs/coevolve_consume_parity60/stdout.log:38960|/gpfs/kjhan/lumina_runner2/logs/coevolve_consume_parity60/stdout.log:66,"coevolve_consume_parity60 (/gpfs/kjhan/lumina_runner2/logs/coevolve_consume_parity60/stdout.log:66, value=1)",scripts/launch_parity27_syn08.sh:16|scripts/launch_parity28_syn08.sh:16|scripts/launch_parity29_syn08.sh:16|scripts/launch_parity30_syn08.sh:16|scripts/launch_parity31_syn08.sh:16|scripts/launch_parity32_syn08.sh:16|scripts/launch_parity33_syn08.sh:20|scripts/launch_parity34_syn08.sh:29|scripts/launch_parity35_syn08.sh:24|scripts/launch_parity36a_base.sh:36|scripts/launch_parity36b_noskip.sh:44|scripts/launch_parity37_taudump.sh:50|scripts/launch_parity38_nofloor.sh:59|scripts/launch_parity39_baseline.sh:36|scripts/launch_parity40_tepin.sh:64|scripts/launch_parity41_sivcaiv.sh:76|scripts/launch_parity42_gphoff.sh:69|scripts/sbatch_gpu_determinism_probe_a100.sh:31|scripts/sbatch_gpu_determinism_probe_h100.sh:31|scripts/sbatch_parity26_diag.sh:23|scripts/sbatch_parity27_tepin.sh:28|scripts/sbatch_parity28_binfield.sh:28|scripts/slurm_ddc15_pure_cmfgen_phase3.sh:178|scripts/slurm_radeq_diag.sh:223|scripts/slurm_superlev_ab.sh:210,COVERED,docs/OPUS5_WAVE3_CODE_AUDIT.md;docs/CODEX_WAVE3_D8_FALSIFIER.md;docs/CODEX_D8_PAIR_BASELINE_FALSIFIER_2026-07-31.md,UNTESTED,HIGH,source-selected model-wide mode/backend/layout/table/profile or cross-shell arithmetic; off-target impact cannot be excluded statically,NO_EVIDENCE (no #if 0; repository dead_code_audit found no unreferenced non-static consumer function),required RESOLVED_CONFIG evidence unavailable (0 files); stdout RUN FOOTER used as fallback,C3_ACTIVE_OFF_UNTESTED,P0,"required: same binary/input; UNSET vs explicit neutral/OFF vs ON(shadow); byte-compare registered state, layout/table manifests, oracle outputs, RNG/event counters; ON must not commit target state"
LUMINA_TAU_BY_ION,src/lumina_plasma.c:6370,literal getenv,unset: source comment/default states 0,ON_GATE,ACTIVE_OBSERVED,1,/gpfs/kjhan/lumina_runner2/logs/coevolve_consume_parity51/stdout.log:37902|/gpfs/kjhan/lumina_runner2/logs/coevolve_consume_parity51/stdout.log:53|/gpfs/kjhan/lumina_runner2/logs/coevolve_consume_parity56/stdout.log:38131|/gpfs/kjhan/lumina_runner2/logs/coevolve_consume_parity56/stdout.log:53|/gpfs/kjhan/lumina_runner2/logs/coevolve_consume_parity57/stdout.log:38898|/gpfs/kjhan/lumina_runner2/logs/coevolve_consume_parity57/stdout.log:53|/gpfs/kjhan/lumina_runner2/logs/coevolve_consume_parity58/stdout.log:38131|/gpfs/kjhan/lumina_runner2/logs/coevolve_consume_parity58/stdout.log:53|/gpfs/kjhan/lumina_runner2/logs/coevolve_consume_parity59/stdout.log:38130|/gpfs/kjhan/lumina_runner2/logs/coevolve_consume_parity59/stdout.log:53|/gpfs/kjhan/lumina_runner2/logs/coevolve_consume_parity60/stdout.log:38949|/gpfs/kjhan/lumina_runner2/logs/coevolve_consume_parity60/stdout.log:55,"coevolve_consume_parity60 (/gpfs/kjhan/lumina_runner2/logs/coevolve_consume_parity60/stdout.log:55, value=1)",scripts/run_ada_lstar_diag.sh:52|scripts/run_baldiag.sh:28|scripts/run_bfdark.sh:34|scripts/run_boostdr.sh:31|scripts/run_capraise.sh:28|scripts/run_cnclean.sh:28|scripts/run_cndamp.sh:28|scripts/run_coevolve_s01.sh:41|scripts/run_conv16.sh:28|scripts/run_cpl1.sh:28|scripts/run_cpl20.sh:28|scripts/run_dronly.sh:28|scripts/run_etla.sh:28|scripts/run_fix10.sh:31|scripts/run_fix11.sh:31|scripts/run_fix12.sh:31|scripts/run_fix13.sh:31|scripts/run_fix14.sh:31|scripts/run_fix15.sh:31|scripts/run_fix16.sh:31|scripts/run_fix17.sh:31|scripts/run_fix18.sh:31|scripts/run_fix19.sh:31|scripts/run_fix2.sh:31|scripts/run_fix20.sh:31|scripts/run_fix21.sh:31|scripts/run_fix22.sh:31|scripts/run_fix3.sh:31|scripts/run_fix4.sh:31|scripts/run_fix5.sh:31|scripts/run_fix6.sh:31|scripts/run_fix7.sh:31|scripts/run_fix8.sh:31|scripts/run_fix9.sh:31|scripts/run_fph_diag.sh:28|scripts/run_fphbf.sh:28|scripts/run_fphdg.sh:28|scripts/run_fphval.sh:28|scripts/run_frz0.sh:28|scripts/run_hotdump.sh:31|scripts/run_hotroot.sh:28|scripts/run_ionb3.sh:30|scripts/run_ionb5x.sh:30|scripts/run_ionboost.sh:28|scripts/run_ionboost2.sh:28|scripts/run_ionchk.sh:28|scripts/run_ionnt.sh:28|scripts/run_iterdump.sh:31|scripts/run_jdump.sh:28|scripts/run_jdump_diag.sh:22|scripts/run_milne1.sh:31|scripts/run_milneP.sh:31|scripts/run_ntdr.sh:30|scripts/run_recdiag.sh:31|scripts/run_repro22.sh:31|scripts/run_rtr33.sh:28|scripts/run_rtruth.sh:28|scripts/run_s2_chk.sh:28|scripts/run_s2_dep0.sh:28|scripts/run_s2_eps.sh:28|scripts/run_s2_fph.sh:28|scripts/run_s2_fph2.sh:28|scripts/run_s2_fznt.sh:28|scripts/run_s2_nebheat.sh:28|scripts/run_s2_nolinere.sh:28|scripts/run_s2_ntxe.sh:28|scripts/run_s2_phys.sh:28|scripts/run_s40diag.sh:31|scripts/run_srcbl.sh:28|scripts/run_stage0_diag.sh:32|scripts/run_stage1_ab.sh:28|scripts/run_stage2.sh:28|scripts/run_stage3.sh:29|scripts/run_wbflr.sh:30|scripts/run_widebr.sh:28|scripts/slurm_aulbranch_validate.sh:207|scripts/slurm_binnedj_estimator_ab.sh:213|scripts/slurm_cmf_fine_validate.sh:53|scripts/slurm_ddc15_a1_diffbc.sh:69|scripts/slurm_ddc15_a2_jnu.sh:78|scripts/slurm_ddc15_a2_jnu_atrad.sh:79|scripts/slurm_ddc15_a2_newton.sh:74|scripts/slurm_ddc15_a2_newton_omp.sh:77|scripts/slurm_ddc15_a2_septest.sh:78|scripts/slurm_ddc15_a2_trace.sh:78|scripts/slurm_ddc15_a2_trace0.sh:78|scripts/slurm_ddc15_a3_lstar.sh:82|scripts/slurm_ddc15_frozenin.sh:74|scripts/slurm_ddc15_frozenin_ab.sh:74|scripts/slurm_ddc15_initial.sh:100|scripts/slurm_ddc15_mc_macroatom.sh:84|scripts/slurm_ddc15_nefix_prof.sh:62|scripts/slurm_ddc15_pure_cmfgen.sh:69|scripts/slurm_ddc15_pure_cmfgen_phase3.sh:98|scripts/slurm_ddc15_radeq_ab.sh:71|scripts/slurm_ddc15_radeq_adiab.sh:79|scripts/slurm_ddc15_radeq_blanket.sh:79|scripts/slurm_ddc15_radeq_blanketdamp.sh:80|scripts/slurm_ddc15_radeq_coolfix.sh:65|scripts/slurm_ddc15_radeq_escape.sh:69|scripts/slurm_ddc15_radeq_escape_alllines.sh:69|scripts/slurm_ddc15_radeq_hybridB2.sh:77|scripts/slurm_ddc15_radeq_integralB.sh:80|scripts/slurm_ddc15_radeq_nebular.sh:79|scripts/slurm_ddc15_radeq_noswitch.sh:77|scripts/slurm_ddc15_thenmc.sh:88|scripts/slurm_ddc15real.sh:70|scripts/slurm_downbranch_binnedj_ab.sh:214|scripts/slurm_einsteinFix_2002bo_taubyion.sh:209|scripts/slurm_fixtrad_fluorescence.sh:221|scripts/slurm_ionstage_ab.sh:195|scripts/slurm_jcap_test.sh:215|scripts/slurm_ma_internal_cap.sh:216|scripts/slurm_macroatom_binnedj_ab.sh:225|scripts/slurm_phase0_ebudget.sh:193|scripts/slurm_phase2a_innerbc_ab.sh:205|scripts/slurm_phase2b_nlte_opacity_ionstage_ab.sh:220|scripts/slurm_phase2c_fluorescence_ab.sh:213|scripts/slurm_radeq_ab.sh:209|scripts/slurm_radeq_diag.sh:229|scripts/slurm_superlev_ab.sh:209|scripts/slurm_taubyion_window.sh:168|scripts/test_thenmc_bin.sh:22,UNAUDITED,NONE,UNTESTED,MEDIUM,parameter/mask can alter arithmetic over multiple selected records or shells; no direct layout reconstruction identified,NO_EVIDENCE (no #if 0; repository dead_code_audit found no unreferenced non-static consumer function),required RESOLVED_CONFIG evidence unavailable (0 files); stdout RUN FOOTER used as fallback,C3_ACTIVE_OFF_UNTESTED,P2,"required: same binary/input; UNSET vs explicit neutral/OFF vs ON(shadow); byte-compare registered state, layout/table manifests, oracle outputs, RNG/event counters; ON must not commit target state"
LUMINA_TAU_BY_ION_LAM_HI,src/lumina_plasma.c:6382|src/lumina_plasma.c:6383,literal getenv,unset: direct getenv condition is false; named branch is not entered,ON_GATE/parameter (non-NULL/nonzero or selector value requests the named branch/override),DORMANT,NONE,NONE,NONE,scripts/slurm_radeq_diag.sh:232|scripts/slurm_taubyion_window.sh:173,UNAUDITED,NONE,UNTESTED,MEDIUM,parameter/mask can alter arithmetic over multiple selected records or shells; no direct layout reconstruction identified,NO_EVIDENCE (no #if 0; repository dead_code_audit found no unreferenced non-static consumer function),required RESOLVED_CONFIG evidence unavailable (0 files); stdout RUN FOOTER used as fallback,C1_DORMANT_UNAUDITED,NOT_REQUIRED_BY_C2_C3,NONE
LUMINA_TAU_BY_ION_LAM_LO,src/lumina_plasma.c:6380|src/lumina_plasma.c:6381,literal getenv,unset: direct getenv condition is false; named branch is not entered,ON_GATE/parameter (non-NULL/nonzero or selector value requests the named branch/override),DORMANT,NONE,NONE,NONE,scripts/slurm_radeq_diag.sh:231|scripts/slurm_taubyion_window.sh:172,UNAUDITED,NONE,UNTESTED,MEDIUM,parameter/mask can alter arithmetic over multiple selected records or shells; no direct layout reconstruction identified,NO_EVIDENCE (no #if 0; repository dead_code_audit found no unreferenced non-static consumer function),required RESOLVED_CONFIG evidence unavailable (0 files); stdout RUN FOOTER used as fallback,C1_DORMANT_UNAUDITED,NOT_REQUIRED_BY_C2_C3,NONE
LUMINA_TAU_BY_ION_SHELL,src/lumina_plasma.c:6373|src/lumina_plasma.c:6374,literal getenv,unset: source comment/default states 0,ON_GATE,DORMANT,NONE,NONE,NONE,scripts/slurm_radeq_diag.sh:230|scripts/slurm_taubyion_window.sh:171,UNAUDITED,NONE,UNTESTED,MEDIUM,parameter/mask can alter arithmetic over multiple selected records or shells; no direct layout reconstruction identified,NO_EVIDENCE (no #if 0; repository dead_code_audit found no unreferenced non-static consumer function),required RESOLVED_CONFIG evidence unavailable (0 files); stdout RUN FOOTER used as fallback,C1_DORMANT_UNAUDITED,NOT_REQUIRED_BY_C2_C3,NONE
LUMINA_TDEP_EQIC,src/lumina_plasma.c:12414,literal getenv,unset: NULL makes the guarded named branch false; no env-requested override/action at this consumer,ON_GATE/parameter (non-NULL/nonzero or selector value requests the named branch/override),ACTIVE_OBSERVED,1,/gpfs/kjhan/lumina_runner2/logs/coevolve_consume_parity51/stdout.log:37926|/gpfs/kjhan/lumina_runner2/logs/coevolve_consume_parity51/stdout.log:77|/gpfs/kjhan/lumina_runner2/logs/coevolve_consume_parity56/stdout.log:38155|/gpfs/kjhan/lumina_runner2/logs/coevolve_consume_parity56/stdout.log:77|/gpfs/kjhan/lumina_runner2/logs/coevolve_consume_parity57/stdout.log:38922|/gpfs/kjhan/lumina_runner2/logs/coevolve_consume_parity57/stdout.log:77|/gpfs/kjhan/lumina_runner2/logs/coevolve_consume_parity58/stdout.log:38156|/gpfs/kjhan/lumina_runner2/logs/coevolve_consume_parity58/stdout.log:78|/gpfs/kjhan/lumina_runner2/logs/coevolve_consume_parity59/stdout.log:38155|/gpfs/kjhan/lumina_runner2/logs/coevolve_consume_parity59/stdout.log:78|/gpfs/kjhan/lumina_runner2/logs/coevolve_consume_parity60/stdout.log:38973|/gpfs/kjhan/lumina_runner2/logs/coevolve_consume_parity60/stdout.log:79,"coevolve_consume_parity60 (/gpfs/kjhan/lumina_runner2/logs/coevolve_consume_parity60/stdout.log:79, value=1)",scripts/run_bfdark.sh:47|scripts/run_coevolve_s01.sh:62|scripts/run_fix10.sh:47|scripts/run_fix11.sh:47|scripts/run_fix12.sh:47|scripts/run_fix13.sh:47|scripts/run_fix14.sh:47|scripts/run_fix15.sh:47|scripts/run_fix16.sh:47|scripts/run_fix17.sh:47|scripts/run_fix18.sh:47|scripts/run_fix19.sh:47|scripts/run_fix2.sh:47|scripts/run_fix20.sh:47|scripts/run_fix21.sh:47|scripts/run_fix22.sh:47|scripts/run_fix3.sh:47|scripts/run_fix4.sh:47|scripts/run_fix5.sh:47|scripts/run_fix6.sh:47|scripts/run_fix7.sh:47|scripts/run_fix8.sh:47|scripts/run_fix9.sh:47|scripts/run_hotdump.sh:47|scripts/run_iterdump.sh:47|scripts/run_milne1.sh:47|scripts/run_milneP.sh:47|scripts/run_recdiag.sh:47|scripts/run_repro22.sh:47|scripts/run_s40diag.sh:47|scripts/test_thenmc_bin.sh:28,UNAUDITED,NONE,UNTESTED,MEDIUM,parameter/mask can alter arithmetic over multiple selected records or shells; no direct layout reconstruction identified,NO_EVIDENCE (no #if 0; repository dead_code_audit found no unreferenced non-static consumer function),required RESOLVED_CONFIG evidence unavailable (0 files); stdout RUN FOOTER used as fallback,C3_ACTIVE_OFF_UNTESTED,P2,"required: same binary/input; UNSET vs explicit neutral/OFF vs ON(shadow); byte-compare registered state, layout/table manifests, oracle outputs, RNG/event counters; ON must not commit target state"
LUMINA_TE_STEP_CLAMP,src/lumina_plasma.c:8803,literal getenv,unset: NULL makes the guarded named branch false; no env-requested override/action at this consumer,ON_GATE/parameter (non-NULL/nonzero or selector value requests the named branch/override),ACTIVE_OBSERVED,1,/gpfs/kjhan/lumina_runner2/logs/coevolve_consume_parity51/stdout.log:37909|/gpfs/kjhan/lumina_runner2/logs/coevolve_consume_parity51/stdout.log:60|/gpfs/kjhan/lumina_runner2/logs/coevolve_consume_parity56/stdout.log:38138|/gpfs/kjhan/lumina_runner2/logs/coevolve_consume_parity56/stdout.log:60|/gpfs/kjhan/lumina_runner2/logs/coevolve_consume_parity57/stdout.log:38905|/gpfs/kjhan/lumina_runner2/logs/coevolve_consume_parity57/stdout.log:60|/gpfs/kjhan/lumina_runner2/logs/coevolve_consume_parity58/stdout.log:38139|/gpfs/kjhan/lumina_runner2/logs/coevolve_consume_parity58/stdout.log:61|/gpfs/kjhan/lumina_runner2/logs/coevolve_consume_parity59/stdout.log:38138|/gpfs/kjhan/lumina_runner2/logs/coevolve_consume_parity59/stdout.log:61|/gpfs/kjhan/lumina_runner2/logs/coevolve_consume_parity60/stdout.log:38956|/gpfs/kjhan/lumina_runner2/logs/coevolve_consume_parity60/stdout.log:62,"coevolve_consume_parity60 (/gpfs/kjhan/lumina_runner2/logs/coevolve_consume_parity60/stdout.log:62, value=1)",scripts/run_bfdark.sh:50|scripts/run_coevolve_s01.sh:54|scripts/run_fix10.sh:50|scripts/run_fix11.sh:50|scripts/run_fix12.sh:50|scripts/run_fix13.sh:50|scripts/run_fix14.sh:50|scripts/run_fix15.sh:50|scripts/run_fix16.sh:50|scripts/run_fix17.sh:50|scripts/run_fix18.sh:50|scripts/run_fix19.sh:50|scripts/run_fix20.sh:50|scripts/run_fix21.sh:50|scripts/run_fix22.sh:50|scripts/run_fix6.sh:50|scripts/run_fix7.sh:50|scripts/run_fix8.sh:50|scripts/run_fix9.sh:50|scripts/run_hotdump.sh:50|scripts/run_iterdump.sh:50|scripts/run_milne1.sh:50|scripts/run_milneP.sh:50|scripts/run_recdiag.sh:50|scripts/run_repro22.sh:50|scripts/run_s40diag.sh:50|scripts/test_thenmc_bin.sh:29,UNAUDITED,NONE,UNTESTED,MEDIUM,parameter/mask can alter arithmetic over multiple selected records or shells; no direct layout reconstruction identified,NO_EVIDENCE (no #if 0; repository dead_code_audit found no unreferenced non-static consumer function),required RESOLVED_CONFIG evidence unavailable (0 files); stdout RUN FOOTER used as fallback,C3_ACTIVE_OFF_UNTESTED,P2,"required: same binary/input; UNSET vs explicit neutral/OFF vs ON(shadow); byte-compare registered state, layout/table manifests, oracle outputs, RNG/event counters; ON must not commit target state"
LUMINA_TE_TABLE,src/lumina_plasma.c:9716,literal getenv,unset: NULL makes the guarded named branch false; no env-requested override/action at this consumer,ON_GATE/parameter (non-NULL/nonzero or selector value requests the named branch/override),DORMANT,NONE,NONE,NONE,scripts/launch_parity40_tepin.sh:60|scripts/launch_parity40_tepin.sh:88|scripts/sbatch_te_jtable.sh:70|scripts/sbatch_te_table.sh:78|scripts/sbatch_tincol_tetab.sh:90,COVERED,docs/FUV_GRADIENT_ATTACK_DESIGN.md,UNTESTED,MEDIUM,parameter/mask can alter arithmetic over multiple selected records or shells; no direct layout reconstruction identified,NO_EVIDENCE (no #if 0; repository dead_code_audit found no unreferenced non-static consumer function),required RESOLVED_CONFIG evidence unavailable (0 files); stdout RUN FOOTER used as fallback,NONE,NOT_REQUIRED_BY_C2_C3,NONE
LUMINA_TE_TRAD_RATIO,src/lumina_atomic.c:346,literal getenv,unset: NULL makes the guarded named branch false; no env-requested override/action at this consumer,ON_GATE/parameter (non-NULL/nonzero or selector value requests the named branch/override),ACTIVE_OBSERVED,1.0,/gpfs/kjhan/lumina_runner2/logs/coevolve_consume_parity51/stdout.log:37854|/gpfs/kjhan/lumina_runner2/logs/coevolve_consume_parity51/stdout.log:5|/gpfs/kjhan/lumina_runner2/logs/coevolve_consume_parity56/stdout.log:38083|/gpfs/kjhan/lumina_runner2/logs/coevolve_consume_parity56/stdout.log:5|/gpfs/kjhan/lumina_runner2/logs/coevolve_consume_parity57/stdout.log:38850|/gpfs/kjhan/lumina_runner2/logs/coevolve_consume_parity57/stdout.log:5|/gpfs/kjhan/lumina_runner2/logs/coevolve_consume_parity58/stdout.log:38083|/gpfs/kjhan/lumina_runner2/logs/coevolve_consume_parity58/stdout.log:5|/gpfs/kjhan/lumina_runner2/logs/coevolve_consume_parity59/stdout.log:38082|/gpfs/kjhan/lumina_runner2/logs/coevolve_consume_parity59/stdout.log:5|/gpfs/kjhan/lumina_runner2/logs/coevolve_consume_parity60/stdout.log:38899|/gpfs/kjhan/lumina_runner2/logs/coevolve_consume_parity60/stdout.log:5,"coevolve_consume_parity60 (/gpfs/kjhan/lumina_runner2/logs/coevolve_consume_parity60/stdout.log:5, value=1.0)",scripts/run_baldiag.sh:27|scripts/run_bfdark.sh:33|scripts/run_boostdr.sh:30|scripts/run_capraise.sh:27|scripts/run_cnclean.sh:27|scripts/run_cndamp.sh:27|scripts/run_coevolve_s01.sh:40|scripts/run_conv16.sh:27|scripts/run_cpl1.sh:27|scripts/run_cpl20.sh:27|scripts/run_dronly.sh:27|scripts/run_etla.sh:27|scripts/run_fix10.sh:30|scripts/run_fix11.sh:30|scripts/run_fix12.sh:30|scripts/run_fix13.sh:30|scripts/run_fix14.sh:30|scripts/run_fix15.sh:30|scripts/run_fix16.sh:30|scripts/run_fix17.sh:30|scripts/run_fix18.sh:30|scripts/run_fix19.sh:30|scripts/run_fix2.sh:30|scripts/run_fix20.sh:30|scripts/run_fix21.sh:30|scripts/run_fix22.sh:30|scripts/run_fix3.sh:30|scripts/run_fix4.sh:30|scripts/run_fix5.sh:30|scripts/run_fix6.sh:30|scripts/run_fix7.sh:30|scripts/run_fix8.sh:30|scripts/run_fix9.sh:30|scripts/run_fph_diag.sh:27|scripts/run_fphbf.sh:27|scripts/run_fphdg.sh:27|scripts/run_fphval.sh:27|scripts/run_frz0.sh:27|scripts/run_hotdump.sh:30|scripts/run_hotroot.sh:27|scripts/run_ionb3.sh:29|scripts/run_ionb5x.sh:29|scripts/run_ionboost.sh:27|scripts/run_ionboost2.sh:27|scripts/run_ionchk.sh:27|scripts/run_ionnt.sh:27|scripts/run_iterdump.sh:30|scripts/run_jdump.sh:27|scripts/run_jdump_diag.sh:21|scripts/run_milne1.sh:30|scripts/run_milneP.sh:30|scripts/run_ntdr.sh:29|scripts/run_recdiag.sh:30|scripts/run_repro22.sh:30|scripts/run_rtr33.sh:27|scripts/run_rtruth.sh:27|scripts/run_s2_chk.sh:27|scripts/run_s2_dep0.sh:27|scripts/run_s2_eps.sh:27|scripts/run_s2_fph.sh:27|scripts/run_s2_fph2.sh:27|scripts/run_s2_fznt.sh:27|scripts/run_s2_nebheat.sh:27|scripts/run_s2_nolinere.sh:27|scripts/run_s2_ntxe.sh:27|scripts/run_s2_phys.sh:27|scripts/run_s40diag.sh:30|scripts/run_srcbl.sh:27|scripts/run_stage0_diag.sh:31|scripts/run_stage1_ab.sh:27|scripts/run_stage2.sh:27|scripts/run_stage3.sh:28|scripts/run_wbflr.sh:29|scripts/run_widebr.sh:27|scripts/slurm_ddc15_mc_macroatom.sh:82|scripts/slurm_ddc15_pure_cmfgen_phase3.sh:96|scripts/slurm_ddc15_thenmc.sh:85|scripts/test_thenmc_bin.sh:22,UNAUDITED,NONE,UNTESTED,MEDIUM,parameter/mask can alter arithmetic over multiple selected records or shells; no direct layout reconstruction identified,NO_EVIDENCE (no #if 0; repository dead_code_audit found no unreferenced non-static consumer function),required RESOLVED_CONFIG evidence unavailable (0 files); stdout RUN FOOTER used as fallback,C3_ACTIVE_OFF_UNTESTED,P2,"required: same binary/input; UNSET vs explicit neutral/OFF vs ON(shadow); byte-compare registered state, layout/table manifests, oracle outputs, RNG/event counters; ON must not commit target state"
LUMINA_TIMEDEP_ION,src/lumina_element_wide.c:43|src/lumina_element_wide.c:1060|src/lumina_plasma.c:8214,literal + dynamic helper,unset: NULL makes the guarded named branch false; no env-requested override/action at this consumer,ON_GATE/parameter (non-NULL/nonzero or selector value requests the named branch/override),DORMANT,NONE,NONE,NONE,scripts/slurm_ddc15_initial.sh:92,UNAUDITED,NONE,UNTESTED,HIGH,source-selected model-wide mode/backend/layout/table/profile or cross-shell arithmetic; off-target impact cannot be excluded statically,NO_EVIDENCE (no #if 0; repository dead_code_audit found no unreferenced non-static consumer function),required RESOLVED_CONFIG evidence unavailable (0 files); stdout RUN FOOTER used as fallback,C1_DORMANT_UNAUDITED|C2_DORMANT_HIGH,P1,"required: same binary/input; UNSET vs explicit neutral/OFF vs ON(shadow); byte-compare registered state, layout/table manifests, oracle outputs, RNG/event counters; ON must not commit target state"
LUMINA_TIME_EXPLOSION,src/lumina_cuda.cu:6966|src/lumina_main.c:245,literal getenv,unset: NULL makes the guarded named branch false; no env-requested override/action at this consumer,ON_GATE/parameter (non-NULL/nonzero or selector value requests the named branch/override),DORMANT,NONE,NONE,NONE,NONE,UNAUDITED,NONE,UNTESTED,MEDIUM,parameter/mask can alter arithmetic over multiple selected records or shells; no direct layout reconstruction identified,NO_EVIDENCE (no #if 0; repository dead_code_audit found no unreferenced non-static consumer function),required RESOLVED_CONFIG evidence unavailable (0 files); stdout RUN FOOTER used as fallback,C1_DORMANT_UNAUDITED,NOT_REQUIRED_BY_C2_C3,NONE
LUMINA_TINNER_COLOR,src/lumina_cuda.cu:6870,literal getenv,unset: direct getenv condition is false; named branch is not entered,ON_GATE/parameter (non-NULL/nonzero or selector value requests the named branch/override),DORMANT,NONE,NONE,NONE,scripts/sbatch_tincol.sh:93|scripts/sbatch_tincol_tetab.sh:89,COVERED,docs/FUV_GRADIENT_ATTACK_DESIGN.md,UNTESTED,MEDIUM,parameter/mask can alter arithmetic over multiple selected records or shells; no direct layout reconstruction identified,NO_EVIDENCE (no #if 0; repository dead_code_audit found no unreferenced non-static consumer function),required RESOLVED_CONFIG evidence unavailable (0 files); stdout RUN FOOTER used as fallback,NONE,NOT_REQUIRED_BY_C2_C3,NONE
LUMINA_TOPSTAGE_ANCHOR,src/lumina_atomic.c:1541,literal getenv,unset: NULL makes the guarded named branch false; no env-requested override/action at this consumer,ON_GATE/parameter (non-NULL/nonzero or selector value requests the named branch/override),DORMANT,NONE,NONE,NONE,scripts/slurm_ddc15_pure_cmfgen_phase3.sh:101,UNAUDITED,NONE,UNTESTED,MEDIUM,parameter/mask can alter arithmetic over multiple selected records or shells; no direct layout reconstruction identified,NO_EVIDENCE (no #if 0; repository dead_code_audit found no unreferenced non-static consumer function),required RESOLVED_CONFIG evidence unavailable (0 files); stdout RUN FOOTER used as fallback,C1_DORMANT_UNAUDITED,NOT_REQUIRED_BY_C2_C3,NONE
LUMINA_TOPSTAGE_DEPARTURE,src/lumina_plasma.c:14659,literal getenv,unset: NULL makes the guarded named branch false; no env-requested override/action at this consumer,ON_GATE/parameter (non-NULL/nonzero or selector value requests the named branch/override),DORMANT,NONE,NONE,NONE,scripts/slurm_ddc15_pure_cmfgen_phase3.sh:105,UNAUDITED,NONE,UNTESTED,MEDIUM,parameter/mask can alter arithmetic over multiple selected records or shells; no direct layout reconstruction identified,NO_EVIDENCE (no #if 0; repository dead_code_audit found no unreferenced non-static consumer function),required RESOLVED_CONFIG evidence unavailable (0 files); stdout RUN FOOTER used as fallback,C1_DORMANT_UNAUDITED,NOT_REQUIRED_BY_C2_C3,NONE
LUMINA_TOPSTAGE_IV,src/lumina_plasma.c:15852,literal getenv,unset: getenv returns NULL and this env override is not applied; compiled initializer/parent mode remains,ON_GATE/parameter (exact polarity unresolved),DORMANT,NONE,NONE,NONE,scripts/slurm_ddc15_pure_cmfgen_phase3.sh:102,COVERED,docs/OPUS5_WAVE3_CODE_AUDIT.md;docs/WAVE3_D5_ELEMENT_WIDE_NLTE_SPEC_2026-07-31.md,UNTESTED,HIGH,source-selected model-wide mode/backend/layout/table/profile or cross-shell arithmetic; off-target impact cannot be excluded statically,NO_EVIDENCE (no #if 0; repository dead_code_audit found no unreferenced non-static consumer function),exact unset initializer/polarity requires function-level semantic audit | required RESOLVED_CONFIG evidence unavailable (0 files); stdout RUN FOOTER used as fallback,C2_DORMANT_HIGH,P0,"required: same binary/input; UNSET vs explicit neutral/OFF vs ON(shadow); byte-compare registered state, layout/table manifests, oracle outputs, RNG/event counters; ON must not commit target state"
LUMINA_TOPSTAGE_IV_DIAG,src/lumina_plasma.c:15876,literal getenv,unset: diagnostic/self-test branch not requested (no getenv value),ON_GATE(diagnostic),DORMANT,NONE,NONE,NONE,NONE,UNAUDITED,NONE,UNTESTED,LOW,diagnostic/output/self-test control; may alter I/O or early exit but no production array/layout mutation identified at consumer,NO_EVIDENCE (no #if 0; repository dead_code_audit found no unreferenced non-static consumer function),required RESOLVED_CONFIG evidence unavailable (0 files); stdout RUN FOOTER used as fallback,C1_DORMANT_UNAUDITED,NOT_REQUIRED_BY_C2_C3,NONE
LUMINA_TOPSTAGE_IV_ZONLY,src/lumina_plasma.c:15854,literal getenv,unset: getenv returns NULL and this env override is not applied; compiled initializer/parent mode remains,ON_GATE/parameter (exact polarity unresolved),DORMANT,NONE,NONE,NONE,scripts/slurm_ddc15_pure_cmfgen_phase3.sh:103,UNAUDITED,NONE,UNTESTED,MEDIUM,parameter/mask can alter arithmetic over multiple selected records or shells; no direct layout reconstruction identified,NO_EVIDENCE (no #if 0; repository dead_code_audit found no unreferenced non-static consumer function),exact unset initializer/polarity requires function-level semantic audit | required RESOLVED_CONFIG evidence unavailable (0 files); stdout RUN FOOTER used as fallback,C1_DORMANT_UNAUDITED,NOT_REQUIRED_BY_C2_C3,NONE
LUMINA_TOPSTAGE_THERMALIZE,src/lumina_plasma.c:14657,literal getenv,unset: source comment/default states off,ON_GATE,DORMANT,NONE,NONE,NONE,scripts/slurm_ddc15_pure_cmfgen_phase3.sh:104,COVERED,docs/TOPSTAGE_IV_CONTINUUM_NODE_DESIGN.md,UNTESTED,MEDIUM,parameter/mask can alter arithmetic over multiple selected records or shells; no direct layout reconstruction identified,NO_EVIDENCE (no #if 0; repository dead_code_audit found no unreferenced non-static consumer function),required RESOLVED_CONFIG evidence unavailable (0 files); stdout RUN FOOTER used as fallback,NONE,NOT_REQUIRED_BY_C2_C3,NONE
LUMINA_TRAD_COLOR_FIX,src/lumina_atomic.c:377,literal + dynamic helper,unset: source comment/default states OFF,ON_GATE,ACTIVE_OBSERVED,1,/gpfs/kjhan/lumina_runner2/logs/coevolve_consume_parity51/stdout.log:37947|/gpfs/kjhan/lumina_runner2/logs/coevolve_consume_parity51/stdout.log:98|/gpfs/kjhan/lumina_runner2/logs/coevolve_consume_parity56/stdout.log:38176|/gpfs/kjhan/lumina_runner2/logs/coevolve_consume_parity56/stdout.log:98|/gpfs/kjhan/lumina_runner2/logs/coevolve_consume_parity57/stdout.log:38943|/gpfs/kjhan/lumina_runner2/logs/coevolve_consume_parity57/stdout.log:98|/gpfs/kjhan/lumina_runner2/logs/coevolve_consume_parity58/stdout.log:38177|/gpfs/kjhan/lumina_runner2/logs/coevolve_consume_parity58/stdout.log:99|/gpfs/kjhan/lumina_runner2/logs/coevolve_consume_parity59/stdout.log:38176|/gpfs/kjhan/lumina_runner2/logs/coevolve_consume_parity59/stdout.log:99|/gpfs/kjhan/lumina_runner2/logs/coevolve_consume_parity60/stdout.log:101|/gpfs/kjhan/lumina_runner2/logs/coevolve_consume_parity60/stdout.log:38995,"coevolve_consume_parity60 (/gpfs/kjhan/lumina_runner2/logs/coevolve_consume_parity60/stdout.log:38995, value=1)",scripts/run_bfdark.sh:54|scripts/run_coevolve_s01.sh:56|scripts/run_fix21.sh:54|scripts/run_fix22.sh:54|scripts/run_hotdump.sh:55|scripts/run_iterdump.sh:55|scripts/run_milne1.sh:55|scripts/run_milneP.sh:57|scripts/run_recdiag.sh:57|scripts/run_repro22.sh:54|scripts/run_s40diag.sh:55|scripts/test_thenmc_bin.sh:30,COVERED,docs/IC_BC_REDESIGN_2026-07-14.md;docs/RE_RE_ARTIS_CMFGEN_PARITY_DIAGNOSIS_2026-07-31.md;docs/RE_RE_RE_ARTIS_CMFGEN_PARITY_DIAGNOSIS_2026-07-31.md,UNTESTED,MEDIUM,parameter/mask can alter arithmetic over multiple selected records or shells; no direct layout reconstruction identified,NO_EVIDENCE (no #if 0; repository dead_code_audit found no unreferenced non-static consumer function),required RESOLVED_CONFIG evidence unavailable (0 files); stdout RUN FOOTER used as fallback,C3_ACTIVE_OFF_UNTESTED,P2,"required: same binary/input; UNSET vs explicit neutral/OFF vs ON(shadow); byte-compare registered state, layout/table manifests, oracle outputs, RNG/event counters; ON must not commit target state"
LUMINA_TRANSPORT,src/lumina_cuda.cu:9202|src/lumina_cuda.cu:10167|src/lumina_main.c:810,literal getenv,unset: NULL makes the guarded named branch false; no env-requested override/action at this consumer,ON_GATE/parameter (non-NULL/nonzero or selector value requests the named branch/override),DORMANT,NONE,NONE,NONE,scripts/slurm_paper_ddc15_paperli_2002bo_einsteinFix.sh:225,UNAUDITED,NONE,UNTESTED,HIGH,source-selected model-wide mode/backend/layout/table/profile or cross-shell arithmetic; off-target impact cannot be excluded statically,NO_EVIDENCE (no #if 0; repository dead_code_audit found no unreferenced non-static consumer function),required RESOLVED_CONFIG evidence unavailable (0 files); stdout RUN FOOTER used as fallback,C1_DORMANT_UNAUDITED|C2_DORMANT_HIGH,P0,"required: same binary/input; UNSET vs explicit neutral/OFF vs ON(shadow); byte-compare registered state, layout/table manifests, oracle outputs, RNG/event counters; ON must not commit target state"
LUMINA_T_INNER_FIX,src/lumina_cuda.cu:6852|src/lumina_cuda.cu:10017|src/lumina_main.c:222|src/lumina_main.c:673,literal getenv,unset: source ternary selects fallback expression `0.0`,ON_GATE/parameter (non-NULL/nonzero or selector value requests the named branch/override),DORMANT,NONE,NONE,NONE,scripts/slurm_einsteinFix_2002bo_tpin12630.sh:206|scripts/slurm_paper_ddc15_v3asE_tpin_sn2002bo.sh:245|scripts/slurm_phase0_ebudget.sh:195,COVERED,docs/TASK_027_DESIGN.md,UNTESTED,MEDIUM,parameter/mask can alter arithmetic over multiple selected records or shells; no direct layout reconstruction identified,NO_EVIDENCE (no #if 0; repository dead_code_audit found no unreferenced non-static consumer function),required RESOLVED_CONFIG evidence unavailable (0 files); stdout RUN FOOTER used as fallback,NONE,NOT_REQUIRED_BY_C2_C3,NONE
LUMINA_UVOPT_EMIT_BOOST,src/lumina_plasma.c:3568,literal getenv,unset: direct getenv condition is false; named branch is not entered,ON_GATE/parameter (non-NULL/nonzero or selector value requests the named branch/override),DORMANT,NONE,NONE,NONE,scripts/grid_emit_joint_stage1.sh:35|scripts/slurm_fcoll_sweep.sh:43|scripts/slurm_hybrid_outerFe10x_v11500.sh:53|scripts/slurm_hybrid_outerFe5x_v11500.sh:51|scripts/slurm_hybrid_outerFe5x_v11500_iter20.sh:50|scripts/slurm_mafate_bump_diag.sh:44|scripts/slurm_nlte_consv_test.sh:45|scripts/slurm_nlte_rate_dump.sh:46|scripts/slurm_outerFe10x_1M_variance.sh:46|scripts/slurm_outerFe10x_W1lo_scan.sh:49|scripts/slurm_outerFe10x_W1scan.sh:52|scripts/slurm_outerFe10x_W3scan.sh:51|scripts/slurm_outerFe_W1scan.sh:53|scripts/slurm_phaseA_ablation.sh:65|scripts/slurm_prod_dr7ion_ce17_ionlock.sh:47|scripts/slurm_smoke_dlock_v1.sh:45|scripts/slurm_smoke_dlock_v2.sh:44|scripts/slurm_smoke_dlock_v3.sh:47|scripts/slurm_stratV2D.sh:36|scripts/slurm_stratV2EF.sh:37|scripts/slurm_stratV2_scan.sh:49|scripts/slurm_vinner_scan.sh:54|scripts/slurm_w4_bump_probe.sh:48,UNAUDITED,NONE,UNTESTED,MEDIUM,parameter/mask can alter arithmetic over multiple selected records or shells; no direct layout reconstruction identified,NO_EVIDENCE (no #if 0; repository dead_code_audit found no unreferenced non-static consumer function),required RESOLVED_CONFIG evidence unavailable (0 files); stdout RUN FOOTER used as fallback,C1_DORMANT_UNAUDITED,NOT_REQUIRED_BY_C2_C3,NONE
LUMINA_UVOPT_EMIT_BOOST2,src/lumina_plasma.c:3571,literal getenv,unset: getenv returns NULL and this env override is not applied; compiled initializer/parent mode remains,ON_GATE/parameter (exact polarity unresolved),DORMANT,NONE,NONE,NONE,scripts/grid_emit_joint_stage1.sh:36|scripts/slurm_hybrid_outerFe10x_v11500.sh:56|scripts/slurm_hybrid_outerFe5x_v11500.sh:54|scripts/slurm_hybrid_outerFe5x_v11500_iter20.sh:53|scripts/slurm_mafate_bump_diag.sh:47|scripts/slurm_nlte_consv_test.sh:48|scripts/slurm_nlte_rate_dump.sh:49|scripts/slurm_outerFe10x_1M_variance.sh:49|scripts/slurm_outerFe10x_W1lo_scan.sh:52|scripts/slurm_outerFe10x_W1scan.sh:55|scripts/slurm_outerFe10x_W3scan.sh:54|scripts/slurm_outerFe_W1scan.sh:56|scripts/slurm_phaseA_ablation.sh:68|scripts/slurm_stratV2D.sh:39|scripts/slurm_stratV2EF.sh:40|scripts/slurm_stratV2_scan.sh:52|scripts/slurm_vinner_scan.sh:57|scripts/slurm_w4_bump_probe.sh:51,UNAUDITED,NONE,UNTESTED,MEDIUM,parameter/mask can alter arithmetic over multiple selected records or shells; no direct layout reconstruction identified,NO_EVIDENCE (no #if 0; repository dead_code_audit found no unreferenced non-static consumer function),exact unset initializer/polarity requires function-level semantic audit | required RESOLVED_CONFIG evidence unavailable (0 files); stdout RUN FOOTER used as fallback,C1_DORMANT_UNAUDITED,NOT_REQUIRED_BY_C2_C3,NONE
LUMINA_UVOPT_EMIT_BOOST3,src/lumina_plasma.c:3574,literal getenv,unset: getenv returns NULL and this env override is not applied; compiled initializer/parent mode remains,ON_GATE/parameter (exact polarity unresolved),DORMANT,NONE,NONE,NONE,scripts/grid_emit_joint_stage1.sh:37|scripts/slurm_hybrid_outerFe10x_v11500.sh:59|scripts/slurm_hybrid_outerFe5x_v11500.sh:57|scripts/slurm_hybrid_outerFe5x_v11500_iter20.sh:56|scripts/slurm_mafate_bump_diag.sh:50|scripts/slurm_nlte_consv_test.sh:51|scripts/slurm_nlte_rate_dump.sh:52|scripts/slurm_outerFe10x_1M_variance.sh:52|scripts/slurm_outerFe10x_W1lo_scan.sh:55|scripts/slurm_outerFe10x_W1scan.sh:58|scripts/slurm_outerFe10x_W3scan.sh:57|scripts/slurm_outerFe_W1scan.sh:59|scripts/slurm_phaseA_ablation.sh:71|scripts/slurm_stratV2D.sh:42|scripts/slurm_stratV2EF.sh:43|scripts/slurm_stratV2_scan.sh:55|scripts/slurm_vinner_scan.sh:60|scripts/slurm_w4_bump_probe.sh:54,UNAUDITED,NONE,UNTESTED,MEDIUM,parameter/mask can alter arithmetic over multiple selected records or shells; no direct layout reconstruction identified,NO_EVIDENCE (no #if 0; repository dead_code_audit found no unreferenced non-static consumer function),exact unset initializer/polarity requires function-level semantic audit | required RESOLVED_CONFIG evidence unavailable (0 files); stdout RUN FOOTER used as fallback,C1_DORMANT_UNAUDITED,NOT_REQUIRED_BY_C2_C3,NONE
LUMINA_UVOPT_EMIT_BOOST4,src/lumina_plasma.c:3577,literal getenv,unset: getenv returns NULL and this env override is not applied; compiled initializer/parent mode remains,ON_GATE/parameter (exact polarity unresolved),DORMANT,NONE,NONE,NONE,scripts/slurm_w4_bump_probe.sh:57,UNAUDITED,NONE,UNTESTED,MEDIUM,parameter/mask can alter arithmetic over multiple selected records or shells; no direct layout reconstruction identified,NO_EVIDENCE (no #if 0; repository dead_code_audit found no unreferenced non-static consumer function),exact unset initializer/polarity requires function-level semantic audit | required RESOLVED_CONFIG evidence unavailable (0 files); stdout RUN FOOTER used as fallback,C1_DORMANT_UNAUDITED,NOT_REQUIRED_BY_C2_C3,NONE
LUMINA_UVOPT_EMIT_IONMASK,src/lumina_plasma.c:3611,literal getenv,unset: NULL makes the guarded named branch false; no env-requested override/action at this consumer,ON_GATE/parameter (non-NULL/nonzero or selector value requests the named branch/override),DORMANT,NONE,NONE,NONE,NONE,UNAUDITED,NONE,UNTESTED,MEDIUM,parameter/mask can alter arithmetic over multiple selected records or shells; no direct layout reconstruction identified,NO_EVIDENCE (no #if 0; repository dead_code_audit found no unreferenced non-static consumer function),required RESOLVED_CONFIG evidence unavailable (0 files); stdout RUN FOOTER used as fallback,C1_DORMANT_UNAUDITED,NOT_REQUIRED_BY_C2_C3,NONE
LUMINA_UVOPT_EMIT_IONMASK4,src/lumina_plasma.c:3636,literal getenv,unset: NULL makes the guarded named branch false; no env-requested override/action at this consumer,ON_GATE/parameter (non-NULL/nonzero or selector value requests the named branch/override),DORMANT,NONE,NONE,NONE,scripts/slurm_w4_bump_probe.sh:61,UNAUDITED,NONE,UNTESTED,MEDIUM,parameter/mask can alter arithmetic over multiple selected records or shells; no direct layout reconstruction identified,NO_EVIDENCE (no #if 0; repository dead_code_audit found no unreferenced non-static consumer function),required RESOLVED_CONFIG evidence unavailable (0 files); stdout RUN FOOTER used as fallback,C1_DORMANT_UNAUDITED,NOT_REQUIRED_BY_C2_C3,NONE
LUMINA_UVOPT_EMIT_LAM_MAX,src/lumina_plasma.c:3570,literal getenv,unset: getenv returns NULL and this env override is not applied; compiled initializer/parent mode remains,ON_GATE/parameter (exact polarity unresolved),DORMANT,NONE,NONE,NONE,scripts/grid_emit_joint_stage1.sh:35|scripts/slurm_hybrid_outerFe10x_v11500.sh:55|scripts/slurm_hybrid_outerFe5x_v11500.sh:53|scripts/slurm_hybrid_outerFe5x_v11500_iter20.sh:52|scripts/slurm_mafate_bump_diag.sh:46|scripts/slurm_nlte_consv_test.sh:47|scripts/slurm_nlte_rate_dump.sh:48|scripts/slurm_outerFe10x_1M_variance.sh:48|scripts/slurm_outerFe10x_W1lo_scan.sh:51|scripts/slurm_outerFe10x_W1scan.sh:54|scripts/slurm_outerFe10x_W3scan.sh:53|scripts/slurm_outerFe_W1scan.sh:55|scripts/slurm_phaseA_ablation.sh:67|scripts/slurm_stratV2D.sh:38|scripts/slurm_stratV2EF.sh:39|scripts/slurm_stratV2_scan.sh:51|scripts/slurm_vinner_scan.sh:56|scripts/slurm_w4_bump_probe.sh:50,UNAUDITED,NONE,UNTESTED,MEDIUM,parameter/mask can alter arithmetic over multiple selected records or shells; no direct layout reconstruction identified,NO_EVIDENCE (no #if 0; repository dead_code_audit found no unreferenced non-static consumer function),exact unset initializer/polarity requires function-level semantic audit | required RESOLVED_CONFIG evidence unavailable (0 files); stdout RUN FOOTER used as fallback,C1_DORMANT_UNAUDITED,NOT_REQUIRED_BY_C2_C3,NONE
LUMINA_UVOPT_EMIT_LAM_MAX2,src/lumina_plasma.c:3573,literal getenv,unset: getenv returns NULL and this env override is not applied; compiled initializer/parent mode remains,ON_GATE/parameter (exact polarity unresolved),DORMANT,NONE,NONE,NONE,scripts/grid_emit_joint_stage1.sh:36|scripts/slurm_hybrid_outerFe10x_v11500.sh:58|scripts/slurm_hybrid_outerFe5x_v11500.sh:56|scripts/slurm_hybrid_outerFe5x_v11500_iter20.sh:55|scripts/slurm_mafate_bump_diag.sh:49|scripts/slurm_nlte_consv_test.sh:50|scripts/slurm_nlte_rate_dump.sh:51|scripts/slurm_outerFe10x_1M_variance.sh:51|scripts/slurm_outerFe10x_W1lo_scan.sh:54|scripts/slurm_outerFe10x_W1scan.sh:57|scripts/slurm_outerFe10x_W3scan.sh:56|scripts/slurm_outerFe_W1scan.sh:58|scripts/slurm_phaseA_ablation.sh:70|scripts/slurm_stratV2D.sh:41|scripts/slurm_stratV2EF.sh:42|scripts/slurm_stratV2_scan.sh:54|scripts/slurm_vinner_scan.sh:59|scripts/slurm_w4_bump_probe.sh:53,UNAUDITED,NONE,UNTESTED,MEDIUM,parameter/mask can alter arithmetic over multiple selected records or shells; no direct layout reconstruction identified,NO_EVIDENCE (no #if 0; repository dead_code_audit found no unreferenced non-static consumer function),exact unset initializer/polarity requires function-level semantic audit | required RESOLVED_CONFIG evidence unavailable (0 files); stdout RUN FOOTER used as fallback,C1_DORMANT_UNAUDITED,NOT_REQUIRED_BY_C2_C3,NONE
LUMINA_UVOPT_EMIT_LAM_MAX3,src/lumina_plasma.c:3576,literal getenv,unset: getenv returns NULL and this env override is not applied; compiled initializer/parent mode remains,ON_GATE/parameter (exact polarity unresolved),DORMANT,NONE,NONE,NONE,scripts/grid_emit_joint_stage1.sh:37|scripts/slurm_hybrid_outerFe10x_v11500.sh:61|scripts/slurm_hybrid_outerFe5x_v11500.sh:59|scripts/slurm_hybrid_outerFe5x_v11500_iter20.sh:58|scripts/slurm_mafate_bump_diag.sh:52|scripts/slurm_nlte_consv_test.sh:53|scripts/slurm_nlte_rate_dump.sh:54|scripts/slurm_outerFe10x_1M_variance.sh:54|scripts/slurm_outerFe10x_W1lo_scan.sh:57|scripts/slurm_outerFe10x_W1scan.sh:60|scripts/slurm_outerFe10x_W3scan.sh:59|scripts/slurm_outerFe_W1scan.sh:61|scripts/slurm_phaseA_ablation.sh:73|scripts/slurm_stratV2D.sh:44|scripts/slurm_stratV2EF.sh:45|scripts/slurm_stratV2_scan.sh:57|scripts/slurm_vinner_scan.sh:62|scripts/slurm_w4_bump_probe.sh:56,UNAUDITED,NONE,UNTESTED,MEDIUM,parameter/mask can alter arithmetic over multiple selected records or shells; no direct layout reconstruction identified,NO_EVIDENCE (no #if 0; repository dead_code_audit found no unreferenced non-static consumer function),exact unset initializer/polarity requires function-level semantic audit | required RESOLVED_CONFIG evidence unavailable (0 files); stdout RUN FOOTER used as fallback,C1_DORMANT_UNAUDITED,NOT_REQUIRED_BY_C2_C3,NONE
LUMINA_UVOPT_EMIT_LAM_MAX4,src/lumina_plasma.c:3579,literal getenv,unset: getenv returns NULL and this env override is not applied; compiled initializer/parent mode remains,ON_GATE/parameter (exact polarity unresolved),DORMANT,NONE,NONE,NONE,scripts/slurm_w4_bump_probe.sh:59,UNAUDITED,NONE,UNTESTED,MEDIUM,parameter/mask can alter arithmetic over multiple selected records or shells; no direct layout reconstruction identified,NO_EVIDENCE (no #if 0; repository dead_code_audit found no unreferenced non-static consumer function),exact unset initializer/polarity requires function-level semantic audit | required RESOLVED_CONFIG evidence unavailable (0 files); stdout RUN FOOTER used as fallback,C1_DORMANT_UNAUDITED,NOT_REQUIRED_BY_C2_C3,NONE
LUMINA_UVOPT_EMIT_LAM_MIN,src/lumina_plasma.c:3569,literal getenv,unset: getenv returns NULL and this env override is not applied; compiled initializer/parent mode remains,ON_GATE/parameter (exact polarity unresolved),DORMANT,NONE,NONE,NONE,scripts/grid_emit_joint_stage1.sh:35|scripts/slurm_hybrid_outerFe10x_v11500.sh:54|scripts/slurm_hybrid_outerFe5x_v11500.sh:52|scripts/slurm_hybrid_outerFe5x_v11500_iter20.sh:51|scripts/slurm_mafate_bump_diag.sh:45|scripts/slurm_nlte_consv_test.sh:46|scripts/slurm_nlte_rate_dump.sh:47|scripts/slurm_outerFe10x_1M_variance.sh:47|scripts/slurm_outerFe10x_W1lo_scan.sh:50|scripts/slurm_outerFe10x_W1scan.sh:53|scripts/slurm_outerFe10x_W3scan.sh:52|scripts/slurm_outerFe_W1scan.sh:54|scripts/slurm_phaseA_ablation.sh:66|scripts/slurm_stratV2D.sh:37|scripts/slurm_stratV2EF.sh:38|scripts/slurm_stratV2_scan.sh:50|scripts/slurm_vinner_scan.sh:55|scripts/slurm_w4_bump_probe.sh:49,UNAUDITED,NONE,UNTESTED,MEDIUM,parameter/mask can alter arithmetic over multiple selected records or shells; no direct layout reconstruction identified,NO_EVIDENCE (no #if 0; repository dead_code_audit found no unreferenced non-static consumer function),exact unset initializer/polarity requires function-level semantic audit | required RESOLVED_CONFIG evidence unavailable (0 files); stdout RUN FOOTER used as fallback,C1_DORMANT_UNAUDITED,NOT_REQUIRED_BY_C2_C3,NONE
LUMINA_UVOPT_EMIT_LAM_MIN2,src/lumina_plasma.c:3572,literal getenv,unset: getenv returns NULL and this env override is not applied; compiled initializer/parent mode remains,ON_GATE/parameter (exact polarity unresolved),DORMANT,NONE,NONE,NONE,scripts/grid_emit_joint_stage1.sh:36|scripts/slurm_hybrid_outerFe10x_v11500.sh:57|scripts/slurm_hybrid_outerFe5x_v11500.sh:55|scripts/slurm_hybrid_outerFe5x_v11500_iter20.sh:54|scripts/slurm_mafate_bump_diag.sh:48|scripts/slurm_nlte_consv_test.sh:49|scripts/slurm_nlte_rate_dump.sh:50|scripts/slurm_outerFe10x_1M_variance.sh:50|scripts/slurm_outerFe10x_W1lo_scan.sh:53|scripts/slurm_outerFe10x_W1scan.sh:56|scripts/slurm_outerFe10x_W3scan.sh:55|scripts/slurm_outerFe_W1scan.sh:57|scripts/slurm_phaseA_ablation.sh:69|scripts/slurm_stratV2D.sh:40|scripts/slurm_stratV2EF.sh:41|scripts/slurm_stratV2_scan.sh:53|scripts/slurm_vinner_scan.sh:58|scripts/slurm_w4_bump_probe.sh:52,UNAUDITED,NONE,UNTESTED,MEDIUM,parameter/mask can alter arithmetic over multiple selected records or shells; no direct layout reconstruction identified,NO_EVIDENCE (no #if 0; repository dead_code_audit found no unreferenced non-static consumer function),exact unset initializer/polarity requires function-level semantic audit | required RESOLVED_CONFIG evidence unavailable (0 files); stdout RUN FOOTER used as fallback,C1_DORMANT_UNAUDITED,NOT_REQUIRED_BY_C2_C3,NONE
LUMINA_UVOPT_EMIT_LAM_MIN3,src/lumina_plasma.c:3575,literal getenv,unset: getenv returns NULL and this env override is not applied; compiled initializer/parent mode remains,ON_GATE/parameter (exact polarity unresolved),DORMANT,NONE,NONE,NONE,scripts/grid_emit_joint_stage1.sh:37|scripts/slurm_hybrid_outerFe10x_v11500.sh:60|scripts/slurm_hybrid_outerFe5x_v11500.sh:58|scripts/slurm_hybrid_outerFe5x_v11500_iter20.sh:57|scripts/slurm_mafate_bump_diag.sh:51|scripts/slurm_nlte_consv_test.sh:52|scripts/slurm_nlte_rate_dump.sh:53|scripts/slurm_outerFe10x_1M_variance.sh:53|scripts/slurm_outerFe10x_W1lo_scan.sh:56|scripts/slurm_outerFe10x_W1scan.sh:59|scripts/slurm_outerFe10x_W3scan.sh:58|scripts/slurm_outerFe_W1scan.sh:60|scripts/slurm_phaseA_ablation.sh:72|scripts/slurm_stratV2D.sh:43|scripts/slurm_stratV2EF.sh:44|scripts/slurm_stratV2_scan.sh:56|scripts/slurm_vinner_scan.sh:61|scripts/slurm_w4_bump_probe.sh:55,UNAUDITED,NONE,UNTESTED,MEDIUM,parameter/mask can alter arithmetic over multiple selected records or shells; no direct layout reconstruction identified,NO_EVIDENCE (no #if 0; repository dead_code_audit found no unreferenced non-static consumer function),exact unset initializer/polarity requires function-level semantic audit | required RESOLVED_CONFIG evidence unavailable (0 files); stdout RUN FOOTER used as fallback,C1_DORMANT_UNAUDITED,NOT_REQUIRED_BY_C2_C3,NONE
LUMINA_UVOPT_EMIT_LAM_MIN4,src/lumina_plasma.c:3578,literal getenv,unset: getenv returns NULL and this env override is not applied; compiled initializer/parent mode remains,ON_GATE/parameter (exact polarity unresolved),DORMANT,NONE,NONE,NONE,scripts/slurm_w4_bump_probe.sh:58,UNAUDITED,NONE,UNTESTED,MEDIUM,parameter/mask can alter arithmetic over multiple selected records or shells; no direct layout reconstruction identified,NO_EVIDENCE (no #if 0; repository dead_code_audit found no unreferenced non-static consumer function),exact unset initializer/polarity requires function-level semantic audit | required RESOLVED_CONFIG evidence unavailable (0 files); stdout RUN FOOTER used as fallback,C1_DORMANT_UNAUDITED,NOT_REQUIRED_BY_C2_C3,NONE
LUMINA_UVOPT_EMIT_ZMASK,src/lumina_plasma.c:3599,literal getenv,unset: NULL makes the guarded named branch false; no env-requested override/action at this consumer,ON_GATE/parameter (non-NULL/nonzero or selector value requests the named branch/override),DORMANT,NONE,NONE,NONE,NONE,UNAUDITED,NONE,UNTESTED,MEDIUM,parameter/mask can alter arithmetic over multiple selected records or shells; no direct layout reconstruction identified,NO_EVIDENCE (no #if 0; repository dead_code_audit found no unreferenced non-static consumer function),required RESOLVED_CONFIG evidence unavailable (0 files); stdout RUN FOOTER used as fallback,C1_DORMANT_UNAUDITED,NOT_REQUIRED_BY_C2_C3,NONE
LUMINA_UVOPT_EMIT_ZMASK4,src/lumina_plasma.c:3624,literal getenv,unset: NULL makes the guarded named branch false; no env-requested override/action at this consumer,ON_GATE/parameter (non-NULL/nonzero or selector value requests the named branch/override),DORMANT,NONE,NONE,NONE,scripts/slurm_w4_bump_probe.sh:60,UNAUDITED,NONE,UNTESTED,MEDIUM,parameter/mask can alter arithmetic over multiple selected records or shells; no direct layout reconstruction identified,NO_EVIDENCE (no #if 0; repository dead_code_audit found no unreferenced non-static consumer function),required RESOLVED_CONFIG evidence unavailable (0 files); stdout RUN FOOTER used as fallback,C1_DORMANT_UNAUDITED,NOT_REQUIRED_BY_C2_C3,NONE
LUMINA_VALIDATE_PLASMA,src/lumina_main.c:605,literal getenv,unset: direct getenv condition is false; named branch is not entered,ON_GATE/parameter (non-NULL/nonzero or selector value requests the named branch/override),DORMANT,NONE,NONE,NONE,scripts/validate_plasma.py:404,UNAUDITED,NONE,UNTESTED,MEDIUM,parameter/mask can alter arithmetic over multiple selected records or shells; no direct layout reconstruction identified,NO_EVIDENCE (no #if 0; repository dead_code_audit found no unreferenced non-static consumer function),required RESOLVED_CONFIG evidence unavailable (0 files); stdout RUN FOOTER used as fallback,C1_DORMANT_UNAUDITED,NOT_REQUIRED_BY_C2_C3,NONE
LUMINA_W_CAP,src/lumina_plasma.c:807,literal getenv,unset: NULL makes the guarded named branch false; no env-requested override/action at this consumer,ON_GATE/parameter (non-NULL/nonzero or selector value requests the named branch/override),DORMANT,NONE,NONE,NONE,scripts/slurm_radeq_diag.sh:224,COVERED,docs/TASK_027_DESIGN.md,UNTESTED,MEDIUM,parameter/mask can alter arithmetic over multiple selected records or shells; no direct layout reconstruction identified,NO_EVIDENCE (no #if 0; repository dead_code_audit found no unreferenced non-static consumer function),required RESOLVED_CONFIG evidence unavailable (0 files); stdout RUN FOOTER used as fallback,NONE,NOT_REQUIRED_BY_C2_C3,NONE
LUMINA_ZETA_OVERRIDE_IONMASK,src/lumina_plasma.c:1661,literal getenv,unset: NULL makes the guarded named branch false; no env-requested override/action at this consumer,ON_GATE/parameter (non-NULL/nonzero or selector value requests the named branch/override),DORMANT,NONE,NONE,NONE,scripts/slurm_zeta_probe.sh:48,UNAUDITED,NONE,UNTESTED,MEDIUM,parameter/mask can alter arithmetic over multiple selected records or shells; no direct layout reconstruction identified,NO_EVIDENCE (no #if 0; repository dead_code_audit found no unreferenced non-static consumer function),required RESOLVED_CONFIG evidence unavailable (0 files); stdout RUN FOOTER used as fallback,C1_DORMANT_UNAUDITED,NOT_REQUIRED_BY_C2_C3,NONE
LUMINA_ZETA_OVERRIDE_VAL,src/lumina_plasma.c:1671,literal getenv,unset: NULL makes the guarded named branch false; no env-requested override/action at this consumer,ON_GATE/parameter (non-NULL/nonzero or selector value requests the named branch/override),DORMANT,NONE,NONE,NONE,scripts/slurm_zeta_probe.sh:49,UNAUDITED,NONE,UNTESTED,MEDIUM,parameter/mask can alter arithmetic over multiple selected records or shells; no direct layout reconstruction identified,NO_EVIDENCE (no #if 0; repository dead_code_audit found no unreferenced non-static consumer function),required RESOLVED_CONFIG evidence unavailable (0 files); stdout RUN FOOTER used as fallback,C1_DORMANT_UNAUDITED,NOT_REQUIRED_BY_C2_C3,NONE
LUMINA_ZETA_OVERRIDE_ZMASK,src/lumina_plasma.c:1651,literal getenv,unset: NULL makes the guarded named branch false; no env-requested override/action at this consumer,ON_GATE/parameter (non-NULL/nonzero or selector value requests the named branch/override),DORMANT,NONE,NONE,NONE,scripts/slurm_zeta_probe.sh:47,UNAUDITED,NONE,UNTESTED,MEDIUM,parameter/mask can alter arithmetic over multiple selected records or shells; no direct layout reconstruction identified,NO_EVIDENCE (no #if 0; repository dead_code_audit found no unreferenced non-static consumer function),required RESOLVED_CONFIG evidence unavailable (0 files); stdout RUN FOOTER used as fallback,C1_DORMANT_UNAUDITED,NOT_REQUIRED_BY_C2_C3,NONE
